-- opening_stock_01062026.sql
-- Generated from Maison_Vie_Kiem_Kho01062026.xlsx & MAISON_VIE_v6_0_PRO.xlsx
BEGIN;

INSERT INTO uom (id, name, uom_type) VALUES 
('kg', 'Kilogram', 'WEIGHT'),
('g', 'Gram', 'WEIGHT'),
('L', 'Lít', 'VOLUME'),
('ML', 'Millilít', 'VOLUME'),
('BOTTLE', 'Chai', 'COUNT'),
('CAN', 'Lon', 'COUNT'),
('GLASS', 'Ly', 'COUNT'),
('GOI', 'Gói', 'COUNT'),
('HOP', 'Hộp', 'COUNT'),
('BAG', 'Túi', 'COUNT'),
('pc', 'Quả/Củ/Cái', 'COUNT'),
('CASE', 'Thùng', 'COUNT')
ON CONFLICT (id) DO NOTHING;

DELETE FROM inventory_transactions WHERE ref_table = 'stock_take_lines' AND ref_id = '90000000-0000-0000-0000-000000000001';
DELETE FROM stock_take_lines WHERE take_id = '90000000-0000-0000-0000-000000000001';
DELETE FROM stock_takes WHERE id = '90000000-0000-0000-0000-000000000001';

INSERT INTO stock_takes (id, take_type, business_date, status, frozen_snapshot)
VALUES ('90000000-0000-0000-0000-000000000001', 'OPENING', '2026-06-01', 'POSTED', '{}');

INSERT INTO stock_take_lines (take_id, ingredient_id, qty_physical, qty_theoretical, variance) VALUES ('90000000-0000-0000-0000-000000000001', 'V8003', 1.0, 0.0, 1.0);
INSERT INTO inventory_transactions (ingredient_id, txn_type, qty, unit_cost, ref_table, ref_id, business_date, status, location_id) VALUES ('V8003', 'IMPORT', 1.0, 592000.0, 'stock_take_lines', '90000000-0000-0000-0000-000000000001', '2026-06-01', 'approved', 'BAR');
INSERT INTO stock_take_lines (take_id, ingredient_id, qty_physical, qty_theoretical, variance) VALUES ('90000000-0000-0000-0000-000000000001', 'V8004', 1.0, 0.0, 1.0);
INSERT INTO inventory_transactions (ingredient_id, txn_type, qty, unit_cost, ref_table, ref_id, business_date, status, location_id) VALUES ('V8004', 'IMPORT', 1.0, 514000.0, 'stock_take_lines', '90000000-0000-0000-0000-000000000001', '2026-06-01', 'approved', 'BAR');
INSERT INTO stock_take_lines (take_id, ingredient_id, qty_physical, qty_theoretical, variance) VALUES ('90000000-0000-0000-0000-000000000001', 'V9004', 3.0, 0.0, 3.0);
INSERT INTO inventory_transactions (ingredient_id, txn_type, qty, unit_cost, ref_table, ref_id, business_date, status, location_id) VALUES ('V9004', 'IMPORT', 3.0, 384000.0, 'stock_take_lines', '90000000-0000-0000-0000-000000000001', '2026-06-01', 'approved', 'BAR');
INSERT INTO stock_take_lines (take_id, ingredient_id, qty_physical, qty_theoretical, variance) VALUES ('90000000-0000-0000-0000-000000000001', 'V9005', 3.0, 0.0, 3.0);
INSERT INTO inventory_transactions (ingredient_id, txn_type, qty, unit_cost, ref_table, ref_id, business_date, status, location_id) VALUES ('V9005', 'IMPORT', 3.0, 384000.0, 'stock_take_lines', '90000000-0000-0000-0000-000000000001', '2026-06-01', 'approved', 'BAR');
INSERT INTO stock_take_lines (take_id, ingredient_id, qty_physical, qty_theoretical, variance) VALUES ('90000000-0000-0000-0000-000000000001', 'V9106', 3.0, 0.0, 3.0);
INSERT INTO inventory_transactions (ingredient_id, txn_type, qty, unit_cost, ref_table, ref_id, business_date, status, location_id) VALUES ('V9106', 'IMPORT', 3.0, 247500.0, 'stock_take_lines', '90000000-0000-0000-0000-000000000001', '2026-06-01', 'approved', 'BAR');
INSERT INTO stock_take_lines (take_id, ingredient_id, qty_physical, qty_theoretical, variance) VALUES ('90000000-0000-0000-0000-000000000001', 'B5001', 35.0, 0.0, 35.0);
INSERT INTO inventory_transactions (ingredient_id, txn_type, qty, unit_cost, ref_table, ref_id, business_date, status, location_id) VALUES ('B5001', 'IMPORT', 35.0, 14375.0, 'stock_take_lines', '90000000-0000-0000-0000-000000000001', '2026-06-01', 'approved', 'BAR');
INSERT INTO stock_take_lines (take_id, ingredient_id, qty_physical, qty_theoretical, variance) VALUES ('90000000-0000-0000-0000-000000000001', 'B5002', 30.0, 0.0, 30.0);
INSERT INTO inventory_transactions (ingredient_id, txn_type, qty, unit_cost, ref_table, ref_id, business_date, status, location_id) VALUES ('B5002', 'IMPORT', 30.0, 11625.0, 'stock_take_lines', '90000000-0000-0000-0000-000000000001', '2026-06-01', 'approved', 'BAR');
INSERT INTO stock_take_lines (take_id, ingredient_id, qty_physical, qty_theoretical, variance) VALUES ('90000000-0000-0000-0000-000000000001', 'B5004', 102.0, 0.0, 102.0);
INSERT INTO inventory_transactions (ingredient_id, txn_type, qty, unit_cost, ref_table, ref_id, business_date, status, location_id) VALUES ('B5004', 'IMPORT', 102.0, 9792.0, 'stock_take_lines', '90000000-0000-0000-0000-000000000001', '2026-06-01', 'approved', 'BAR');
INSERT INTO stock_take_lines (take_id, ingredient_id, qty_physical, qty_theoretical, variance) VALUES ('90000000-0000-0000-0000-000000000001', 'B5005', 111.0, 0.0, 111.0);
INSERT INTO inventory_transactions (ingredient_id, txn_type, qty, unit_cost, ref_table, ref_id, business_date, status, location_id) VALUES ('B5005', 'IMPORT', 111.0, 10750.0, 'stock_take_lines', '90000000-0000-0000-0000-000000000001', '2026-06-01', 'approved', 'BAR');
INSERT INTO stock_take_lines (take_id, ingredient_id, qty_physical, qty_theoretical, variance) VALUES ('90000000-0000-0000-0000-000000000001', 'B5007', 35.0, 0.0, 35.0);
INSERT INTO inventory_transactions (ingredient_id, txn_type, qty, unit_cost, ref_table, ref_id, business_date, status, location_id) VALUES ('B5007', 'IMPORT', 35.0, 16436.0, 'stock_take_lines', '90000000-0000-0000-0000-000000000001', '2026-06-01', 'approved', 'BAR');
INSERT INTO stock_take_lines (take_id, ingredient_id, qty_physical, qty_theoretical, variance) VALUES ('90000000-0000-0000-0000-000000000001', 'B5010', 62.0, 0.0, 62.0);
INSERT INTO inventory_transactions (ingredient_id, txn_type, qty, unit_cost, ref_table, ref_id, business_date, status, location_id) VALUES ('B5010', 'IMPORT', 62.0, 9750.0, 'stock_take_lines', '90000000-0000-0000-0000-000000000001', '2026-06-01', 'approved', 'BAR');
INSERT INTO stock_take_lines (take_id, ingredient_id, qty_physical, qty_theoretical, variance) VALUES ('90000000-0000-0000-0000-000000000001', 'B5012', 139.0, 0.0, 139.0);
INSERT INTO inventory_transactions (ingredient_id, txn_type, qty, unit_cost, ref_table, ref_id, business_date, status, location_id) VALUES ('B5012', 'IMPORT', 139.0, 9833.0, 'stock_take_lines', '90000000-0000-0000-0000-000000000001', '2026-06-01', 'approved', 'BAR');
INSERT INTO stock_take_lines (take_id, ingredient_id, qty_physical, qty_theoretical, variance) VALUES ('90000000-0000-0000-0000-000000000001', 'B5016', 13.0, 0.0, 13.0);
INSERT INTO inventory_transactions (ingredient_id, txn_type, qty, unit_cost, ref_table, ref_id, business_date, status, location_id) VALUES ('B5016', 'IMPORT', 13.0, 22916.0, 'stock_take_lines', '90000000-0000-0000-0000-000000000001', '2026-06-01', 'approved', 'BAR');
INSERT INTO stock_take_lines (take_id, ingredient_id, qty_physical, qty_theoretical, variance) VALUES ('90000000-0000-0000-0000-000000000001', 'M9202', 3.0, 0.0, 3.0);
INSERT INTO inventory_transactions (ingredient_id, txn_type, qty, unit_cost, ref_table, ref_id, business_date, status, location_id) VALUES ('M9202', 'IMPORT', 3.0, 36000.0, 'stock_take_lines', '90000000-0000-0000-0000-000000000001', '2026-06-01', 'approved', 'BAR');
INSERT INTO stock_take_lines (take_id, ingredient_id, qty_physical, qty_theoretical, variance) VALUES ('90000000-0000-0000-0000-000000000001', 'M9203', 4.0, 0.0, 4.0);
INSERT INTO inventory_transactions (ingredient_id, txn_type, qty, unit_cost, ref_table, ref_id, business_date, status, location_id) VALUES ('M9203', 'IMPORT', 4.0, 300000.0, 'stock_take_lines', '90000000-0000-0000-0000-000000000001', '2026-06-01', 'approved', 'BAR');
INSERT INTO stock_take_lines (take_id, ingredient_id, qty_physical, qty_theoretical, variance) VALUES ('90000000-0000-0000-0000-000000000001', 'V2001', 2.0, 0.0, 2.0);
INSERT INTO inventory_transactions (ingredient_id, txn_type, qty, unit_cost, ref_table, ref_id, business_date, status, location_id) VALUES ('V2001', 'IMPORT', 2.0, 215000.0, 'stock_take_lines', '90000000-0000-0000-0000-000000000001', '2026-06-01', 'approved', 'BAR');
INSERT INTO stock_take_lines (take_id, ingredient_id, qty_physical, qty_theoretical, variance) VALUES ('90000000-0000-0000-0000-000000000001', 'V2002', 10.0, 0.0, 10.0);
INSERT INTO inventory_transactions (ingredient_id, txn_type, qty, unit_cost, ref_table, ref_id, business_date, status, location_id) VALUES ('V2002', 'IMPORT', 10.0, 314000.0, 'stock_take_lines', '90000000-0000-0000-0000-000000000001', '2026-06-01', 'approved', 'BAR');
INSERT INTO stock_take_lines (take_id, ingredient_id, qty_physical, qty_theoretical, variance) VALUES ('90000000-0000-0000-0000-000000000001', 'V2006', 2.0, 0.0, 2.0);
INSERT INTO inventory_transactions (ingredient_id, txn_type, qty, unit_cost, ref_table, ref_id, business_date, status, location_id) VALUES ('V2006', 'IMPORT', 2.0, 1732000.0, 'stock_take_lines', '90000000-0000-0000-0000-000000000001', '2026-06-01', 'approved', 'BAR');
INSERT INTO stock_take_lines (take_id, ingredient_id, qty_physical, qty_theoretical, variance) VALUES ('90000000-0000-0000-0000-000000000001', 'V2009', 2.0, 0.0, 2.0);
INSERT INTO inventory_transactions (ingredient_id, txn_type, qty, unit_cost, ref_table, ref_id, business_date, status, location_id) VALUES ('V2009', 'IMPORT', 2.0, 1260000.0, 'stock_take_lines', '90000000-0000-0000-0000-000000000001', '2026-06-01', 'approved', 'BAR');
INSERT INTO stock_take_lines (take_id, ingredient_id, qty_physical, qty_theoretical, variance) VALUES ('90000000-0000-0000-0000-000000000001', 'V2015', 2.0, 0.0, 2.0);
INSERT INTO inventory_transactions (ingredient_id, txn_type, qty, unit_cost, ref_table, ref_id, business_date, status, location_id) VALUES ('V2015', 'IMPORT', 2.0, 1089000.0, 'stock_take_lines', '90000000-0000-0000-0000-000000000001', '2026-06-01', 'approved', 'BAR');
INSERT INTO stock_take_lines (take_id, ingredient_id, qty_physical, qty_theoretical, variance) VALUES ('90000000-0000-0000-0000-000000000001', 'V2016', 3.0, 0.0, 3.0);
INSERT INTO inventory_transactions (ingredient_id, txn_type, qty, unit_cost, ref_table, ref_id, business_date, status, location_id) VALUES ('V2016', 'IMPORT', 3.0, 1430000.0, 'stock_take_lines', '90000000-0000-0000-0000-000000000001', '2026-06-01', 'approved', 'BAR');
INSERT INTO stock_take_lines (take_id, ingredient_id, qty_physical, qty_theoretical, variance) VALUES ('90000000-0000-0000-0000-000000000001', 'V2018', 3.0, 0.0, 3.0);
INSERT INTO inventory_transactions (ingredient_id, txn_type, qty, unit_cost, ref_table, ref_id, business_date, status, location_id) VALUES ('V2018', 'IMPORT', 3.0, 712000.0, 'stock_take_lines', '90000000-0000-0000-0000-000000000001', '2026-06-01', 'approved', 'BAR');
INSERT INTO stock_take_lines (take_id, ingredient_id, qty_physical, qty_theoretical, variance) VALUES ('90000000-0000-0000-0000-000000000001', 'V6026', 1.0, 0.0, 1.0);
INSERT INTO inventory_transactions (ingredient_id, txn_type, qty, unit_cost, ref_table, ref_id, business_date, status, location_id) VALUES ('V6026', 'IMPORT', 1.0, 644000.0, 'stock_take_lines', '90000000-0000-0000-0000-000000000001', '2026-06-01', 'approved', 'BAR');
INSERT INTO stock_take_lines (take_id, ingredient_id, qty_physical, qty_theoretical, variance) VALUES ('90000000-0000-0000-0000-000000000001', 'V60261', 2.0, 0.0, 2.0);
INSERT INTO inventory_transactions (ingredient_id, txn_type, qty, unit_cost, ref_table, ref_id, business_date, status, location_id) VALUES ('V60261', 'IMPORT', 2.0, 644000.0, 'stock_take_lines', '90000000-0000-0000-0000-000000000001', '2026-06-01', 'approved', 'BAR');
INSERT INTO stock_take_lines (take_id, ingredient_id, qty_physical, qty_theoretical, variance) VALUES ('90000000-0000-0000-0000-000000000001', 'V6027', 122.2, 0.0, 122.2);
INSERT INTO inventory_transactions (ingredient_id, txn_type, qty, unit_cost, ref_table, ref_id, business_date, status, location_id) VALUES ('V6027', 'IMPORT', 122.2, 175000.0, 'stock_take_lines', '90000000-0000-0000-0000-000000000001', '2026-06-01', 'approved', 'BAR');
INSERT INTO stock_take_lines (take_id, ingredient_id, qty_physical, qty_theoretical, variance) VALUES ('90000000-0000-0000-0000-000000000001', 'V6034', 8.0, 0.0, 8.0);
INSERT INTO inventory_transactions (ingredient_id, txn_type, qty, unit_cost, ref_table, ref_id, business_date, status, location_id) VALUES ('V6034', 'IMPORT', 8.0, 231000.0, 'stock_take_lines', '90000000-0000-0000-0000-000000000001', '2026-06-01', 'approved', 'BAR');
INSERT INTO stock_take_lines (take_id, ingredient_id, qty_physical, qty_theoretical, variance) VALUES ('90000000-0000-0000-0000-000000000001', 'V6035', 6.2, 0.0, 6.2);
INSERT INTO inventory_transactions (ingredient_id, txn_type, qty, unit_cost, ref_table, ref_id, business_date, status, location_id) VALUES ('V6035', 'IMPORT', 6.2, 231000.0, 'stock_take_lines', '90000000-0000-0000-0000-000000000001', '2026-06-01', 'approved', 'BAR');
INSERT INTO stock_take_lines (take_id, ingredient_id, qty_physical, qty_theoretical, variance) VALUES ('90000000-0000-0000-0000-000000000001', 'V6049', 0.0, 0.0, 0.0);
INSERT INTO inventory_transactions (ingredient_id, txn_type, qty, unit_cost, ref_table, ref_id, business_date, status, location_id) VALUES ('V6049', 'IMPORT', 0.0, 175000.0, 'stock_take_lines', '90000000-0000-0000-0000-000000000001', '2026-06-01', 'approved', 'BAR');
INSERT INTO stock_take_lines (take_id, ingredient_id, qty_physical, qty_theoretical, variance) VALUES ('90000000-0000-0000-0000-000000000001', 'V6053', 4.0, 0.0, 4.0);
INSERT INTO inventory_transactions (ingredient_id, txn_type, qty, unit_cost, ref_table, ref_id, business_date, status, location_id) VALUES ('V6053', 'IMPORT', 4.0, 393000.0, 'stock_take_lines', '90000000-0000-0000-0000-000000000001', '2026-06-01', 'approved', 'BAR');
INSERT INTO stock_take_lines (take_id, ingredient_id, qty_physical, qty_theoretical, variance) VALUES ('90000000-0000-0000-0000-000000000001', 'V6054', 2.0, 0.0, 2.0);
INSERT INTO inventory_transactions (ingredient_id, txn_type, qty, unit_cost, ref_table, ref_id, business_date, status, location_id) VALUES ('V6054', 'IMPORT', 2.0, 446000.0, 'stock_take_lines', '90000000-0000-0000-0000-000000000001', '2026-06-01', 'approved', 'BAR');
INSERT INTO stock_take_lines (take_id, ingredient_id, qty_physical, qty_theoretical, variance) VALUES ('90000000-0000-0000-0000-000000000001', 'V6056', 12.0, 0.0, 12.0);
INSERT INTO inventory_transactions (ingredient_id, txn_type, qty, unit_cost, ref_table, ref_id, business_date, status, location_id) VALUES ('V6056', 'IMPORT', 12.0, 182500.0, 'stock_take_lines', '90000000-0000-0000-0000-000000000001', '2026-06-01', 'approved', 'BAR');
INSERT INTO stock_take_lines (take_id, ingredient_id, qty_physical, qty_theoretical, variance) VALUES ('90000000-0000-0000-0000-000000000001', 'V6057', 111.0, 0.0, 111.0);
INSERT INTO inventory_transactions (ingredient_id, txn_type, qty, unit_cost, ref_table, ref_id, business_date, status, location_id) VALUES ('V6057', 'IMPORT', 111.0, 220000.0, 'stock_take_lines', '90000000-0000-0000-0000-000000000001', '2026-06-01', 'approved', 'BAR');
INSERT INTO stock_take_lines (take_id, ingredient_id, qty_physical, qty_theoretical, variance) VALUES ('90000000-0000-0000-0000-000000000001', 'V6058', 28.0, 0.0, 28.0);
INSERT INTO inventory_transactions (ingredient_id, txn_type, qty, unit_cost, ref_table, ref_id, business_date, status, location_id) VALUES ('V6058', 'IMPORT', 28.0, 220000.0, 'stock_take_lines', '90000000-0000-0000-0000-000000000001', '2026-06-01', 'approved', 'BAR');
INSERT INTO stock_take_lines (take_id, ingredient_id, qty_physical, qty_theoretical, variance) VALUES ('90000000-0000-0000-0000-000000000001', 'V6059', 3.0, 0.0, 3.0);
INSERT INTO inventory_transactions (ingredient_id, txn_type, qty, unit_cost, ref_table, ref_id, business_date, status, location_id) VALUES ('V6059', 'IMPORT', 3.0, 384000.0, 'stock_take_lines', '90000000-0000-0000-0000-000000000001', '2026-06-01', 'approved', 'BAR');
INSERT INTO stock_take_lines (take_id, ingredient_id, qty_physical, qty_theoretical, variance) VALUES ('90000000-0000-0000-0000-000000000001', 'V6060', 12.0, 0.0, 12.0);
INSERT INTO inventory_transactions (ingredient_id, txn_type, qty, unit_cost, ref_table, ref_id, business_date, status, location_id) VALUES ('V6060', 'IMPORT', 12.0, 210000.0, 'stock_take_lines', '90000000-0000-0000-0000-000000000001', '2026-06-01', 'approved', 'BAR');
INSERT INTO stock_take_lines (take_id, ingredient_id, qty_physical, qty_theoretical, variance) VALUES ('90000000-0000-0000-0000-000000000001', 'V6061', 12.0, 0.0, 12.0);
INSERT INTO inventory_transactions (ingredient_id, txn_type, qty, unit_cost, ref_table, ref_id, business_date, status, location_id) VALUES ('V6061', 'IMPORT', 12.0, 210000.0, 'stock_take_lines', '90000000-0000-0000-0000-000000000001', '2026-06-01', 'approved', 'BAR');
INSERT INTO stock_take_lines (take_id, ingredient_id, qty_physical, qty_theoretical, variance) VALUES ('90000000-0000-0000-0000-000000000001', 'V6062', 12.0, 0.0, 12.0);
INSERT INTO inventory_transactions (ingredient_id, txn_type, qty, unit_cost, ref_table, ref_id, business_date, status, location_id) VALUES ('V6062', 'IMPORT', 12.0, 210000.0, 'stock_take_lines', '90000000-0000-0000-0000-000000000001', '2026-06-01', 'approved', 'BAR');
INSERT INTO stock_take_lines (take_id, ingredient_id, qty_physical, qty_theoretical, variance) VALUES ('90000000-0000-0000-0000-000000000001', 'V6063', 3.0, 0.0, 3.0);
INSERT INTO inventory_transactions (ingredient_id, txn_type, qty, unit_cost, ref_table, ref_id, business_date, status, location_id) VALUES ('V6063', 'IMPORT', 3.0, 638000.0, 'stock_take_lines', '90000000-0000-0000-0000-000000000001', '2026-06-01', 'approved', 'BAR');
INSERT INTO stock_take_lines (take_id, ingredient_id, qty_physical, qty_theoretical, variance) VALUES ('90000000-0000-0000-0000-000000000001', 'V9501', 56.6, 0.0, 56.6);
INSERT INTO inventory_transactions (ingredient_id, txn_type, qty, unit_cost, ref_table, ref_id, business_date, status, location_id) VALUES ('V9501', 'IMPORT', 56.6, 100000.0, 'stock_take_lines', '90000000-0000-0000-0000-000000000001', '2026-06-01', 'approved', 'BAR');
INSERT INTO stock_take_lines (take_id, ingredient_id, qty_physical, qty_theoretical, variance) VALUES ('90000000-0000-0000-0000-000000000001', 'V9502', 61.0, 0.0, 61.0);
INSERT INTO inventory_transactions (ingredient_id, txn_type, qty, unit_cost, ref_table, ref_id, business_date, status, location_id) VALUES ('V9502', 'IMPORT', 61.0, 100000.0, 'stock_take_lines', '90000000-0000-0000-0000-000000000001', '2026-06-01', 'approved', 'BAR');
INSERT INTO stock_take_lines (take_id, ingredient_id, qty_physical, qty_theoretical, variance) VALUES ('90000000-0000-0000-0000-000000000001', 'V9504', 9.0, 0.0, 9.0);
INSERT INTO inventory_transactions (ingredient_id, txn_type, qty, unit_cost, ref_table, ref_id, business_date, status, location_id) VALUES ('V9504', 'IMPORT', 9.0, 179000.0, 'stock_take_lines', '90000000-0000-0000-0000-000000000001', '2026-06-01', 'approved', 'BAR');
INSERT INTO stock_take_lines (take_id, ingredient_id, qty_physical, qty_theoretical, variance) VALUES ('90000000-0000-0000-0000-000000000001', 'V9508', 7.0, 0.0, 7.0);
INSERT INTO inventory_transactions (ingredient_id, txn_type, qty, unit_cost, ref_table, ref_id, business_date, status, location_id) VALUES ('V9508', 'IMPORT', 7.0, 179000.0, 'stock_take_lines', '90000000-0000-0000-0000-000000000001', '2026-06-01', 'approved', 'BAR');
INSERT INTO stock_take_lines (take_id, ingredient_id, qty_physical, qty_theoretical, variance) VALUES ('90000000-0000-0000-0000-000000000001', 'V1001', 7.0, 0.0, 7.0);
INSERT INTO inventory_transactions (ingredient_id, txn_type, qty, unit_cost, ref_table, ref_id, business_date, status, location_id) VALUES ('V1001', 'IMPORT', 7.0, 318000.0, 'stock_take_lines', '90000000-0000-0000-0000-000000000001', '2026-06-01', 'approved', 'BAR');
INSERT INTO stock_take_lines (take_id, ingredient_id, qty_physical, qty_theoretical, variance) VALUES ('90000000-0000-0000-0000-000000000001', 'V1008', 20.0, 0.0, 20.0);
INSERT INTO inventory_transactions (ingredient_id, txn_type, qty, unit_cost, ref_table, ref_id, business_date, status, location_id) VALUES ('V1008', 'IMPORT', 20.0, 123750.0, 'stock_take_lines', '90000000-0000-0000-0000-000000000001', '2026-06-01', 'approved', 'BAR');
INSERT INTO stock_take_lines (take_id, ingredient_id, qty_physical, qty_theoretical, variance) VALUES ('90000000-0000-0000-0000-000000000001', 'V7012', 2.0, 0.0, 2.0);
INSERT INTO inventory_transactions (ingredient_id, txn_type, qty, unit_cost, ref_table, ref_id, business_date, status, location_id) VALUES ('V7012', 'IMPORT', 2.0, 890000.0, 'stock_take_lines', '90000000-0000-0000-0000-000000000001', '2026-06-01', 'approved', 'BAR');
INSERT INTO stock_take_lines (take_id, ingredient_id, qty_physical, qty_theoretical, variance) VALUES ('90000000-0000-0000-0000-000000000001', 'V7015', 3.0, 0.0, 3.0);
INSERT INTO inventory_transactions (ingredient_id, txn_type, qty, unit_cost, ref_table, ref_id, business_date, status, location_id) VALUES ('V7015', 'IMPORT', 3.0, 380000.0, 'stock_take_lines', '90000000-0000-0000-0000-000000000001', '2026-06-01', 'approved', 'BAR');
INSERT INTO stock_take_lines (take_id, ingredient_id, qty_physical, qty_theoretical, variance) VALUES ('90000000-0000-0000-0000-000000000001', 'V7016', 2.0, 0.0, 2.0);
INSERT INTO inventory_transactions (ingredient_id, txn_type, qty, unit_cost, ref_table, ref_id, business_date, status, location_id) VALUES ('V7016', 'IMPORT', 2.0, 453750.0, 'stock_take_lines', '90000000-0000-0000-0000-000000000001', '2026-06-01', 'approved', 'BAR');
INSERT INTO stock_take_lines (take_id, ingredient_id, qty_physical, qty_theoretical, variance) VALUES ('90000000-0000-0000-0000-000000000001', 'V9201', 2.0, 0.0, 2.0);
INSERT INTO inventory_transactions (ingredient_id, txn_type, qty, unit_cost, ref_table, ref_id, business_date, status, location_id) VALUES ('V9201', 'IMPORT', 2.0, 558000.0, 'stock_take_lines', '90000000-0000-0000-0000-000000000001', '2026-06-01', 'approved', 'BAR');
INSERT INTO stock_take_lines (take_id, ingredient_id, qty_physical, qty_theoretical, variance) VALUES ('90000000-0000-0000-0000-000000000001', 'V9202', 3.0, 0.0, 3.0);
INSERT INTO inventory_transactions (ingredient_id, txn_type, qty, unit_cost, ref_table, ref_id, business_date, status, location_id) VALUES ('V9202', 'IMPORT', 3.0, 558000.0, 'stock_take_lines', '90000000-0000-0000-0000-000000000001', '2026-06-01', 'approved', 'BAR');
INSERT INTO stock_take_lines (take_id, ingredient_id, qty_physical, qty_theoretical, variance) VALUES ('90000000-0000-0000-0000-000000000001', 'V9203', 4.0, 0.0, 4.0);
INSERT INTO inventory_transactions (ingredient_id, txn_type, qty, unit_cost, ref_table, ref_id, business_date, status, location_id) VALUES ('V9203', 'IMPORT', 4.0, 412500.0, 'stock_take_lines', '90000000-0000-0000-0000-000000000001', '2026-06-01', 'approved', 'BAR');
INSERT INTO stock_take_lines (take_id, ingredient_id, qty_physical, qty_theoretical, variance) VALUES ('90000000-0000-0000-0000-000000000001', 'V9204', 3.0, 0.0, 3.0);
INSERT INTO inventory_transactions (ingredient_id, txn_type, qty, unit_cost, ref_table, ref_id, business_date, status, location_id) VALUES ('V9204', 'IMPORT', 3.0, 396000.0, 'stock_take_lines', '90000000-0000-0000-0000-000000000001', '2026-06-01', 'approved', 'BAR');
INSERT INTO stock_take_lines (take_id, ingredient_id, qty_physical, qty_theoretical, variance) VALUES ('90000000-0000-0000-0000-000000000001', 'V4008', 3.0, 0.0, 3.0);
INSERT INTO inventory_transactions (ingredient_id, txn_type, qty, unit_cost, ref_table, ref_id, business_date, status, location_id) VALUES ('V4008', 'IMPORT', 3.0, 396000.0, 'stock_take_lines', '90000000-0000-0000-0000-000000000001', '2026-06-01', 'approved', 'BAR');
INSERT INTO stock_take_lines (take_id, ingredient_id, qty_physical, qty_theoretical, variance) VALUES ('90000000-0000-0000-0000-000000000001', 'V4009', 4.0, 0.0, 4.0);
INSERT INTO inventory_transactions (ingredient_id, txn_type, qty, unit_cost, ref_table, ref_id, business_date, status, location_id) VALUES ('V4009', 'IMPORT', 4.0, 441000.0, 'stock_take_lines', '90000000-0000-0000-0000-000000000001', '2026-06-01', 'approved', 'BAR');
INSERT INTO stock_take_lines (take_id, ingredient_id, qty_physical, qty_theoretical, variance) VALUES ('90000000-0000-0000-0000-000000000001', 'V4014', 3.0, 0.0, 3.0);
INSERT INTO inventory_transactions (ingredient_id, txn_type, qty, unit_cost, ref_table, ref_id, business_date, status, location_id) VALUES ('V4014', 'IMPORT', 3.0, 600000.0, 'stock_take_lines', '90000000-0000-0000-0000-000000000001', '2026-06-01', 'approved', 'BAR');
INSERT INTO stock_take_lines (take_id, ingredient_id, qty_physical, qty_theoretical, variance) VALUES ('90000000-0000-0000-0000-000000000001', 'V4017', 3.0, 0.0, 3.0);
INSERT INTO inventory_transactions (ingredient_id, txn_type, qty, unit_cost, ref_table, ref_id, business_date, status, location_id) VALUES ('V4017', 'IMPORT', 3.0, 867000.0, 'stock_take_lines', '90000000-0000-0000-0000-000000000001', '2026-06-01', 'approved', 'BAR');
INSERT INTO stock_take_lines (take_id, ingredient_id, qty_physical, qty_theoretical, variance) VALUES ('90000000-0000-0000-0000-000000000001', 'V4045', 2.0, 0.0, 2.0);
INSERT INTO inventory_transactions (ingredient_id, txn_type, qty, unit_cost, ref_table, ref_id, business_date, status, location_id) VALUES ('V4045', 'IMPORT', 2.0, 450000.0, 'stock_take_lines', '90000000-0000-0000-0000-000000000001', '2026-06-01', 'approved', 'BAR');
INSERT INTO stock_take_lines (take_id, ingredient_id, qty_physical, qty_theoretical, variance) VALUES ('90000000-0000-0000-0000-000000000001', 'V4062', 0.0, 0.0, 0.0);
INSERT INTO inventory_transactions (ingredient_id, txn_type, qty, unit_cost, ref_table, ref_id, business_date, status, location_id) VALUES ('V4062', 'IMPORT', 0.0, 270000.0, 'stock_take_lines', '90000000-0000-0000-0000-000000000001', '2026-06-01', 'approved', 'BAR');
INSERT INTO stock_take_lines (take_id, ingredient_id, qty_physical, qty_theoretical, variance) VALUES ('90000000-0000-0000-0000-000000000001', 'V4063', 18.2, 0.0, 18.2);
INSERT INTO inventory_transactions (ingredient_id, txn_type, qty, unit_cost, ref_table, ref_id, business_date, status, location_id) VALUES ('V4063', 'IMPORT', 18.2, 229000.0, 'stock_take_lines', '90000000-0000-0000-0000-000000000001', '2026-06-01', 'approved', 'BAR');
INSERT INTO stock_take_lines (take_id, ingredient_id, qty_physical, qty_theoretical, variance) VALUES ('90000000-0000-0000-0000-000000000001', 'V4064', 4.0, 0.0, 4.0);
INSERT INTO inventory_transactions (ingredient_id, txn_type, qty, unit_cost, ref_table, ref_id, business_date, status, location_id) VALUES ('V4064', 'IMPORT', 4.0, 426000.0, 'stock_take_lines', '90000000-0000-0000-0000-000000000001', '2026-06-01', 'approved', 'BAR');
INSERT INTO stock_take_lines (take_id, ingredient_id, qty_physical, qty_theoretical, variance) VALUES ('90000000-0000-0000-0000-000000000001', 'V4065', 3.0, 0.0, 3.0);
INSERT INTO inventory_transactions (ingredient_id, txn_type, qty, unit_cost, ref_table, ref_id, business_date, status, location_id) VALUES ('V4065', 'IMPORT', 3.0, 257400.0, 'stock_take_lines', '90000000-0000-0000-0000-000000000001', '2026-06-01', 'approved', 'BAR');
INSERT INTO stock_take_lines (take_id, ingredient_id, qty_physical, qty_theoretical, variance) VALUES ('90000000-0000-0000-0000-000000000001', 'V4068', 4.0, 0.0, 4.0);
INSERT INTO inventory_transactions (ingredient_id, txn_type, qty, unit_cost, ref_table, ref_id, business_date, status, location_id) VALUES ('V4068', 'IMPORT', 4.0, 867000.0, 'stock_take_lines', '90000000-0000-0000-0000-000000000001', '2026-06-01', 'approved', 'BAR');
INSERT INTO stock_take_lines (take_id, ingredient_id, qty_physical, qty_theoretical, variance) VALUES ('90000000-0000-0000-0000-000000000001', 'V4069', 3.0, 0.0, 3.0);
INSERT INTO inventory_transactions (ingredient_id, txn_type, qty, unit_cost, ref_table, ref_id, business_date, status, location_id) VALUES ('V4069', 'IMPORT', 3.0, 880000.0, 'stock_take_lines', '90000000-0000-0000-0000-000000000001', '2026-06-01', 'approved', 'BAR');
INSERT INTO stock_take_lines (take_id, ingredient_id, qty_physical, qty_theoretical, variance) VALUES ('90000000-0000-0000-0000-000000000001', 'V4071', 3.0, 0.0, 3.0);
INSERT INTO inventory_transactions (ingredient_id, txn_type, qty, unit_cost, ref_table, ref_id, business_date, status, location_id) VALUES ('V4071', 'IMPORT', 3.0, 1059300.0, 'stock_take_lines', '90000000-0000-0000-0000-000000000001', '2026-06-01', 'approved', 'BAR');
INSERT INTO stock_take_lines (take_id, ingredient_id, qty_physical, qty_theoretical, variance) VALUES ('90000000-0000-0000-0000-000000000001', 'V4072', 1.0, 0.0, 1.0);
INSERT INTO inventory_transactions (ingredient_id, txn_type, qty, unit_cost, ref_table, ref_id, business_date, status, location_id) VALUES ('V4072', 'IMPORT', 1.0, 1178100.0, 'stock_take_lines', '90000000-0000-0000-0000-000000000001', '2026-06-01', 'approved', 'BAR');
INSERT INTO stock_take_lines (take_id, ingredient_id, qty_physical, qty_theoretical, variance) VALUES ('90000000-0000-0000-0000-000000000001', 'V4074', 2.0, 0.0, 2.0);
INSERT INTO inventory_transactions (ingredient_id, txn_type, qty, unit_cost, ref_table, ref_id, business_date, status, location_id) VALUES ('V4074', 'IMPORT', 2.0, 292500.0, 'stock_take_lines', '90000000-0000-0000-0000-000000000001', '2026-06-01', 'approved', 'BAR');
INSERT INTO stock_take_lines (take_id, ingredient_id, qty_physical, qty_theoretical, variance) VALUES ('90000000-0000-0000-0000-000000000001', 'V4075', 5.0, 0.0, 5.0);
INSERT INTO inventory_transactions (ingredient_id, txn_type, qty, unit_cost, ref_table, ref_id, business_date, status, location_id) VALUES ('V4075', 'IMPORT', 5.0, 562500.0, 'stock_take_lines', '90000000-0000-0000-0000-000000000001', '2026-06-01', 'approved', 'BAR');
INSERT INTO stock_take_lines (take_id, ingredient_id, qty_physical, qty_theoretical, variance) VALUES ('90000000-0000-0000-0000-000000000001', 'V4076', 4.0, 0.0, 4.0);
INSERT INTO inventory_transactions (ingredient_id, txn_type, qty, unit_cost, ref_table, ref_id, business_date, status, location_id) VALUES ('V4076', 'IMPORT', 4.0, 638000.0, 'stock_take_lines', '90000000-0000-0000-0000-000000000001', '2026-06-01', 'approved', 'BAR');
INSERT INTO stock_take_lines (take_id, ingredient_id, qty_physical, qty_theoretical, variance) VALUES ('90000000-0000-0000-0000-000000000001', 'V4077', 4.0, 0.0, 4.0);
INSERT INTO inventory_transactions (ingredient_id, txn_type, qty, unit_cost, ref_table, ref_id, business_date, status, location_id) VALUES ('V4077', 'IMPORT', 4.0, 203000.0, 'stock_take_lines', '90000000-0000-0000-0000-000000000001', '2026-06-01', 'approved', 'BAR');
INSERT INTO stock_take_lines (take_id, ingredient_id, qty_physical, qty_theoretical, variance) VALUES ('90000000-0000-0000-0000-000000000001', 'V4078', 3.0, 0.0, 3.0);
INSERT INTO inventory_transactions (ingredient_id, txn_type, qty, unit_cost, ref_table, ref_id, business_date, status, location_id) VALUES ('V4078', 'IMPORT', 3.0, 762300.0, 'stock_take_lines', '90000000-0000-0000-0000-000000000001', '2026-06-01', 'approved', 'BAR');
INSERT INTO stock_take_lines (take_id, ingredient_id, qty_physical, qty_theoretical, variance) VALUES ('90000000-0000-0000-0000-000000000001', 'V4081', 2.0, 0.0, 2.0);
INSERT INTO inventory_transactions (ingredient_id, txn_type, qty, unit_cost, ref_table, ref_id, business_date, status, location_id) VALUES ('V4081', 'IMPORT', 2.0, 643500.0, 'stock_take_lines', '90000000-0000-0000-0000-000000000001', '2026-06-01', 'approved', 'BAR');
INSERT INTO stock_take_lines (take_id, ingredient_id, qty_physical, qty_theoretical, variance) VALUES ('90000000-0000-0000-0000-000000000001', 'V4082', 2.0, 0.0, 2.0);
INSERT INTO inventory_transactions (ingredient_id, txn_type, qty, unit_cost, ref_table, ref_id, business_date, status, location_id) VALUES ('V4082', 'IMPORT', 2.0, 721710.0, 'stock_take_lines', '90000000-0000-0000-0000-000000000001', '2026-06-01', 'approved', 'BAR');
INSERT INTO stock_take_lines (take_id, ingredient_id, qty_physical, qty_theoretical, variance) VALUES ('90000000-0000-0000-0000-000000000001', 'V4083', 3.0, 0.0, 3.0);
INSERT INTO inventory_transactions (ingredient_id, txn_type, qty, unit_cost, ref_table, ref_id, business_date, status, location_id) VALUES ('V4083', 'IMPORT', 3.0, 782100.0, 'stock_take_lines', '90000000-0000-0000-0000-000000000001', '2026-06-01', 'approved', 'BAR');
INSERT INTO stock_take_lines (take_id, ingredient_id, qty_physical, qty_theoretical, variance) VALUES ('90000000-0000-0000-0000-000000000001', 'V4088', 18.0, 0.0, 18.0);
INSERT INTO inventory_transactions (ingredient_id, txn_type, qty, unit_cost, ref_table, ref_id, business_date, status, location_id) VALUES ('V4088', 'IMPORT', 18.0, 190000.0, 'stock_take_lines', '90000000-0000-0000-0000-000000000001', '2026-06-01', 'approved', 'BAR');
INSERT INTO stock_take_lines (take_id, ingredient_id, qty_physical, qty_theoretical, variance) VALUES ('90000000-0000-0000-0000-000000000001', 'V4089', 120.0, 0.0, 120.0);
INSERT INTO inventory_transactions (ingredient_id, txn_type, qty, unit_cost, ref_table, ref_id, business_date, status, location_id) VALUES ('V4089', 'IMPORT', 120.0, 160000.0, 'stock_take_lines', '90000000-0000-0000-0000-000000000001', '2026-06-01', 'approved', 'BAR');
INSERT INTO stock_take_lines (take_id, ingredient_id, qty_physical, qty_theoretical, variance) VALUES ('90000000-0000-0000-0000-000000000001', 'V4090', 1.0, 0.0, 1.0);
INSERT INTO inventory_transactions (ingredient_id, txn_type, qty, unit_cost, ref_table, ref_id, business_date, status, location_id) VALUES ('V4090', 'IMPORT', 1.0, 940500.0, 'stock_take_lines', '90000000-0000-0000-0000-000000000001', '2026-06-01', 'approved', 'BAR');
INSERT INTO stock_take_lines (take_id, ingredient_id, qty_physical, qty_theoretical, variance) VALUES ('90000000-0000-0000-0000-000000000001', 'V4091', 3.0, 0.0, 3.0);
INSERT INTO inventory_transactions (ingredient_id, txn_type, qty, unit_cost, ref_table, ref_id, business_date, status, location_id) VALUES ('V4091', 'IMPORT', 3.0, 540000.0, 'stock_take_lines', '90000000-0000-0000-0000-000000000001', '2026-06-01', 'approved', 'BAR');
INSERT INTO stock_take_lines (take_id, ingredient_id, qty_physical, qty_theoretical, variance) VALUES ('90000000-0000-0000-0000-000000000001', 'V4092', 3.0, 0.0, 3.0);
INSERT INTO inventory_transactions (ingredient_id, txn_type, qty, unit_cost, ref_table, ref_id, business_date, status, location_id) VALUES ('V4092', 'IMPORT', 3.0, 392000.0, 'stock_take_lines', '90000000-0000-0000-0000-000000000001', '2026-06-01', 'approved', 'BAR');
INSERT INTO stock_take_lines (take_id, ingredient_id, qty_physical, qty_theoretical, variance) VALUES ('90000000-0000-0000-0000-000000000001', 'V9402', 0.0, 0.0, 0.0);
INSERT INTO inventory_transactions (ingredient_id, txn_type, qty, unit_cost, ref_table, ref_id, business_date, status, location_id) VALUES ('V9402', 'IMPORT', 0.0, 352000.0, 'stock_take_lines', '90000000-0000-0000-0000-000000000001', '2026-06-01', 'approved', 'BAR');
INSERT INTO stock_take_lines (take_id, ingredient_id, qty_physical, qty_theoretical, variance) VALUES ('90000000-0000-0000-0000-000000000001', 'V9408', 6.0, 0.0, 6.0);
INSERT INTO inventory_transactions (ingredient_id, txn_type, qty, unit_cost, ref_table, ref_id, business_date, status, location_id) VALUES ('V9408', 'IMPORT', 6.0, 322000.0, 'stock_take_lines', '90000000-0000-0000-0000-000000000001', '2026-06-01', 'approved', 'BAR');
INSERT INTO stock_take_lines (take_id, ingredient_id, qty_physical, qty_theoretical, variance) VALUES ('90000000-0000-0000-0000-000000000001', 'V9410', 8.0, 0.0, 8.0);
INSERT INTO inventory_transactions (ingredient_id, txn_type, qty, unit_cost, ref_table, ref_id, business_date, status, location_id) VALUES ('V9410', 'IMPORT', 8.0, 203000.0, 'stock_take_lines', '90000000-0000-0000-0000-000000000001', '2026-06-01', 'approved', 'BAR');
INSERT INTO stock_take_lines (take_id, ingredient_id, qty_physical, qty_theoretical, variance) VALUES ('90000000-0000-0000-0000-000000000001', 'V9411', 3.0, 0.0, 3.0);
INSERT INTO inventory_transactions (ingredient_id, txn_type, qty, unit_cost, ref_table, ref_id, business_date, status, location_id) VALUES ('V9411', 'IMPORT', 3.0, 391050.0, 'stock_take_lines', '90000000-0000-0000-0000-000000000001', '2026-06-01', 'approved', 'BAR');
INSERT INTO stock_take_lines (take_id, ingredient_id, qty_physical, qty_theoretical, variance) VALUES ('90000000-0000-0000-0000-000000000001', 'V9412', 1.0, 0.0, 1.0);
INSERT INTO inventory_transactions (ingredient_id, txn_type, qty, unit_cost, ref_table, ref_id, business_date, status, location_id) VALUES ('V9412', 'IMPORT', 1.0, 435600.0, 'stock_take_lines', '90000000-0000-0000-0000-000000000001', '2026-06-01', 'approved', 'BAR');
INSERT INTO stock_take_lines (take_id, ingredient_id, qty_physical, qty_theoretical, variance) VALUES ('90000000-0000-0000-0000-000000000001', 'M6001', 102.0, 0.0, 102.0);
INSERT INTO inventory_transactions (ingredient_id, txn_type, qty, unit_cost, ref_table, ref_id, business_date, status, location_id) VALUES ('M6001', 'IMPORT', 102.0, 8125.0, 'stock_take_lines', '90000000-0000-0000-0000-000000000001', '2026-06-01', 'approved', 'BAR');
INSERT INTO stock_take_lines (take_id, ingredient_id, qty_physical, qty_theoretical, variance) VALUES ('90000000-0000-0000-0000-000000000001', 'M6002', 82.0, 0.0, 82.0);
INSERT INTO inventory_transactions (ingredient_id, txn_type, qty, unit_cost, ref_table, ref_id, business_date, status, location_id) VALUES ('M6002', 'IMPORT', 82.0, 5304.0, 'stock_take_lines', '90000000-0000-0000-0000-000000000001', '2026-06-01', 'approved', 'BAR');
INSERT INTO stock_take_lines (take_id, ingredient_id, qty_physical, qty_theoretical, variance) VALUES ('90000000-0000-0000-0000-000000000001', 'M6003', 30.0, 0.0, 30.0);
INSERT INTO inventory_transactions (ingredient_id, txn_type, qty, unit_cost, ref_table, ref_id, business_date, status, location_id) VALUES ('M6003', 'IMPORT', 30.0, 6428.0, 'stock_take_lines', '90000000-0000-0000-0000-000000000001', '2026-06-01', 'approved', 'BAR');
INSERT INTO stock_take_lines (take_id, ingredient_id, qty_physical, qty_theoretical, variance) VALUES ('90000000-0000-0000-0000-000000000001', 'M6004', 89.0, 0.0, 89.0);
INSERT INTO inventory_transactions (ingredient_id, txn_type, qty, unit_cost, ref_table, ref_id, business_date, status, location_id) VALUES ('M6004', 'IMPORT', 89.0, 7462.0, 'stock_take_lines', '90000000-0000-0000-0000-000000000001', '2026-06-01', 'approved', 'BAR');
INSERT INTO stock_take_lines (take_id, ingredient_id, qty_physical, qty_theoretical, variance) VALUES ('90000000-0000-0000-0000-000000000001', 'M6005', 30.0, 0.0, 30.0);
INSERT INTO inventory_transactions (ingredient_id, txn_type, qty, unit_cost, ref_table, ref_id, business_date, status, location_id) VALUES ('M6005', 'IMPORT', 30.0, 7781.0, 'stock_take_lines', '90000000-0000-0000-0000-000000000001', '2026-06-01', 'approved', 'BAR');
INSERT INTO stock_take_lines (take_id, ingredient_id, qty_physical, qty_theoretical, variance) VALUES ('90000000-0000-0000-0000-000000000001', 'M6006', 62.0, 0.0, 62.0);
INSERT INTO inventory_transactions (ingredient_id, txn_type, qty, unit_cost, ref_table, ref_id, business_date, status, location_id) VALUES ('M6006', 'IMPORT', 62.0, 8541.0, 'stock_take_lines', '90000000-0000-0000-0000-000000000001', '2026-06-01', 'approved', 'BAR');
INSERT INTO stock_take_lines (take_id, ingredient_id, qty_physical, qty_theoretical, variance) VALUES ('90000000-0000-0000-0000-000000000001', 'M6008', 43.0, 0.0, 43.0);
INSERT INTO inventory_transactions (ingredient_id, txn_type, qty, unit_cost, ref_table, ref_id, business_date, status, location_id) VALUES ('M6008', 'IMPORT', 43.0, 6666.0, 'stock_take_lines', '90000000-0000-0000-0000-000000000001', '2026-06-01', 'approved', 'BAR');
INSERT INTO stock_take_lines (take_id, ingredient_id, qty_physical, qty_theoretical, variance) VALUES ('90000000-0000-0000-0000-000000000001', 'M6009', 33.0, 0.0, 33.0);
INSERT INTO inventory_transactions (ingredient_id, txn_type, qty, unit_cost, ref_table, ref_id, business_date, status, location_id) VALUES ('M6009', 'IMPORT', 33.0, 32450.0, 'stock_take_lines', '90000000-0000-0000-0000-000000000001', '2026-06-01', 'approved', 'BAR');
INSERT INTO stock_take_lines (take_id, ingredient_id, qty_physical, qty_theoretical, variance) VALUES ('90000000-0000-0000-0000-000000000001', 'M6010', 18.0, 0.0, 18.0);
INSERT INTO inventory_transactions (ingredient_id, txn_type, qty, unit_cost, ref_table, ref_id, business_date, status, location_id) VALUES ('M6010', 'IMPORT', 18.0, 36300.0, 'stock_take_lines', '90000000-0000-0000-0000-000000000001', '2026-06-01', 'approved', 'BAR');
INSERT INTO stock_take_lines (take_id, ingredient_id, qty_physical, qty_theoretical, variance) VALUES ('90000000-0000-0000-0000-000000000001', 'M6014', 24.0, 0.0, 24.0);
INSERT INTO inventory_transactions (ingredient_id, txn_type, qty, unit_cost, ref_table, ref_id, business_date, status, location_id) VALUES ('M6014', 'IMPORT', 24.0, 27060.0, 'stock_take_lines', '90000000-0000-0000-0000-000000000001', '2026-06-01', 'approved', 'BAR');
INSERT INTO stock_take_lines (take_id, ingredient_id, qty_physical, qty_theoretical, variance) VALUES ('90000000-0000-0000-0000-000000000001', 'M6020', 823.0, 0.0, 823.0);
INSERT INTO inventory_transactions (ingredient_id, txn_type, qty, unit_cost, ref_table, ref_id, business_date, status, location_id) VALUES ('M6020', 'IMPORT', 823.0, 3561.84, 'stock_take_lines', '90000000-0000-0000-0000-000000000001', '2026-06-01', 'approved', 'BAR');
INSERT INTO stock_take_lines (take_id, ingredient_id, qty_physical, qty_theoretical, variance) VALUES ('90000000-0000-0000-0000-000000000001', 'V9301', 2.0, 0.0, 2.0);
INSERT INTO inventory_transactions (ingredient_id, txn_type, qty, unit_cost, ref_table, ref_id, business_date, status, location_id) VALUES ('V9301', 'IMPORT', 2.0, 375000.0, 'stock_take_lines', '90000000-0000-0000-0000-000000000001', '2026-06-01', 'approved', 'BAR');
INSERT INTO stock_take_lines (take_id, ingredient_id, qty_physical, qty_theoretical, variance) VALUES ('90000000-0000-0000-0000-000000000001', 'V9302', 3.0, 0.0, 3.0);
INSERT INTO inventory_transactions (ingredient_id, txn_type, qty, unit_cost, ref_table, ref_id, business_date, status, location_id) VALUES ('V9302', 'IMPORT', 3.0, 375000.0, 'stock_take_lines', '90000000-0000-0000-0000-000000000001', '2026-06-01', 'approved', 'BAR');
INSERT INTO stock_take_lines (take_id, ingredient_id, qty_physical, qty_theoretical, variance) VALUES ('90000000-0000-0000-0000-000000000001', 'V9304', 3.0, 0.0, 3.0);
INSERT INTO inventory_transactions (ingredient_id, txn_type, qty, unit_cost, ref_table, ref_id, business_date, status, location_id) VALUES ('V9304', 'IMPORT', 3.0, 475200.0, 'stock_take_lines', '90000000-0000-0000-0000-000000000001', '2026-06-01', 'approved', 'BAR');
INSERT INTO stock_take_lines (take_id, ingredient_id, qty_physical, qty_theoretical, variance) VALUES ('90000000-0000-0000-0000-000000000001', 'M9402', 0.95, 0.0, 0.95);
INSERT INTO inventory_transactions (ingredient_id, txn_type, qty, unit_cost, ref_table, ref_id, business_date, status, location_id) VALUES ('M9402', 'IMPORT', 0.95, 340000.0, 'stock_take_lines', '90000000-0000-0000-0000-000000000001', '2026-06-01', 'approved', 'BAR');
INSERT INTO stock_take_lines (take_id, ingredient_id, qty_physical, qty_theoretical, variance) VALUES ('90000000-0000-0000-0000-000000000001', 'M9403', 1.9, 0.0, 1.9);
INSERT INTO inventory_transactions (ingredient_id, txn_type, qty, unit_cost, ref_table, ref_id, business_date, status, location_id) VALUES ('M9403', 'IMPORT', 1.9, 330000.0, 'stock_take_lines', '90000000-0000-0000-0000-000000000001', '2026-06-01', 'approved', 'BAR');
INSERT INTO stock_take_lines (take_id, ingredient_id, qty_physical, qty_theoretical, variance) VALUES ('90000000-0000-0000-0000-000000000001', 'M9405', 2.06, 0.0, 2.06);
INSERT INTO inventory_transactions (ingredient_id, txn_type, qty, unit_cost, ref_table, ref_id, business_date, status, location_id) VALUES ('M9405', 'IMPORT', 2.06, 340000.0, 'stock_take_lines', '90000000-0000-0000-0000-000000000001', '2026-06-01', 'approved', 'BAR');
INSERT INTO stock_take_lines (take_id, ingredient_id, qty_physical, qty_theoretical, variance) VALUES ('90000000-0000-0000-0000-000000000001', 'M9406', 1.3, 0.0, 1.3);
INSERT INTO inventory_transactions (ingredient_id, txn_type, qty, unit_cost, ref_table, ref_id, business_date, status, location_id) VALUES ('M9406', 'IMPORT', 1.3, 600000.0, 'stock_take_lines', '90000000-0000-0000-0000-000000000001', '2026-06-01', 'approved', 'BAR');
INSERT INTO stock_take_lines (take_id, ingredient_id, qty_physical, qty_theoretical, variance) VALUES ('90000000-0000-0000-0000-000000000001', 'M9407', 0.66, 0.0, 0.66);
INSERT INTO inventory_transactions (ingredient_id, txn_type, qty, unit_cost, ref_table, ref_id, business_date, status, location_id) VALUES ('M9407', 'IMPORT', 0.66, 280000.0, 'stock_take_lines', '90000000-0000-0000-0000-000000000001', '2026-06-01', 'approved', 'BAR');
INSERT INTO stock_take_lines (take_id, ingredient_id, qty_physical, qty_theoretical, variance) VALUES ('90000000-0000-0000-0000-000000000001', 'M9408', 0.66, 0.0, 0.66);
INSERT INTO inventory_transactions (ingredient_id, txn_type, qty, unit_cost, ref_table, ref_id, business_date, status, location_id) VALUES ('M9408', 'IMPORT', 0.66, 280000.0, 'stock_take_lines', '90000000-0000-0000-0000-000000000001', '2026-06-01', 'approved', 'BAR');
INSERT INTO stock_take_lines (take_id, ingredient_id, qty_physical, qty_theoretical, variance) VALUES ('90000000-0000-0000-0000-000000000001', 'M9409', 0.5, 0.0, 0.5);
INSERT INTO inventory_transactions (ingredient_id, txn_type, qty, unit_cost, ref_table, ref_id, business_date, status, location_id) VALUES ('M9409', 'IMPORT', 0.5, 260000.0, 'stock_take_lines', '90000000-0000-0000-0000-000000000001', '2026-06-01', 'approved', 'BAR');
INSERT INTO stock_take_lines (take_id, ingredient_id, qty_physical, qty_theoretical, variance) VALUES ('90000000-0000-0000-0000-000000000001', 'M9410', 0.43, 0.0, 0.43);
INSERT INTO inventory_transactions (ingredient_id, txn_type, qty, unit_cost, ref_table, ref_id, business_date, status, location_id) VALUES ('M9410', 'IMPORT', 0.43, 280000.0, 'stock_take_lines', '90000000-0000-0000-0000-000000000001', '2026-06-01', 'approved', 'BAR');
INSERT INTO stock_take_lines (take_id, ingredient_id, qty_physical, qty_theoretical, variance) VALUES ('90000000-0000-0000-0000-000000000001', 'M9411', 0.26, 0.0, 0.26);
INSERT INTO inventory_transactions (ingredient_id, txn_type, qty, unit_cost, ref_table, ref_id, business_date, status, location_id) VALUES ('M9411', 'IMPORT', 0.26, 260000.0, 'stock_take_lines', '90000000-0000-0000-0000-000000000001', '2026-06-01', 'approved', 'BAR');
INSERT INTO stock_take_lines (take_id, ingredient_id, qty_physical, qty_theoretical, variance) VALUES ('90000000-0000-0000-0000-000000000001', 'M9413', 0.95, 0.0, 0.95);
INSERT INTO inventory_transactions (ingredient_id, txn_type, qty, unit_cost, ref_table, ref_id, business_date, status, location_id) VALUES ('M9413', 'IMPORT', 0.95, 330000.0, 'stock_take_lines', '90000000-0000-0000-0000-000000000001', '2026-06-01', 'approved', 'BAR');
INSERT INTO stock_take_lines (take_id, ingredient_id, qty_physical, qty_theoretical, variance) VALUES ('90000000-0000-0000-0000-000000000001', 'M9414', 0.7, 0.0, 0.7);
INSERT INTO inventory_transactions (ingredient_id, txn_type, qty, unit_cost, ref_table, ref_id, business_date, status, location_id) VALUES ('M9414', 'IMPORT', 0.7, 300000.0, 'stock_take_lines', '90000000-0000-0000-0000-000000000001', '2026-06-01', 'approved', 'BAR');
INSERT INTO stock_take_lines (take_id, ingredient_id, qty_physical, qty_theoretical, variance) VALUES ('90000000-0000-0000-0000-000000000001', 'M9507', 4.0, 0.0, 4.0);
INSERT INTO inventory_transactions (ingredient_id, txn_type, qty, unit_cost, ref_table, ref_id, business_date, status, location_id) VALUES ('M9507', 'IMPORT', 4.0, 35000.0, 'stock_take_lines', '90000000-0000-0000-0000-000000000001', '2026-06-01', 'approved', 'BAR');
INSERT INTO stock_take_lines (take_id, ingredient_id, qty_physical, qty_theoretical, variance) VALUES ('90000000-0000-0000-0000-000000000001', 'M9508', 5.0, 0.0, 5.0);
INSERT INTO inventory_transactions (ingredient_id, txn_type, qty, unit_cost, ref_table, ref_id, business_date, status, location_id) VALUES ('M9508', 'IMPORT', 5.0, 72000.0, 'stock_take_lines', '90000000-0000-0000-0000-000000000001', '2026-06-01', 'approved', 'BAR');
INSERT INTO stock_take_lines (take_id, ingredient_id, qty_physical, qty_theoretical, variance) VALUES ('90000000-0000-0000-0000-000000000001', 'M9512', 3.5, 0.0, 3.5);
INSERT INTO inventory_transactions (ingredient_id, txn_type, qty, unit_cost, ref_table, ref_id, business_date, status, location_id) VALUES ('M9512', 'IMPORT', 3.5, 210000.0, 'stock_take_lines', '90000000-0000-0000-0000-000000000001', '2026-06-01', 'approved', 'BAR');
INSERT INTO stock_take_lines (take_id, ingredient_id, qty_physical, qty_theoretical, variance) VALUES ('90000000-0000-0000-0000-000000000001', 'M9513', 3.9, 0.0, 3.9);
INSERT INTO inventory_transactions (ingredient_id, txn_type, qty, unit_cost, ref_table, ref_id, business_date, status, location_id) VALUES ('M9513', 'IMPORT', 3.9, 40000.0, 'stock_take_lines', '90000000-0000-0000-0000-000000000001', '2026-06-01', 'approved', 'BAR');
INSERT INTO stock_take_lines (take_id, ingredient_id, qty_physical, qty_theoretical, variance) VALUES ('90000000-0000-0000-0000-000000000001', 'M9514', 4.0, 0.0, 4.0);
INSERT INTO inventory_transactions (ingredient_id, txn_type, qty, unit_cost, ref_table, ref_id, business_date, status, location_id) VALUES ('M9514', 'IMPORT', 4.0, 61000.0, 'stock_take_lines', '90000000-0000-0000-0000-000000000001', '2026-06-01', 'approved', 'BAR');
INSERT INTO stock_take_lines (take_id, ingredient_id, qty_physical, qty_theoretical, variance) VALUES ('90000000-0000-0000-0000-000000000001', 'M9602', 1.0, 0.0, 1.0);
INSERT INTO inventory_transactions (ingredient_id, txn_type, qty, unit_cost, ref_table, ref_id, business_date, status, location_id) VALUES ('M9602', 'IMPORT', 1.0, 500000.0, 'stock_take_lines', '90000000-0000-0000-0000-000000000001', '2026-06-01', 'approved', 'BAR');
INSERT INTO stock_take_lines (take_id, ingredient_id, qty_physical, qty_theoretical, variance) VALUES ('90000000-0000-0000-0000-000000000001', 'M9603', 1.0, 0.0, 1.0);
INSERT INTO inventory_transactions (ingredient_id, txn_type, qty, unit_cost, ref_table, ref_id, business_date, status, location_id) VALUES ('M9603', 'IMPORT', 1.0, 950000.0, 'stock_take_lines', '90000000-0000-0000-0000-000000000001', '2026-06-01', 'approved', 'BAR');
INSERT INTO stock_take_lines (take_id, ingredient_id, qty_physical, qty_theoretical, variance) VALUES ('90000000-0000-0000-0000-000000000001', 'M9604', 1.0, 0.0, 1.0);
INSERT INTO inventory_transactions (ingredient_id, txn_type, qty, unit_cost, ref_table, ref_id, business_date, status, location_id) VALUES ('M9604', 'IMPORT', 1.0, 1500000.0, 'stock_take_lines', '90000000-0000-0000-0000-000000000001', '2026-06-01', 'approved', 'BAR');
INSERT INTO stock_take_lines (take_id, ingredient_id, qty_physical, qty_theoretical, variance) VALUES ('90000000-0000-0000-0000-000000000001', 'M9606', 5.16, 0.0, 5.16);
INSERT INTO inventory_transactions (ingredient_id, txn_type, qty, unit_cost, ref_table, ref_id, business_date, status, location_id) VALUES ('M9606', 'IMPORT', 5.16, 280000.0, 'stock_take_lines', '90000000-0000-0000-0000-000000000001', '2026-06-01', 'approved', 'BAR');
INSERT INTO stock_take_lines (take_id, ingredient_id, qty_physical, qty_theoretical, variance) VALUES ('90000000-0000-0000-0000-000000000001', 'M9609', 2.21, 0.0, 2.21);
INSERT INTO inventory_transactions (ingredient_id, txn_type, qty, unit_cost, ref_table, ref_id, business_date, status, location_id) VALUES ('M9609', 'IMPORT', 2.21, 520000.0, 'stock_take_lines', '90000000-0000-0000-0000-000000000001', '2026-06-01', 'approved', 'BAR');
INSERT INTO stock_take_lines (take_id, ingredient_id, qty_physical, qty_theoretical, variance) VALUES ('90000000-0000-0000-0000-000000000001', 'M9611', 0.72, 0.0, 0.72);
INSERT INTO inventory_transactions (ingredient_id, txn_type, qty, unit_cost, ref_table, ref_id, business_date, status, location_id) VALUES ('M9611', 'IMPORT', 0.72, 250000.0, 'stock_take_lines', '90000000-0000-0000-0000-000000000001', '2026-06-01', 'approved', 'BAR');
INSERT INTO stock_take_lines (take_id, ingredient_id, qty_physical, qty_theoretical, variance) VALUES ('90000000-0000-0000-0000-000000000001', 'M9612', 1.5, 0.0, 1.5);
INSERT INTO inventory_transactions (ingredient_id, txn_type, qty, unit_cost, ref_table, ref_id, business_date, status, location_id) VALUES ('M9612', 'IMPORT', 1.5, 230000.0, 'stock_take_lines', '90000000-0000-0000-0000-000000000001', '2026-06-01', 'approved', 'BAR');
INSERT INTO stock_take_lines (take_id, ingredient_id, qty_physical, qty_theoretical, variance) VALUES ('90000000-0000-0000-0000-000000000001', 'M9621', 1.0, 0.0, 1.0);
INSERT INTO inventory_transactions (ingredient_id, txn_type, qty, unit_cost, ref_table, ref_id, business_date, status, location_id) VALUES ('M9621', 'IMPORT', 1.0, 450000.0, 'stock_take_lines', '90000000-0000-0000-0000-000000000001', '2026-06-01', 'approved', 'BAR');
INSERT INTO stock_take_lines (take_id, ingredient_id, qty_physical, qty_theoretical, variance) VALUES ('90000000-0000-0000-0000-000000000001', 'M9623', 1.8, 0.0, 1.8);
INSERT INTO inventory_transactions (ingredient_id, txn_type, qty, unit_cost, ref_table, ref_id, business_date, status, location_id) VALUES ('M9623', 'IMPORT', 1.8, 230000.0, 'stock_take_lines', '90000000-0000-0000-0000-000000000001', '2026-06-01', 'approved', 'BAR');
INSERT INTO stock_take_lines (take_id, ingredient_id, qty_physical, qty_theoretical, variance) VALUES ('90000000-0000-0000-0000-000000000001', 'M9629', 1.4, 0.0, 1.4);
INSERT INTO inventory_transactions (ingredient_id, txn_type, qty, unit_cost, ref_table, ref_id, business_date, status, location_id) VALUES ('M9629', 'IMPORT', 1.4, 285000.0, 'stock_take_lines', '90000000-0000-0000-0000-000000000001', '2026-06-01', 'approved', 'BAR');
INSERT INTO stock_take_lines (take_id, ingredient_id, qty_physical, qty_theoretical, variance) VALUES ('90000000-0000-0000-0000-000000000001', 'M9632', 2.0, 0.0, 2.0);
INSERT INTO inventory_transactions (ingredient_id, txn_type, qty, unit_cost, ref_table, ref_id, business_date, status, location_id) VALUES ('M9632', 'IMPORT', 2.0, 2650000.0, 'stock_take_lines', '90000000-0000-0000-0000-000000000001', '2026-06-01', 'approved', 'BAR');
INSERT INTO stock_take_lines (take_id, ingredient_id, qty_physical, qty_theoretical, variance) VALUES ('90000000-0000-0000-0000-000000000001', 'M9636', 0.4, 0.0, 0.4);
INSERT INTO inventory_transactions (ingredient_id, txn_type, qty, unit_cost, ref_table, ref_id, business_date, status, location_id) VALUES ('M9636', 'IMPORT', 0.4, 2005000.0, 'stock_take_lines', '90000000-0000-0000-0000-000000000001', '2026-06-01', 'approved', 'BAR');
INSERT INTO stock_take_lines (take_id, ingredient_id, qty_physical, qty_theoretical, variance) VALUES ('90000000-0000-0000-0000-000000000001', 'M9642', 1.0, 0.0, 1.0);
INSERT INTO inventory_transactions (ingredient_id, txn_type, qty, unit_cost, ref_table, ref_id, business_date, status, location_id) VALUES ('M9642', 'IMPORT', 1.0, 2450000.0, 'stock_take_lines', '90000000-0000-0000-0000-000000000001', '2026-06-01', 'approved', 'BAR');
INSERT INTO stock_take_lines (take_id, ingredient_id, qty_physical, qty_theoretical, variance) VALUES ('90000000-0000-0000-0000-000000000001', 'M9643', 1.0, 0.0, 1.0);
INSERT INTO inventory_transactions (ingredient_id, txn_type, qty, unit_cost, ref_table, ref_id, business_date, status, location_id) VALUES ('M9643', 'IMPORT', 1.0, 2250000.0, 'stock_take_lines', '90000000-0000-0000-0000-000000000001', '2026-06-01', 'approved', 'BAR');
INSERT INTO stock_take_lines (take_id, ingredient_id, qty_physical, qty_theoretical, variance) VALUES ('90000000-0000-0000-0000-000000000001', 'M9644', 1.0, 0.0, 1.0);
INSERT INTO inventory_transactions (ingredient_id, txn_type, qty, unit_cost, ref_table, ref_id, business_date, status, location_id) VALUES ('M9644', 'IMPORT', 1.0, 500000.0, 'stock_take_lines', '90000000-0000-0000-0000-000000000001', '2026-06-01', 'approved', 'BAR');
INSERT INTO stock_take_lines (take_id, ingredient_id, qty_physical, qty_theoretical, variance) VALUES ('90000000-0000-0000-0000-000000000001', 'M9645', 1.0, 0.0, 1.0);
INSERT INTO inventory_transactions (ingredient_id, txn_type, qty, unit_cost, ref_table, ref_id, business_date, status, location_id) VALUES ('M9645', 'IMPORT', 1.0, 1050000.0, 'stock_take_lines', '90000000-0000-0000-0000-000000000001', '2026-06-01', 'approved', 'BAR');
INSERT INTO stock_take_lines (take_id, ingredient_id, qty_physical, qty_theoretical, variance) VALUES ('90000000-0000-0000-0000-000000000001', 'M9702', 2.18, 0.0, 2.18);
INSERT INTO inventory_transactions (ingredient_id, txn_type, qty, unit_cost, ref_table, ref_id, business_date, status, location_id) VALUES ('M9702', 'IMPORT', 2.18, 240000.0, 'stock_take_lines', '90000000-0000-0000-0000-000000000001', '2026-06-01', 'approved', 'BAR');
INSERT INTO stock_take_lines (take_id, ingredient_id, qty_physical, qty_theoretical, variance) VALUES ('90000000-0000-0000-0000-000000000001', 'M9705', 1.4, 0.0, 1.4);
INSERT INTO inventory_transactions (ingredient_id, txn_type, qty, unit_cost, ref_table, ref_id, business_date, status, location_id) VALUES ('M9705', 'IMPORT', 1.4, 360000.0, 'stock_take_lines', '90000000-0000-0000-0000-000000000001', '2026-06-01', 'approved', 'BAR');
INSERT INTO stock_take_lines (take_id, ingredient_id, qty_physical, qty_theoretical, variance) VALUES ('90000000-0000-0000-0000-000000000001', 'M9801', 0.8, 0.0, 0.8);
INSERT INTO inventory_transactions (ingredient_id, txn_type, qty, unit_cost, ref_table, ref_id, business_date, status, location_id) VALUES ('M9801', 'IMPORT', 0.8, 285000.0, 'stock_take_lines', '90000000-0000-0000-0000-000000000001', '2026-06-01', 'approved', 'BAR');
INSERT INTO stock_take_lines (take_id, ingredient_id, qty_physical, qty_theoretical, variance) VALUES ('90000000-0000-0000-0000-000000000001', 'M9802', 2.79, 0.0, 2.79);
INSERT INTO inventory_transactions (ingredient_id, txn_type, qty, unit_cost, ref_table, ref_id, business_date, status, location_id) VALUES ('M9802', 'IMPORT', 2.79, 800000.0, 'stock_take_lines', '90000000-0000-0000-0000-000000000001', '2026-06-01', 'approved', 'BAR');
INSERT INTO stock_take_lines (take_id, ingredient_id, qty_physical, qty_theoretical, variance) VALUES ('90000000-0000-0000-0000-000000000001', 'M98021', 1.0, 0.0, 1.0);
INSERT INTO inventory_transactions (ingredient_id, txn_type, qty, unit_cost, ref_table, ref_id, business_date, status, location_id) VALUES ('M98021', 'IMPORT', 1.0, 800000.0, 'stock_take_lines', '90000000-0000-0000-0000-000000000001', '2026-06-01', 'approved', 'BAR');
INSERT INTO stock_take_lines (take_id, ingredient_id, qty_physical, qty_theoretical, variance) VALUES ('90000000-0000-0000-0000-000000000001', 'M9803', 0.3, 0.0, 0.3);
INSERT INTO inventory_transactions (ingredient_id, txn_type, qty, unit_cost, ref_table, ref_id, business_date, status, location_id) VALUES ('M9803', 'IMPORT', 0.3, 1041700.0, 'stock_take_lines', '90000000-0000-0000-0000-000000000001', '2026-06-01', 'approved', 'BAR');
INSERT INTO stock_take_lines (take_id, ingredient_id, qty_physical, qty_theoretical, variance) VALUES ('90000000-0000-0000-0000-000000000001', 'M9804', 1.0, 0.0, 1.0);
INSERT INTO inventory_transactions (ingredient_id, txn_type, qty, unit_cost, ref_table, ref_id, business_date, status, location_id) VALUES ('M9804', 'IMPORT', 1.0, 796600.0, 'stock_take_lines', '90000000-0000-0000-0000-000000000001', '2026-06-01', 'approved', 'BAR');
INSERT INTO stock_take_lines (take_id, ingredient_id, qty_physical, qty_theoretical, variance) VALUES ('90000000-0000-0000-0000-000000000001', 'M9805', 0.6, 0.0, 0.6);
INSERT INTO inventory_transactions (ingredient_id, txn_type, qty, unit_cost, ref_table, ref_id, business_date, status, location_id) VALUES ('M9805', 'IMPORT', 0.6, 1365000.0, 'stock_take_lines', '90000000-0000-0000-0000-000000000001', '2026-06-01', 'approved', 'BAR');
INSERT INTO stock_take_lines (take_id, ingredient_id, qty_physical, qty_theoretical, variance) VALUES ('90000000-0000-0000-0000-000000000001', 'M9806', 1.0, 0.0, 1.0);
INSERT INTO inventory_transactions (ingredient_id, txn_type, qty, unit_cost, ref_table, ref_id, business_date, status, location_id) VALUES ('M9806', 'IMPORT', 1.0, 200000.0, 'stock_take_lines', '90000000-0000-0000-0000-000000000001', '2026-06-01', 'approved', 'BAR');
INSERT INTO stock_take_lines (take_id, ingredient_id, qty_physical, qty_theoretical, variance) VALUES ('90000000-0000-0000-0000-000000000001', 'M9808', 0.9, 0.0, 0.9);
INSERT INTO inventory_transactions (ingredient_id, txn_type, qty, unit_cost, ref_table, ref_id, business_date, status, location_id) VALUES ('M9808', 'IMPORT', 0.9, 950000.0, 'stock_take_lines', '90000000-0000-0000-0000-000000000001', '2026-06-01', 'approved', 'BAR');
INSERT INTO stock_take_lines (take_id, ingredient_id, qty_physical, qty_theoretical, variance) VALUES ('90000000-0000-0000-0000-000000000001', 'M9809', 1.0, 0.0, 1.0);
INSERT INTO inventory_transactions (ingredient_id, txn_type, qty, unit_cost, ref_table, ref_id, business_date, status, location_id) VALUES ('M9809', 'IMPORT', 1.0, 3700000.0, 'stock_take_lines', '90000000-0000-0000-0000-000000000001', '2026-06-01', 'approved', 'BAR');
INSERT INTO stock_take_lines (take_id, ingredient_id, qty_physical, qty_theoretical, variance) VALUES ('90000000-0000-0000-0000-000000000001', 'M9812', 0.2, 0.0, 0.2);
INSERT INTO inventory_transactions (ingredient_id, txn_type, qty, unit_cost, ref_table, ref_id, business_date, status, location_id) VALUES ('M9812', 'IMPORT', 0.2, 920000.0, 'stock_take_lines', '90000000-0000-0000-0000-000000000001', '2026-06-01', 'approved', 'BAR');
INSERT INTO stock_take_lines (take_id, ingredient_id, qty_physical, qty_theoretical, variance) VALUES ('90000000-0000-0000-0000-000000000001', 'V3002', 3.0, 0.0, 3.0);
INSERT INTO inventory_transactions (ingredient_id, txn_type, qty, unit_cost, ref_table, ref_id, business_date, status, location_id) VALUES ('V3002', 'IMPORT', 3.0, 725340.0, 'stock_take_lines', '90000000-0000-0000-0000-000000000001', '2026-06-01', 'approved', 'BAR');
INSERT INTO stock_take_lines (take_id, ingredient_id, qty_physical, qty_theoretical, variance) VALUES ('90000000-0000-0000-0000-000000000001', 'V3003', 1.0, 0.0, 1.0);
INSERT INTO inventory_transactions (ingredient_id, txn_type, qty, unit_cost, ref_table, ref_id, business_date, status, location_id) VALUES ('V3003', 'IMPORT', 1.0, 1346730.0, 'stock_take_lines', '90000000-0000-0000-0000-000000000001', '2026-06-01', 'approved', 'BAR');
INSERT INTO stock_take_lines (take_id, ingredient_id, qty_physical, qty_theoretical, variance) VALUES ('90000000-0000-0000-0000-000000000001', 'S1003', 0.6, 0.0, 0.6);
INSERT INTO inventory_transactions (ingredient_id, txn_type, qty, unit_cost, ref_table, ref_id, business_date, status, location_id) VALUES ('S1003', 'IMPORT', 0.6, 200000.0, 'stock_take_lines', '90000000-0000-0000-0000-000000000001', '2026-06-01', 'approved', 'BAR');
INSERT INTO stock_take_lines (take_id, ingredient_id, qty_physical, qty_theoretical, variance) VALUES ('90000000-0000-0000-0000-000000000001', 'S1004', 1.0, 0.0, 1.0);
INSERT INTO inventory_transactions (ingredient_id, txn_type, qty, unit_cost, ref_table, ref_id, business_date, status, location_id) VALUES ('S1004', 'IMPORT', 1.0, 260000.0, 'stock_take_lines', '90000000-0000-0000-0000-000000000001', '2026-06-01', 'approved', 'BAR');
INSERT INTO stock_take_lines (take_id, ingredient_id, qty_physical, qty_theoretical, variance) VALUES ('90000000-0000-0000-0000-000000000001', 'V5004', 1.0, 0.0, 1.0);
INSERT INTO inventory_transactions (ingredient_id, txn_type, qty, unit_cost, ref_table, ref_id, business_date, status, location_id) VALUES ('V5004', 'IMPORT', 1.0, 441000.0, 'stock_take_lines', '90000000-0000-0000-0000-000000000001', '2026-06-01', 'approved', 'BAR');
INSERT INTO stock_take_lines (take_id, ingredient_id, qty_physical, qty_theoretical, variance) VALUES ('90000000-0000-0000-0000-000000000001', 'V5008', 2.0, 0.0, 2.0);
INSERT INTO inventory_transactions (ingredient_id, txn_type, qty, unit_cost, ref_table, ref_id, business_date, status, location_id) VALUES ('V5008', 'IMPORT', 2.0, 604450.0, 'stock_take_lines', '90000000-0000-0000-0000-000000000001', '2026-06-01', 'approved', 'BAR');
INSERT INTO stock_take_lines (take_id, ingredient_id, qty_physical, qty_theoretical, variance) VALUES ('90000000-0000-0000-0000-000000000001', 'V5027', 13.2, 0.0, 13.2);
INSERT INTO inventory_transactions (ingredient_id, txn_type, qty, unit_cost, ref_table, ref_id, business_date, status, location_id) VALUES ('V5027', 'IMPORT', 13.2, 229000.0, 'stock_take_lines', '90000000-0000-0000-0000-000000000001', '2026-06-01', 'approved', 'BAR');
INSERT INTO stock_take_lines (take_id, ingredient_id, qty_physical, qty_theoretical, variance) VALUES ('90000000-0000-0000-0000-000000000001', 'V5028', 4.0, 0.0, 4.0);
INSERT INTO inventory_transactions (ingredient_id, txn_type, qty, unit_cost, ref_table, ref_id, business_date, status, location_id) VALUES ('V5028', 'IMPORT', 4.0, 426000.0, 'stock_take_lines', '90000000-0000-0000-0000-000000000001', '2026-06-01', 'approved', 'BAR');
INSERT INTO stock_take_lines (take_id, ingredient_id, qty_physical, qty_theoretical, variance) VALUES ('90000000-0000-0000-0000-000000000001', 'V5029', 2.0, 0.0, 2.0);
INSERT INTO inventory_transactions (ingredient_id, txn_type, qty, unit_cost, ref_table, ref_id, business_date, status, location_id) VALUES ('V5029', 'IMPORT', 2.0, 498000.0, 'stock_take_lines', '90000000-0000-0000-0000-000000000001', '2026-06-01', 'approved', 'BAR');
INSERT INTO stock_take_lines (take_id, ingredient_id, qty_physical, qty_theoretical, variance) VALUES ('90000000-0000-0000-0000-000000000001', 'V5030', 3.0, 0.0, 3.0);
INSERT INTO inventory_transactions (ingredient_id, txn_type, qty, unit_cost, ref_table, ref_id, business_date, status, location_id) VALUES ('V5030', 'IMPORT', 3.0, 792000.0, 'stock_take_lines', '90000000-0000-0000-0000-000000000001', '2026-06-01', 'approved', 'BAR');
INSERT INTO stock_take_lines (take_id, ingredient_id, qty_physical, qty_theoretical, variance) VALUES ('90000000-0000-0000-0000-000000000001', 'V5032', 3.0, 0.0, 3.0);
INSERT INTO inventory_transactions (ingredient_id, txn_type, qty, unit_cost, ref_table, ref_id, business_date, status, location_id) VALUES ('V5032', 'IMPORT', 3.0, 660000.0, 'stock_take_lines', '90000000-0000-0000-0000-000000000001', '2026-06-01', 'approved', 'BAR');
INSERT INTO stock_take_lines (take_id, ingredient_id, qty_physical, qty_theoretical, variance) VALUES ('90000000-0000-0000-0000-000000000001', 'V5033', 2.0, 0.0, 2.0);
INSERT INTO inventory_transactions (ingredient_id, txn_type, qty, unit_cost, ref_table, ref_id, business_date, status, location_id) VALUES ('V5033', 'IMPORT', 2.0, 802500.0, 'stock_take_lines', '90000000-0000-0000-0000-000000000001', '2026-06-01', 'approved', 'BAR');
INSERT INTO stock_take_lines (take_id, ingredient_id, qty_physical, qty_theoretical, variance) VALUES ('90000000-0000-0000-0000-000000000001', 'V5034', 3.0, 0.0, 3.0);
INSERT INTO inventory_transactions (ingredient_id, txn_type, qty, unit_cost, ref_table, ref_id, business_date, status, location_id) VALUES ('V5034', 'IMPORT', 3.0, 203000.0, 'stock_take_lines', '90000000-0000-0000-0000-000000000001', '2026-06-01', 'approved', 'BAR');
INSERT INTO stock_take_lines (take_id, ingredient_id, qty_physical, qty_theoretical, variance) VALUES ('90000000-0000-0000-0000-000000000001', 'V5037', 2.0, 0.0, 2.0);
INSERT INTO inventory_transactions (ingredient_id, txn_type, qty, unit_cost, ref_table, ref_id, business_date, status, location_id) VALUES ('V5037', 'IMPORT', 2.0, 534600.0, 'stock_take_lines', '90000000-0000-0000-0000-000000000001', '2026-06-01', 'approved', 'BAR');
INSERT INTO stock_take_lines (take_id, ingredient_id, qty_physical, qty_theoretical, variance) VALUES ('90000000-0000-0000-0000-000000000001', 'V5038', 18.0, 0.0, 18.0);
INSERT INTO inventory_transactions (ingredient_id, txn_type, qty, unit_cost, ref_table, ref_id, business_date, status, location_id) VALUES ('V5038', 'IMPORT', 18.0, 190000.0, 'stock_take_lines', '90000000-0000-0000-0000-000000000001', '2026-06-01', 'approved', 'BAR');
INSERT INTO stock_take_lines (take_id, ingredient_id, qty_physical, qty_theoretical, variance) VALUES ('90000000-0000-0000-0000-000000000001', 'V5039', 3.0, 0.0, 3.0);
INSERT INTO inventory_transactions (ingredient_id, txn_type, qty, unit_cost, ref_table, ref_id, business_date, status, location_id) VALUES ('V5039', 'IMPORT', 3.0, 392000.0, 'stock_take_lines', '90000000-0000-0000-0000-000000000001', '2026-06-01', 'approved', 'BAR');
INSERT INTO stock_take_lines (take_id, ingredient_id, qty_physical, qty_theoretical, variance) VALUES ('90000000-0000-0000-0000-000000000001', 'V5040', 3.0, 0.0, 3.0);
INSERT INTO inventory_transactions (ingredient_id, txn_type, qty, unit_cost, ref_table, ref_id, business_date, status, location_id) VALUES ('V5040', 'IMPORT', 3.0, 450450.0, 'stock_take_lines', '90000000-0000-0000-0000-000000000001', '2026-06-01', 'approved', 'BAR');
INSERT INTO stock_take_lines (take_id, ingredient_id, qty_physical, qty_theoretical, variance) VALUES ('90000000-0000-0000-0000-000000000001', 'V5041', 3.0, 0.0, 3.0);
INSERT INTO inventory_transactions (ingredient_id, txn_type, qty, unit_cost, ref_table, ref_id, business_date, status, location_id) VALUES ('V5041', 'IMPORT', 3.0, 540000.0, 'stock_take_lines', '90000000-0000-0000-0000-000000000001', '2026-06-01', 'approved', 'BAR');
INSERT INTO stock_take_lines (take_id, ingredient_id, qty_physical, qty_theoretical, variance) VALUES ('90000000-0000-0000-0000-000000000001', 'V5042', 3.0, 0.0, 3.0);
INSERT INTO inventory_transactions (ingredient_id, txn_type, qty, unit_cost, ref_table, ref_id, business_date, status, location_id) VALUES ('V5042', 'IMPORT', 3.0, 603900.0, 'stock_take_lines', '90000000-0000-0000-0000-000000000001', '2026-06-01', 'approved', 'BAR');
INSERT INTO stock_take_lines (take_id, ingredient_id, qty_physical, qty_theoretical, variance) VALUES ('90000000-0000-0000-0000-000000000001', 'V5043', 2.0, 0.0, 2.0);
INSERT INTO inventory_transactions (ingredient_id, txn_type, qty, unit_cost, ref_table, ref_id, business_date, status, location_id) VALUES ('V5043', 'IMPORT', 2.0, 782100.0, 'stock_take_lines', '90000000-0000-0000-0000-000000000001', '2026-06-01', 'approved', 'BAR');
INSERT INTO stock_take_lines (take_id, ingredient_id, qty_physical, qty_theoretical, variance) VALUES ('90000000-0000-0000-0000-000000000001', 'NLP004', 3.0, 0.0, 3.0);
INSERT INTO inventory_transactions (ingredient_id, txn_type, qty, unit_cost, ref_table, ref_id, business_date, status, location_id) VALUES ('NLP004', 'IMPORT', 3.0, 74058.0, 'stock_take_lines', '90000000-0000-0000-0000-000000000001', '2026-06-01', 'approved', 'BAR');
INSERT INTO stock_take_lines (take_id, ingredient_id, qty_physical, qty_theoretical, variance) VALUES ('90000000-0000-0000-0000-000000000001', 'NLP3016', 21.0, 0.0, 21.0);
INSERT INTO inventory_transactions (ingredient_id, txn_type, qty, unit_cost, ref_table, ref_id, business_date, status, location_id) VALUES ('NLP3016', 'IMPORT', 21.0, 30925.0, 'stock_take_lines', '90000000-0000-0000-0000-000000000001', '2026-06-01', 'approved', 'BAR');
INSERT INTO stock_take_lines (take_id, ingredient_id, qty_physical, qty_theoretical, variance) VALUES ('90000000-0000-0000-0000-000000000001', 'NLP3021', 15.0, 0.0, 15.0);
INSERT INTO inventory_transactions (ingredient_id, txn_type, qty, unit_cost, ref_table, ref_id, business_date, status, location_id) VALUES ('NLP3021', 'IMPORT', 15.0, 33000.0, 'stock_take_lines', '90000000-0000-0000-0000-000000000001', '2026-06-01', 'approved', 'BAR');
INSERT INTO stock_take_lines (take_id, ingredient_id, qty_physical, qty_theoretical, variance) VALUES ('90000000-0000-0000-0000-000000000001', 'NLP30251', 45.0, 0.0, 45.0);
INSERT INTO inventory_transactions (ingredient_id, txn_type, qty, unit_cost, ref_table, ref_id, business_date, status, location_id) VALUES ('NLP30251', 'IMPORT', 45.0, 22400.0, 'stock_take_lines', '90000000-0000-0000-0000-000000000001', '2026-06-01', 'approved', 'BAR');
INSERT INTO stock_take_lines (take_id, ingredient_id, qty_physical, qty_theoretical, variance) VALUES ('90000000-0000-0000-0000-000000000001', 'NLP60031', 3.0, 0.0, 3.0);
INSERT INTO inventory_transactions (ingredient_id, txn_type, qty, unit_cost, ref_table, ref_id, business_date, status, location_id) VALUES ('NLP60031', 'IMPORT', 3.0, 30000.0, 'stock_take_lines', '90000000-0000-0000-0000-000000000001', '2026-06-01', 'approved', 'BAR');
INSERT INTO stock_take_lines (take_id, ingredient_id, qty_physical, qty_theoretical, variance) VALUES ('90000000-0000-0000-0000-000000000001', 'NLP60032', 3.5, 0.0, 3.5);
INSERT INTO inventory_transactions (ingredient_id, txn_type, qty, unit_cost, ref_table, ref_id, business_date, status, location_id) VALUES ('NLP60032', 'IMPORT', 3.5, 25000.0, 'stock_take_lines', '90000000-0000-0000-0000-000000000001', '2026-06-01', 'approved', 'BAR');
INSERT INTO stock_take_lines (take_id, ingredient_id, qty_physical, qty_theoretical, variance) VALUES ('90000000-0000-0000-0000-000000000001', 'NLP60033', 1.5, 0.0, 1.5);
INSERT INTO inventory_transactions (ingredient_id, txn_type, qty, unit_cost, ref_table, ref_id, business_date, status, location_id) VALUES ('NLP60033', 'IMPORT', 1.5, 35000.0, 'stock_take_lines', '90000000-0000-0000-0000-000000000001', '2026-06-01', 'approved', 'BAR');
INSERT INTO stock_take_lines (take_id, ingredient_id, qty_physical, qty_theoretical, variance) VALUES ('90000000-0000-0000-0000-000000000001', 'NLP60034', 2.0, 0.0, 2.0);
INSERT INTO inventory_transactions (ingredient_id, txn_type, qty, unit_cost, ref_table, ref_id, business_date, status, location_id) VALUES ('NLP60034', 'IMPORT', 2.0, 50000.0, 'stock_take_lines', '90000000-0000-0000-0000-000000000001', '2026-06-01', 'approved', 'BAR');
INSERT INTO stock_take_lines (take_id, ingredient_id, qty_physical, qty_theoretical, variance) VALUES ('90000000-0000-0000-0000-000000000001', 'NLP60035', 2.0, 0.0, 2.0);
INSERT INTO inventory_transactions (ingredient_id, txn_type, qty, unit_cost, ref_table, ref_id, business_date, status, location_id) VALUES ('NLP60035', 'IMPORT', 2.0, 20000.0, 'stock_take_lines', '90000000-0000-0000-0000-000000000001', '2026-06-01', 'approved', 'BAR');
INSERT INTO stock_take_lines (take_id, ingredient_id, qty_physical, qty_theoretical, variance) VALUES ('90000000-0000-0000-0000-000000000001', 'NLP600351', 3.3, 0.0, 3.3);
INSERT INTO inventory_transactions (ingredient_id, txn_type, qty, unit_cost, ref_table, ref_id, business_date, status, location_id) VALUES ('NLP600351', 'IMPORT', 3.3, 168000.0, 'stock_take_lines', '90000000-0000-0000-0000-000000000001', '2026-06-01', 'approved', 'BAR');
INSERT INTO stock_take_lines (take_id, ingredient_id, qty_physical, qty_theoretical, variance) VALUES ('90000000-0000-0000-0000-000000000001', 'NLP60038', 1.0, 0.0, 1.0);
INSERT INTO inventory_transactions (ingredient_id, txn_type, qty, unit_cost, ref_table, ref_id, business_date, status, location_id) VALUES ('NLP60038', 'IMPORT', 1.0, 30000.0, 'stock_take_lines', '90000000-0000-0000-0000-000000000001', '2026-06-01', 'approved', 'BAR');
INSERT INTO stock_take_lines (take_id, ingredient_id, qty_physical, qty_theoretical, variance) VALUES ('90000000-0000-0000-0000-000000000001', 'NLP60041', 2.0, 0.0, 2.0);
INSERT INTO inventory_transactions (ingredient_id, txn_type, qty, unit_cost, ref_table, ref_id, business_date, status, location_id) VALUES ('NLP60041', 'IMPORT', 2.0, 14000.0, 'stock_take_lines', '90000000-0000-0000-0000-000000000001', '2026-06-01', 'approved', 'BAR');
INSERT INTO stock_take_lines (take_id, ingredient_id, qty_physical, qty_theoretical, variance) VALUES ('90000000-0000-0000-0000-000000000001', 'NLP9001', 3.0, 0.0, 3.0);
INSERT INTO inventory_transactions (ingredient_id, txn_type, qty, unit_cost, ref_table, ref_id, business_date, status, location_id) VALUES ('NLP9001', 'IMPORT', 3.0, 153000.0, 'stock_take_lines', '90000000-0000-0000-0000-000000000001', '2026-06-01', 'approved', 'BAR');
INSERT INTO stock_take_lines (take_id, ingredient_id, qty_physical, qty_theoretical, variance) VALUES ('90000000-0000-0000-0000-000000000001', 'NLP9002', 4.0, 0.0, 4.0);
INSERT INTO inventory_transactions (ingredient_id, txn_type, qty, unit_cost, ref_table, ref_id, business_date, status, location_id) VALUES ('NLP9002', 'IMPORT', 4.0, 201800.0, 'stock_take_lines', '90000000-0000-0000-0000-000000000001', '2026-06-01', 'approved', 'BAR');
INSERT INTO stock_take_lines (take_id, ingredient_id, qty_physical, qty_theoretical, variance) VALUES ('90000000-0000-0000-0000-000000000001', 'NLP90023', 1.0, 0.0, 1.0);
INSERT INTO inventory_transactions (ingredient_id, txn_type, qty, unit_cost, ref_table, ref_id, business_date, status, location_id) VALUES ('NLP90023', 'IMPORT', 1.0, 308000.0, 'stock_take_lines', '90000000-0000-0000-0000-000000000001', '2026-06-01', 'approved', 'BAR');
INSERT INTO stock_take_lines (take_id, ingredient_id, qty_physical, qty_theoretical, variance) VALUES ('90000000-0000-0000-0000-000000000001', 'NLP9003', 1.0, 0.0, 1.0);
INSERT INTO inventory_transactions (ingredient_id, txn_type, qty, unit_cost, ref_table, ref_id, business_date, status, location_id) VALUES ('NLP9003', 'IMPORT', 1.0, 35000.0, 'stock_take_lines', '90000000-0000-0000-0000-000000000001', '2026-06-01', 'approved', 'BAR');
INSERT INTO stock_take_lines (take_id, ingredient_id, qty_physical, qty_theoretical, variance) VALUES ('90000000-0000-0000-0000-000000000001', 'NLP9004', 5.0, 0.0, 5.0);
INSERT INTO inventory_transactions (ingredient_id, txn_type, qty, unit_cost, ref_table, ref_id, business_date, status, location_id) VALUES ('NLP9004', 'IMPORT', 5.0, 25000.0, 'stock_take_lines', '90000000-0000-0000-0000-000000000001', '2026-06-01', 'approved', 'BAR');
INSERT INTO stock_take_lines (take_id, ingredient_id, qty_physical, qty_theoretical, variance) VALUES ('90000000-0000-0000-0000-000000000001', 'NLP9005', 15.0, 0.0, 15.0);
INSERT INTO inventory_transactions (ingredient_id, txn_type, qty, unit_cost, ref_table, ref_id, business_date, status, location_id) VALUES ('NLP9005', 'IMPORT', 15.0, 13000.0, 'stock_take_lines', '90000000-0000-0000-0000-000000000001', '2026-06-01', 'approved', 'BAR');
INSERT INTO stock_take_lines (take_id, ingredient_id, qty_physical, qty_theoretical, variance) VALUES ('90000000-0000-0000-0000-000000000001', 'NLP9006', 3.0, 0.0, 3.0);
INSERT INTO inventory_transactions (ingredient_id, txn_type, qty, unit_cost, ref_table, ref_id, business_date, status, location_id) VALUES ('NLP9006', 'IMPORT', 3.0, 17788.0, 'stock_take_lines', '90000000-0000-0000-0000-000000000001', '2026-06-01', 'approved', 'BAR');
INSERT INTO stock_take_lines (take_id, ingredient_id, qty_physical, qty_theoretical, variance) VALUES ('90000000-0000-0000-0000-000000000001', 'NLP9020', 0.5, 0.0, 0.5);
INSERT INTO inventory_transactions (ingredient_id, txn_type, qty, unit_cost, ref_table, ref_id, business_date, status, location_id) VALUES ('NLP9020', 'IMPORT', 0.5, 38000.0, 'stock_take_lines', '90000000-0000-0000-0000-000000000001', '2026-06-01', 'approved', 'BAR');
INSERT INTO stock_take_lines (take_id, ingredient_id, qty_physical, qty_theoretical, variance) VALUES ('90000000-0000-0000-0000-000000000001', 'NLP9024', 3.5, 0.0, 3.5);
INSERT INTO inventory_transactions (ingredient_id, txn_type, qty, unit_cost, ref_table, ref_id, business_date, status, location_id) VALUES ('NLP9024', 'IMPORT', 3.5, 45000.0, 'stock_take_lines', '90000000-0000-0000-0000-000000000001', '2026-06-01', 'approved', 'BAR');
INSERT INTO stock_take_lines (take_id, ingredient_id, qty_physical, qty_theoretical, variance) VALUES ('90000000-0000-0000-0000-000000000001', 'NLP9026', 1.0, 0.0, 1.0);
INSERT INTO inventory_transactions (ingredient_id, txn_type, qty, unit_cost, ref_table, ref_id, business_date, status, location_id) VALUES ('NLP9026', 'IMPORT', 1.0, 110000.0, 'stock_take_lines', '90000000-0000-0000-0000-000000000001', '2026-06-01', 'approved', 'BAR');
INSERT INTO stock_take_lines (take_id, ingredient_id, qty_physical, qty_theoretical, variance) VALUES ('90000000-0000-0000-0000-000000000001', 'NVLC1001', 0.0, 0.0, 0.0);
INSERT INTO inventory_transactions (ingredient_id, txn_type, qty, unit_cost, ref_table, ref_id, business_date, status, location_id) VALUES ('NVLC1001', 'IMPORT', 0.0, 0.0, 'stock_take_lines', '90000000-0000-0000-0000-000000000001', '2026-06-01', 'approved', 'MAIN_STORE');
INSERT INTO stock_take_lines (take_id, ingredient_id, qty_physical, qty_theoretical, variance) VALUES ('90000000-0000-0000-0000-000000000001', 'NVLC10011', 4.8, 0.0, 4.8);
INSERT INTO inventory_transactions (ingredient_id, txn_type, qty, unit_cost, ref_table, ref_id, business_date, status, location_id) VALUES ('NVLC10011', 'IMPORT', 4.8, 609000.0, 'stock_take_lines', '90000000-0000-0000-0000-000000000001', '2026-06-01', 'approved', 'MAIN_STORE');
INSERT INTO stock_take_lines (take_id, ingredient_id, qty_physical, qty_theoretical, variance) VALUES ('90000000-0000-0000-0000-000000000001', 'NVLC1002', 0.0, 0.0, 0.0);
INSERT INTO inventory_transactions (ingredient_id, txn_type, qty, unit_cost, ref_table, ref_id, business_date, status, location_id) VALUES ('NVLC1002', 'IMPORT', 0.0, 700000.0, 'stock_take_lines', '90000000-0000-0000-0000-000000000001', '2026-06-01', 'approved', 'MAIN_STORE');
INSERT INTO stock_take_lines (take_id, ingredient_id, qty_physical, qty_theoretical, variance) VALUES ('90000000-0000-0000-0000-000000000001', 'NVLC10021', 0.0, 0.0, 0.0);
INSERT INTO inventory_transactions (ingredient_id, txn_type, qty, unit_cost, ref_table, ref_id, business_date, status, location_id) VALUES ('NVLC10021', 'IMPORT', 0.0, 0.0, 'stock_take_lines', '90000000-0000-0000-0000-000000000001', '2026-06-01', 'approved', 'MAIN_STORE');
INSERT INTO stock_take_lines (take_id, ingredient_id, qty_physical, qty_theoretical, variance) VALUES ('90000000-0000-0000-0000-000000000001', 'NVLC10022', 0.0, 0.0, 0.0);
INSERT INTO inventory_transactions (ingredient_id, txn_type, qty, unit_cost, ref_table, ref_id, business_date, status, location_id) VALUES ('NVLC10022', 'IMPORT', 0.0, 371280.0, 'stock_take_lines', '90000000-0000-0000-0000-000000000001', '2026-06-01', 'approved', 'MAIN_STORE');
INSERT INTO stock_take_lines (take_id, ingredient_id, qty_physical, qty_theoretical, variance) VALUES ('90000000-0000-0000-0000-000000000001', 'NVLC10023', 0.0, 0.0, 0.0);
INSERT INTO inventory_transactions (ingredient_id, txn_type, qty, unit_cost, ref_table, ref_id, business_date, status, location_id) VALUES ('NVLC10023', 'IMPORT', 0.0, 480000.0, 'stock_take_lines', '90000000-0000-0000-0000-000000000001', '2026-06-01', 'approved', 'MAIN_STORE');
INSERT INTO stock_take_lines (take_id, ingredient_id, qty_physical, qty_theoretical, variance) VALUES ('90000000-0000-0000-0000-000000000001', 'NVLC10024', 2.73, 0.0, 2.73);
INSERT INTO inventory_transactions (ingredient_id, txn_type, qty, unit_cost, ref_table, ref_id, business_date, status, location_id) VALUES ('NVLC10024', 'IMPORT', 2.73, 2128000.0, 'stock_take_lines', '90000000-0000-0000-0000-000000000001', '2026-06-01', 'approved', 'MAIN_STORE');
INSERT INTO stock_take_lines (take_id, ingredient_id, qty_physical, qty_theoretical, variance) VALUES ('90000000-0000-0000-0000-000000000001', 'NVLC10025', 4.0, 0.0, 4.0);
INSERT INTO inventory_transactions (ingredient_id, txn_type, qty, unit_cost, ref_table, ref_id, business_date, status, location_id) VALUES ('NVLC10025', 'IMPORT', 4.0, 1113000.0, 'stock_take_lines', '90000000-0000-0000-0000-000000000001', '2026-06-01', 'approved', 'MAIN_STORE');
INSERT INTO stock_take_lines (take_id, ingredient_id, qty_physical, qty_theoretical, variance) VALUES ('90000000-0000-0000-0000-000000000001', 'NVLC1003', 1.9, 0.0, 1.9);
INSERT INTO inventory_transactions (ingredient_id, txn_type, qty, unit_cost, ref_table, ref_id, business_date, status, location_id) VALUES ('NVLC1003', 'IMPORT', 1.9, 882000.0, 'stock_take_lines', '90000000-0000-0000-0000-000000000001', '2026-06-01', 'approved', 'MAIN_STORE');
INSERT INTO stock_take_lines (take_id, ingredient_id, qty_physical, qty_theoretical, variance) VALUES ('90000000-0000-0000-0000-000000000001', 'NVLC1004', 0.0, 0.0, 0.0);
INSERT INTO inventory_transactions (ingredient_id, txn_type, qty, unit_cost, ref_table, ref_id, business_date, status, location_id) VALUES ('NVLC1004', 'IMPORT', 0.0, 278000.0, 'stock_take_lines', '90000000-0000-0000-0000-000000000001', '2026-06-01', 'approved', 'MAIN_STORE');
INSERT INTO stock_take_lines (take_id, ingredient_id, qty_physical, qty_theoretical, variance) VALUES ('90000000-0000-0000-0000-000000000001', 'NVLC10041', 0.0, 0.0, 0.0);
INSERT INTO inventory_transactions (ingredient_id, txn_type, qty, unit_cost, ref_table, ref_id, business_date, status, location_id) VALUES ('NVLC10041', 'IMPORT', 0.0, 651333.0, 'stock_take_lines', '90000000-0000-0000-0000-000000000001', '2026-06-01', 'approved', 'MAIN_STORE');
INSERT INTO stock_take_lines (take_id, ingredient_id, qty_physical, qty_theoretical, variance) VALUES ('90000000-0000-0000-0000-000000000001', 'NVLC1010', 0.0, 0.0, 0.0);
INSERT INTO inventory_transactions (ingredient_id, txn_type, qty, unit_cost, ref_table, ref_id, business_date, status, location_id) VALUES ('NVLC1010', 'IMPORT', 0.0, 720000.0, 'stock_take_lines', '90000000-0000-0000-0000-000000000001', '2026-06-01', 'approved', 'MAIN_STORE');
INSERT INTO stock_take_lines (take_id, ingredient_id, qty_physical, qty_theoretical, variance) VALUES ('90000000-0000-0000-0000-000000000001', 'NVLC1011', 10.2, 0.0, 10.2);
INSERT INTO inventory_transactions (ingredient_id, txn_type, qty, unit_cost, ref_table, ref_id, business_date, status, location_id) VALUES ('NVLC1011', 'IMPORT', 10.2, 300000.0, 'stock_take_lines', '90000000-0000-0000-0000-000000000001', '2026-06-01', 'approved', 'MAIN_STORE');
INSERT INTO stock_take_lines (take_id, ingredient_id, qty_physical, qty_theoretical, variance) VALUES ('90000000-0000-0000-0000-000000000001', 'NVLC1012', 5.0, 0.0, 5.0);
INSERT INTO inventory_transactions (ingredient_id, txn_type, qty, unit_cost, ref_table, ref_id, business_date, status, location_id) VALUES ('NVLC1012', 'IMPORT', 5.0, 535500.0, 'stock_take_lines', '90000000-0000-0000-0000-000000000001', '2026-06-01', 'approved', 'MAIN_STORE');
INSERT INTO stock_take_lines (take_id, ingredient_id, qty_physical, qty_theoretical, variance) VALUES ('90000000-0000-0000-0000-000000000001', 'NVLC10121', 0.0, 0.0, 0.0);
INSERT INTO inventory_transactions (ingredient_id, txn_type, qty, unit_cost, ref_table, ref_id, business_date, status, location_id) VALUES ('NVLC10121', 'IMPORT', 0.0, 950000.0, 'stock_take_lines', '90000000-0000-0000-0000-000000000001', '2026-06-01', 'approved', 'MAIN_STORE');
INSERT INTO stock_take_lines (take_id, ingredient_id, qty_physical, qty_theoretical, variance) VALUES ('90000000-0000-0000-0000-000000000001', 'NVLC1016', 0.0, 0.0, 0.0);
INSERT INTO inventory_transactions (ingredient_id, txn_type, qty, unit_cost, ref_table, ref_id, business_date, status, location_id) VALUES ('NVLC1016', 'IMPORT', 0.0, 340000.0, 'stock_take_lines', '90000000-0000-0000-0000-000000000001', '2026-06-01', 'approved', 'MAIN_STORE');
INSERT INTO stock_take_lines (take_id, ingredient_id, qty_physical, qty_theoretical, variance) VALUES ('90000000-0000-0000-0000-000000000001', 'NVLC1018', 0.0, 0.0, 0.0);
INSERT INTO inventory_transactions (ingredient_id, txn_type, qty, unit_cost, ref_table, ref_id, business_date, status, location_id) VALUES ('NVLC1018', 'IMPORT', 0.0, 176000.0, 'stock_take_lines', '90000000-0000-0000-0000-000000000001', '2026-06-01', 'approved', 'MAIN_STORE');
INSERT INTO stock_take_lines (take_id, ingredient_id, qty_physical, qty_theoretical, variance) VALUES ('90000000-0000-0000-0000-000000000001', 'NVLC1019', 11.5, 0.0, 11.5);
INSERT INTO inventory_transactions (ingredient_id, txn_type, qty, unit_cost, ref_table, ref_id, business_date, status, location_id) VALUES ('NVLC1019', 'IMPORT', 11.5, 371280.0, 'stock_take_lines', '90000000-0000-0000-0000-000000000001', '2026-06-01', 'approved', 'MAIN_STORE');
INSERT INTO stock_take_lines (take_id, ingredient_id, qty_physical, qty_theoretical, variance) VALUES ('90000000-0000-0000-0000-000000000001', 'NVLC1020', 2.0, 0.0, 2.0);
INSERT INTO inventory_transactions (ingredient_id, txn_type, qty, unit_cost, ref_table, ref_id, business_date, status, location_id) VALUES ('NVLC1020', 'IMPORT', 2.0, 810000.0, 'stock_take_lines', '90000000-0000-0000-0000-000000000001', '2026-06-01', 'approved', 'MAIN_STORE');
INSERT INTO stock_take_lines (take_id, ingredient_id, qty_physical, qty_theoretical, variance) VALUES ('90000000-0000-0000-0000-000000000001', 'NVLC2001', 5.0, 0.0, 5.0);
INSERT INTO inventory_transactions (ingredient_id, txn_type, qty, unit_cost, ref_table, ref_id, business_date, status, location_id) VALUES ('NVLC2001', 'IMPORT', 5.0, 835000.0, 'stock_take_lines', '90000000-0000-0000-0000-000000000001', '2026-06-01', 'approved', 'MAIN_STORE');
INSERT INTO stock_take_lines (take_id, ingredient_id, qty_physical, qty_theoretical, variance) VALUES ('90000000-0000-0000-0000-000000000001', 'NVLC2002', 10.0, 0.0, 10.0);
INSERT INTO inventory_transactions (ingredient_id, txn_type, qty, unit_cost, ref_table, ref_id, business_date, status, location_id) VALUES ('NVLC2002', 'IMPORT', 10.0, 107625.0, 'stock_take_lines', '90000000-0000-0000-0000-000000000001', '2026-06-01', 'approved', 'MAIN_STORE');
INSERT INTO stock_take_lines (take_id, ingredient_id, qty_physical, qty_theoretical, variance) VALUES ('90000000-0000-0000-0000-000000000001', 'NVLC2003', 0.0, 0.0, 0.0);
INSERT INTO inventory_transactions (ingredient_id, txn_type, qty, unit_cost, ref_table, ref_id, business_date, status, location_id) VALUES ('NVLC2003', 'IMPORT', 0.0, 360000.0, 'stock_take_lines', '90000000-0000-0000-0000-000000000001', '2026-06-01', 'approved', 'MAIN_STORE');
INSERT INTO stock_take_lines (take_id, ingredient_id, qty_physical, qty_theoretical, variance) VALUES ('90000000-0000-0000-0000-000000000001', 'NVLC20031', 0.0, 0.0, 0.0);
INSERT INTO inventory_transactions (ingredient_id, txn_type, qty, unit_cost, ref_table, ref_id, business_date, status, location_id) VALUES ('NVLC20031', 'IMPORT', 0.0, 220000.0, 'stock_take_lines', '90000000-0000-0000-0000-000000000001', '2026-06-01', 'approved', 'MAIN_STORE');
INSERT INTO stock_take_lines (take_id, ingredient_id, qty_physical, qty_theoretical, variance) VALUES ('90000000-0000-0000-0000-000000000001', 'NVLC2004', 0.0, 0.0, 0.0);
INSERT INTO inventory_transactions (ingredient_id, txn_type, qty, unit_cost, ref_table, ref_id, business_date, status, location_id) VALUES ('NVLC2004', 'IMPORT', 0.0, 520000.0, 'stock_take_lines', '90000000-0000-0000-0000-000000000001', '2026-06-01', 'approved', 'MAIN_STORE');
INSERT INTO stock_take_lines (take_id, ingredient_id, qty_physical, qty_theoretical, variance) VALUES ('90000000-0000-0000-0000-000000000001', 'NVLC3001', 67.0, 0.0, 67.0);
INSERT INTO inventory_transactions (ingredient_id, txn_type, qty, unit_cost, ref_table, ref_id, business_date, status, location_id) VALUES ('NVLC3001', 'IMPORT', 67.0, 101850.0, 'stock_take_lines', '90000000-0000-0000-0000-000000000001', '2026-06-01', 'approved', 'MAIN_STORE');
INSERT INTO stock_take_lines (take_id, ingredient_id, qty_physical, qty_theoretical, variance) VALUES ('90000000-0000-0000-0000-000000000001', 'NVLC3002', 0.0, 0.0, 0.0);
INSERT INTO inventory_transactions (ingredient_id, txn_type, qty, unit_cost, ref_table, ref_id, business_date, status, location_id) VALUES ('NVLC3002', 'IMPORT', 0.0, 150000.0, 'stock_take_lines', '90000000-0000-0000-0000-000000000001', '2026-06-01', 'approved', 'MAIN_STORE');
INSERT INTO stock_take_lines (take_id, ingredient_id, qty_physical, qty_theoretical, variance) VALUES ('90000000-0000-0000-0000-000000000001', 'NVLC3003', 0.0, 0.0, 0.0);
INSERT INTO inventory_transactions (ingredient_id, txn_type, qty, unit_cost, ref_table, ref_id, business_date, status, location_id) VALUES ('NVLC3003', 'IMPORT', 0.0, 150000.0, 'stock_take_lines', '90000000-0000-0000-0000-000000000001', '2026-06-01', 'approved', 'MAIN_STORE');
INSERT INTO stock_take_lines (take_id, ingredient_id, qty_physical, qty_theoretical, variance) VALUES ('90000000-0000-0000-0000-000000000001', 'NVLC3006', 0.0, 0.0, 0.0);
INSERT INTO inventory_transactions (ingredient_id, txn_type, qty, unit_cost, ref_table, ref_id, business_date, status, location_id) VALUES ('NVLC3006', 'IMPORT', 0.0, 100000.0, 'stock_take_lines', '90000000-0000-0000-0000-000000000001', '2026-06-01', 'approved', 'MAIN_STORE');
INSERT INTO stock_take_lines (take_id, ingredient_id, qty_physical, qty_theoretical, variance) VALUES ('90000000-0000-0000-0000-000000000001', 'NVLC3008', 1.9, 0.0, 1.9);
INSERT INTO inventory_transactions (ingredient_id, txn_type, qty, unit_cost, ref_table, ref_id, business_date, status, location_id) VALUES ('NVLC3008', 'IMPORT', 1.9, 657000.0, 'stock_take_lines', '90000000-0000-0000-0000-000000000001', '2026-06-01', 'approved', 'MAIN_STORE');
INSERT INTO stock_take_lines (take_id, ingredient_id, qty_physical, qty_theoretical, variance) VALUES ('90000000-0000-0000-0000-000000000001', 'NVLC4001', 0.0, 0.0, 0.0);
INSERT INTO inventory_transactions (ingredient_id, txn_type, qty, unit_cost, ref_table, ref_id, business_date, status, location_id) VALUES ('NVLC4001', 'IMPORT', 0.0, 125000.0, 'stock_take_lines', '90000000-0000-0000-0000-000000000001', '2026-06-01', 'approved', 'MAIN_STORE');
INSERT INTO stock_take_lines (take_id, ingredient_id, qty_physical, qty_theoretical, variance) VALUES ('90000000-0000-0000-0000-000000000001', 'NVLC4002', 8.3, 0.0, 8.3);
INSERT INTO inventory_transactions (ingredient_id, txn_type, qty, unit_cost, ref_table, ref_id, business_date, status, location_id) VALUES ('NVLC4002', 'IMPORT', 8.3, 260000.0, 'stock_take_lines', '90000000-0000-0000-0000-000000000001', '2026-06-01', 'approved', 'MAIN_STORE');
INSERT INTO stock_take_lines (take_id, ingredient_id, qty_physical, qty_theoretical, variance) VALUES ('90000000-0000-0000-0000-000000000001', 'NVLC4003', 2.6, 0.0, 2.6);
INSERT INTO inventory_transactions (ingredient_id, txn_type, qty, unit_cost, ref_table, ref_id, business_date, status, location_id) VALUES ('NVLC4003', 'IMPORT', 2.6, 850000.0, 'stock_take_lines', '90000000-0000-0000-0000-000000000001', '2026-06-01', 'approved', 'MAIN_STORE');
INSERT INTO stock_take_lines (take_id, ingredient_id, qty_physical, qty_theoretical, variance) VALUES ('90000000-0000-0000-0000-000000000001', 'NVLC4010', 30.0, 0.0, 30.0);
INSERT INTO inventory_transactions (ingredient_id, txn_type, qty, unit_cost, ref_table, ref_id, business_date, status, location_id) VALUES ('NVLC4010', 'IMPORT', 30.0, 85000.0, 'stock_take_lines', '90000000-0000-0000-0000-000000000001', '2026-06-01', 'approved', 'MAIN_STORE');
INSERT INTO stock_take_lines (take_id, ingredient_id, qty_physical, qty_theoretical, variance) VALUES ('90000000-0000-0000-0000-000000000001', 'NVLC4011', 0.0, 0.0, 0.0);
INSERT INTO inventory_transactions (ingredient_id, txn_type, qty, unit_cost, ref_table, ref_id, business_date, status, location_id) VALUES ('NVLC4011', 'IMPORT', 0.0, 75000.0, 'stock_take_lines', '90000000-0000-0000-0000-000000000001', '2026-06-01', 'approved', 'MAIN_STORE');
INSERT INTO stock_take_lines (take_id, ingredient_id, qty_physical, qty_theoretical, variance) VALUES ('90000000-0000-0000-0000-000000000001', 'NVLC4012', 0.0, 0.0, 0.0);
INSERT INTO inventory_transactions (ingredient_id, txn_type, qty, unit_cost, ref_table, ref_id, business_date, status, location_id) VALUES ('NVLC4012', 'IMPORT', 0.0, 127800.0, 'stock_take_lines', '90000000-0000-0000-0000-000000000001', '2026-06-01', 'approved', 'MAIN_STORE');
INSERT INTO stock_take_lines (take_id, ingredient_id, qty_physical, qty_theoretical, variance) VALUES ('90000000-0000-0000-0000-000000000001', 'NVLC5001', 6.9, 0.0, 6.9);
INSERT INTO inventory_transactions (ingredient_id, txn_type, qty, unit_cost, ref_table, ref_id, business_date, status, location_id) VALUES ('NVLC5001', 'IMPORT', 6.9, 550000.0, 'stock_take_lines', '90000000-0000-0000-0000-000000000001', '2026-06-01', 'approved', 'MAIN_STORE');
INSERT INTO stock_take_lines (take_id, ingredient_id, qty_physical, qty_theoretical, variance) VALUES ('90000000-0000-0000-0000-000000000001', 'NVLC5005', 6.5, 0.0, 6.5);
INSERT INTO inventory_transactions (ingredient_id, txn_type, qty, unit_cost, ref_table, ref_id, business_date, status, location_id) VALUES ('NVLC5005', 'IMPORT', 6.5, 300000.0, 'stock_take_lines', '90000000-0000-0000-0000-000000000001', '2026-06-01', 'approved', 'MAIN_STORE');
INSERT INTO stock_take_lines (take_id, ingredient_id, qty_physical, qty_theoretical, variance) VALUES ('90000000-0000-0000-0000-000000000001', 'NVLC5010', 0.0, 0.0, 0.0);
INSERT INTO inventory_transactions (ingredient_id, txn_type, qty, unit_cost, ref_table, ref_id, business_date, status, location_id) VALUES ('NVLC5010', 'IMPORT', 0.0, 0.0, 'stock_take_lines', '90000000-0000-0000-0000-000000000001', '2026-06-01', 'approved', 'MAIN_STORE');
INSERT INTO stock_take_lines (take_id, ingredient_id, qty_physical, qty_theoretical, variance) VALUES ('90000000-0000-0000-0000-000000000001', 'NVLC5015', 50.0, 0.0, 50.0);
INSERT INTO inventory_transactions (ingredient_id, txn_type, qty, unit_cost, ref_table, ref_id, business_date, status, location_id) VALUES ('NVLC5015', 'IMPORT', 50.0, 126500.0, 'stock_take_lines', '90000000-0000-0000-0000-000000000001', '2026-06-01', 'approved', 'MAIN_STORE');
INSERT INTO stock_take_lines (take_id, ingredient_id, qty_physical, qty_theoretical, variance) VALUES ('90000000-0000-0000-0000-000000000001', 'NVLC5020', 5.0, 0.0, 5.0);
INSERT INTO inventory_transactions (ingredient_id, txn_type, qty, unit_cost, ref_table, ref_id, business_date, status, location_id) VALUES ('NVLC5020', 'IMPORT', 5.0, 1207500.0, 'stock_take_lines', '90000000-0000-0000-0000-000000000001', '2026-06-01', 'approved', 'MAIN_STORE');
INSERT INTO stock_take_lines (take_id, ingredient_id, qty_physical, qty_theoretical, variance) VALUES ('90000000-0000-0000-0000-000000000001', 'NVLC5022', 2.0, 0.0, 2.0);
INSERT INTO inventory_transactions (ingredient_id, txn_type, qty, unit_cost, ref_table, ref_id, business_date, status, location_id) VALUES ('NVLC5022', 'IMPORT', 2.0, 580000.0, 'stock_take_lines', '90000000-0000-0000-0000-000000000001', '2026-06-01', 'approved', 'MAIN_STORE');
INSERT INTO stock_take_lines (take_id, ingredient_id, qty_physical, qty_theoretical, variance) VALUES ('90000000-0000-0000-0000-000000000001', 'NVLC5026', 0.0, 0.0, 0.0);
INSERT INTO inventory_transactions (ingredient_id, txn_type, qty, unit_cost, ref_table, ref_id, business_date, status, location_id) VALUES ('NVLC5026', 'IMPORT', 0.0, 636300.0, 'stock_take_lines', '90000000-0000-0000-0000-000000000001', '2026-06-01', 'approved', 'MAIN_STORE');
INSERT INTO stock_take_lines (take_id, ingredient_id, qty_physical, qty_theoretical, variance) VALUES ('90000000-0000-0000-0000-000000000001', 'NVLC5027', 0.0, 0.0, 0.0);
INSERT INTO inventory_transactions (ingredient_id, txn_type, qty, unit_cost, ref_table, ref_id, business_date, status, location_id) VALUES ('NVLC5027', 'IMPORT', 0.0, 250000.0, 'stock_take_lines', '90000000-0000-0000-0000-000000000001', '2026-06-01', 'approved', 'MAIN_STORE');
INSERT INTO stock_take_lines (take_id, ingredient_id, qty_physical, qty_theoretical, variance) VALUES ('90000000-0000-0000-0000-000000000001', 'NVLC6001', 1.8, 0.0, 1.8);
INSERT INTO inventory_transactions (ingredient_id, txn_type, qty, unit_cost, ref_table, ref_id, business_date, status, location_id) VALUES ('NVLC6001', 'IMPORT', 1.8, 700000.0, 'stock_take_lines', '90000000-0000-0000-0000-000000000001', '2026-06-01', 'approved', 'MAIN_STORE');
INSERT INTO stock_take_lines (take_id, ingredient_id, qty_physical, qty_theoretical, variance) VALUES ('90000000-0000-0000-0000-000000000001', 'NVLC60021', 2.0, 0.0, 2.0);
INSERT INTO inventory_transactions (ingredient_id, txn_type, qty, unit_cost, ref_table, ref_id, business_date, status, location_id) VALUES ('NVLC60021', 'IMPORT', 2.0, 840000.0, 'stock_take_lines', '90000000-0000-0000-0000-000000000001', '2026-06-01', 'approved', 'MAIN_STORE');
INSERT INTO stock_take_lines (take_id, ingredient_id, qty_physical, qty_theoretical, variance) VALUES ('90000000-0000-0000-0000-000000000001', 'NVLC6005', 1.2, 0.0, 1.2);
INSERT INTO inventory_transactions (ingredient_id, txn_type, qty, unit_cost, ref_table, ref_id, business_date, status, location_id) VALUES ('NVLC6005', 'IMPORT', 1.2, 200000.0, 'stock_take_lines', '90000000-0000-0000-0000-000000000001', '2026-06-01', 'approved', 'MAIN_STORE');
INSERT INTO stock_take_lines (take_id, ingredient_id, qty_physical, qty_theoretical, variance) VALUES ('90000000-0000-0000-0000-000000000001', 'NVLC6006', 3.4, 0.0, 3.4);
INSERT INTO inventory_transactions (ingredient_id, txn_type, qty, unit_cost, ref_table, ref_id, business_date, status, location_id) VALUES ('NVLC6006', 'IMPORT', 3.4, 258000.0, 'stock_take_lines', '90000000-0000-0000-0000-000000000001', '2026-06-01', 'approved', 'MAIN_STORE');
INSERT INTO stock_take_lines (take_id, ingredient_id, qty_physical, qty_theoretical, variance) VALUES ('90000000-0000-0000-0000-000000000001', 'NVLC6007', 4.0, 0.0, 4.0);
INSERT INTO inventory_transactions (ingredient_id, txn_type, qty, unit_cost, ref_table, ref_id, business_date, status, location_id) VALUES ('NVLC6007', 'IMPORT', 4.0, 547800.0, 'stock_take_lines', '90000000-0000-0000-0000-000000000001', '2026-06-01', 'approved', 'MAIN_STORE');
INSERT INTO stock_take_lines (take_id, ingredient_id, qty_physical, qty_theoretical, variance) VALUES ('90000000-0000-0000-0000-000000000001', 'NVLC60111', 0.0, 0.0, 0.0);
INSERT INTO inventory_transactions (ingredient_id, txn_type, qty, unit_cost, ref_table, ref_id, business_date, status, location_id) VALUES ('NVLC60111', 'IMPORT', 0.0, 392000.0, 'stock_take_lines', '90000000-0000-0000-0000-000000000001', '2026-06-01', 'approved', 'MAIN_STORE');
INSERT INTO stock_take_lines (take_id, ingredient_id, qty_physical, qty_theoretical, variance) VALUES ('90000000-0000-0000-0000-000000000001', 'NVLC6012', 5.0, 0.0, 5.0);
INSERT INTO inventory_transactions (ingredient_id, txn_type, qty, unit_cost, ref_table, ref_id, business_date, status, location_id) VALUES ('NVLC6012', 'IMPORT', 5.0, 184500.0, 'stock_take_lines', '90000000-0000-0000-0000-000000000001', '2026-06-01', 'approved', 'MAIN_STORE');
INSERT INTO stock_take_lines (take_id, ingredient_id, qty_physical, qty_theoretical, variance) VALUES ('90000000-0000-0000-0000-000000000001', 'NVLC6013', 6.6, 0.0, 6.6);
INSERT INTO inventory_transactions (ingredient_id, txn_type, qty, unit_cost, ref_table, ref_id, business_date, status, location_id) VALUES ('NVLC6013', 'IMPORT', 6.6, 247500.0, 'stock_take_lines', '90000000-0000-0000-0000-000000000001', '2026-06-01', 'approved', 'MAIN_STORE');
INSERT INTO stock_take_lines (take_id, ingredient_id, qty_physical, qty_theoretical, variance) VALUES ('90000000-0000-0000-0000-000000000001', 'NVLC60141', 0.0, 0.0, 0.0);
INSERT INTO inventory_transactions (ingredient_id, txn_type, qty, unit_cost, ref_table, ref_id, business_date, status, location_id) VALUES ('NVLC60141', 'IMPORT', 0.0, 279200.0, 'stock_take_lines', '90000000-0000-0000-0000-000000000001', '2026-06-01', 'approved', 'MAIN_STORE');
INSERT INTO stock_take_lines (take_id, ingredient_id, qty_physical, qty_theoretical, variance) VALUES ('90000000-0000-0000-0000-000000000001', 'NVLC6017', 0.8, 0.0, 0.8);
INSERT INTO inventory_transactions (ingredient_id, txn_type, qty, unit_cost, ref_table, ref_id, business_date, status, location_id) VALUES ('NVLC6017', 'IMPORT', 0.8, 250000.0, 'stock_take_lines', '90000000-0000-0000-0000-000000000001', '2026-06-01', 'approved', 'MAIN_STORE');
INSERT INTO stock_take_lines (take_id, ingredient_id, qty_physical, qty_theoretical, variance) VALUES ('90000000-0000-0000-0000-000000000001', 'NVLC6020', 0.0, 0.0, 0.0);
INSERT INTO inventory_transactions (ingredient_id, txn_type, qty, unit_cost, ref_table, ref_id, business_date, status, location_id) VALUES ('NVLC6020', 'IMPORT', 0.0, 270000.0, 'stock_take_lines', '90000000-0000-0000-0000-000000000001', '2026-06-01', 'approved', 'MAIN_STORE');
INSERT INTO stock_take_lines (take_id, ingredient_id, qty_physical, qty_theoretical, variance) VALUES ('90000000-0000-0000-0000-000000000001', 'NVLC60201', 0.8, 0.0, 0.8);
INSERT INTO inventory_transactions (ingredient_id, txn_type, qty, unit_cost, ref_table, ref_id, business_date, status, location_id) VALUES ('NVLC60201', 'IMPORT', 0.8, 300000.0, 'stock_take_lines', '90000000-0000-0000-0000-000000000001', '2026-06-01', 'approved', 'MAIN_STORE');
INSERT INTO stock_take_lines (take_id, ingredient_id, qty_physical, qty_theoretical, variance) VALUES ('90000000-0000-0000-0000-000000000001', 'NVLC6022', 4.8, 0.0, 4.8);
INSERT INTO inventory_transactions (ingredient_id, txn_type, qty, unit_cost, ref_table, ref_id, business_date, status, location_id) VALUES ('NVLC6022', 'IMPORT', 4.8, 213200.0, 'stock_take_lines', '90000000-0000-0000-0000-000000000001', '2026-06-01', 'approved', 'MAIN_STORE');
INSERT INTO stock_take_lines (take_id, ingredient_id, qty_physical, qty_theoretical, variance) VALUES ('90000000-0000-0000-0000-000000000001', 'NVLC6024', 0.0, 0.0, 0.0);
INSERT INTO inventory_transactions (ingredient_id, txn_type, qty, unit_cost, ref_table, ref_id, business_date, status, location_id) VALUES ('NVLC6024', 'IMPORT', 0.0, 90000.0, 'stock_take_lines', '90000000-0000-0000-0000-000000000001', '2026-06-01', 'approved', 'MAIN_STORE');
INSERT INTO stock_take_lines (take_id, ingredient_id, qty_physical, qty_theoretical, variance) VALUES ('90000000-0000-0000-0000-000000000001', 'NVLC7001', 0.0, 0.0, 0.0);
INSERT INTO inventory_transactions (ingredient_id, txn_type, qty, unit_cost, ref_table, ref_id, business_date, status, location_id) VALUES ('NVLC7001', 'IMPORT', 0.0, 480000.0, 'stock_take_lines', '90000000-0000-0000-0000-000000000001', '2026-06-01', 'approved', 'MAIN_STORE');
INSERT INTO stock_take_lines (take_id, ingredient_id, qty_physical, qty_theoretical, variance) VALUES ('90000000-0000-0000-0000-000000000001', 'NLP1001', 0.8, 0.0, 0.8);
INSERT INTO inventory_transactions (ingredient_id, txn_type, qty, unit_cost, ref_table, ref_id, business_date, status, location_id) VALUES ('NLP1001', 'IMPORT', 0.8, 228800.0, 'stock_take_lines', '90000000-0000-0000-0000-000000000001', '2026-06-01', 'approved', 'MAIN_STORE');
INSERT INTO stock_take_lines (take_id, ingredient_id, qty_physical, qty_theoretical, variance) VALUES ('90000000-0000-0000-0000-000000000001', 'NLP1003', 0.5, 0.0, 0.5);
INSERT INTO inventory_transactions (ingredient_id, txn_type, qty, unit_cost, ref_table, ref_id, business_date, status, location_id) VALUES ('NLP1003', 'IMPORT', 0.5, 1237500.0, 'stock_take_lines', '90000000-0000-0000-0000-000000000001', '2026-06-01', 'approved', 'MAIN_STORE');
INSERT INTO stock_take_lines (take_id, ingredient_id, qty_physical, qty_theoretical, variance) VALUES ('90000000-0000-0000-0000-000000000001', 'NLP1005', 0.6, 0.0, 0.6);
INSERT INTO inventory_transactions (ingredient_id, txn_type, qty, unit_cost, ref_table, ref_id, business_date, status, location_id) VALUES ('NLP1005', 'IMPORT', 0.6, 651200.0, 'stock_take_lines', '90000000-0000-0000-0000-000000000001', '2026-06-01', 'approved', 'MAIN_STORE');
INSERT INTO stock_take_lines (take_id, ingredient_id, qty_physical, qty_theoretical, variance) VALUES ('90000000-0000-0000-0000-000000000001', 'NLP1007', 1.0, 0.0, 1.0);
INSERT INTO inventory_transactions (ingredient_id, txn_type, qty, unit_cost, ref_table, ref_id, business_date, status, location_id) VALUES ('NLP1007', 'IMPORT', 1.0, 167200.0, 'stock_take_lines', '90000000-0000-0000-0000-000000000001', '2026-06-01', 'approved', 'BAR');
INSERT INTO stock_take_lines (take_id, ingredient_id, qty_physical, qty_theoretical, variance) VALUES ('90000000-0000-0000-0000-000000000001', 'NLP10091', 0.7, 0.0, 0.7);
INSERT INTO inventory_transactions (ingredient_id, txn_type, qty, unit_cost, ref_table, ref_id, business_date, status, location_id) VALUES ('NLP10091', 'IMPORT', 0.7, 540100.0, 'stock_take_lines', '90000000-0000-0000-0000-000000000001', '2026-06-01', 'approved', 'MAIN_STORE');
INSERT INTO stock_take_lines (take_id, ingredient_id, qty_physical, qty_theoretical, variance) VALUES ('90000000-0000-0000-0000-000000000001', 'NLP1012', 3.0, 0.0, 3.0);
INSERT INTO inventory_transactions (ingredient_id, txn_type, qty, unit_cost, ref_table, ref_id, business_date, status, location_id) VALUES ('NLP1012', 'IMPORT', 3.0, 204120.0, 'stock_take_lines', '90000000-0000-0000-0000-000000000001', '2026-06-01', 'approved', 'MAIN_STORE');
INSERT INTO stock_take_lines (take_id, ingredient_id, qty_physical, qty_theoretical, variance) VALUES ('90000000-0000-0000-0000-000000000001', 'NLP20021', 3.0, 0.0, 3.0);
INSERT INTO inventory_transactions (ingredient_id, txn_type, qty, unit_cost, ref_table, ref_id, business_date, status, location_id) VALUES ('NLP20021', 'IMPORT', 3.0, 685300.0, 'stock_take_lines', '90000000-0000-0000-0000-000000000001', '2026-06-01', 'approved', 'MAIN_STORE');
INSERT INTO stock_take_lines (take_id, ingredient_id, qty_physical, qty_theoretical, variance) VALUES ('90000000-0000-0000-0000-000000000001', 'NLP2003', 1.0, 0.0, 1.0);
INSERT INTO inventory_transactions (ingredient_id, txn_type, qty, unit_cost, ref_table, ref_id, business_date, status, location_id) VALUES ('NLP2003', 'IMPORT', 1.0, 179280.0, 'stock_take_lines', '90000000-0000-0000-0000-000000000001', '2026-06-01', 'approved', 'MAIN_STORE');
INSERT INTO stock_take_lines (take_id, ingredient_id, qty_physical, qty_theoretical, variance) VALUES ('90000000-0000-0000-0000-000000000001', 'NLP20031', 2.6, 0.0, 2.6);
INSERT INTO inventory_transactions (ingredient_id, txn_type, qty, unit_cost, ref_table, ref_id, business_date, status, location_id) VALUES ('NLP20031', 'IMPORT', 2.6, 159500.0, 'stock_take_lines', '90000000-0000-0000-0000-000000000001', '2026-06-01', 'approved', 'MAIN_STORE');
INSERT INTO stock_take_lines (take_id, ingredient_id, qty_physical, qty_theoretical, variance) VALUES ('90000000-0000-0000-0000-000000000001', 'NLP20033', 1.1, 0.0, 1.1);
INSERT INTO inventory_transactions (ingredient_id, txn_type, qty, unit_cost, ref_table, ref_id, business_date, status, location_id) VALUES ('NLP20033', 'IMPORT', 1.1, 368500.0, 'stock_take_lines', '90000000-0000-0000-0000-000000000001', '2026-06-01', 'approved', 'MAIN_STORE');
INSERT INTO stock_take_lines (take_id, ingredient_id, qty_physical, qty_theoretical, variance) VALUES ('90000000-0000-0000-0000-000000000001', 'NLP2004', 1.0, 0.0, 1.0);
INSERT INTO inventory_transactions (ingredient_id, txn_type, qty, unit_cost, ref_table, ref_id, business_date, status, location_id) VALUES ('NLP2004', 'IMPORT', 1.0, 170640.0, 'stock_take_lines', '90000000-0000-0000-0000-000000000001', '2026-06-01', 'approved', 'MAIN_STORE');
INSERT INTO stock_take_lines (take_id, ingredient_id, qty_physical, qty_theoretical, variance) VALUES ('90000000-0000-0000-0000-000000000001', 'NLP2008', 0.2, 0.0, 0.2);
INSERT INTO inventory_transactions (ingredient_id, txn_type, qty, unit_cost, ref_table, ref_id, business_date, status, location_id) VALUES ('NLP2008', 'IMPORT', 0.2, 979000.0, 'stock_take_lines', '90000000-0000-0000-0000-000000000001', '2026-06-01', 'approved', 'MAIN_STORE');
INSERT INTO stock_take_lines (take_id, ingredient_id, qty_physical, qty_theoretical, variance) VALUES ('90000000-0000-0000-0000-000000000001', 'NLP20083', 1.1, 0.0, 1.1);
INSERT INTO inventory_transactions (ingredient_id, txn_type, qty, unit_cost, ref_table, ref_id, business_date, status, location_id) VALUES ('NLP20083', 'IMPORT', 1.1, 605000.0, 'stock_take_lines', '90000000-0000-0000-0000-000000000001', '2026-06-01', 'approved', 'MAIN_STORE');
INSERT INTO stock_take_lines (take_id, ingredient_id, qty_physical, qty_theoretical, variance) VALUES ('90000000-0000-0000-0000-000000000001', 'NLP2011', 2.1, 0.0, 2.1);
INSERT INTO inventory_transactions (ingredient_id, txn_type, qty, unit_cost, ref_table, ref_id, business_date, status, location_id) VALUES ('NLP2011', 'IMPORT', 2.1, 1690000.0, 'stock_take_lines', '90000000-0000-0000-0000-000000000001', '2026-06-01', 'approved', 'MAIN_STORE');
INSERT INTO stock_take_lines (take_id, ingredient_id, qty_physical, qty_theoretical, variance) VALUES ('90000000-0000-0000-0000-000000000001', 'NLP2014', 0.7, 0.0, 0.7);
INSERT INTO inventory_transactions (ingredient_id, txn_type, qty, unit_cost, ref_table, ref_id, business_date, status, location_id) VALUES ('NLP2014', 'IMPORT', 0.7, 313200.0, 'stock_take_lines', '90000000-0000-0000-0000-000000000001', '2026-06-01', 'approved', 'MAIN_STORE');
INSERT INTO stock_take_lines (take_id, ingredient_id, qty_physical, qty_theoretical, variance) VALUES ('90000000-0000-0000-0000-000000000001', 'NLP2021', 20.0, 0.0, 20.0);
INSERT INTO inventory_transactions (ingredient_id, txn_type, qty, unit_cost, ref_table, ref_id, business_date, status, location_id) VALUES ('NLP2021', 'IMPORT', 20.0, 3200.0, 'stock_take_lines', '90000000-0000-0000-0000-000000000001', '2026-06-01', 'approved', 'MAIN_STORE');
INSERT INTO stock_take_lines (take_id, ingredient_id, qty_physical, qty_theoretical, variance) VALUES ('90000000-0000-0000-0000-000000000001', 'NLP3008', 10.0, 0.0, 10.0);
INSERT INTO inventory_transactions (ingredient_id, txn_type, qty, unit_cost, ref_table, ref_id, business_date, status, location_id) VALUES ('NLP3008', 'IMPORT', 10.0, 249736.0, 'stock_take_lines', '90000000-0000-0000-0000-000000000001', '2026-06-01', 'approved', 'MAIN_STORE');
INSERT INTO stock_take_lines (take_id, ingredient_id, qty_physical, qty_theoretical, variance) VALUES ('90000000-0000-0000-0000-000000000001', 'NLP3010', 22.0, 0.0, 22.0);
INSERT INTO inventory_transactions (ingredient_id, txn_type, qty, unit_cost, ref_table, ref_id, business_date, status, location_id) VALUES ('NLP3010', 'IMPORT', 22.0, 79380.0, 'stock_take_lines', '90000000-0000-0000-0000-000000000001', '2026-06-01', 'approved', 'MAIN_STORE');
INSERT INTO stock_take_lines (take_id, ingredient_id, qty_physical, qty_theoretical, variance) VALUES ('90000000-0000-0000-0000-000000000001', 'NLP3015', 22.0, 0.0, 22.0);
INSERT INTO inventory_transactions (ingredient_id, txn_type, qty, unit_cost, ref_table, ref_id, business_date, status, location_id) VALUES ('NLP3015', 'IMPORT', 22.0, 135000.0, 'stock_take_lines', '90000000-0000-0000-0000-000000000001', '2026-06-01', 'approved', 'MAIN_STORE');
INSERT INTO stock_take_lines (take_id, ingredient_id, qty_physical, qty_theoretical, variance) VALUES ('90000000-0000-0000-0000-000000000001', 'NLP3016', 16.0, 0.0, 16.0);
INSERT INTO inventory_transactions (ingredient_id, txn_type, qty, unit_cost, ref_table, ref_id, business_date, status, location_id) VALUES ('NLP3016', 'IMPORT', 16.0, 30925.0, 'stock_take_lines', '90000000-0000-0000-0000-000000000001', '2026-06-01', 'approved', 'BAR');
INSERT INTO stock_take_lines (take_id, ingredient_id, qty_physical, qty_theoretical, variance) VALUES ('90000000-0000-0000-0000-000000000001', 'NLP3017', 4.0, 0.0, 4.0);
INSERT INTO inventory_transactions (ingredient_id, txn_type, qty, unit_cost, ref_table, ref_id, business_date, status, location_id) VALUES ('NLP3017', 'IMPORT', 4.0, 91800.0, 'stock_take_lines', '90000000-0000-0000-0000-000000000001', '2026-06-01', 'approved', 'MAIN_STORE');
INSERT INTO stock_take_lines (take_id, ingredient_id, qty_physical, qty_theoretical, variance) VALUES ('90000000-0000-0000-0000-000000000001', 'NLP3018', 3.5, 0.0, 3.5);
INSERT INTO inventory_transactions (ingredient_id, txn_type, qty, unit_cost, ref_table, ref_id, business_date, status, location_id) VALUES ('NLP3018', 'IMPORT', 3.5, 40000.0, 'stock_take_lines', '90000000-0000-0000-0000-000000000001', '2026-06-01', 'approved', 'MAIN_STORE');
INSERT INTO stock_take_lines (take_id, ingredient_id, qty_physical, qty_theoretical, variance) VALUES ('90000000-0000-0000-0000-000000000001', 'NLP3019', 12.0, 0.0, 12.0);
INSERT INTO inventory_transactions (ingredient_id, txn_type, qty, unit_cost, ref_table, ref_id, business_date, status, location_id) VALUES ('NLP3019', 'IMPORT', 12.0, 25000.0, 'stock_take_lines', '90000000-0000-0000-0000-000000000001', '2026-06-01', 'approved', 'MAIN_STORE');
INSERT INTO stock_take_lines (take_id, ingredient_id, qty_physical, qty_theoretical, variance) VALUES ('90000000-0000-0000-0000-000000000001', 'NLP3024', 1.5, 0.0, 1.5);
INSERT INTO inventory_transactions (ingredient_id, txn_type, qty, unit_cost, ref_table, ref_id, business_date, status, location_id) VALUES ('NLP3024', 'IMPORT', 1.5, 162000.0, 'stock_take_lines', '90000000-0000-0000-0000-000000000001', '2026-06-01', 'approved', 'MAIN_STORE');
INSERT INTO stock_take_lines (take_id, ingredient_id, qty_physical, qty_theoretical, variance) VALUES ('90000000-0000-0000-0000-000000000001', 'NLP3026', 0.5, 0.0, 0.5);
INSERT INTO inventory_transactions (ingredient_id, txn_type, qty, unit_cost, ref_table, ref_id, business_date, status, location_id) VALUES ('NLP3026', 'IMPORT', 0.5, 2592000.0, 'stock_take_lines', '90000000-0000-0000-0000-000000000001', '2026-06-01', 'approved', 'MAIN_STORE');
INSERT INTO stock_take_lines (take_id, ingredient_id, qty_physical, qty_theoretical, variance) VALUES ('90000000-0000-0000-0000-000000000001', 'NLP3027', 0.9, 0.0, 0.9);
INSERT INTO inventory_transactions (ingredient_id, txn_type, qty, unit_cost, ref_table, ref_id, business_date, status, location_id) VALUES ('NLP3027', 'IMPORT', 0.9, 396000.0, 'stock_take_lines', '90000000-0000-0000-0000-000000000001', '2026-06-01', 'approved', 'MAIN_STORE');
INSERT INTO stock_take_lines (take_id, ingredient_id, qty_physical, qty_theoretical, variance) VALUES ('90000000-0000-0000-0000-000000000001', 'NLP3029', 0.0, 0.0, 0.0);
INSERT INTO inventory_transactions (ingredient_id, txn_type, qty, unit_cost, ref_table, ref_id, business_date, status, location_id) VALUES ('NLP3029', 'IMPORT', 0.0, 227160.0, 'stock_take_lines', '90000000-0000-0000-0000-000000000001', '2026-06-01', 'approved', 'MAIN_STORE');
INSERT INTO stock_take_lines (take_id, ingredient_id, qty_physical, qty_theoretical, variance) VALUES ('90000000-0000-0000-0000-000000000001', 'NLP4001', 3.0, 0.0, 3.0);
INSERT INTO inventory_transactions (ingredient_id, txn_type, qty, unit_cost, ref_table, ref_id, business_date, status, location_id) VALUES ('NLP4001', 'IMPORT', 3.0, 126000.0, 'stock_take_lines', '90000000-0000-0000-0000-000000000001', '2026-06-01', 'approved', 'MAIN_STORE');
INSERT INTO stock_take_lines (take_id, ingredient_id, qty_physical, qty_theoretical, variance) VALUES ('90000000-0000-0000-0000-000000000001', 'NLP4002', 5.5, 0.0, 5.5);
INSERT INTO inventory_transactions (ingredient_id, txn_type, qty, unit_cost, ref_table, ref_id, business_date, status, location_id) VALUES ('NLP4002', 'IMPORT', 5.5, 197000.0, 'stock_take_lines', '90000000-0000-0000-0000-000000000001', '2026-06-01', 'approved', 'MAIN_STORE');
INSERT INTO stock_take_lines (take_id, ingredient_id, qty_physical, qty_theoretical, variance) VALUES ('90000000-0000-0000-0000-000000000001', 'NLP4004', 2.0, 0.0, 2.0);
INSERT INTO inventory_transactions (ingredient_id, txn_type, qty, unit_cost, ref_table, ref_id, business_date, status, location_id) VALUES ('NLP4004', 'IMPORT', 2.0, 272000.0, 'stock_take_lines', '90000000-0000-0000-0000-000000000001', '2026-06-01', 'approved', 'MAIN_STORE');
INSERT INTO stock_take_lines (take_id, ingredient_id, qty_physical, qty_theoretical, variance) VALUES ('90000000-0000-0000-0000-000000000001', 'NLP5001', 5.0, 0.0, 5.0);
INSERT INTO inventory_transactions (ingredient_id, txn_type, qty, unit_cost, ref_table, ref_id, business_date, status, location_id) VALUES ('NLP5001', 'IMPORT', 5.0, 229000.0, 'stock_take_lines', '90000000-0000-0000-0000-000000000001', '2026-06-01', 'approved', 'MAIN_STORE');
INSERT INTO stock_take_lines (take_id, ingredient_id, qty_physical, qty_theoretical, variance) VALUES ('90000000-0000-0000-0000-000000000001', 'NLP5002', 3.0, 0.0, 3.0);
INSERT INTO inventory_transactions (ingredient_id, txn_type, qty, unit_cost, ref_table, ref_id, business_date, status, location_id) VALUES ('NLP5002', 'IMPORT', 3.0, 130000.0, 'stock_take_lines', '90000000-0000-0000-0000-000000000001', '2026-06-01', 'approved', 'MAIN_STORE');
INSERT INTO stock_take_lines (take_id, ingredient_id, qty_physical, qty_theoretical, variance) VALUES ('90000000-0000-0000-0000-000000000001', 'NLP50022', 0.4, 0.0, 0.4);
INSERT INTO inventory_transactions (ingredient_id, txn_type, qty, unit_cost, ref_table, ref_id, business_date, status, location_id) VALUES ('NLP50022', 'IMPORT', 0.4, 675262.0, 'stock_take_lines', '90000000-0000-0000-0000-000000000001', '2026-06-01', 'approved', 'MAIN_STORE');
INSERT INTO stock_take_lines (take_id, ingredient_id, qty_physical, qty_theoretical, variance) VALUES ('90000000-0000-0000-0000-000000000001', 'NLP50024', 0.9, 0.0, 0.9);
INSERT INTO inventory_transactions (ingredient_id, txn_type, qty, unit_cost, ref_table, ref_id, business_date, status, location_id) VALUES ('NLP50024', 'IMPORT', 0.9, 280000.0, 'stock_take_lines', '90000000-0000-0000-0000-000000000001', '2026-06-01', 'approved', 'MAIN_STORE');
INSERT INTO stock_take_lines (take_id, ingredient_id, qty_physical, qty_theoretical, variance) VALUES ('90000000-0000-0000-0000-000000000001', 'NLP50025', 1.0, 0.0, 1.0);
INSERT INTO inventory_transactions (ingredient_id, txn_type, qty, unit_cost, ref_table, ref_id, business_date, status, location_id) VALUES ('NLP50025', 'IMPORT', 1.0, 1101600.0, 'stock_take_lines', '90000000-0000-0000-0000-000000000001', '2026-06-01', 'approved', 'MAIN_STORE');
INSERT INTO stock_take_lines (take_id, ingredient_id, qty_physical, qty_theoretical, variance) VALUES ('90000000-0000-0000-0000-000000000001', 'NLP5003', 3.0, 0.0, 3.0);
INSERT INTO inventory_transactions (ingredient_id, txn_type, qty, unit_cost, ref_table, ref_id, business_date, status, location_id) VALUES ('NLP5003', 'IMPORT', 3.0, 107100.0, 'stock_take_lines', '90000000-0000-0000-0000-000000000001', '2026-06-01', 'approved', 'MAIN_STORE');
INSERT INTO stock_take_lines (take_id, ingredient_id, qty_physical, qty_theoretical, variance) VALUES ('90000000-0000-0000-0000-000000000001', 'NLP5004', 4.0, 0.0, 4.0);
INSERT INTO inventory_transactions (ingredient_id, txn_type, qty, unit_cost, ref_table, ref_id, business_date, status, location_id) VALUES ('NLP5004', 'IMPORT', 4.0, 217000.0, 'stock_take_lines', '90000000-0000-0000-0000-000000000001', '2026-06-01', 'approved', 'MAIN_STORE');
INSERT INTO stock_take_lines (take_id, ingredient_id, qty_physical, qty_theoretical, variance) VALUES ('90000000-0000-0000-0000-000000000001', 'NLP5005', 3.0, 0.0, 3.0);
INSERT INTO inventory_transactions (ingredient_id, txn_type, qty, unit_cost, ref_table, ref_id, business_date, status, location_id) VALUES ('NLP5005', 'IMPORT', 3.0, 217000.0, 'stock_take_lines', '90000000-0000-0000-0000-000000000001', '2026-06-01', 'approved', 'MAIN_STORE');
INSERT INTO stock_take_lines (take_id, ingredient_id, qty_physical, qty_theoretical, variance) VALUES ('90000000-0000-0000-0000-000000000001', 'NLP500612', 2.0, 0.0, 2.0);
INSERT INTO inventory_transactions (ingredient_id, txn_type, qty, unit_cost, ref_table, ref_id, business_date, status, location_id) VALUES ('NLP500612', 'IMPORT', 2.0, 1195344.0, 'stock_take_lines', '90000000-0000-0000-0000-000000000001', '2026-06-01', 'approved', 'MAIN_STORE');
INSERT INTO stock_take_lines (take_id, ingredient_id, qty_physical, qty_theoretical, variance) VALUES ('90000000-0000-0000-0000-000000000001', 'NLP50063', 2.0, 0.0, 2.0);
INSERT INTO inventory_transactions (ingredient_id, txn_type, qty, unit_cost, ref_table, ref_id, business_date, status, location_id) VALUES ('NLP50063', 'IMPORT', 2.0, 605000.0, 'stock_take_lines', '90000000-0000-0000-0000-000000000001', '2026-06-01', 'approved', 'MAIN_STORE');
INSERT INTO stock_take_lines (take_id, ingredient_id, qty_physical, qty_theoretical, variance) VALUES ('90000000-0000-0000-0000-000000000001', 'NLP5007', 5.0, 0.0, 5.0);
INSERT INTO inventory_transactions (ingredient_id, txn_type, qty, unit_cost, ref_table, ref_id, business_date, status, location_id) VALUES ('NLP5007', 'IMPORT', 5.0, 563580.0, 'stock_take_lines', '90000000-0000-0000-0000-000000000001', '2026-06-01', 'approved', 'MAIN_STORE');
INSERT INTO stock_take_lines (take_id, ingredient_id, qty_physical, qty_theoretical, variance) VALUES ('90000000-0000-0000-0000-000000000001', 'NLP5009', 0.2, 0.0, 0.2);
INSERT INTO inventory_transactions (ingredient_id, txn_type, qty, unit_cost, ref_table, ref_id, business_date, status, location_id) VALUES ('NLP5009', 'IMPORT', 0.2, 757900.0, 'stock_take_lines', '90000000-0000-0000-0000-000000000001', '2026-06-01', 'approved', 'MAIN_STORE');
INSERT INTO stock_take_lines (take_id, ingredient_id, qty_physical, qty_theoretical, variance) VALUES ('90000000-0000-0000-0000-000000000001', 'NLP5011', 9.0, 0.0, 9.0);
INSERT INTO inventory_transactions (ingredient_id, txn_type, qty, unit_cost, ref_table, ref_id, business_date, status, location_id) VALUES ('NLP5011', 'IMPORT', 9.0, 51700.0, 'stock_take_lines', '90000000-0000-0000-0000-000000000001', '2026-06-01', 'approved', 'MAIN_STORE');
INSERT INTO stock_take_lines (take_id, ingredient_id, qty_physical, qty_theoretical, variance) VALUES ('90000000-0000-0000-0000-000000000001', 'NLP5014', 0.5, 0.0, 0.5);
INSERT INTO inventory_transactions (ingredient_id, txn_type, qty, unit_cost, ref_table, ref_id, business_date, status, location_id) VALUES ('NLP5014', 'IMPORT', 0.5, 112860.0, 'stock_take_lines', '90000000-0000-0000-0000-000000000001', '2026-06-01', 'approved', 'MAIN_STORE');
INSERT INTO stock_take_lines (take_id, ingredient_id, qty_physical, qty_theoretical, variance) VALUES ('90000000-0000-0000-0000-000000000001', 'NLP501511', 4.0, 0.0, 4.0);
INSERT INTO inventory_transactions (ingredient_id, txn_type, qty, unit_cost, ref_table, ref_id, business_date, status, location_id) VALUES ('NLP501511', 'IMPORT', 4.0, 107800.0, 'stock_take_lines', '90000000-0000-0000-0000-000000000001', '2026-06-01', 'approved', 'MAIN_STORE');
INSERT INTO stock_take_lines (take_id, ingredient_id, qty_physical, qty_theoretical, variance) VALUES ('90000000-0000-0000-0000-000000000001', 'NLP501512', 6.0, 0.0, 6.0);
INSERT INTO inventory_transactions (ingredient_id, txn_type, qty, unit_cost, ref_table, ref_id, business_date, status, location_id) VALUES ('NLP501512', 'IMPORT', 6.0, 107800.0, 'stock_take_lines', '90000000-0000-0000-0000-000000000001', '2026-06-01', 'approved', 'MAIN_STORE');
INSERT INTO stock_take_lines (take_id, ingredient_id, qty_physical, qty_theoretical, variance) VALUES ('90000000-0000-0000-0000-000000000001', 'NLP50182', 2.5, 0.0, 2.5);
INSERT INTO inventory_transactions (ingredient_id, txn_type, qty, unit_cost, ref_table, ref_id, business_date, status, location_id) VALUES ('NLP50182', 'IMPORT', 2.5, 382752.0, 'stock_take_lines', '90000000-0000-0000-0000-000000000001', '2026-06-01', 'approved', 'MAIN_STORE');
INSERT INTO stock_take_lines (take_id, ingredient_id, qty_physical, qty_theoretical, variance) VALUES ('90000000-0000-0000-0000-000000000001', 'NLP50212', 1.0, 0.0, 1.0);
INSERT INTO inventory_transactions (ingredient_id, txn_type, qty, unit_cost, ref_table, ref_id, business_date, status, location_id) VALUES ('NLP50212', 'IMPORT', 1.0, 752400.0, 'stock_take_lines', '90000000-0000-0000-0000-000000000001', '2026-06-01', 'approved', 'MAIN_STORE');
INSERT INTO stock_take_lines (take_id, ingredient_id, qty_physical, qty_theoretical, variance) VALUES ('90000000-0000-0000-0000-000000000001', 'NLP50215', 0.3, 0.0, 0.3);
INSERT INTO inventory_transactions (ingredient_id, txn_type, qty, unit_cost, ref_table, ref_id, business_date, status, location_id) VALUES ('NLP50215', 'IMPORT', 0.3, 380000.0, 'stock_take_lines', '90000000-0000-0000-0000-000000000001', '2026-06-01', 'approved', 'MAIN_STORE');
INSERT INTO stock_take_lines (take_id, ingredient_id, qty_physical, qty_theoretical, variance) VALUES ('90000000-0000-0000-0000-000000000001', 'NLP502171', 1.0, 0.0, 1.0);
INSERT INTO inventory_transactions (ingredient_id, txn_type, qty, unit_cost, ref_table, ref_id, business_date, status, location_id) VALUES ('NLP502171', 'IMPORT', 1.0, 328900.0, 'stock_take_lines', '90000000-0000-0000-0000-000000000001', '2026-06-01', 'approved', 'MAIN_STORE');
INSERT INTO stock_take_lines (take_id, ingredient_id, qty_physical, qty_theoretical, variance) VALUES ('90000000-0000-0000-0000-000000000001', 'NLP50218', 0.4, 0.0, 0.4);
INSERT INTO inventory_transactions (ingredient_id, txn_type, qty, unit_cost, ref_table, ref_id, business_date, status, location_id) VALUES ('NLP50218', 'IMPORT', 0.4, 900000.0, 'stock_take_lines', '90000000-0000-0000-0000-000000000001', '2026-06-01', 'approved', 'MAIN_STORE');
INSERT INTO stock_take_lines (take_id, ingredient_id, qty_physical, qty_theoretical, variance) VALUES ('90000000-0000-0000-0000-000000000001', 'NLP5024', 400.0, 0.0, 400.0);
INSERT INTO inventory_transactions (ingredient_id, txn_type, qty, unit_cost, ref_table, ref_id, business_date, status, location_id) VALUES ('NLP5024', 'IMPORT', 400.0, 1241.1, 'stock_take_lines', '90000000-0000-0000-0000-000000000001', '2026-06-01', 'approved', 'MAIN_STORE');
INSERT INTO stock_take_lines (take_id, ingredient_id, qty_physical, qty_theoretical, variance) VALUES ('90000000-0000-0000-0000-000000000001', 'NLP50243', 0.3, 0.0, 0.3);
INSERT INTO inventory_transactions (ingredient_id, txn_type, qty, unit_cost, ref_table, ref_id, business_date, status, location_id) VALUES ('NLP50243', 'IMPORT', 0.3, 245600.0, 'stock_take_lines', '90000000-0000-0000-0000-000000000001', '2026-06-01', 'approved', 'MAIN_STORE');
INSERT INTO stock_take_lines (take_id, ingredient_id, qty_physical, qty_theoretical, variance) VALUES ('90000000-0000-0000-0000-000000000001', 'NLP50244', 1.0, 0.0, 1.0);
INSERT INTO inventory_transactions (ingredient_id, txn_type, qty, unit_cost, ref_table, ref_id, business_date, status, location_id) VALUES ('NLP50244', 'IMPORT', 1.0, 185760.0, 'stock_take_lines', '90000000-0000-0000-0000-000000000001', '2026-06-01', 'approved', 'MAIN_STORE');
INSERT INTO stock_take_lines (take_id, ingredient_id, qty_physical, qty_theoretical, variance) VALUES ('90000000-0000-0000-0000-000000000001', 'NLP5025', 1000.0, 0.0, 1000.0);
INSERT INTO inventory_transactions (ingredient_id, txn_type, qty, unit_cost, ref_table, ref_id, business_date, status, location_id) VALUES ('NLP5025', 'IMPORT', 1000.0, 800.0, 'stock_take_lines', '90000000-0000-0000-0000-000000000001', '2026-06-01', 'approved', 'MAIN_STORE');
INSERT INTO stock_take_lines (take_id, ingredient_id, qty_physical, qty_theoretical, variance) VALUES ('90000000-0000-0000-0000-000000000001', 'NLP5030', 0.5, 0.0, 0.5);
INSERT INTO inventory_transactions (ingredient_id, txn_type, qty, unit_cost, ref_table, ref_id, business_date, status, location_id) VALUES ('NLP5030', 'IMPORT', 0.5, 663300.0, 'stock_take_lines', '90000000-0000-0000-0000-000000000001', '2026-06-01', 'approved', 'MAIN_STORE');
INSERT INTO stock_take_lines (take_id, ingredient_id, qty_physical, qty_theoretical, variance) VALUES ('90000000-0000-0000-0000-000000000001', 'NLP50312', 1.0, 0.0, 1.0);
INSERT INTO inventory_transactions (ingredient_id, txn_type, qty, unit_cost, ref_table, ref_id, business_date, status, location_id) VALUES ('NLP50312', 'IMPORT', 1.0, 543400.0, 'stock_take_lines', '90000000-0000-0000-0000-000000000001', '2026-06-01', 'approved', 'MAIN_STORE');
INSERT INTO stock_take_lines (take_id, ingredient_id, qty_physical, qty_theoretical, variance) VALUES ('90000000-0000-0000-0000-000000000001', 'NLP5033', 5.0, 0.0, 5.0);
INSERT INTO inventory_transactions (ingredient_id, txn_type, qty, unit_cost, ref_table, ref_id, business_date, status, location_id) VALUES ('NLP5033', 'IMPORT', 5.0, 85000.0, 'stock_take_lines', '90000000-0000-0000-0000-000000000001', '2026-06-01', 'approved', 'MAIN_STORE');
INSERT INTO stock_take_lines (take_id, ingredient_id, qty_physical, qty_theoretical, variance) VALUES ('90000000-0000-0000-0000-000000000001', 'NLP50351', 2.0, 0.0, 2.0);
INSERT INTO inventory_transactions (ingredient_id, txn_type, qty, unit_cost, ref_table, ref_id, business_date, status, location_id) VALUES ('NLP50351', 'IMPORT', 2.0, 343000.0, 'stock_take_lines', '90000000-0000-0000-0000-000000000001', '2026-06-01', 'approved', 'MAIN_STORE');
INSERT INTO stock_take_lines (take_id, ingredient_id, qty_physical, qty_theoretical, variance) VALUES ('90000000-0000-0000-0000-000000000001', 'NLP5036', 1.5, 0.0, 1.5);
INSERT INTO inventory_transactions (ingredient_id, txn_type, qty, unit_cost, ref_table, ref_id, business_date, status, location_id) VALUES ('NLP5036', 'IMPORT', 1.5, 32000.0, 'stock_take_lines', '90000000-0000-0000-0000-000000000001', '2026-06-01', 'approved', 'MAIN_STORE');
INSERT INTO stock_take_lines (take_id, ingredient_id, qty_physical, qty_theoretical, variance) VALUES ('90000000-0000-0000-0000-000000000001', 'NLP5041', 1.0, 0.0, 1.0);
INSERT INTO inventory_transactions (ingredient_id, txn_type, qty, unit_cost, ref_table, ref_id, business_date, status, location_id) VALUES ('NLP5041', 'IMPORT', 1.0, 105555.0, 'stock_take_lines', '90000000-0000-0000-0000-000000000001', '2026-06-01', 'approved', 'MAIN_STORE');
INSERT INTO stock_take_lines (take_id, ingredient_id, qty_physical, qty_theoretical, variance) VALUES ('90000000-0000-0000-0000-000000000001', 'NLP5042', 1.0, 0.0, 1.0);
INSERT INTO inventory_transactions (ingredient_id, txn_type, qty, unit_cost, ref_table, ref_id, business_date, status, location_id) VALUES ('NLP5042', 'IMPORT', 1.0, 105555.0, 'stock_take_lines', '90000000-0000-0000-0000-000000000001', '2026-06-01', 'approved', 'MAIN_STORE');
INSERT INTO stock_take_lines (take_id, ingredient_id, qty_physical, qty_theoretical, variance) VALUES ('90000000-0000-0000-0000-000000000001', 'NLP5043', 4.0, 0.0, 4.0);
INSERT INTO inventory_transactions (ingredient_id, txn_type, qty, unit_cost, ref_table, ref_id, business_date, status, location_id) VALUES ('NLP5043', 'IMPORT', 4.0, 420000.0, 'stock_take_lines', '90000000-0000-0000-0000-000000000001', '2026-06-01', 'approved', 'MAIN_STORE');
INSERT INTO stock_take_lines (take_id, ingredient_id, qty_physical, qty_theoretical, variance) VALUES ('90000000-0000-0000-0000-000000000001', 'NLP5051', 4.0, 0.0, 4.0);
INSERT INTO inventory_transactions (ingredient_id, txn_type, qty, unit_cost, ref_table, ref_id, business_date, status, location_id) VALUES ('NLP5051', 'IMPORT', 4.0, 243500.0, 'stock_take_lines', '90000000-0000-0000-0000-000000000001', '2026-06-01', 'approved', 'MAIN_STORE');
INSERT INTO stock_take_lines (take_id, ingredient_id, qty_physical, qty_theoretical, variance) VALUES ('90000000-0000-0000-0000-000000000001', 'NLP5055', 0.5, 0.0, 0.5);
INSERT INTO inventory_transactions (ingredient_id, txn_type, qty, unit_cost, ref_table, ref_id, business_date, status, location_id) VALUES ('NLP5055', 'IMPORT', 0.5, 320000.0, 'stock_take_lines', '90000000-0000-0000-0000-000000000001', '2026-06-01', 'approved', 'MAIN_STORE');
INSERT INTO stock_take_lines (take_id, ingredient_id, qty_physical, qty_theoretical, variance) VALUES ('90000000-0000-0000-0000-000000000001', 'NLP5057', 2.0, 0.0, 2.0);
INSERT INTO inventory_transactions (ingredient_id, txn_type, qty, unit_cost, ref_table, ref_id, business_date, status, location_id) VALUES ('NLP5057', 'IMPORT', 2.0, 157815.0, 'stock_take_lines', '90000000-0000-0000-0000-000000000001', '2026-06-01', 'approved', 'MAIN_STORE');
INSERT INTO stock_take_lines (take_id, ingredient_id, qty_physical, qty_theoretical, variance) VALUES ('90000000-0000-0000-0000-000000000001', 'NLP5061', 0.5, 0.0, 0.5);
INSERT INTO inventory_transactions (ingredient_id, txn_type, qty, unit_cost, ref_table, ref_id, business_date, status, location_id) VALUES ('NLP5061', 'IMPORT', 0.5, 135000.0, 'stock_take_lines', '90000000-0000-0000-0000-000000000001', '2026-06-01', 'approved', 'MAIN_STORE');
INSERT INTO stock_take_lines (take_id, ingredient_id, qty_physical, qty_theoretical, variance) VALUES ('90000000-0000-0000-0000-000000000001', 'NLP5071', 0.0, 0.0, 0.0);
INSERT INTO inventory_transactions (ingredient_id, txn_type, qty, unit_cost, ref_table, ref_id, business_date, status, location_id) VALUES ('NLP5071', 'IMPORT', 0.0, 319000.0, 'stock_take_lines', '90000000-0000-0000-0000-000000000001', '2026-06-01', 'approved', 'MAIN_STORE');
INSERT INTO stock_take_lines (take_id, ingredient_id, qty_physical, qty_theoretical, variance) VALUES ('90000000-0000-0000-0000-000000000001', 'NLP5074', 9.0, 0.0, 9.0);
INSERT INTO inventory_transactions (ingredient_id, txn_type, qty, unit_cost, ref_table, ref_id, business_date, status, location_id) VALUES ('NLP5074', 'IMPORT', 9.0, 62640.0, 'stock_take_lines', '90000000-0000-0000-0000-000000000001', '2026-06-01', 'approved', 'MAIN_STORE');
INSERT INTO stock_take_lines (take_id, ingredient_id, qty_physical, qty_theoretical, variance) VALUES ('90000000-0000-0000-0000-000000000001', 'NLP5076', 2.0, 0.0, 2.0);
INSERT INTO inventory_transactions (ingredient_id, txn_type, qty, unit_cost, ref_table, ref_id, business_date, status, location_id) VALUES ('NLP5076', 'IMPORT', 2.0, 96120.0, 'stock_take_lines', '90000000-0000-0000-0000-000000000001', '2026-06-01', 'approved', 'MAIN_STORE');
INSERT INTO stock_take_lines (take_id, ingredient_id, qty_physical, qty_theoretical, variance) VALUES ('90000000-0000-0000-0000-000000000001', 'NLP60049', 1.0, 0.0, 1.0);
INSERT INTO inventory_transactions (ingredient_id, txn_type, qty, unit_cost, ref_table, ref_id, business_date, status, location_id) VALUES ('NLP60049', 'IMPORT', 1.0, 100300.0, 'stock_take_lines', '90000000-0000-0000-0000-000000000001', '2026-06-01', 'approved', 'MAIN_STORE');
INSERT INTO stock_take_lines (take_id, ingredient_id, qty_physical, qty_theoretical, variance) VALUES ('90000000-0000-0000-0000-000000000001', 'NLP60050', 7.0, 0.0, 7.0);
INSERT INTO inventory_transactions (ingredient_id, txn_type, qty, unit_cost, ref_table, ref_id, business_date, status, location_id) VALUES ('NLP60050', 'IMPORT', 7.0, 25560.0, 'stock_take_lines', '90000000-0000-0000-0000-000000000001', '2026-06-01', 'approved', 'MAIN_STORE');
INSERT INTO stock_take_lines (take_id, ingredient_id, qty_physical, qty_theoretical, variance) VALUES ('90000000-0000-0000-0000-000000000001', 'NLP60054', 8.2, 0.0, 8.2);
INSERT INTO inventory_transactions (ingredient_id, txn_type, qty, unit_cost, ref_table, ref_id, business_date, status, location_id) VALUES ('NLP60054', 'IMPORT', 8.2, 60000.0, 'stock_take_lines', '90000000-0000-0000-0000-000000000001', '2026-06-01', 'approved', 'MAIN_STORE');
INSERT INTO stock_take_lines (take_id, ingredient_id, qty_physical, qty_theoretical, variance) VALUES ('90000000-0000-0000-0000-000000000001', 'NLP60056', 0.0, 0.0, 0.0);
INSERT INTO inventory_transactions (ingredient_id, txn_type, qty, unit_cost, ref_table, ref_id, business_date, status, location_id) VALUES ('NLP60056', 'IMPORT', 0.0, 60950.0, 'stock_take_lines', '90000000-0000-0000-0000-000000000001', '2026-06-01', 'approved', 'MAIN_STORE');
INSERT INTO stock_take_lines (take_id, ingredient_id, qty_physical, qty_theoretical, variance) VALUES ('90000000-0000-0000-0000-000000000001', 'NLP8001', 3.5, 0.0, 3.5);
INSERT INTO inventory_transactions (ingredient_id, txn_type, qty, unit_cost, ref_table, ref_id, business_date, status, location_id) VALUES ('NLP8001', 'IMPORT', 3.5, 105000.0, 'stock_take_lines', '90000000-0000-0000-0000-000000000001', '2026-06-01', 'approved', 'MAIN_STORE');
INSERT INTO stock_take_lines (take_id, ingredient_id, qty_physical, qty_theoretical, variance) VALUES ('90000000-0000-0000-0000-000000000001', 'NLP8002', 28.0, 0.0, 28.0);
INSERT INTO inventory_transactions (ingredient_id, txn_type, qty, unit_cost, ref_table, ref_id, business_date, status, location_id) VALUES ('NLP8002', 'IMPORT', 28.0, 15800.0, 'stock_take_lines', '90000000-0000-0000-0000-000000000001', '2026-06-01', 'approved', 'MAIN_STORE');
INSERT INTO stock_take_lines (take_id, ingredient_id, qty_physical, qty_theoretical, variance) VALUES ('90000000-0000-0000-0000-000000000001', 'NLP80021', 6.3, 0.0, 6.3);
INSERT INTO inventory_transactions (ingredient_id, txn_type, qty, unit_cost, ref_table, ref_id, business_date, status, location_id) VALUES ('NLP80021', 'IMPORT', 6.3, 100000.0, 'stock_take_lines', '90000000-0000-0000-0000-000000000001', '2026-06-01', 'approved', 'MAIN_STORE');
INSERT INTO stock_take_lines (take_id, ingredient_id, qty_physical, qty_theoretical, variance) VALUES ('90000000-0000-0000-0000-000000000001', 'NLP80053', 2.5, 0.0, 2.5);
INSERT INTO inventory_transactions (ingredient_id, txn_type, qty, unit_cost, ref_table, ref_id, business_date, status, location_id) VALUES ('NLP80053', 'IMPORT', 2.5, 40000.0, 'stock_take_lines', '90000000-0000-0000-0000-000000000001', '2026-06-01', 'approved', 'MAIN_STORE');
INSERT INTO stock_take_lines (take_id, ingredient_id, qty_physical, qty_theoretical, variance) VALUES ('90000000-0000-0000-0000-000000000001', 'NLP80071', 1.0, 0.0, 1.0);
INSERT INTO inventory_transactions (ingredient_id, txn_type, qty, unit_cost, ref_table, ref_id, business_date, status, location_id) VALUES ('NLP80071', 'IMPORT', 1.0, 3780000.0, 'stock_take_lines', '90000000-0000-0000-0000-000000000001', '2026-06-01', 'approved', 'MAIN_STORE');
INSERT INTO stock_take_lines (take_id, ingredient_id, qty_physical, qty_theoretical, variance) VALUES ('90000000-0000-0000-0000-000000000001', 'NLP80074', 0.3, 0.0, 0.3);
INSERT INTO inventory_transactions (ingredient_id, txn_type, qty, unit_cost, ref_table, ref_id, business_date, status, location_id) VALUES ('NLP80074', 'IMPORT', 0.3, 302000.0, 'stock_take_lines', '90000000-0000-0000-0000-000000000001', '2026-06-01', 'approved', 'MAIN_STORE');
INSERT INTO stock_take_lines (take_id, ingredient_id, qty_physical, qty_theoretical, variance) VALUES ('90000000-0000-0000-0000-000000000001', 'NLP8015', 7.0, 0.0, 7.0);
INSERT INTO inventory_transactions (ingredient_id, txn_type, qty, unit_cost, ref_table, ref_id, business_date, status, location_id) VALUES ('NLP8015', 'IMPORT', 7.0, 200000.0, 'stock_take_lines', '90000000-0000-0000-0000-000000000001', '2026-06-01', 'approved', 'MAIN_STORE');
INSERT INTO stock_take_lines (take_id, ingredient_id, qty_physical, qty_theoretical, variance) VALUES ('90000000-0000-0000-0000-000000000001', 'NLP8016', 0.5, 0.0, 0.5);
INSERT INTO inventory_transactions (ingredient_id, txn_type, qty, unit_cost, ref_table, ref_id, business_date, status, location_id) VALUES ('NLP8016', 'IMPORT', 0.5, 367500.0, 'stock_take_lines', '90000000-0000-0000-0000-000000000001', '2026-06-01', 'approved', 'MAIN_STORE');
INSERT INTO stock_take_lines (take_id, ingredient_id, qty_physical, qty_theoretical, variance) VALUES ('90000000-0000-0000-0000-000000000001', 'NLP8017', 5.0, 0.0, 5.0);
INSERT INTO inventory_transactions (ingredient_id, txn_type, qty, unit_cost, ref_table, ref_id, business_date, status, location_id) VALUES ('NLP8017', 'IMPORT', 5.0, 233530.0, 'stock_take_lines', '90000000-0000-0000-0000-000000000001', '2026-06-01', 'approved', 'MAIN_STORE');
INSERT INTO stock_take_lines (take_id, ingredient_id, qty_physical, qty_theoretical, variance) VALUES ('90000000-0000-0000-0000-000000000001', 'NLP60032', 0.7, 0.0, 0.7);
INSERT INTO inventory_transactions (ingredient_id, txn_type, qty, unit_cost, ref_table, ref_id, business_date, status, location_id) VALUES ('NLP60032', 'IMPORT', 0.7, 25000.0, 'stock_take_lines', '90000000-0000-0000-0000-000000000001', '2026-06-01', 'approved', 'BAR');
INSERT INTO stock_take_lines (take_id, ingredient_id, qty_physical, qty_theoretical, variance) VALUES ('90000000-0000-0000-0000-000000000001', 'NLP60033', 3.2, 0.0, 3.2);
INSERT INTO inventory_transactions (ingredient_id, txn_type, qty, unit_cost, ref_table, ref_id, business_date, status, location_id) VALUES ('NLP60033', 'IMPORT', 3.2, 35000.0, 'stock_take_lines', '90000000-0000-0000-0000-000000000001', '2026-06-01', 'approved', 'BAR');
INSERT INTO stock_take_lines (take_id, ingredient_id, qty_physical, qty_theoretical, variance) VALUES ('90000000-0000-0000-0000-000000000001', 'NLP60034', 0.5, 0.0, 0.5);
INSERT INTO inventory_transactions (ingredient_id, txn_type, qty, unit_cost, ref_table, ref_id, business_date, status, location_id) VALUES ('NLP60034', 'IMPORT', 0.5, 50000.0, 'stock_take_lines', '90000000-0000-0000-0000-000000000001', '2026-06-01', 'approved', 'BAR');
INSERT INTO stock_take_lines (take_id, ingredient_id, qty_physical, qty_theoretical, variance) VALUES ('90000000-0000-0000-0000-000000000001', 'NLP60035', 2.9, 0.0, 2.9);
INSERT INTO inventory_transactions (ingredient_id, txn_type, qty, unit_cost, ref_table, ref_id, business_date, status, location_id) VALUES ('NLP60035', 'IMPORT', 2.9, 20000.0, 'stock_take_lines', '90000000-0000-0000-0000-000000000001', '2026-06-01', 'approved', 'BAR');
INSERT INTO stock_take_lines (take_id, ingredient_id, qty_physical, qty_theoretical, variance) VALUES ('90000000-0000-0000-0000-000000000001', 'NLP60036', 1.0, 0.0, 1.0);
INSERT INTO inventory_transactions (ingredient_id, txn_type, qty, unit_cost, ref_table, ref_id, business_date, status, location_id) VALUES ('NLP60036', 'IMPORT', 1.0, 100000.0, 'stock_take_lines', '90000000-0000-0000-0000-000000000001', '2026-06-01', 'approved', 'MAIN_STORE');
INSERT INTO stock_take_lines (take_id, ingredient_id, qty_physical, qty_theoretical, variance) VALUES ('90000000-0000-0000-0000-000000000001', 'NLP60037', 7.6, 0.0, 7.6);
INSERT INTO inventory_transactions (ingredient_id, txn_type, qty, unit_cost, ref_table, ref_id, business_date, status, location_id) VALUES ('NLP60037', 'IMPORT', 7.6, 50000.0, 'stock_take_lines', '90000000-0000-0000-0000-000000000001', '2026-06-01', 'approved', 'MAIN_STORE');
INSERT INTO stock_take_lines (take_id, ingredient_id, qty_physical, qty_theoretical, variance) VALUES ('90000000-0000-0000-0000-000000000001', 'NLP60038', 0.0, 0.0, 0.0);
INSERT INTO inventory_transactions (ingredient_id, txn_type, qty, unit_cost, ref_table, ref_id, business_date, status, location_id) VALUES ('NLP60038', 'IMPORT', 0.0, 30000.0, 'stock_take_lines', '90000000-0000-0000-0000-000000000001', '2026-06-01', 'approved', 'BAR');
INSERT INTO stock_take_lines (take_id, ingredient_id, qty_physical, qty_theoretical, variance) VALUES ('90000000-0000-0000-0000-000000000001', 'NLP600381', 0.3, 0.0, 0.3);
INSERT INTO inventory_transactions (ingredient_id, txn_type, qty, unit_cost, ref_table, ref_id, business_date, status, location_id) VALUES ('NLP600381', 'IMPORT', 0.3, 50000.0, 'stock_take_lines', '90000000-0000-0000-0000-000000000001', '2026-06-01', 'approved', 'BAR');
INSERT INTO stock_take_lines (take_id, ingredient_id, qty_physical, qty_theoretical, variance) VALUES ('90000000-0000-0000-0000-000000000001', 'NLP60039', 0.2, 0.0, 0.2);
INSERT INTO inventory_transactions (ingredient_id, txn_type, qty, unit_cost, ref_table, ref_id, business_date, status, location_id) VALUES ('NLP60039', 'IMPORT', 0.2, 100000.0, 'stock_take_lines', '90000000-0000-0000-0000-000000000001', '2026-06-01', 'approved', 'MAIN_STORE');
INSERT INTO stock_take_lines (take_id, ingredient_id, qty_physical, qty_theoretical, variance) VALUES ('90000000-0000-0000-0000-000000000001', 'NLP60040', 0.0, 0.0, 0.0);
INSERT INTO inventory_transactions (ingredient_id, txn_type, qty, unit_cost, ref_table, ref_id, business_date, status, location_id) VALUES ('NLP60040', 'IMPORT', 0.0, 50000.0, 'stock_take_lines', '90000000-0000-0000-0000-000000000001', '2026-06-01', 'approved', 'MAIN_STORE');
INSERT INTO stock_take_lines (take_id, ingredient_id, qty_physical, qty_theoretical, variance) VALUES ('90000000-0000-0000-0000-000000000001', 'NLP60041', 0.0, 0.0, 0.0);
INSERT INTO inventory_transactions (ingredient_id, txn_type, qty, unit_cost, ref_table, ref_id, business_date, status, location_id) VALUES ('NLP60041', 'IMPORT', 0.0, 14000.0, 'stock_take_lines', '90000000-0000-0000-0000-000000000001', '2026-06-01', 'approved', 'BAR');
INSERT INTO stock_take_lines (take_id, ingredient_id, qty_physical, qty_theoretical, variance) VALUES ('90000000-0000-0000-0000-000000000001', 'NLP60043', 3.8, 0.0, 3.8);
INSERT INTO inventory_transactions (ingredient_id, txn_type, qty, unit_cost, ref_table, ref_id, business_date, status, location_id) VALUES ('NLP60043', 'IMPORT', 3.8, 45000.0, 'stock_take_lines', '90000000-0000-0000-0000-000000000001', '2026-06-01', 'approved', 'MAIN_STORE');
INSERT INTO stock_take_lines (take_id, ingredient_id, qty_physical, qty_theoretical, variance) VALUES ('90000000-0000-0000-0000-000000000001', 'NLP60045', 3.4, 0.0, 3.4);
INSERT INTO inventory_transactions (ingredient_id, txn_type, qty, unit_cost, ref_table, ref_id, business_date, status, location_id) VALUES ('NLP60045', 'IMPORT', 3.4, 30000.0, 'stock_take_lines', '90000000-0000-0000-0000-000000000001', '2026-06-01', 'approved', 'MAIN_STORE');
INSERT INTO stock_take_lines (take_id, ingredient_id, qty_physical, qty_theoretical, variance) VALUES ('90000000-0000-0000-0000-000000000001', 'NLP60047', 0.0, 0.0, 0.0);
INSERT INTO inventory_transactions (ingredient_id, txn_type, qty, unit_cost, ref_table, ref_id, business_date, status, location_id) VALUES ('NLP60047', 'IMPORT', 0.0, 100000.0, 'stock_take_lines', '90000000-0000-0000-0000-000000000001', '2026-06-01', 'approved', 'MAIN_STORE');
INSERT INTO stock_take_lines (take_id, ingredient_id, qty_physical, qty_theoretical, variance) VALUES ('90000000-0000-0000-0000-000000000001', 'NLP60052', 4.8, 0.0, 4.8);
INSERT INTO inventory_transactions (ingredient_id, txn_type, qty, unit_cost, ref_table, ref_id, business_date, status, location_id) VALUES ('NLP60052', 'IMPORT', 4.8, 95000.0, 'stock_take_lines', '90000000-0000-0000-0000-000000000001', '2026-06-01', 'approved', 'BAR');
INSERT INTO stock_take_lines (take_id, ingredient_id, qty_physical, qty_theoretical, variance) VALUES ('90000000-0000-0000-0000-000000000001', 'NLP60053', 0.0, 0.0, 0.0);
INSERT INTO inventory_transactions (ingredient_id, txn_type, qty, unit_cost, ref_table, ref_id, business_date, status, location_id) VALUES ('NLP60053', 'IMPORT', 0.0, 30000.0, 'stock_take_lines', '90000000-0000-0000-0000-000000000001', '2026-06-01', 'approved', 'MAIN_STORE');

COMMIT;