-- Purchases and Sales Import Seed 01/06 - 14/06
BEGIN;

-- Missing UOMs
INSERT INTO uom (id, name, uom_type) VALUES 
('CHAI', 'Chai', 'COUNT'),
('LON', 'Lon', 'COUNT'),
('LY', 'Ly', 'COUNT'),
('Qua', 'Quả/Củ/Cái', 'COUNT'),
('Nai', 'Nải', 'COUNT'),
('Chai', 'Chai', 'COUNT'),
('GOI', 'Gói/Bao', 'COUNT'),
('BOTTLE', 'Chai/Bottle', 'COUNT'),
('KG', 'Kilogram', 'WEIGHT'),
('G', 'Gram', 'WEIGHT')
ON CONFLICT (id) DO NOTHING;

-- Default Import Supplier
INSERT INTO suppliers (id, name, contact, lead_time_days, cutoff_time, is_active)
VALUES ('90000000-0000-0000-0000-000000000004', 'Nhập Đầu Kỳ', '{}', 1, '12:00:00', true)
ON CONFLICT (id) DO NOTHING;

-- Missing Ingredients
INSERT INTO ingredients (
  id, code, nom_fr, ten_vi, name_en, stock_uom, recipe_uom, 
  stock_to_recipe_factor, purchase_category_id, 
  wac_price, standard_price, is_beverage, is_active
) VALUES 
(
  'V9006', 'V9006', 
  'Kaiken Ultra Malbec',
  'Kaiken « Ultra » Malbec (Malbec · Uco Valley, Mendoza — Argentina)', 
  'Kaiken Ultra Malbec', 
  'BOTTLE', 'BOTTLE', 1, 
  (SELECT id FROM purchase_categories WHERE code = 'ALCOHOL' LIMIT 1),
  638000.0, 638000.0, true, true
),
(
  'NLP6002', 'NLP6002', 
  'Ingrédient de cuisine',
  'Nguyên liệu chế biến bếp', 
  'Kitchen processing ingredient', 
  'KG', 'G', 1000, 
  (SELECT id FROM purchase_categories WHERE code = 'STOCK' LIMIT 1),
  570984.7, 570984.7, false, true
),
(
  'NLP60048', 'NLP60048', 
  'Raisins verts sans pépins',
  'Nho xanh ko hạt', 
  'Green seedless grapes', 
  'KG', 'G', 1000, 
  (SELECT id FROM purchase_categories WHERE code = 'FRUIT' LIMIT 1),
  150000.0, 150000.0, false, true
)
ON CONFLICT (id) DO NOTHING;

-- Missing Menu Items
INSERT INTO menu_items (id, name, sale_price, is_set_menu) VALUES ('000', '010626-J-SHEI-X598-T2610000220', 0.0, false) ON CONFLICT (id) DO NOTHING;
INSERT INTO menu_items (id, name, sale_price, is_set_menu) VALUES ('001', 'Chateau Guillemin La Gaffelière Saint Emilion Grand Cru (Mr.Hải Triều)', 0.0, false) ON CONFLICT (id) DO NOTHING;
INSERT INTO menu_items (id, name, sale_price, is_set_menu) VALUES ('B5001', 'Heineken - 33cl', 45000.0, false) ON CONFLICT (id) DO NOTHING;
INSERT INTO menu_items (id, name, sale_price, is_set_menu) VALUES ('B5002', 'Tiger - 33cl', 45000.0, false) ON CONFLICT (id) DO NOTHING;
INSERT INTO menu_items (id, name, sale_price, is_set_menu) VALUES ('B5004', 'Beer 333 - 33cl', 56000.0, false) ON CONFLICT (id) DO NOTHING;
INSERT INTO menu_items (id, name, sale_price, is_set_menu) VALUES ('B5005', 'Saigon beer - bottle 33cl', 30000.0, false) ON CONFLICT (id) DO NOTHING;
INSERT INTO menu_items (id, name, sale_price, is_set_menu) VALUES ('B5007', 'Sapporo draught', 45000.0, false) ON CONFLICT (id) DO NOTHING;
INSERT INTO menu_items (id, name, sale_price, is_set_menu) VALUES ('B5010', 'Hanoi - bottle 33cl', 30000.0, false) ON CONFLICT (id) DO NOTHING;
INSERT INTO menu_items (id, name, sale_price, is_set_menu) VALUES ('B5012', 'Hanoi - can', 30000.0, false) ON CONFLICT (id) DO NOTHING;
INSERT INTO menu_items (id, name, sale_price, is_set_menu) VALUES ('B5016', 'Leffe Blond | Belgium 33cl', 130000.0, false) ON CONFLICT (id) DO NOTHING;
INSERT INTO menu_items (id, name, sale_price, is_set_menu) VALUES ('M3002', 'Russian Vodka Glass', 90000.0, false) ON CONFLICT (id) DO NOTHING;
INSERT INTO menu_items (id, name, sale_price, is_set_menu) VALUES ('M5001', 'Hennessy V.S.O.P Glass (Bếp - 1/6)', 0.0, false) ON CONFLICT (id) DO NOTHING;
INSERT INTO menu_items (id, name, sale_price, is_set_menu) VALUES ('M5006', 'Poire William Glass', 220000.0, false) ON CONFLICT (id) DO NOTHING;
INSERT INTO menu_items (id, name, sale_price, is_set_menu) VALUES ('M6001', 'Coke', 30000.0, false) ON CONFLICT (id) DO NOTHING;
INSERT INTO menu_items (id, name, sale_price, is_set_menu) VALUES ('M6002', 'Soda', 30000.0, false) ON CONFLICT (id) DO NOTHING;
INSERT INTO menu_items (id, name, sale_price, is_set_menu) VALUES ('M6003', 'Tonic', 30000.0, false) ON CONFLICT (id) DO NOTHING;
INSERT INTO menu_items (id, name, sale_price, is_set_menu) VALUES ('M6004', 'Sprite', 40000.0, false) ON CONFLICT (id) DO NOTHING;
INSERT INTO menu_items (id, name, sale_price, is_set_menu) VALUES ('M6005', 'Fanta', 50000.0, false) ON CONFLICT (id) DO NOTHING;
INSERT INTO menu_items (id, name, sale_price, is_set_menu) VALUES ('M6006', 'Diet Coke', 30000.0, false) ON CONFLICT (id) DO NOTHING;
INSERT INTO menu_items (id, name, sale_price, is_set_menu) VALUES ('M6008', 'La Vie 1,5 L', 40000.0, false) ON CONFLICT (id) DO NOTHING;
INSERT INTO menu_items (id, name, sale_price, is_set_menu) VALUES ('M6009', 'Perrier (Sparkling water 0.25L)', 85000.0, false) ON CONFLICT (id) DO NOTHING;
INSERT INTO menu_items (id, name, sale_price, is_set_menu) VALUES ('M6010', 'S.Pellegrino (Sparkling water 0.5L)', 125000.0, false) ON CONFLICT (id) DO NOTHING;
INSERT INTO menu_items (id, name, sale_price, is_set_menu) VALUES ('M6014', 'Evian mineral water bottle 0.5L - France', 125000.0, false) ON CONFLICT (id) DO NOTHING;
INSERT INTO menu_items (id, name, sale_price, is_set_menu) VALUES ('M6020', 'Coke', 40000.0, false) ON CONFLICT (id) DO NOTHING;
INSERT INTO menu_items (id, name, sale_price, is_set_menu) VALUES ('M7001', 'Fresh orange juice', 100000.0, false) ON CONFLICT (id) DO NOTHING;
INSERT INTO menu_items (id, name, sale_price, is_set_menu) VALUES ('M7002', 'Fresh lemon juice', 60000.0, false) ON CONFLICT (id) DO NOTHING;
INSERT INTO menu_items (id, name, sale_price, is_set_menu) VALUES ('M7003', 'Mixed Seasonal fresh fruit juice', 100000.0, false) ON CONFLICT (id) DO NOTHING;
INSERT INTO menu_items (id, name, sale_price, is_set_menu) VALUES ('M7005', 'Water Melon Juice', 60000.0, false) ON CONFLICT (id) DO NOTHING;
INSERT INTO menu_items (id, name, sale_price, is_set_menu) VALUES ('M7006', 'Mango Juice', 96000.0, false) ON CONFLICT (id) DO NOTHING;
INSERT INTO menu_items (id, name, sale_price, is_set_menu) VALUES ('M7007', 'Passion juice', 60000.0, false) ON CONFLICT (id) DO NOTHING;
INSERT INTO menu_items (id, name, sale_price, is_set_menu) VALUES ('M7008', 'Pomelo Juice', 100000.0, false) ON CONFLICT (id) DO NOTHING;
INSERT INTO menu_items (id, name, sale_price, is_set_menu) VALUES ('M7009', 'Pineapple Juice', 100000.0, false) ON CONFLICT (id) DO NOTHING;
INSERT INTO menu_items (id, name, sale_price, is_set_menu) VALUES ('M7012', 'Margarita', 220000.0, false) ON CONFLICT (id) DO NOTHING;
INSERT INTO menu_items (id, name, sale_price, is_set_menu) VALUES ('M7014', 'Long Island Iced Tea', 150000.0, false) ON CONFLICT (id) DO NOTHING;
INSERT INTO menu_items (id, name, sale_price, is_set_menu) VALUES ('M7015', 'Singapore Sling', 220000.0, false) ON CONFLICT (id) DO NOTHING;
INSERT INTO menu_items (id, name, sale_price, is_set_menu) VALUES ('M7018', 'Black Russian', 150000.0, false) ON CONFLICT (id) DO NOTHING;
INSERT INTO menu_items (id, name, sale_price, is_set_menu) VALUES ('M7020', 'Sangria', 220000.0, false) ON CONFLICT (id) DO NOTHING;
INSERT INTO menu_items (id, name, sale_price, is_set_menu) VALUES ('M7028', 'Cucumber Lime Cooler', 120000.0, false) ON CONFLICT (id) DO NOTHING;
INSERT INTO menu_items (id, name, sale_price, is_set_menu) VALUES ('M7030', 'Virgin Mojito', 120000.0, false) ON CONFLICT (id) DO NOTHING;
INSERT INTO menu_items (id, name, sale_price, is_set_menu) VALUES ('M7031', 'Mango Mojito', 120000.0, false) ON CONFLICT (id) DO NOTHING;
INSERT INTO menu_items (id, name, sale_price, is_set_menu) VALUES ('M8001', 'Gin and Tonic', 125000.0, false) ON CONFLICT (id) DO NOTHING;
INSERT INTO menu_items (id, name, sale_price, is_set_menu) VALUES ('M8002', 'Whisky & soda', 190000.0, false) ON CONFLICT (id) DO NOTHING;
INSERT INTO menu_items (id, name, sale_price, is_set_menu) VALUES ('M9001', 'Espresso coffee', 50000.0, false) ON CONFLICT (id) DO NOTHING;
INSERT INTO menu_items (id, name, sale_price, is_set_menu) VALUES ('M9002', 'Cappuccino', 50000.0, false) ON CONFLICT (id) DO NOTHING;
INSERT INTO menu_items (id, name, sale_price, is_set_menu) VALUES ('M9003', 'Regular coffee', 35000.0, false) ON CONFLICT (id) DO NOTHING;
INSERT INTO menu_items (id, name, sale_price, is_set_menu) VALUES ('M9004', 'Ice coffee', 35000.0, false) ON CONFLICT (id) DO NOTHING;
INSERT INTO menu_items (id, name, sale_price, is_set_menu) VALUES ('M9005', 'Lipton tea', 25000.0, false) ON CONFLICT (id) DO NOTHING;
INSERT INTO menu_items (id, name, sale_price, is_set_menu) VALUES ('M9006', 'Ice Lipton tea', 25000.0, false) ON CONFLICT (id) DO NOTHING;
INSERT INTO menu_items (id, name, sale_price, is_set_menu) VALUES ('M9007', 'Hanoi - can', 56000.0, false) ON CONFLICT (id) DO NOTHING;
INSERT INTO menu_items (id, name, sale_price, is_set_menu) VALUES ('M9008', 'Vietnamese ice tea', 25000.0, false) ON CONFLICT (id) DO NOTHING;
INSERT INTO menu_items (id, name, sale_price, is_set_menu) VALUES ('M9009', 'Olong tea (pot)', 50000.0, false) ON CONFLICT (id) DO NOTHING;
INSERT INTO menu_items (id, name, sale_price, is_set_menu) VALUES ('M9012', 'Americano Coffee', 50000.0, false) ON CONFLICT (id) DO NOTHING;
INSERT INTO menu_items (id, name, sale_price, is_set_menu) VALUES ('M9013', 'Vietnamese tea Pot (Ấm Trà Mạn Thái Nguyên)', 50000.0, false) ON CONFLICT (id) DO NOTHING;
INSERT INTO menu_items (id, name, sale_price, is_set_menu) VALUES ('M9014', 'Earl grey tea', 50000.0, false) ON CONFLICT (id) DO NOTHING;
INSERT INTO menu_items (id, name, sale_price, is_set_menu) VALUES ('M9101', 'Red wine glass - FRANCE', 140000.0, false) ON CONFLICT (id) DO NOTHING;
INSERT INTO menu_items (id, name, sale_price, is_set_menu) VALUES ('M9102', 'White wine glass - FRANCE', 160000.0, false) ON CONFLICT (id) DO NOTHING;
INSERT INTO menu_items (id, name, sale_price, is_set_menu) VALUES ('M9104', 'White wine glass CHILE - Luis Felipe', 140000.0, false) ON CONFLICT (id) DO NOTHING;
INSERT INTO menu_items (id, name, sale_price, is_set_menu) VALUES ('M9106', 'Dalat red wine glass', 120000.0, false) ON CONFLICT (id) DO NOTHING;
INSERT INTO menu_items (id, name, sale_price, is_set_menu) VALUES ('M9107', 'Dalat white wine glass', 120000.0, false) ON CONFLICT (id) DO NOTHING;
INSERT INTO menu_items (id, name, sale_price, is_set_menu) VALUES ('M9109', 'Rose wine France (glass)', 160000.0, false) ON CONFLICT (id) DO NOTHING;
INSERT INTO menu_items (id, name, sale_price, is_set_menu) VALUES ('M9121', 'Pierre Larousse Sparkling Brut -  Glass', 400000.0, false) ON CONFLICT (id) DO NOTHING;
INSERT INTO menu_items (id, name, sale_price, is_set_menu) VALUES ('M9204', 'Cigar Cohiba Siglo VI', 300000.0, false) ON CONFLICT (id) DO NOTHING;
INSERT INTO menu_items (id, name, sale_price, is_set_menu) VALUES ('R1007', 'Seasonal vegetable soup', 0.0, false) ON CONFLICT (id) DO NOTHING;
INSERT INTO menu_items (id, name, sale_price, is_set_menu) VALUES ('R1008', 'French Onion soup', 155000.0, false) ON CONFLICT (id) DO NOTHING;
INSERT INTO menu_items (id, name, sale_price, is_set_menu) VALUES ('R1009', 'Mussels soup', 190000.0, false) ON CONFLICT (id) DO NOTHING;
INSERT INTO menu_items (id, name, sale_price, is_set_menu) VALUES ('R1013', 'Mixed garden salad', 0.0, false) ON CONFLICT (id) DO NOTHING;
INSERT INTO menu_items (id, name, sale_price, is_set_menu) VALUES ('R1020', 'French fries', 100000.0, false) ON CONFLICT (id) DO NOTHING;
INSERT INTO menu_items (id, name, sale_price, is_set_menu) VALUES ('R1024', 'Mushroom soup', 135000.0, false) ON CONFLICT (id) DO NOTHING;
INSERT INTO menu_items (id, name, sale_price, is_set_menu) VALUES ('R1025', 'Burgundy snails with garlic butter', 220000.0, false) ON CONFLICT (id) DO NOTHING;
INSERT INTO menu_items (id, name, sale_price, is_set_menu) VALUES ('R1029', 'Assorted Ham, Salami with Cheese and Pate', 450000.0, false) ON CONFLICT (id) DO NOTHING;
INSERT INTO menu_items (id, name, sale_price, is_set_menu) VALUES ('R1030', 'Salmon Sashimi', 710000.0, false) ON CONFLICT (id) DO NOTHING;
INSERT INTO menu_items (id, name, sale_price, is_set_menu) VALUES ('R1031', 'Terrine Platter', 100000.0, false) ON CONFLICT (id) DO NOTHING;
INSERT INTO menu_items (id, name, sale_price, is_set_menu) VALUES ('R1101', 'Chef''s salad', 250000.0, false) ON CONFLICT (id) DO NOTHING;
INSERT INTO menu_items (id, name, sale_price, is_set_menu) VALUES ('R1107', 'Assorted ham, salami and terrine mustard Dijon', 150000.0, false) ON CONFLICT (id) DO NOTHING;
INSERT INTO menu_items (id, name, sale_price, is_set_menu) VALUES ('R1111', 'Garden Vegetables', 250000.0, false) ON CONFLICT (id) DO NOTHING;
INSERT INTO menu_items (id, name, sale_price, is_set_menu) VALUES ('R1115', 'Seared Ahi Tuna', 260000.0, false) ON CONFLICT (id) DO NOTHING;
INSERT INTO menu_items (id, name, sale_price, is_set_menu) VALUES ('R1120', 'Creamy pumpkin soup', 0.0, false) ON CONFLICT (id) DO NOTHING;
INSERT INTO menu_items (id, name, sale_price, is_set_menu) VALUES ('R1121', 'Tuna carpaccio with quail egg, caviar, organic extra virgin olive oil', 290000.0, false) ON CONFLICT (id) DO NOTHING;
INSERT INTO menu_items (id, name, sale_price, is_set_menu) VALUES ('R1122', 'Pan-seared foie gras with Calvados, brioche', 435000.0, false) ON CONFLICT (id) DO NOTHING;
INSERT INTO menu_items (id, name, sale_price, is_set_menu) VALUES ('R1123', 'Lobster salad with mango, avocado, and passion fruit dressing', 595000.0, false) ON CONFLICT (id) DO NOTHING;
INSERT INTO menu_items (id, name, sale_price, is_set_menu) VALUES ('R2141', 'Vietnamese buffalo fillet with pink peppercorn sauce', 455000.0, false) ON CONFLICT (id) DO NOTHING;
INSERT INTO menu_items (id, name, sale_price, is_set_menu) VALUES ('R2142', 'Wagyu ribeye with truffle mushroom sauce and potatoes', 1295000.0, false) ON CONFLICT (id) DO NOTHING;
INSERT INTO menu_items (id, name, sale_price, is_set_menu) VALUES ('R2144', 'Black Angus ribeye with Béarnaise sauce and potatoes', 535000.0, false) ON CONFLICT (id) DO NOTHING;
INSERT INTO menu_items (id, name, sale_price, is_set_menu) VALUES ('R2145', 'Beef Wellington with Madeira sauce', 595000.0, false) ON CONFLICT (id) DO NOTHING;
INSERT INTO menu_items (id, name, sale_price, is_set_menu) VALUES ('R2146', 'Burgundy-style beef stew with red wine, organic noodles and mushrooms', 395000.0, false) ON CONFLICT (id) DO NOTHING;
INSERT INTO menu_items (id, name, sale_price, is_set_menu) VALUES ('R2147', 'Chicken à la Provençale with mashed potatoes', 395000.0, false) ON CONFLICT (id) DO NOTHING;
INSERT INTO menu_items (id, name, sale_price, is_set_menu) VALUES ('R2148', 'Seared French duck breast with blackberry sauce and vegetables', 455000.0, false) ON CONFLICT (id) DO NOTHING;
INSERT INTO menu_items (id, name, sale_price, is_set_menu) VALUES ('R2149', 'Herb-crusted AUS lamb rack with organic extra virgin olive oil and asparagus', 595000.0, false) ON CONFLICT (id) DO NOTHING;
INSERT INTO menu_items (id, name, sale_price, is_set_menu) VALUES ('R2150', 'Braised AUS lamb shank with white broad beans', 495000.0, false) ON CONFLICT (id) DO NOTHING;
INSERT INTO menu_items (id, name, sale_price, is_set_menu) VALUES ('R3116', 'Ốc Bulot Vùng Burgundy Pháp (Pcs)', 25000.0, false) ON CONFLICT (id) DO NOTHING;
INSERT INTO menu_items (id, name, sale_price, is_set_menu) VALUES ('R3125', 'Seared Japanese scallops with beurre blanc and caviar', 695000.0, false) ON CONFLICT (id) DO NOTHING;
INSERT INTO menu_items (id, name, sale_price, is_set_menu) VALUES ('R3126', 'Sparkling wine poached Norwegian salmon with caviar', 435000.0, false) ON CONFLICT (id) DO NOTHING;
INSERT INTO menu_items (id, name, sale_price, is_set_menu) VALUES ('R3127', 'Miso-marinated black cod with organic asparagus and broccoli', 695000.0, false) ON CONFLICT (id) DO NOTHING;
INSERT INTO menu_items (id, name, sale_price, is_set_menu) VALUES ('R4001', 'Pasta with sauce Bolognaise', 210000.0, false) ON CONFLICT (id) DO NOTHING;
INSERT INTO menu_items (id, name, sale_price, is_set_menu) VALUES ('R4002', 'Pasta with sauce Carbonara', 210000.0, false) ON CONFLICT (id) DO NOTHING;
INSERT INTO menu_items (id, name, sale_price, is_set_menu) VALUES ('R4003', 'Pasta with Grogonzola chesse sauce', 210000.0, false) ON CONFLICT (id) DO NOTHING;
INSERT INTO menu_items (id, name, sale_price, is_set_menu) VALUES ('R4005', 'Pasta with tomatoes and shrimps', 230000.0, false) ON CONFLICT (id) DO NOTHING;
INSERT INTO menu_items (id, name, sale_price, is_set_menu) VALUES ('R5004', 'Profiteroles with vanilla ice cream and hot chocolate sauce', 150000.0, false) ON CONFLICT (id) DO NOTHING;
INSERT INTO menu_items (id, name, sale_price, is_set_menu) VALUES ('R5008', 'Ice cream (1 scoop)', 48000.0, false) ON CONFLICT (id) DO NOTHING;
INSERT INTO menu_items (id, name, sale_price, is_set_menu) VALUES ('R5009', 'Ice cream (2 scoops)', 78000.0, false) ON CONFLICT (id) DO NOTHING;
INSERT INTO menu_items (id, name, sale_price, is_set_menu) VALUES ('R5103', 'Vanilla cream brulee', 135000.0, false) ON CONFLICT (id) DO NOTHING;
INSERT INTO menu_items (id, name, sale_price, is_set_menu) VALUES ('R5108', 'Birthday cake', 250000.0, false) ON CONFLICT (id) DO NOTHING;
INSERT INTO menu_items (id, name, sale_price, is_set_menu) VALUES ('R5113', 'Chocolate mousse with organic dark cocoa', 125000.0, false) ON CONFLICT (id) DO NOTHING;
INSERT INTO menu_items (id, name, sale_price, is_set_menu) VALUES ('R5114', 'Grand Marnier soufflé with vanilla ice cream', 235000.0, false) ON CONFLICT (id) DO NOTHING;
INSERT INTO menu_items (id, name, sale_price, is_set_menu) VALUES ('R5117', 'Selection of French cheeses with cinnamon bread', 390000.0, false) ON CONFLICT (id) DO NOTHING;
INSERT INTO menu_items (id, name, sale_price, is_set_menu) VALUES ('R5118', 'Plate of seasonal fresh fruits', 195000.0, false) ON CONFLICT (id) DO NOTHING;
INSERT INTO menu_items (id, name, sale_price, is_set_menu) VALUES ('R6081', 'Roasted Pork with Steam rice', 0.0, false) ON CONFLICT (id) DO NOTHING;
INSERT INTO menu_items (id, name, sale_price, is_set_menu) VALUES ('R60811', 'Pork rib with Steam rice', 0.0, false) ON CONFLICT (id) DO NOTHING;
INSERT INTO menu_items (id, name, sale_price, is_set_menu) VALUES ('R6082', 'Pork stew with Steam rice', 0.0, false) ON CONFLICT (id) DO NOTHING;
INSERT INTO menu_items (id, name, sale_price, is_set_menu) VALUES ('R60831', 'Hai Nam Chicken Rice', 0.0, false) ON CONFLICT (id) DO NOTHING;
INSERT INTO menu_items (id, name, sale_price, is_set_menu) VALUES ('R6131', 'Set Menu 350A', 350000.0, false) ON CONFLICT (id) DO NOTHING;
INSERT INTO menu_items (id, name, sale_price, is_set_menu) VALUES ('R6132', 'Set Menu 350B', 350000.0, false) ON CONFLICT (id) DO NOTHING;
INSERT INTO menu_items (id, name, sale_price, is_set_menu) VALUES ('R6133', 'Set menu 350C', 350000.0, false) ON CONFLICT (id) DO NOTHING;
INSERT INTO menu_items (id, name, sale_price, is_set_menu) VALUES ('R6134', 'Set Menu 430A', 430000.0, false) ON CONFLICT (id) DO NOTHING;
INSERT INTO menu_items (id, name, sale_price, is_set_menu) VALUES ('R6135', 'Set Menu 430B', 430000.0, false) ON CONFLICT (id) DO NOTHING;
INSERT INTO menu_items (id, name, sale_price, is_set_menu) VALUES ('R6136', 'Set Menu 550A', 550000.0, false) ON CONFLICT (id) DO NOTHING;
INSERT INTO menu_items (id, name, sale_price, is_set_menu) VALUES ('R6137', 'Set Menu 550B', 550000.0, false) ON CONFLICT (id) DO NOTHING;
INSERT INTO menu_items (id, name, sale_price, is_set_menu) VALUES ('R6138', 'Set Menu 710A', 710000.0, false) ON CONFLICT (id) DO NOTHING;
INSERT INTO menu_items (id, name, sale_price, is_set_menu) VALUES ('R6140', 'Set Menu 940', 940000.0, false) ON CONFLICT (id) DO NOTHING;
INSERT INTO menu_items (id, name, sale_price, is_set_menu) VALUES ('R61401', 'Set Menu 950', 950000.0, false) ON CONFLICT (id) DO NOTHING;
INSERT INTO menu_items (id, name, sale_price, is_set_menu) VALUES ('R614011', 'Set Menu 1050', 1050000.0, false) ON CONFLICT (id) DO NOTHING;
INSERT INTO menu_items (id, name, sale_price, is_set_menu) VALUES ('R61501', 'Set Menu 720E', 720000.0, false) ON CONFLICT (id) DO NOTHING;
INSERT INTO menu_items (id, name, sale_price, is_set_menu) VALUES ('R6153', 'Set menu 710C', 710000.0, false) ON CONFLICT (id) DO NOTHING;
INSERT INTO menu_items (id, name, sale_price, is_set_menu) VALUES ('R6154', 'Set Menu 430C', 430000.0, false) ON CONFLICT (id) DO NOTHING;
INSERT INTO menu_items (id, name, sale_price, is_set_menu) VALUES ('R6167', 'Set Menu Two Courses 2+4', 195000.0, false) ON CONFLICT (id) DO NOTHING;
INSERT INTO menu_items (id, name, sale_price, is_set_menu) VALUES ('R6188', 'Set Menu Four Courses A', 550000.0, false) ON CONFLICT (id) DO NOTHING;
INSERT INTO menu_items (id, name, sale_price, is_set_menu) VALUES ('R6190', 'Set Menu Four Courses C', 550000.0, false) ON CONFLICT (id) DO NOTHING;
INSERT INTO menu_items (id, name, sale_price, is_set_menu) VALUES ('R6191', 'Set Menu Four Courses D', 550000.0, false) ON CONFLICT (id) DO NOTHING;
INSERT INTO menu_items (id, name, sale_price, is_set_menu) VALUES ('R6192', 'Set Menu Four Courses E', 550000.0, false) ON CONFLICT (id) DO NOTHING;
INSERT INTO menu_items (id, name, sale_price, is_set_menu) VALUES ('R6193', 'Set Menu 450', 450000.0, false) ON CONFLICT (id) DO NOTHING;
INSERT INTO menu_items (id, name, sale_price, is_set_menu) VALUES ('R6194', 'Set Menu 450B', 450000.0, false) ON CONFLICT (id) DO NOTHING;
INSERT INTO menu_items (id, name, sale_price, is_set_menu) VALUES ('R6208', 'Dégustation Set Menu 4 to 7 Courses-1', 795000.0, false) ON CONFLICT (id) DO NOTHING;
INSERT INTO menu_items (id, name, sale_price, is_set_menu) VALUES ('R6209', 'Dégustation Set Menu 4 to 7 Courses-2', 880000.0, false) ON CONFLICT (id) DO NOTHING;
INSERT INTO menu_items (id, name, sale_price, is_set_menu) VALUES ('R6211', 'Dégustation Set Menu 4 to 7 Courses-4', 735000.0, false) ON CONFLICT (id) DO NOTHING;
INSERT INTO menu_items (id, name, sale_price, is_set_menu) VALUES ('R6217', 'Dégustation Set Menu 4 to 7 Courses-10', 1199000.0, false) ON CONFLICT (id) DO NOTHING;
INSERT INTO menu_items (id, name, sale_price, is_set_menu) VALUES ('R6231', 'Set Menu Four Courses F', 550000.0, false) ON CONFLICT (id) DO NOTHING;
INSERT INTO menu_items (id, name, sale_price, is_set_menu) VALUES ('R6260004', 'Set Menu 470A', 470000.0, false) ON CONFLICT (id) DO NOTHING;
INSERT INTO menu_items (id, name, sale_price, is_set_menu) VALUES ('R6260005', 'Set Menu 470B', 470000.0, false) ON CONFLICT (id) DO NOTHING;
INSERT INTO menu_items (id, name, sale_price, is_set_menu) VALUES ('R6260007', 'Set Menu 600A', 600000.0, false) ON CONFLICT (id) DO NOTHING;
INSERT INTO menu_items (id, name, sale_price, is_set_menu) VALUES ('R6260010', 'Set Menu 770B', 770000.0, false) ON CONFLICT (id) DO NOTHING;
INSERT INTO menu_items (id, name, sale_price, is_set_menu) VALUES ('R7004', 'Basa fillet roulade southern, broccoli and carrot flan', 0.0, false) ON CONFLICT (id) DO NOTHING;
INSERT INTO menu_items (id, name, sale_price, is_set_menu) VALUES ('SI0003', 'Arugula Salad', 160000.0, false) ON CONFLICT (id) DO NOTHING;
INSERT INTO menu_items (id, name, sale_price, is_set_menu) VALUES ('V1001', 'Chateau Noaillac Medoc Cru Bourgeois 37.5cl (R)', 735000.0, false) ON CONFLICT (id) DO NOTHING;
INSERT INTO menu_items (id, name, sale_price, is_set_menu) VALUES ('V2002', 'Larousse Chardonnay Sparkling, France', 1200000.0, false) ON CONFLICT (id) DO NOTHING;
INSERT INTO menu_items (id, name, sale_price, is_set_menu) VALUES ('V4045', 'Louis Latour - Bourgogne Pinot Noir', 2100000.0, false) ON CONFLICT (id) DO NOTHING;
INSERT INTO menu_items (id, name, sale_price, is_set_menu) VALUES ('V4064', 'F. Thienpont Causse Rouge Merlot, Bordeaux - Red', 995000.0, false) ON CONFLICT (id) DO NOTHING;
INSERT INTO menu_items (id, name, sale_price, is_set_menu) VALUES ('V4065', 'Baron P. de Rothschild Mouton Cadet Bordeaux - Red', 1300000.0, false) ON CONFLICT (id) DO NOTHING;
INSERT INTO menu_items (id, name, sale_price, is_set_menu) VALUES ('V4075', 'Louis Latour Pinot Noir Les Pierres Dorées - Red', 2850000.0, false) ON CONFLICT (id) DO NOTHING;
INSERT INTO menu_items (id, name, sale_price, is_set_menu) VALUES ('V4088', 'Château Baratet, Cabernet Sauvignon, France', 1100000.0, false) ON CONFLICT (id) DO NOTHING;
INSERT INTO menu_items (id, name, sale_price, is_set_menu) VALUES ('V4091', 'Bernard Magrez « Le Prélat » Rouge Côtes du Rhône Villages Laudun', 1500000.0, false) ON CONFLICT (id) DO NOTHING;
INSERT INTO menu_items (id, name, sale_price, is_set_menu) VALUES ('V6027', 'Luis Felipe Chardonnay', 1550000.0, false) ON CONFLICT (id) DO NOTHING;
INSERT INTO menu_items (id, name, sale_price, is_set_menu) VALUES ('V6034', 'Frontera Cabernet Sauvignon 75cl (Red)', 1200000.0, false) ON CONFLICT (id) DO NOTHING;
INSERT INTO menu_items (id, name, sale_price, is_set_menu) VALUES ('V6056', 'MontGras Estate Cabernet Sauvignon Chile', 1300000.0, false) ON CONFLICT (id) DO NOTHING;
INSERT INTO menu_items (id, name, sale_price, is_set_menu) VALUES ('V6059', 'Montes Classic Series Chardonnay (CuricóValley DO — Chile)', 1850000.0, false) ON CONFLICT (id) DO NOTHING;
INSERT INTO menu_items (id, name, sale_price, is_set_menu) VALUES ('V9410', 'Dufouleur Monopole Rose Wine', 595000.0, false) ON CONFLICT (id) DO NOTHING;
INSERT INTO menu_items (id, name, sale_price, is_set_menu) VALUES ('V9501', 'Dalat Wine Red - Bottle', 550000.0, false) ON CONFLICT (id) DO NOTHING;
INSERT INTO menu_items (id, name, sale_price, is_set_menu) VALUES ('V9502', 'Dalat Wine White - Bottle', 550000.0, false) ON CONFLICT (id) DO NOTHING;

-- Purchase Orders
INSERT INTO purchase_orders (id, po_number, supplier_id, status, source, expected_date) VALUES ('a1f0d674-e630-56af-a0bc-d7759450fe74', 'PO-0602-AN', '90000000-0000-0000-0000-000000000004', 'RECEIVED', 'AUTO_PO', '2026-06-02') ON CONFLICT (id) DO NOTHING;
INSERT INTO purchase_orders (id, po_number, supplier_id, status, source, expected_date) VALUES ('92f29ea2-24cf-530b-b55c-b180de52f9f8', 'PO-0603-AN', '90000000-0000-0000-0000-000000000004', 'RECEIVED', 'AUTO_PO', '2026-06-02') ON CONFLICT (id) DO NOTHING;
INSERT INTO purchase_orders (id, po_number, supplier_id, status, source, expected_date) VALUES ('7bc66a36-cc27-56f5-8846-373606f5fc3d', 'PO-0604-AN', '90000000-0000-0000-0000-000000000004', 'RECEIVED', 'AUTO_PO', '2026-06-02') ON CONFLICT (id) DO NOTHING;
INSERT INTO purchase_orders (id, po_number, supplier_id, status, source, expected_date) VALUES ('2bec6f34-d1bf-5644-bb8f-c79cefab2c86', 'PO-0605-AN', '90000000-0000-0000-0000-000000000004', 'RECEIVED', 'AUTO_PO', '2026-06-02') ON CONFLICT (id) DO NOTHING;
INSERT INTO purchase_orders (id, po_number, supplier_id, status, source, expected_date) VALUES ('81233325-ad28-59e2-a414-081aedd2651b', 'PO-0606-AN', '90000000-0000-0000-0000-000000000004', 'RECEIVED', 'AUTO_PO', '2026-06-02') ON CONFLICT (id) DO NOTHING;

-- PO Lines
INSERT INTO po_lines (po_id, ingredient_id, qty_ordered, qty_received, purchase_uom) VALUES ('a1f0d674-e630-56af-a0bc-d7759450fe74', 'V9006', 3.0, 3.0, 'CHAI') ON CONFLICT (po_id, ingredient_id) DO NOTHING;
INSERT INTO po_lines (po_id, ingredient_id, qty_ordered, qty_received, purchase_uom) VALUES ('92f29ea2-24cf-530b-b55c-b180de52f9f8', 'B5001', 24.0, 24.0, 'CHAI') ON CONFLICT (po_id, ingredient_id) DO NOTHING;
INSERT INTO po_lines (po_id, ingredient_id, qty_ordered, qty_received, purchase_uom) VALUES ('7bc66a36-cc27-56f5-8846-373606f5fc3d', 'B5004', 192.0, 192.0, 'LON') ON CONFLICT (po_id, ingredient_id) DO NOTHING;
INSERT INTO po_lines (po_id, ingredient_id, qty_ordered, qty_received, purchase_uom) VALUES ('2bec6f34-d1bf-5644-bb8f-c79cefab2c86', 'B5005', 40.0, 40.0, 'CHAI') ON CONFLICT (po_id, ingredient_id) DO NOTHING;
INSERT INTO po_lines (po_id, ingredient_id, qty_ordered, qty_received, purchase_uom) VALUES ('81233325-ad28-59e2-a414-081aedd2651b', 'B5007', 165.0, 165.0, 'LY') ON CONFLICT (po_id, ingredient_id) DO NOTHING;
INSERT INTO po_lines (po_id, ingredient_id, qty_ordered, qty_received, purchase_uom) VALUES ('a1f0d674-e630-56af-a0bc-d7759450fe74', 'B5010', 40.0, 40.0, 'CHAI') ON CONFLICT (po_id, ingredient_id) DO NOTHING;
INSERT INTO po_lines (po_id, ingredient_id, qty_ordered, qty_received, purchase_uom) VALUES ('92f29ea2-24cf-530b-b55c-b180de52f9f8', 'B5012', 73.0, 73.0, 'LON') ON CONFLICT (po_id, ingredient_id) DO NOTHING;
INSERT INTO po_lines (po_id, ingredient_id, qty_ordered, qty_received, purchase_uom) VALUES ('7bc66a36-cc27-56f5-8846-373606f5fc3d', 'V2002', 6.0, 6.0, 'CHAI') ON CONFLICT (po_id, ingredient_id) DO NOTHING;
INSERT INTO po_lines (po_id, ingredient_id, qty_ordered, qty_received, purchase_uom) VALUES ('2bec6f34-d1bf-5644-bb8f-c79cefab2c86', 'V6026', 2.0, 2.0, 'CHAI') ON CONFLICT (po_id, ingredient_id) DO NOTHING;
INSERT INTO po_lines (po_id, ingredient_id, qty_ordered, qty_received, purchase_uom) VALUES ('81233325-ad28-59e2-a414-081aedd2651b', 'V6034', 3.0, 3.0, 'CHAI') ON CONFLICT (po_id, ingredient_id) DO NOTHING;
INSERT INTO po_lines (po_id, ingredient_id, qty_ordered, qty_received, purchase_uom) VALUES ('a1f0d674-e630-56af-a0bc-d7759450fe74', 'V6035', 4.0, 4.0, 'CHAI') ON CONFLICT (po_id, ingredient_id) DO NOTHING;
INSERT INTO po_lines (po_id, ingredient_id, qty_ordered, qty_received, purchase_uom) VALUES ('92f29ea2-24cf-530b-b55c-b180de52f9f8', 'NLP60031', 7.0, 7.0, 'QUA') ON CONFLICT (po_id, ingredient_id) DO NOTHING;
INSERT INTO po_lines (po_id, ingredient_id, qty_ordered, qty_received, purchase_uom) VALUES ('7bc66a36-cc27-56f5-8846-373606f5fc3d', 'NLP60032', 2.0, 2.0, 'KG') ON CONFLICT (po_id, ingredient_id) DO NOTHING;
INSERT INTO po_lines (po_id, ingredient_id, qty_ordered, qty_received, purchase_uom) VALUES ('2bec6f34-d1bf-5644-bb8f-c79cefab2c86', 'NLP60033', 4.0, 4.0, 'KG') ON CONFLICT (po_id, ingredient_id) DO NOTHING;
INSERT INTO po_lines (po_id, ingredient_id, qty_ordered, qty_received, purchase_uom) VALUES ('a1f0d674-e630-56af-a0bc-d7759450fe74', 'NLP60034', 8.9, 8.9, 'KG') ON CONFLICT (po_id, ingredient_id) DO NOTHING;
INSERT INTO po_lines (po_id, ingredient_id, qty_ordered, qty_received, purchase_uom) VALUES ('92f29ea2-24cf-530b-b55c-b180de52f9f8', 'NLP60035', 2.7, 2.7, 'KG') ON CONFLICT (po_id, ingredient_id) DO NOTHING;
INSERT INTO po_lines (po_id, ingredient_id, qty_ordered, qty_received, purchase_uom) VALUES ('7bc66a36-cc27-56f5-8846-373606f5fc3d', 'NLP60041', 2.0, 2.0, 'QUA') ON CONFLICT (po_id, ingredient_id) DO NOTHING;
INSERT INTO po_lines (po_id, ingredient_id, qty_ordered, qty_received, purchase_uom) VALUES ('2bec6f34-d1bf-5644-bb8f-c79cefab2c86', 'V4045', 2.0, 2.0, 'CHAI') ON CONFLICT (po_id, ingredient_id) DO NOTHING;
INSERT INTO po_lines (po_id, ingredient_id, qty_ordered, qty_received, purchase_uom) VALUES ('81233325-ad28-59e2-a414-081aedd2651b', 'V4064', 2.0, 2.0, 'Chai') ON CONFLICT (po_id, ingredient_id) DO NOTHING;
INSERT INTO po_lines (po_id, ingredient_id, qty_ordered, qty_received, purchase_uom) VALUES ('a1f0d674-e630-56af-a0bc-d7759450fe74', 'V4074', 1.0, 1.0, 'Chai') ON CONFLICT (po_id, ingredient_id) DO NOTHING;
INSERT INTO po_lines (po_id, ingredient_id, qty_ordered, qty_received, purchase_uom) VALUES ('92f29ea2-24cf-530b-b55c-b180de52f9f8', 'M6008', 120.0, 120.0, 'CHAI') ON CONFLICT (po_id, ingredient_id) DO NOTHING;
INSERT INTO po_lines (po_id, ingredient_id, qty_ordered, qty_received, purchase_uom) VALUES ('7bc66a36-cc27-56f5-8846-373606f5fc3d', 'M6009', 24.0, 24.0, 'CHAI') ON CONFLICT (po_id, ingredient_id) DO NOTHING;
INSERT INTO po_lines (po_id, ingredient_id, qty_ordered, qty_received, purchase_uom) VALUES ('2bec6f34-d1bf-5644-bb8f-c79cefab2c86', 'M6010', 24.0, 24.0, 'CHAI') ON CONFLICT (po_id, ingredient_id) DO NOTHING;
INSERT INTO po_lines (po_id, ingredient_id, qty_ordered, qty_received, purchase_uom) VALUES ('81233325-ad28-59e2-a414-081aedd2651b', 'NLP1005', 2.4, 2.4, 'KG') ON CONFLICT (po_id, ingredient_id) DO NOTHING;
INSERT INTO po_lines (po_id, ingredient_id, qty_ordered, qty_received, purchase_uom) VALUES ('a1f0d674-e630-56af-a0bc-d7759450fe74', 'NLP1007', 4.0, 4.0, 'GOI') ON CONFLICT (po_id, ingredient_id) DO NOTHING;
INSERT INTO po_lines (po_id, ingredient_id, qty_ordered, qty_received, purchase_uom) VALUES ('92f29ea2-24cf-530b-b55c-b180de52f9f8', 'NLP2003', 1.0, 1.0, 'KG') ON CONFLICT (po_id, ingredient_id) DO NOTHING;
INSERT INTO po_lines (po_id, ingredient_id, qty_ordered, qty_received, purchase_uom) VALUES ('7bc66a36-cc27-56f5-8846-373606f5fc3d', 'NLP2004', 1.0, 1.0, 'KG') ON CONFLICT (po_id, ingredient_id) DO NOTHING;
INSERT INTO po_lines (po_id, ingredient_id, qty_ordered, qty_received, purchase_uom) VALUES ('2bec6f34-d1bf-5644-bb8f-c79cefab2c86', 'NLP2008', 0.9, 0.9, 'KG') ON CONFLICT (po_id, ingredient_id) DO NOTHING;
INSERT INTO po_lines (po_id, ingredient_id, qty_ordered, qty_received, purchase_uom) VALUES ('a1f0d674-e630-56af-a0bc-d7759450fe74', 'NLP2011', 6.71, 6.71, 'KG') ON CONFLICT (po_id, ingredient_id) DO NOTHING;
INSERT INTO po_lines (po_id, ingredient_id, qty_ordered, qty_received, purchase_uom) VALUES ('92f29ea2-24cf-530b-b55c-b180de52f9f8', 'NLP2014', 2.09, 2.09, 'KG') ON CONFLICT (po_id, ingredient_id) DO NOTHING;
INSERT INTO po_lines (po_id, ingredient_id, qty_ordered, qty_received, purchase_uom) VALUES ('7bc66a36-cc27-56f5-8846-373606f5fc3d', 'NLP2021', 250.0, 250.0, 'QUA') ON CONFLICT (po_id, ingredient_id) DO NOTHING;
INSERT INTO po_lines (po_id, ingredient_id, qty_ordered, qty_received, purchase_uom) VALUES ('2bec6f34-d1bf-5644-bb8f-c79cefab2c86', 'NLP3008', 10.0, 10.0, 'KG') ON CONFLICT (po_id, ingredient_id) DO NOTHING;
INSERT INTO po_lines (po_id, ingredient_id, qty_ordered, qty_received, purchase_uom) VALUES ('81233325-ad28-59e2-a414-081aedd2651b', 'NLP3016', 36.0, 36.0, 'HOP') ON CONFLICT (po_id, ingredient_id) DO NOTHING;
INSERT INTO po_lines (po_id, ingredient_id, qty_ordered, qty_received, purchase_uom) VALUES ('a1f0d674-e630-56af-a0bc-d7759450fe74', 'NLP3018', 20.0, 20.0, 'KG') ON CONFLICT (po_id, ingredient_id) DO NOTHING;
INSERT INTO po_lines (po_id, ingredient_id, qty_ordered, qty_received, purchase_uom) VALUES ('92f29ea2-24cf-530b-b55c-b180de52f9f8', 'NLP3019', 20.0, 20.0, 'KG') ON CONFLICT (po_id, ingredient_id) DO NOTHING;
INSERT INTO po_lines (po_id, ingredient_id, qty_ordered, qty_received, purchase_uom) VALUES ('7bc66a36-cc27-56f5-8846-373606f5fc3d', 'NLP4002', 5.0, 5.0, 'KG') ON CONFLICT (po_id, ingredient_id) DO NOTHING;
INSERT INTO po_lines (po_id, ingredient_id, qty_ordered, qty_received, purchase_uom) VALUES ('2bec6f34-d1bf-5644-bb8f-c79cefab2c86', 'NLP50182', 5.0, 5.0, 'KG') ON CONFLICT (po_id, ingredient_id) DO NOTHING;
INSERT INTO po_lines (po_id, ingredient_id, qty_ordered, qty_received, purchase_uom) VALUES ('81233325-ad28-59e2-a414-081aedd2651b', 'NLP50215', 0.8, 0.8, 'KG') ON CONFLICT (po_id, ingredient_id) DO NOTHING;
INSERT INTO po_lines (po_id, ingredient_id, qty_ordered, qty_received, purchase_uom) VALUES ('a1f0d674-e630-56af-a0bc-d7759450fe74', 'NLP50218', 0.5, 0.5, 'KG') ON CONFLICT (po_id, ingredient_id) DO NOTHING;
INSERT INTO po_lines (po_id, ingredient_id, qty_ordered, qty_received, purchase_uom) VALUES ('92f29ea2-24cf-530b-b55c-b180de52f9f8', 'NLP6002', 52.3, 52.3, 'KG') ON CONFLICT (po_id, ingredient_id) DO NOTHING;
INSERT INTO po_lines (po_id, ingredient_id, qty_ordered, qty_received, purchase_uom) VALUES ('7bc66a36-cc27-56f5-8846-373606f5fc3d', 'NLP60032', 2.0, 2.0, 'KG') ON CONFLICT (po_id, ingredient_id) DO NOTHING;
INSERT INTO po_lines (po_id, ingredient_id, qty_ordered, qty_received, purchase_uom) VALUES ('2bec6f34-d1bf-5644-bb8f-c79cefab2c86', 'NLP60034', 6.1, 6.1, 'KG') ON CONFLICT (po_id, ingredient_id) DO NOTHING;
INSERT INTO po_lines (po_id, ingredient_id, qty_ordered, qty_received, purchase_uom) VALUES ('a1f0d674-e630-56af-a0bc-d7759450fe74', 'NLP60035', 13.6, 13.6, 'KG') ON CONFLICT (po_id, ingredient_id) DO NOTHING;
INSERT INTO po_lines (po_id, ingredient_id, qty_ordered, qty_received, purchase_uom) VALUES ('92f29ea2-24cf-530b-b55c-b180de52f9f8', 'NLP60037', 4.1, 4.1, 'KG') ON CONFLICT (po_id, ingredient_id) DO NOTHING;
INSERT INTO po_lines (po_id, ingredient_id, qty_ordered, qty_received, purchase_uom) VALUES ('7bc66a36-cc27-56f5-8846-373606f5fc3d', 'NLP60039', 2.0, 2.0, 'KG') ON CONFLICT (po_id, ingredient_id) DO NOTHING;
INSERT INTO po_lines (po_id, ingredient_id, qty_ordered, qty_received, purchase_uom) VALUES ('2bec6f34-d1bf-5644-bb8f-c79cefab2c86', 'NLP60040', 2.3, 2.3, 'KG') ON CONFLICT (po_id, ingredient_id) DO NOTHING;
INSERT INTO po_lines (po_id, ingredient_id, qty_ordered, qty_received, purchase_uom) VALUES ('81233325-ad28-59e2-a414-081aedd2651b', 'NLP60043', 8.4, 8.4, 'KG') ON CONFLICT (po_id, ingredient_id) DO NOTHING;
INSERT INTO po_lines (po_id, ingredient_id, qty_ordered, qty_received, purchase_uom) VALUES ('a1f0d674-e630-56af-a0bc-d7759450fe74', 'NLP60045', 10.8, 10.8, 'KG') ON CONFLICT (po_id, ingredient_id) DO NOTHING;
INSERT INTO po_lines (po_id, ingredient_id, qty_ordered, qty_received, purchase_uom) VALUES ('92f29ea2-24cf-530b-b55c-b180de52f9f8', 'NLP60047', 0.8, 0.8, 'KG') ON CONFLICT (po_id, ingredient_id) DO NOTHING;
INSERT INTO po_lines (po_id, ingredient_id, qty_ordered, qty_received, purchase_uom) VALUES ('7bc66a36-cc27-56f5-8846-373606f5fc3d', 'NLP60048', 0.9, 0.9, 'KG') ON CONFLICT (po_id, ingredient_id) DO NOTHING;
INSERT INTO po_lines (po_id, ingredient_id, qty_ordered, qty_received, purchase_uom) VALUES ('2bec6f34-d1bf-5644-bb8f-c79cefab2c86', 'NLP60053', 5.0, 5.0, 'NAI') ON CONFLICT (po_id, ingredient_id) DO NOTHING;
INSERT INTO po_lines (po_id, ingredient_id, qty_ordered, qty_received, purchase_uom) VALUES ('81233325-ad28-59e2-a414-081aedd2651b', 'NLP8002', 50.0, 50.0, 'KG') ON CONFLICT (po_id, ingredient_id) DO NOTHING;
INSERT INTO po_lines (po_id, ingredient_id, qty_ordered, qty_received, purchase_uom) VALUES ('a1f0d674-e630-56af-a0bc-d7759450fe74', 'NVLC10011', 3.3, 3.3, 'KG') ON CONFLICT (po_id, ingredient_id) DO NOTHING;
INSERT INTO po_lines (po_id, ingredient_id, qty_ordered, qty_received, purchase_uom) VALUES ('92f29ea2-24cf-530b-b55c-b180de52f9f8', 'NVLC10025', 15.58, 15.58, 'KG') ON CONFLICT (po_id, ingredient_id) DO NOTHING;
INSERT INTO po_lines (po_id, ingredient_id, qty_ordered, qty_received, purchase_uom) VALUES ('7bc66a36-cc27-56f5-8846-373606f5fc3d', 'NVLC1003', 5.85, 5.85, 'KG') ON CONFLICT (po_id, ingredient_id) DO NOTHING;
INSERT INTO po_lines (po_id, ingredient_id, qty_ordered, qty_received, purchase_uom) VALUES ('2bec6f34-d1bf-5644-bb8f-c79cefab2c86', 'NVLC1019', 15.1, 15.1, 'KG') ON CONFLICT (po_id, ingredient_id) DO NOTHING;
INSERT INTO po_lines (po_id, ingredient_id, qty_ordered, qty_received, purchase_uom) VALUES ('a1f0d674-e630-56af-a0bc-d7759450fe74', 'NVLC2001', 13.0, 13.0, 'KG') ON CONFLICT (po_id, ingredient_id) DO NOTHING;
INSERT INTO po_lines (po_id, ingredient_id, qty_ordered, qty_received, purchase_uom) VALUES ('92f29ea2-24cf-530b-b55c-b180de52f9f8', 'NVLC3001', 50.0, 50.0, 'KG') ON CONFLICT (po_id, ingredient_id) DO NOTHING;
INSERT INTO po_lines (po_id, ingredient_id, qty_ordered, qty_received, purchase_uom) VALUES ('7bc66a36-cc27-56f5-8846-373606f5fc3d', 'NVLC4010', 118.0, 118.0, 'KG') ON CONFLICT (po_id, ingredient_id) DO NOTHING;
INSERT INTO po_lines (po_id, ingredient_id, qty_ordered, qty_received, purchase_uom) VALUES ('2bec6f34-d1bf-5644-bb8f-c79cefab2c86', 'NVLC4011', 14.0, 14.0, 'KG') ON CONFLICT (po_id, ingredient_id) DO NOTHING;
INSERT INTO po_lines (po_id, ingredient_id, qty_ordered, qty_received, purchase_uom) VALUES ('81233325-ad28-59e2-a414-081aedd2651b', 'NVLC5001', 13.28, 13.28, 'KG') ON CONFLICT (po_id, ingredient_id) DO NOTHING;
INSERT INTO po_lines (po_id, ingredient_id, qty_ordered, qty_received, purchase_uom) VALUES ('a1f0d674-e630-56af-a0bc-d7759450fe74', 'NVLC5005', 2.9, 2.9, 'KG') ON CONFLICT (po_id, ingredient_id) DO NOTHING;
INSERT INTO po_lines (po_id, ingredient_id, qty_ordered, qty_received, purchase_uom) VALUES ('92f29ea2-24cf-530b-b55c-b180de52f9f8', 'NVLC5020', 4.68, 4.68, 'KG') ON CONFLICT (po_id, ingredient_id) DO NOTHING;
INSERT INTO po_lines (po_id, ingredient_id, qty_ordered, qty_received, purchase_uom) VALUES ('7bc66a36-cc27-56f5-8846-373606f5fc3d', 'NVLC5022', 11.0, 11.0, 'KG') ON CONFLICT (po_id, ingredient_id) DO NOTHING;
INSERT INTO po_lines (po_id, ingredient_id, qty_ordered, qty_received, purchase_uom) VALUES ('2bec6f34-d1bf-5644-bb8f-c79cefab2c86', 'NVLC60021', 5.0, 5.0, 'KG') ON CONFLICT (po_id, ingredient_id) DO NOTHING;
INSERT INTO po_lines (po_id, ingredient_id, qty_ordered, qty_received, purchase_uom) VALUES ('81233325-ad28-59e2-a414-081aedd2651b', 'NVLC60201', 1.5, 1.5, 'KG') ON CONFLICT (po_id, ingredient_id) DO NOTHING;

-- Goods Receipts
INSERT INTO goods_receipts (id, po_id, supplier_id, invoice_no, invoice_amount, currency, fx_rate, duty, freight, match_status, status, business_date) VALUES ('29a3cf6b-c83e-5c4c-a3a1-1550c354b316', 'a1f0d674-e630-56af-a0bc-d7759450fe74', '90000000-0000-0000-0000-000000000004', 'INV-0602-AN', 31477465.0, 'VND', 1.0000, 0.0, 0.0, 'APPROVED', 'approved', '2026-06-02') ON CONFLICT (id) DO NOTHING;
INSERT INTO goods_receipts (id, po_id, supplier_id, invoice_no, invoice_amount, currency, fx_rate, duty, freight, match_status, status, business_date) VALUES ('9647a7ac-3316-595c-9873-e411dbbd4332', '92f29ea2-24cf-530b-b55c-b180de52f9f8', '90000000-0000-0000-0000-000000000004', 'INV-0603-AN', 60225726.0, 'VND', 1.0000, 0.0, 0.0, 'APPROVED', 'approved', '2026-06-02') ON CONFLICT (id) DO NOTHING;
INSERT INTO goods_receipts (id, po_id, supplier_id, invoice_no, invoice_amount, currency, fx_rate, duty, freight, match_status, status, business_date) VALUES ('e079480e-ebd4-53f1-8f56-abf7af3520bb', '7bc66a36-cc27-56f5-8846-373606f5fc3d', '90000000-0000-0000-0000-000000000004', 'INV-0604-AN', 30125852.0, 'VND', 1.0000, 0.0, 0.0, 'APPROVED', 'approved', '2026-06-02') ON CONFLICT (id) DO NOTHING;
INSERT INTO goods_receipts (id, po_id, supplier_id, invoice_no, invoice_amount, currency, fx_rate, duty, freight, match_status, status, business_date) VALUES ('66043c3f-5a6e-5b73-8568-b6267e0c029d', '2bec6f34-d1bf-5644-bb8f-c79cefab2c86', '90000000-0000-0000-0000-000000000004', 'INV-0605-AN', 21350540.0, 'VND', 1.0000, 0.0, 0.0, 'APPROVED', 'approved', '2026-06-02') ON CONFLICT (id) DO NOTHING;
INSERT INTO goods_receipts (id, po_id, supplier_id, invoice_no, invoice_amount, currency, fx_rate, duty, freight, match_status, status, business_date) VALUES ('b44e5630-176f-5ba5-a9c2-c38c0d81b779', '81233325-ad28-59e2-a414-081aedd2651b', '90000000-0000-0000-0000-000000000004', 'INV-0606-AN', 18133214.0, 'VND', 1.0000, 0.0, 0.0, 'APPROVED', 'approved', '2026-06-02') ON CONFLICT (id) DO NOTHING;

-- GRN Lines
INSERT INTO grn_lines (grn_id, ingredient_id, qty_received, purchase_uom, unit_price_fx, landed_unit_cost) VALUES ('29a3cf6b-c83e-5c4c-a3a1-1550c354b316', 'V9006', 3.0, 'CHAI', 638000.0, 638000.0) ON CONFLICT (grn_id, ingredient_id) DO NOTHING;
INSERT INTO grn_lines (grn_id, ingredient_id, qty_received, purchase_uom, unit_price_fx, landed_unit_cost) VALUES ('9647a7ac-3316-595c-9873-e411dbbd4332', 'B5001', 24.0, 'CHAI', 17500.0, 17500.0) ON CONFLICT (grn_id, ingredient_id) DO NOTHING;
INSERT INTO grn_lines (grn_id, ingredient_id, qty_received, purchase_uom, unit_price_fx, landed_unit_cost) VALUES ('e079480e-ebd4-53f1-8f56-abf7af3520bb', 'B5004', 192.0, 'LON', 12083.33333333333, 12083.33333333333) ON CONFLICT (grn_id, ingredient_id) DO NOTHING;
INSERT INTO grn_lines (grn_id, ingredient_id, qty_received, purchase_uom, unit_price_fx, landed_unit_cost) VALUES ('66043c3f-5a6e-5b73-8568-b6267e0c029d', 'B5005', 40.0, 'CHAI', 14000.0, 14000.0) ON CONFLICT (grn_id, ingredient_id) DO NOTHING;
INSERT INTO grn_lines (grn_id, ingredient_id, qty_received, purchase_uom, unit_price_fx, landed_unit_cost) VALUES ('b44e5630-176f-5ba5-a9c2-c38c0d81b779', 'B5007', 165.0, 'LY', 23600.0, 23600.0) ON CONFLICT (grn_id, ingredient_id) DO NOTHING;
INSERT INTO grn_lines (grn_id, ingredient_id, qty_received, purchase_uom, unit_price_fx, landed_unit_cost) VALUES ('29a3cf6b-c83e-5c4c-a3a1-1550c354b316', 'B5010', 40.0, 'CHAI', 12500.0, 12500.0) ON CONFLICT (grn_id, ingredient_id) DO NOTHING;
INSERT INTO grn_lines (grn_id, ingredient_id, qty_received, purchase_uom, unit_price_fx, landed_unit_cost) VALUES ('9647a7ac-3316-595c-9873-e411dbbd4332', 'B5012', 73.0, 'LON', 15547.94520547945, 15547.94520547945) ON CONFLICT (grn_id, ingredient_id) DO NOTHING;
INSERT INTO grn_lines (grn_id, ingredient_id, qty_received, purchase_uom, unit_price_fx, landed_unit_cost) VALUES ('e079480e-ebd4-53f1-8f56-abf7af3520bb', 'V2002', 6.0, 'CHAI', 320000.0, 320000.0) ON CONFLICT (grn_id, ingredient_id) DO NOTHING;
INSERT INTO grn_lines (grn_id, ingredient_id, qty_received, purchase_uom, unit_price_fx, landed_unit_cost) VALUES ('66043c3f-5a6e-5b73-8568-b6267e0c029d', 'V6026', 2.0, 'CHAI', 573000.0, 573000.0) ON CONFLICT (grn_id, ingredient_id) DO NOTHING;
INSERT INTO grn_lines (grn_id, ingredient_id, qty_received, purchase_uom, unit_price_fx, landed_unit_cost) VALUES ('b44e5630-176f-5ba5-a9c2-c38c0d81b779', 'V6034', 3.0, 'CHAI', 250000.0, 250000.0) ON CONFLICT (grn_id, ingredient_id) DO NOTHING;
INSERT INTO grn_lines (grn_id, ingredient_id, qty_received, purchase_uom, unit_price_fx, landed_unit_cost) VALUES ('29a3cf6b-c83e-5c4c-a3a1-1550c354b316', 'V6035', 4.0, 'CHAI', 250000.0, 250000.0) ON CONFLICT (grn_id, ingredient_id) DO NOTHING;
INSERT INTO grn_lines (grn_id, ingredient_id, qty_received, purchase_uom, unit_price_fx, landed_unit_cost) VALUES ('9647a7ac-3316-595c-9873-e411dbbd4332', 'NLP60031', 7.0, 'QUA', 40000.0, 40000.0) ON CONFLICT (grn_id, ingredient_id) DO NOTHING;
INSERT INTO grn_lines (grn_id, ingredient_id, qty_received, purchase_uom, unit_price_fx, landed_unit_cost) VALUES ('e079480e-ebd4-53f1-8f56-abf7af3520bb', 'NLP60032', 2.0, 'KG', 40000.0, 40000.0) ON CONFLICT (grn_id, ingredient_id) DO NOTHING;
INSERT INTO grn_lines (grn_id, ingredient_id, qty_received, purchase_uom, unit_price_fx, landed_unit_cost) VALUES ('66043c3f-5a6e-5b73-8568-b6267e0c029d', 'NLP60033', 4.0, 'KG', 35000.0, 35000.0) ON CONFLICT (grn_id, ingredient_id) DO NOTHING;
INSERT INTO grn_lines (grn_id, ingredient_id, qty_received, purchase_uom, unit_price_fx, landed_unit_cost) VALUES ('29a3cf6b-c83e-5c4c-a3a1-1550c354b316', 'NLP60034', 8.9, 'KG', 45000.0, 45000.0) ON CONFLICT (grn_id, ingredient_id) DO NOTHING;
INSERT INTO grn_lines (grn_id, ingredient_id, qty_received, purchase_uom, unit_price_fx, landed_unit_cost) VALUES ('9647a7ac-3316-595c-9873-e411dbbd4332', 'NLP60035', 2.7, 'KG', 26000.0, 26000.0) ON CONFLICT (grn_id, ingredient_id) DO NOTHING;
INSERT INTO grn_lines (grn_id, ingredient_id, qty_received, purchase_uom, unit_price_fx, landed_unit_cost) VALUES ('e079480e-ebd4-53f1-8f56-abf7af3520bb', 'NLP60041', 2.0, 'QUA', 25000.0, 25000.0) ON CONFLICT (grn_id, ingredient_id) DO NOTHING;
INSERT INTO grn_lines (grn_id, ingredient_id, qty_received, purchase_uom, unit_price_fx, landed_unit_cost) VALUES ('66043c3f-5a6e-5b73-8568-b6267e0c029d', 'V4045', 2.0, 'CHAI', 816750.0, 816750.0) ON CONFLICT (grn_id, ingredient_id) DO NOTHING;
INSERT INTO grn_lines (grn_id, ingredient_id, qty_received, purchase_uom, unit_price_fx, landed_unit_cost) VALUES ('b44e5630-176f-5ba5-a9c2-c38c0d81b779', 'V4064', 2.0, 'Chai', 440000.0, 440000.0) ON CONFLICT (grn_id, ingredient_id) DO NOTHING;
INSERT INTO grn_lines (grn_id, ingredient_id, qty_received, purchase_uom, unit_price_fx, landed_unit_cost) VALUES ('29a3cf6b-c83e-5c4c-a3a1-1550c354b316', 'V4074', 1.0, 'Chai', 412500.0, 412500.0) ON CONFLICT (grn_id, ingredient_id) DO NOTHING;
INSERT INTO grn_lines (grn_id, ingredient_id, qty_received, purchase_uom, unit_price_fx, landed_unit_cost) VALUES ('9647a7ac-3316-595c-9873-e411dbbd4332', 'M6008', 120.0, 'CHAI', 7041.65, 7041.65) ON CONFLICT (grn_id, ingredient_id) DO NOTHING;
INSERT INTO grn_lines (grn_id, ingredient_id, qty_received, purchase_uom, unit_price_fx, landed_unit_cost) VALUES ('e079480e-ebd4-53f1-8f56-abf7af3520bb', 'M6009', 24.0, 'CHAI', 40824.0, 40824.0) ON CONFLICT (grn_id, ingredient_id) DO NOTHING;
INSERT INTO grn_lines (grn_id, ingredient_id, qty_received, purchase_uom, unit_price_fx, landed_unit_cost) VALUES ('66043c3f-5a6e-5b73-8568-b6267e0c029d', 'M6010', 24.0, 'CHAI', 42120.0, 42120.0) ON CONFLICT (grn_id, ingredient_id) DO NOTHING;
INSERT INTO grn_lines (grn_id, ingredient_id, qty_received, purchase_uom, unit_price_fx, landed_unit_cost) VALUES ('b44e5630-176f-5ba5-a9c2-c38c0d81b779', 'NLP1005', 2.4, 'KG', 901800.0, 901800.0) ON CONFLICT (grn_id, ingredient_id) DO NOTHING;
INSERT INTO grn_lines (grn_id, ingredient_id, qty_received, purchase_uom, unit_price_fx, landed_unit_cost) VALUES ('29a3cf6b-c83e-5c4c-a3a1-1550c354b316', 'NLP1007', 4.0, 'GOI', 239760.0, 239760.0) ON CONFLICT (grn_id, ingredient_id) DO NOTHING;
INSERT INTO grn_lines (grn_id, ingredient_id, qty_received, purchase_uom, unit_price_fx, landed_unit_cost) VALUES ('9647a7ac-3316-595c-9873-e411dbbd4332', 'NLP2003', 1.0, 'KG', 197640.0, 197640.0) ON CONFLICT (grn_id, ingredient_id) DO NOTHING;
INSERT INTO grn_lines (grn_id, ingredient_id, qty_received, purchase_uom, unit_price_fx, landed_unit_cost) VALUES ('e079480e-ebd4-53f1-8f56-abf7af3520bb', 'NLP2004', 1.0, 'KG', 187920.0, 187920.0) ON CONFLICT (grn_id, ingredient_id) DO NOTHING;
INSERT INTO grn_lines (grn_id, ingredient_id, qty_received, purchase_uom, unit_price_fx, landed_unit_cost) VALUES ('66043c3f-5a6e-5b73-8568-b6267e0c029d', 'NLP2008', 0.9, 'KG', 1188000.0, 1188000.0) ON CONFLICT (grn_id, ingredient_id) DO NOTHING;
INSERT INTO grn_lines (grn_id, ingredient_id, qty_received, purchase_uom, unit_price_fx, landed_unit_cost) VALUES ('29a3cf6b-c83e-5c4c-a3a1-1550c354b316', 'NLP2011', 6.71, 'KG', 1725607.302533532, 1725607.302533532) ON CONFLICT (grn_id, ingredient_id) DO NOTHING;
INSERT INTO grn_lines (grn_id, ingredient_id, qty_received, purchase_uom, unit_price_fx, landed_unit_cost) VALUES ('9647a7ac-3316-595c-9873-e411dbbd4332', 'NLP2014', 2.09, 'KG', 313200.0, 313200.0) ON CONFLICT (grn_id, ingredient_id) DO NOTHING;
INSERT INTO grn_lines (grn_id, ingredient_id, qty_received, purchase_uom, unit_price_fx, landed_unit_cost) VALUES ('e079480e-ebd4-53f1-8f56-abf7af3520bb', 'NLP2021', 250.0, 'QUA', 2800.0, 2800.0) ON CONFLICT (grn_id, ingredient_id) DO NOTHING;
INSERT INTO grn_lines (grn_id, ingredient_id, qty_received, purchase_uom, unit_price_fx, landed_unit_cost) VALUES ('66043c3f-5a6e-5b73-8568-b6267e0c029d', 'NLP3008', 10.0, 'KG', 305070.0, 305070.0) ON CONFLICT (grn_id, ingredient_id) DO NOTHING;
INSERT INTO grn_lines (grn_id, ingredient_id, qty_received, purchase_uom, unit_price_fx, landed_unit_cost) VALUES ('b44e5630-176f-5ba5-a9c2-c38c0d81b779', 'NLP3016', 36.0, 'HOP', 40855.94444444445, 40855.94444444445) ON CONFLICT (grn_id, ingredient_id) DO NOTHING;
INSERT INTO grn_lines (grn_id, ingredient_id, qty_received, purchase_uom, unit_price_fx, landed_unit_cost) VALUES ('29a3cf6b-c83e-5c4c-a3a1-1550c354b316', 'NLP3018', 20.0, 'KG', 38000.0, 38000.0) ON CONFLICT (grn_id, ingredient_id) DO NOTHING;
INSERT INTO grn_lines (grn_id, ingredient_id, qty_received, purchase_uom, unit_price_fx, landed_unit_cost) VALUES ('9647a7ac-3316-595c-9873-e411dbbd4332', 'NLP3019', 20.0, 'KG', 25000.0, 25000.0) ON CONFLICT (grn_id, ingredient_id) DO NOTHING;
INSERT INTO grn_lines (grn_id, ingredient_id, qty_received, purchase_uom, unit_price_fx, landed_unit_cost) VALUES ('e079480e-ebd4-53f1-8f56-abf7af3520bb', 'NLP4002', 5.0, 'KG', 132731.2, 132731.2) ON CONFLICT (grn_id, ingredient_id) DO NOTHING;
INSERT INTO grn_lines (grn_id, ingredient_id, qty_received, purchase_uom, unit_price_fx, landed_unit_cost) VALUES ('66043c3f-5a6e-5b73-8568-b6267e0c029d', 'NLP50182', 5.0, 'KG', 382752.0, 382752.0) ON CONFLICT (grn_id, ingredient_id) DO NOTHING;
INSERT INTO grn_lines (grn_id, ingredient_id, qty_received, purchase_uom, unit_price_fx, landed_unit_cost) VALUES ('b44e5630-176f-5ba5-a9c2-c38c0d81b779', 'NLP50215', 0.8, 'KG', 240000.0, 240000.0) ON CONFLICT (grn_id, ingredient_id) DO NOTHING;
INSERT INTO grn_lines (grn_id, ingredient_id, qty_received, purchase_uom, unit_price_fx, landed_unit_cost) VALUES ('29a3cf6b-c83e-5c4c-a3a1-1550c354b316', 'NLP50218', 0.5, 'KG', 920000.0, 920000.0) ON CONFLICT (grn_id, ingredient_id) DO NOTHING;
INSERT INTO grn_lines (grn_id, ingredient_id, qty_received, purchase_uom, unit_price_fx, landed_unit_cost) VALUES ('9647a7ac-3316-595c-9873-e411dbbd4332', 'NLP6002', 52.3, 'KG', 570984.7036328872, 570984.7036328872) ON CONFLICT (grn_id, ingredient_id) DO NOTHING;
INSERT INTO grn_lines (grn_id, ingredient_id, qty_received, purchase_uom, unit_price_fx, landed_unit_cost) VALUES ('e079480e-ebd4-53f1-8f56-abf7af3520bb', 'NLP60032', 2.0, 'KG', 37500.0, 37500.0) ON CONFLICT (grn_id, ingredient_id) DO NOTHING;
INSERT INTO grn_lines (grn_id, ingredient_id, qty_received, purchase_uom, unit_price_fx, landed_unit_cost) VALUES ('66043c3f-5a6e-5b73-8568-b6267e0c029d', 'NLP60034', 6.1, 'KG', 47459.01639344262, 47459.01639344262) ON CONFLICT (grn_id, ingredient_id) DO NOTHING;
INSERT INTO grn_lines (grn_id, ingredient_id, qty_received, purchase_uom, unit_price_fx, landed_unit_cost) VALUES ('29a3cf6b-c83e-5c4c-a3a1-1550c354b316', 'NLP60035', 13.6, 'KG', 26000.0, 26000.0) ON CONFLICT (grn_id, ingredient_id) DO NOTHING;
INSERT INTO grn_lines (grn_id, ingredient_id, qty_received, purchase_uom, unit_price_fx, landed_unit_cost) VALUES ('9647a7ac-3316-595c-9873-e411dbbd4332', 'NLP60037', 4.1, 'KG', 59756.09756097561, 59756.09756097561) ON CONFLICT (grn_id, ingredient_id) DO NOTHING;
INSERT INTO grn_lines (grn_id, ingredient_id, qty_received, purchase_uom, unit_price_fx, landed_unit_cost) VALUES ('e079480e-ebd4-53f1-8f56-abf7af3520bb', 'NLP60039', 2.0, 'KG', 170000.0, 170000.0) ON CONFLICT (grn_id, ingredient_id) DO NOTHING;
INSERT INTO grn_lines (grn_id, ingredient_id, qty_received, purchase_uom, unit_price_fx, landed_unit_cost) VALUES ('66043c3f-5a6e-5b73-8568-b6267e0c029d', 'NLP60040', 2.3, 'KG', 100000.0, 100000.0) ON CONFLICT (grn_id, ingredient_id) DO NOTHING;
INSERT INTO grn_lines (grn_id, ingredient_id, qty_received, purchase_uom, unit_price_fx, landed_unit_cost) VALUES ('b44e5630-176f-5ba5-a9c2-c38c0d81b779', 'NLP60043', 8.4, 'KG', 45000.0, 45000.0) ON CONFLICT (grn_id, ingredient_id) DO NOTHING;
INSERT INTO grn_lines (grn_id, ingredient_id, qty_received, purchase_uom, unit_price_fx, landed_unit_cost) VALUES ('29a3cf6b-c83e-5c4c-a3a1-1550c354b316', 'NLP60045', 10.8, 'KG', 50000.0, 50000.0) ON CONFLICT (grn_id, ingredient_id) DO NOTHING;
INSERT INTO grn_lines (grn_id, ingredient_id, qty_received, purchase_uom, unit_price_fx, landed_unit_cost) VALUES ('9647a7ac-3316-595c-9873-e411dbbd4332', 'NLP60047', 0.8, 'KG', 180000.0, 180000.0) ON CONFLICT (grn_id, ingredient_id) DO NOTHING;
INSERT INTO grn_lines (grn_id, ingredient_id, qty_received, purchase_uom, unit_price_fx, landed_unit_cost) VALUES ('e079480e-ebd4-53f1-8f56-abf7af3520bb', 'NLP60048', 0.9, 'KG', 150000.0, 150000.0) ON CONFLICT (grn_id, ingredient_id) DO NOTHING;
INSERT INTO grn_lines (grn_id, ingredient_id, qty_received, purchase_uom, unit_price_fx, landed_unit_cost) VALUES ('66043c3f-5a6e-5b73-8568-b6267e0c029d', 'NLP60053', 5.0, 'NAI', 72000.0, 72000.0) ON CONFLICT (grn_id, ingredient_id) DO NOTHING;
INSERT INTO grn_lines (grn_id, ingredient_id, qty_received, purchase_uom, unit_price_fx, landed_unit_cost) VALUES ('b44e5630-176f-5ba5-a9c2-c38c0d81b779', 'NLP8002', 50.0, 'KG', 20000.0, 20000.0) ON CONFLICT (grn_id, ingredient_id) DO NOTHING;
INSERT INTO grn_lines (grn_id, ingredient_id, qty_received, purchase_uom, unit_price_fx, landed_unit_cost) VALUES ('29a3cf6b-c83e-5c4c-a3a1-1550c354b316', 'NVLC10011', 3.3, 'KG', 580000.0, 580000.0) ON CONFLICT (grn_id, ingredient_id) DO NOTHING;
INSERT INTO grn_lines (grn_id, ingredient_id, qty_received, purchase_uom, unit_price_fx, landed_unit_cost) VALUES ('9647a7ac-3316-595c-9873-e411dbbd4332', 'NVLC10025', 15.58, 'KG', 1130000.0, 1130000.0) ON CONFLICT (grn_id, ingredient_id) DO NOTHING;
INSERT INTO grn_lines (grn_id, ingredient_id, qty_received, purchase_uom, unit_price_fx, landed_unit_cost) VALUES ('e079480e-ebd4-53f1-8f56-abf7af3520bb', 'NVLC1003', 5.85, 'KG', 970000.0000000001, 970000.0000000001) ON CONFLICT (grn_id, ingredient_id) DO NOTHING;
INSERT INTO grn_lines (grn_id, ingredient_id, qty_received, purchase_uom, unit_price_fx, landed_unit_cost) VALUES ('66043c3f-5a6e-5b73-8568-b6267e0c029d', 'NVLC1019', 15.1, 'KG', 270000.0, 270000.0) ON CONFLICT (grn_id, ingredient_id) DO NOTHING;
INSERT INTO grn_lines (grn_id, ingredient_id, qty_received, purchase_uom, unit_price_fx, landed_unit_cost) VALUES ('29a3cf6b-c83e-5c4c-a3a1-1550c354b316', 'NVLC2001', 13.0, 'KG', 755000.0, 755000.0) ON CONFLICT (grn_id, ingredient_id) DO NOTHING;
INSERT INTO grn_lines (grn_id, ingredient_id, qty_received, purchase_uom, unit_price_fx, landed_unit_cost) VALUES ('9647a7ac-3316-595c-9873-e411dbbd4332', 'NVLC3001', 50.0, 'KG', 97000.0, 97000.0) ON CONFLICT (grn_id, ingredient_id) DO NOTHING;
INSERT INTO grn_lines (grn_id, ingredient_id, qty_received, purchase_uom, unit_price_fx, landed_unit_cost) VALUES ('e079480e-ebd4-53f1-8f56-abf7af3520bb', 'NVLC4010', 118.0, 'KG', 90000.0, 90000.0) ON CONFLICT (grn_id, ingredient_id) DO NOTHING;
INSERT INTO grn_lines (grn_id, ingredient_id, qty_received, purchase_uom, unit_price_fx, landed_unit_cost) VALUES ('66043c3f-5a6e-5b73-8568-b6267e0c029d', 'NVLC4011', 14.0, 'KG', 80000.0, 80000.0) ON CONFLICT (grn_id, ingredient_id) DO NOTHING;
INSERT INTO grn_lines (grn_id, ingredient_id, qty_received, purchase_uom, unit_price_fx, landed_unit_cost) VALUES ('b44e5630-176f-5ba5-a9c2-c38c0d81b779', 'NVLC5001', 13.28, 'KG', 529298.1927710844, 529298.1927710844) ON CONFLICT (grn_id, ingredient_id) DO NOTHING;
INSERT INTO grn_lines (grn_id, ingredient_id, qty_received, purchase_uom, unit_price_fx, landed_unit_cost) VALUES ('29a3cf6b-c83e-5c4c-a3a1-1550c354b316', 'NVLC5005', 2.9, 'KG', 300000.0, 300000.0) ON CONFLICT (grn_id, ingredient_id) DO NOTHING;
INSERT INTO grn_lines (grn_id, ingredient_id, qty_received, purchase_uom, unit_price_fx, landed_unit_cost) VALUES ('9647a7ac-3316-595c-9873-e411dbbd4332', 'NVLC5020', 4.68, 'KG', 730000.0, 730000.0) ON CONFLICT (grn_id, ingredient_id) DO NOTHING;
INSERT INTO grn_lines (grn_id, ingredient_id, qty_received, purchase_uom, unit_price_fx, landed_unit_cost) VALUES ('e079480e-ebd4-53f1-8f56-abf7af3520bb', 'NVLC5022', 11.0, 'KG', 580000.0, 580000.0) ON CONFLICT (grn_id, ingredient_id) DO NOTHING;
INSERT INTO grn_lines (grn_id, ingredient_id, qty_received, purchase_uom, unit_price_fx, landed_unit_cost) VALUES ('66043c3f-5a6e-5b73-8568-b6267e0c029d', 'NVLC60021', 5.0, 'KG', 950000.0, 950000.0) ON CONFLICT (grn_id, ingredient_id) DO NOTHING;
INSERT INTO grn_lines (grn_id, ingredient_id, qty_received, purchase_uom, unit_price_fx, landed_unit_cost) VALUES ('b44e5630-176f-5ba5-a9c2-c38c0d81b779', 'NVLC60201', 1.5, 'KG', 250000.0, 250000.0) ON CONFLICT (grn_id, ingredient_id) DO NOTHING;

-- Inventory Transactions (Purchases)
INSERT INTO inventory_transactions (ingredient_id, txn_type, qty, unit_cost, ref_table, ref_id, business_date, status, location_id) VALUES ('V9006', 'IMPORT', 3.0, 638000.0, 'goods_receipts', '29a3cf6b-c83e-5c4c-a3a1-1550c354b316', '2026-06-02', 'approved', 'BAR');
INSERT INTO inventory_transactions (ingredient_id, txn_type, qty, unit_cost, ref_table, ref_id, business_date, status, location_id) VALUES ('B5001', 'IMPORT', 24.0, 17500.0, 'goods_receipts', '9647a7ac-3316-595c-9873-e411dbbd4332', '2026-06-02', 'approved', 'BAR');
INSERT INTO inventory_transactions (ingredient_id, txn_type, qty, unit_cost, ref_table, ref_id, business_date, status, location_id) VALUES ('B5004', 'IMPORT', 192.0, 12083.33333333333, 'goods_receipts', 'e079480e-ebd4-53f1-8f56-abf7af3520bb', '2026-06-02', 'approved', 'BAR');
INSERT INTO inventory_transactions (ingredient_id, txn_type, qty, unit_cost, ref_table, ref_id, business_date, status, location_id) VALUES ('B5005', 'IMPORT', 40.0, 14000.0, 'goods_receipts', '66043c3f-5a6e-5b73-8568-b6267e0c029d', '2026-06-02', 'approved', 'BAR');
INSERT INTO inventory_transactions (ingredient_id, txn_type, qty, unit_cost, ref_table, ref_id, business_date, status, location_id) VALUES ('B5007', 'IMPORT', 165.0, 23600.0, 'goods_receipts', 'b44e5630-176f-5ba5-a9c2-c38c0d81b779', '2026-06-02', 'approved', 'BAR');
INSERT INTO inventory_transactions (ingredient_id, txn_type, qty, unit_cost, ref_table, ref_id, business_date, status, location_id) VALUES ('B5010', 'IMPORT', 40.0, 12500.0, 'goods_receipts', '29a3cf6b-c83e-5c4c-a3a1-1550c354b316', '2026-06-02', 'approved', 'BAR');
INSERT INTO inventory_transactions (ingredient_id, txn_type, qty, unit_cost, ref_table, ref_id, business_date, status, location_id) VALUES ('B5012', 'IMPORT', 73.0, 15547.94520547945, 'goods_receipts', '9647a7ac-3316-595c-9873-e411dbbd4332', '2026-06-02', 'approved', 'BAR');
INSERT INTO inventory_transactions (ingredient_id, txn_type, qty, unit_cost, ref_table, ref_id, business_date, status, location_id) VALUES ('V2002', 'IMPORT', 6.0, 320000.0, 'goods_receipts', 'e079480e-ebd4-53f1-8f56-abf7af3520bb', '2026-06-02', 'approved', 'BAR');
INSERT INTO inventory_transactions (ingredient_id, txn_type, qty, unit_cost, ref_table, ref_id, business_date, status, location_id) VALUES ('V6026', 'IMPORT', 2.0, 573000.0, 'goods_receipts', '66043c3f-5a6e-5b73-8568-b6267e0c029d', '2026-06-02', 'approved', 'BAR');
INSERT INTO inventory_transactions (ingredient_id, txn_type, qty, unit_cost, ref_table, ref_id, business_date, status, location_id) VALUES ('V6034', 'IMPORT', 3.0, 250000.0, 'goods_receipts', 'b44e5630-176f-5ba5-a9c2-c38c0d81b779', '2026-06-02', 'approved', 'BAR');
INSERT INTO inventory_transactions (ingredient_id, txn_type, qty, unit_cost, ref_table, ref_id, business_date, status, location_id) VALUES ('V6035', 'IMPORT', 4.0, 250000.0, 'goods_receipts', '29a3cf6b-c83e-5c4c-a3a1-1550c354b316', '2026-06-02', 'approved', 'BAR');
INSERT INTO inventory_transactions (ingredient_id, txn_type, qty, unit_cost, ref_table, ref_id, business_date, status, location_id) VALUES ('NLP60031', 'IMPORT', 7.0, 40000.0, 'goods_receipts', '9647a7ac-3316-595c-9873-e411dbbd4332', '2026-06-02', 'approved', 'MAIN_STORE');
INSERT INTO inventory_transactions (ingredient_id, txn_type, qty, unit_cost, ref_table, ref_id, business_date, status, location_id) VALUES ('NLP60032', 'IMPORT', 2.0, 40000.0, 'goods_receipts', 'e079480e-ebd4-53f1-8f56-abf7af3520bb', '2026-06-02', 'approved', 'MAIN_STORE');
INSERT INTO inventory_transactions (ingredient_id, txn_type, qty, unit_cost, ref_table, ref_id, business_date, status, location_id) VALUES ('NLP60033', 'IMPORT', 4.0, 35000.0, 'goods_receipts', '66043c3f-5a6e-5b73-8568-b6267e0c029d', '2026-06-02', 'approved', 'MAIN_STORE');
INSERT INTO inventory_transactions (ingredient_id, txn_type, qty, unit_cost, ref_table, ref_id, business_date, status, location_id) VALUES ('NLP60034', 'IMPORT', 8.9, 45000.0, 'goods_receipts', '29a3cf6b-c83e-5c4c-a3a1-1550c354b316', '2026-06-02', 'approved', 'MAIN_STORE');
INSERT INTO inventory_transactions (ingredient_id, txn_type, qty, unit_cost, ref_table, ref_id, business_date, status, location_id) VALUES ('NLP60035', 'IMPORT', 2.7, 26000.0, 'goods_receipts', '9647a7ac-3316-595c-9873-e411dbbd4332', '2026-06-02', 'approved', 'MAIN_STORE');
INSERT INTO inventory_transactions (ingredient_id, txn_type, qty, unit_cost, ref_table, ref_id, business_date, status, location_id) VALUES ('NLP60041', 'IMPORT', 2.0, 25000.0, 'goods_receipts', 'e079480e-ebd4-53f1-8f56-abf7af3520bb', '2026-06-02', 'approved', 'MAIN_STORE');
INSERT INTO inventory_transactions (ingredient_id, txn_type, qty, unit_cost, ref_table, ref_id, business_date, status, location_id) VALUES ('V4045', 'IMPORT', 2.0, 816750.0, 'goods_receipts', '66043c3f-5a6e-5b73-8568-b6267e0c029d', '2026-06-02', 'approved', 'BAR');
INSERT INTO inventory_transactions (ingredient_id, txn_type, qty, unit_cost, ref_table, ref_id, business_date, status, location_id) VALUES ('V4064', 'IMPORT', 2.0, 440000.0, 'goods_receipts', 'b44e5630-176f-5ba5-a9c2-c38c0d81b779', '2026-06-02', 'approved', 'BAR');
INSERT INTO inventory_transactions (ingredient_id, txn_type, qty, unit_cost, ref_table, ref_id, business_date, status, location_id) VALUES ('V4074', 'IMPORT', 1.0, 412500.0, 'goods_receipts', '29a3cf6b-c83e-5c4c-a3a1-1550c354b316', '2026-06-02', 'approved', 'BAR');
INSERT INTO inventory_transactions (ingredient_id, txn_type, qty, unit_cost, ref_table, ref_id, business_date, status, location_id) VALUES ('M6008', 'IMPORT', 120.0, 7041.65, 'goods_receipts', '9647a7ac-3316-595c-9873-e411dbbd4332', '2026-06-02', 'approved', 'BAR');
INSERT INTO inventory_transactions (ingredient_id, txn_type, qty, unit_cost, ref_table, ref_id, business_date, status, location_id) VALUES ('M6009', 'IMPORT', 24.0, 40824.0, 'goods_receipts', 'e079480e-ebd4-53f1-8f56-abf7af3520bb', '2026-06-02', 'approved', 'BAR');
INSERT INTO inventory_transactions (ingredient_id, txn_type, qty, unit_cost, ref_table, ref_id, business_date, status, location_id) VALUES ('M6010', 'IMPORT', 24.0, 42120.0, 'goods_receipts', '66043c3f-5a6e-5b73-8568-b6267e0c029d', '2026-06-02', 'approved', 'BAR');
INSERT INTO inventory_transactions (ingredient_id, txn_type, qty, unit_cost, ref_table, ref_id, business_date, status, location_id) VALUES ('NLP1005', 'IMPORT', 2.4, 901800.0, 'goods_receipts', 'b44e5630-176f-5ba5-a9c2-c38c0d81b779', '2026-06-02', 'approved', 'MAIN_STORE');
INSERT INTO inventory_transactions (ingredient_id, txn_type, qty, unit_cost, ref_table, ref_id, business_date, status, location_id) VALUES ('NLP1007', 'IMPORT', 4.0, 239760.0, 'goods_receipts', '29a3cf6b-c83e-5c4c-a3a1-1550c354b316', '2026-06-02', 'approved', 'MAIN_STORE');
INSERT INTO inventory_transactions (ingredient_id, txn_type, qty, unit_cost, ref_table, ref_id, business_date, status, location_id) VALUES ('NLP2003', 'IMPORT', 1.0, 197640.0, 'goods_receipts', '9647a7ac-3316-595c-9873-e411dbbd4332', '2026-06-02', 'approved', 'MAIN_STORE');
INSERT INTO inventory_transactions (ingredient_id, txn_type, qty, unit_cost, ref_table, ref_id, business_date, status, location_id) VALUES ('NLP2004', 'IMPORT', 1.0, 187920.0, 'goods_receipts', 'e079480e-ebd4-53f1-8f56-abf7af3520bb', '2026-06-02', 'approved', 'MAIN_STORE');
INSERT INTO inventory_transactions (ingredient_id, txn_type, qty, unit_cost, ref_table, ref_id, business_date, status, location_id) VALUES ('NLP2008', 'IMPORT', 0.9, 1188000.0, 'goods_receipts', '66043c3f-5a6e-5b73-8568-b6267e0c029d', '2026-06-02', 'approved', 'MAIN_STORE');
INSERT INTO inventory_transactions (ingredient_id, txn_type, qty, unit_cost, ref_table, ref_id, business_date, status, location_id) VALUES ('NLP2011', 'IMPORT', 6.71, 1725607.302533532, 'goods_receipts', '29a3cf6b-c83e-5c4c-a3a1-1550c354b316', '2026-06-02', 'approved', 'MAIN_STORE');
INSERT INTO inventory_transactions (ingredient_id, txn_type, qty, unit_cost, ref_table, ref_id, business_date, status, location_id) VALUES ('NLP2014', 'IMPORT', 2.09, 313200.0, 'goods_receipts', '9647a7ac-3316-595c-9873-e411dbbd4332', '2026-06-02', 'approved', 'MAIN_STORE');
INSERT INTO inventory_transactions (ingredient_id, txn_type, qty, unit_cost, ref_table, ref_id, business_date, status, location_id) VALUES ('NLP2021', 'IMPORT', 250.0, 2800.0, 'goods_receipts', 'e079480e-ebd4-53f1-8f56-abf7af3520bb', '2026-06-02', 'approved', 'MAIN_STORE');
INSERT INTO inventory_transactions (ingredient_id, txn_type, qty, unit_cost, ref_table, ref_id, business_date, status, location_id) VALUES ('NLP3008', 'IMPORT', 10.0, 305070.0, 'goods_receipts', '66043c3f-5a6e-5b73-8568-b6267e0c029d', '2026-06-02', 'approved', 'MAIN_STORE');
INSERT INTO inventory_transactions (ingredient_id, txn_type, qty, unit_cost, ref_table, ref_id, business_date, status, location_id) VALUES ('NLP3016', 'IMPORT', 36.0, 40855.94444444445, 'goods_receipts', 'b44e5630-176f-5ba5-a9c2-c38c0d81b779', '2026-06-02', 'approved', 'BAR');
INSERT INTO inventory_transactions (ingredient_id, txn_type, qty, unit_cost, ref_table, ref_id, business_date, status, location_id) VALUES ('NLP3018', 'IMPORT', 20.0, 38000.0, 'goods_receipts', '29a3cf6b-c83e-5c4c-a3a1-1550c354b316', '2026-06-02', 'approved', 'MAIN_STORE');
INSERT INTO inventory_transactions (ingredient_id, txn_type, qty, unit_cost, ref_table, ref_id, business_date, status, location_id) VALUES ('NLP3019', 'IMPORT', 20.0, 25000.0, 'goods_receipts', '9647a7ac-3316-595c-9873-e411dbbd4332', '2026-06-02', 'approved', 'MAIN_STORE');
INSERT INTO inventory_transactions (ingredient_id, txn_type, qty, unit_cost, ref_table, ref_id, business_date, status, location_id) VALUES ('NLP4002', 'IMPORT', 5.0, 132731.2, 'goods_receipts', 'e079480e-ebd4-53f1-8f56-abf7af3520bb', '2026-06-02', 'approved', 'MAIN_STORE');
INSERT INTO inventory_transactions (ingredient_id, txn_type, qty, unit_cost, ref_table, ref_id, business_date, status, location_id) VALUES ('NLP50182', 'IMPORT', 5.0, 382752.0, 'goods_receipts', '66043c3f-5a6e-5b73-8568-b6267e0c029d', '2026-06-02', 'approved', 'MAIN_STORE');
INSERT INTO inventory_transactions (ingredient_id, txn_type, qty, unit_cost, ref_table, ref_id, business_date, status, location_id) VALUES ('NLP50215', 'IMPORT', 0.8, 240000.0, 'goods_receipts', 'b44e5630-176f-5ba5-a9c2-c38c0d81b779', '2026-06-02', 'approved', 'MAIN_STORE');
INSERT INTO inventory_transactions (ingredient_id, txn_type, qty, unit_cost, ref_table, ref_id, business_date, status, location_id) VALUES ('NLP50218', 'IMPORT', 0.5, 920000.0, 'goods_receipts', '29a3cf6b-c83e-5c4c-a3a1-1550c354b316', '2026-06-02', 'approved', 'MAIN_STORE');
INSERT INTO inventory_transactions (ingredient_id, txn_type, qty, unit_cost, ref_table, ref_id, business_date, status, location_id) VALUES ('NLP6002', 'IMPORT', 52.3, 570984.7036328872, 'goods_receipts', '9647a7ac-3316-595c-9873-e411dbbd4332', '2026-06-02', 'approved', 'MAIN_STORE');
INSERT INTO inventory_transactions (ingredient_id, txn_type, qty, unit_cost, ref_table, ref_id, business_date, status, location_id) VALUES ('NLP60032', 'IMPORT', 2.0, 37500.0, 'goods_receipts', 'e079480e-ebd4-53f1-8f56-abf7af3520bb', '2026-06-02', 'approved', 'MAIN_STORE');
INSERT INTO inventory_transactions (ingredient_id, txn_type, qty, unit_cost, ref_table, ref_id, business_date, status, location_id) VALUES ('NLP60034', 'IMPORT', 6.1, 47459.01639344262, 'goods_receipts', '66043c3f-5a6e-5b73-8568-b6267e0c029d', '2026-06-02', 'approved', 'MAIN_STORE');
INSERT INTO inventory_transactions (ingredient_id, txn_type, qty, unit_cost, ref_table, ref_id, business_date, status, location_id) VALUES ('NLP60035', 'IMPORT', 13.6, 26000.0, 'goods_receipts', '29a3cf6b-c83e-5c4c-a3a1-1550c354b316', '2026-06-02', 'approved', 'MAIN_STORE');
INSERT INTO inventory_transactions (ingredient_id, txn_type, qty, unit_cost, ref_table, ref_id, business_date, status, location_id) VALUES ('NLP60037', 'IMPORT', 4.1, 59756.09756097561, 'goods_receipts', '9647a7ac-3316-595c-9873-e411dbbd4332', '2026-06-02', 'approved', 'MAIN_STORE');
INSERT INTO inventory_transactions (ingredient_id, txn_type, qty, unit_cost, ref_table, ref_id, business_date, status, location_id) VALUES ('NLP60039', 'IMPORT', 2.0, 170000.0, 'goods_receipts', 'e079480e-ebd4-53f1-8f56-abf7af3520bb', '2026-06-02', 'approved', 'MAIN_STORE');
INSERT INTO inventory_transactions (ingredient_id, txn_type, qty, unit_cost, ref_table, ref_id, business_date, status, location_id) VALUES ('NLP60040', 'IMPORT', 2.3, 100000.0, 'goods_receipts', '66043c3f-5a6e-5b73-8568-b6267e0c029d', '2026-06-02', 'approved', 'MAIN_STORE');
INSERT INTO inventory_transactions (ingredient_id, txn_type, qty, unit_cost, ref_table, ref_id, business_date, status, location_id) VALUES ('NLP60043', 'IMPORT', 8.4, 45000.0, 'goods_receipts', 'b44e5630-176f-5ba5-a9c2-c38c0d81b779', '2026-06-02', 'approved', 'MAIN_STORE');
INSERT INTO inventory_transactions (ingredient_id, txn_type, qty, unit_cost, ref_table, ref_id, business_date, status, location_id) VALUES ('NLP60045', 'IMPORT', 10.8, 50000.0, 'goods_receipts', '29a3cf6b-c83e-5c4c-a3a1-1550c354b316', '2026-06-02', 'approved', 'MAIN_STORE');
INSERT INTO inventory_transactions (ingredient_id, txn_type, qty, unit_cost, ref_table, ref_id, business_date, status, location_id) VALUES ('NLP60047', 'IMPORT', 0.8, 180000.0, 'goods_receipts', '9647a7ac-3316-595c-9873-e411dbbd4332', '2026-06-02', 'approved', 'MAIN_STORE');
INSERT INTO inventory_transactions (ingredient_id, txn_type, qty, unit_cost, ref_table, ref_id, business_date, status, location_id) VALUES ('NLP60048', 'IMPORT', 0.9, 150000.0, 'goods_receipts', 'e079480e-ebd4-53f1-8f56-abf7af3520bb', '2026-06-02', 'approved', 'MAIN_STORE');
INSERT INTO inventory_transactions (ingredient_id, txn_type, qty, unit_cost, ref_table, ref_id, business_date, status, location_id) VALUES ('NLP60053', 'IMPORT', 5.0, 72000.0, 'goods_receipts', '66043c3f-5a6e-5b73-8568-b6267e0c029d', '2026-06-02', 'approved', 'MAIN_STORE');
INSERT INTO inventory_transactions (ingredient_id, txn_type, qty, unit_cost, ref_table, ref_id, business_date, status, location_id) VALUES ('NLP8002', 'IMPORT', 50.0, 20000.0, 'goods_receipts', 'b44e5630-176f-5ba5-a9c2-c38c0d81b779', '2026-06-02', 'approved', 'MAIN_STORE');
INSERT INTO inventory_transactions (ingredient_id, txn_type, qty, unit_cost, ref_table, ref_id, business_date, status, location_id) VALUES ('NVLC10011', 'IMPORT', 3.3, 580000.0, 'goods_receipts', '29a3cf6b-c83e-5c4c-a3a1-1550c354b316', '2026-06-02', 'approved', 'MAIN_STORE');
INSERT INTO inventory_transactions (ingredient_id, txn_type, qty, unit_cost, ref_table, ref_id, business_date, status, location_id) VALUES ('NVLC10025', 'IMPORT', 15.58, 1130000.0, 'goods_receipts', '9647a7ac-3316-595c-9873-e411dbbd4332', '2026-06-02', 'approved', 'MAIN_STORE');
INSERT INTO inventory_transactions (ingredient_id, txn_type, qty, unit_cost, ref_table, ref_id, business_date, status, location_id) VALUES ('NVLC1003', 'IMPORT', 5.85, 970000.0000000001, 'goods_receipts', 'e079480e-ebd4-53f1-8f56-abf7af3520bb', '2026-06-02', 'approved', 'MAIN_STORE');
INSERT INTO inventory_transactions (ingredient_id, txn_type, qty, unit_cost, ref_table, ref_id, business_date, status, location_id) VALUES ('NVLC1019', 'IMPORT', 15.1, 270000.0, 'goods_receipts', '66043c3f-5a6e-5b73-8568-b6267e0c029d', '2026-06-02', 'approved', 'MAIN_STORE');
INSERT INTO inventory_transactions (ingredient_id, txn_type, qty, unit_cost, ref_table, ref_id, business_date, status, location_id) VALUES ('NVLC2001', 'IMPORT', 13.0, 755000.0, 'goods_receipts', '29a3cf6b-c83e-5c4c-a3a1-1550c354b316', '2026-06-02', 'approved', 'MAIN_STORE');
INSERT INTO inventory_transactions (ingredient_id, txn_type, qty, unit_cost, ref_table, ref_id, business_date, status, location_id) VALUES ('NVLC3001', 'IMPORT', 50.0, 97000.0, 'goods_receipts', '9647a7ac-3316-595c-9873-e411dbbd4332', '2026-06-02', 'approved', 'MAIN_STORE');
INSERT INTO inventory_transactions (ingredient_id, txn_type, qty, unit_cost, ref_table, ref_id, business_date, status, location_id) VALUES ('NVLC4010', 'IMPORT', 118.0, 90000.0, 'goods_receipts', 'e079480e-ebd4-53f1-8f56-abf7af3520bb', '2026-06-02', 'approved', 'MAIN_STORE');
INSERT INTO inventory_transactions (ingredient_id, txn_type, qty, unit_cost, ref_table, ref_id, business_date, status, location_id) VALUES ('NVLC4011', 'IMPORT', 14.0, 80000.0, 'goods_receipts', '66043c3f-5a6e-5b73-8568-b6267e0c029d', '2026-06-02', 'approved', 'MAIN_STORE');
INSERT INTO inventory_transactions (ingredient_id, txn_type, qty, unit_cost, ref_table, ref_id, business_date, status, location_id) VALUES ('NVLC5001', 'IMPORT', 13.28, 529298.1927710844, 'goods_receipts', 'b44e5630-176f-5ba5-a9c2-c38c0d81b779', '2026-06-02', 'approved', 'MAIN_STORE');
INSERT INTO inventory_transactions (ingredient_id, txn_type, qty, unit_cost, ref_table, ref_id, business_date, status, location_id) VALUES ('NVLC5005', 'IMPORT', 2.9, 300000.0, 'goods_receipts', '29a3cf6b-c83e-5c4c-a3a1-1550c354b316', '2026-06-02', 'approved', 'MAIN_STORE');
INSERT INTO inventory_transactions (ingredient_id, txn_type, qty, unit_cost, ref_table, ref_id, business_date, status, location_id) VALUES ('NVLC5020', 'IMPORT', 4.68, 730000.0, 'goods_receipts', '9647a7ac-3316-595c-9873-e411dbbd4332', '2026-06-02', 'approved', 'MAIN_STORE');
INSERT INTO inventory_transactions (ingredient_id, txn_type, qty, unit_cost, ref_table, ref_id, business_date, status, location_id) VALUES ('NVLC5022', 'IMPORT', 11.0, 580000.0, 'goods_receipts', 'e079480e-ebd4-53f1-8f56-abf7af3520bb', '2026-06-02', 'approved', 'MAIN_STORE');
INSERT INTO inventory_transactions (ingredient_id, txn_type, qty, unit_cost, ref_table, ref_id, business_date, status, location_id) VALUES ('NVLC60021', 'IMPORT', 5.0, 950000.0, 'goods_receipts', '66043c3f-5a6e-5b73-8568-b6267e0c029d', '2026-06-02', 'approved', 'MAIN_STORE');
INSERT INTO inventory_transactions (ingredient_id, txn_type, qty, unit_cost, ref_table, ref_id, business_date, status, location_id) VALUES ('NVLC60201', 'IMPORT', 1.5, 250000.0, 'goods_receipts', 'b44e5630-176f-5ba5-a9c2-c38c0d81b779', '2026-06-02', 'approved', 'MAIN_STORE');

-- Sales Imports
INSERT INTO sales_imports (id, import_date, menu_item_id, qty_sold, net_revenue, is_processed) VALUES ('ed308370-1215-53c5-8ba6-3997350ed235', '2026-06-13', 'B5001', 11, 571725.0, false) ON CONFLICT (id) DO NOTHING;
INSERT INTO sales_imports (id, import_date, menu_item_id, qty_sold, net_revenue, is_processed) VALUES ('ca3f8fcb-6791-57bb-bfa2-2b79a6ce5b7e', '2026-06-13', 'B5001', 14, 1260000.0, false) ON CONFLICT (id) DO NOTHING;
INSERT INTO sales_imports (id, import_date, menu_item_id, qty_sold, net_revenue, is_processed) VALUES ('4593d604-4c00-5eb6-b1a3-ef50fccf573f', '2026-06-13', 'B5002', 1, 51030.0, false) ON CONFLICT (id) DO NOTHING;
INSERT INTO sales_imports (id, import_date, menu_item_id, qty_sold, net_revenue, is_processed) VALUES ('a035968b-f1a0-503f-a76e-eb65bf6ca7eb', '2026-06-13', 'B5002', 3, 270000.0, false) ON CONFLICT (id) DO NOTHING;
INSERT INTO sales_imports (id, import_date, menu_item_id, qty_sold, net_revenue, is_processed) VALUES ('5133488f-3463-5fa9-84c2-dcec957940bc', '2026-06-13', 'B5004', 10, 560000.0, false) ON CONFLICT (id) DO NOTHING;
INSERT INTO sales_imports (id, import_date, menu_item_id, qty_sold, net_revenue, is_processed) VALUES ('947672d3-0546-5f87-ab89-a2f54efca63b', '2026-06-13', 'B5004', 12, 840000.0, false) ON CONFLICT (id) DO NOTHING;
INSERT INTO sales_imports (id, import_date, menu_item_id, qty_sold, net_revenue, is_processed) VALUES ('af48bd46-8987-5732-8518-1113b0eae841', '2026-06-13', 'B5004', 161, 11270000.0, false) ON CONFLICT (id) DO NOTHING;
INSERT INTO sales_imports (id, import_date, menu_item_id, qty_sold, net_revenue, is_processed) VALUES ('435dc5fc-9b02-51e2-99ab-cf8e888673c3', '2026-06-13', 'B5005', 3, 92421.0, false) ON CONFLICT (id) DO NOTHING;
INSERT INTO sales_imports (id, import_date, menu_item_id, qty_sold, net_revenue, is_processed) VALUES ('d5789ba5-a559-543b-bcce-fff810a84dc7', '2026-06-13', 'B5005', 3, 168000.0, false) ON CONFLICT (id) DO NOTHING;
INSERT INTO sales_imports (id, import_date, menu_item_id, qty_sold, net_revenue, is_processed) VALUES ('c2403d89-864e-50b4-b910-071d337fc9ba', '2026-06-13', 'B5005', 1, 70000.0, false) ON CONFLICT (id) DO NOTHING;
INSERT INTO sales_imports (id, import_date, menu_item_id, qty_sold, net_revenue, is_processed) VALUES ('ec4987d8-85d4-5c4f-8292-aa2aa2eb1641', '2026-06-13', 'B5005', 12, 840000.0, false) ON CONFLICT (id) DO NOTHING;
INSERT INTO sales_imports (id, import_date, menu_item_id, qty_sold, net_revenue, is_processed) VALUES ('588f50d3-1277-5c3a-92f5-975d524644fa', '2026-06-13', 'B5007', 44, 2198070.0, false) ON CONFLICT (id) DO NOTHING;
INSERT INTO sales_imports (id, import_date, menu_item_id, qty_sold, net_revenue, is_processed) VALUES ('754ceede-74c2-5ad3-95e4-f4400f36b69d', '2026-06-13', 'B5007', 5, 280000.0, false) ON CONFLICT (id) DO NOTHING;
INSERT INTO sales_imports (id, import_date, menu_item_id, qty_sold, net_revenue, is_processed) VALUES ('3269f607-a6a7-5e9e-bab8-c86b80434b61', '2026-06-13', 'B5007', 11, 770000.0, false) ON CONFLICT (id) DO NOTHING;
INSERT INTO sales_imports (id, import_date, menu_item_id, qty_sold, net_revenue, is_processed) VALUES ('d6f04174-ab6d-5fcb-8f6e-ceb94b074d56', '2026-06-13', 'B5007', 110, 7700000.0, false) ON CONFLICT (id) DO NOTHING;
INSERT INTO sales_imports (id, import_date, menu_item_id, qty_sold, net_revenue, is_processed) VALUES ('0793680c-e28d-5e0f-8103-7d382c526b55', '2026-06-13', 'B5010', 6, 102690.0, false) ON CONFLICT (id) DO NOTHING;
INSERT INTO sales_imports (id, import_date, menu_item_id, qty_sold, net_revenue, is_processed) VALUES ('65bc0a95-3068-596a-9c1f-094104217071', '2026-06-13', 'B5010', 2, 140000.0, false) ON CONFLICT (id) DO NOTHING;
INSERT INTO sales_imports (id, import_date, menu_item_id, qty_sold, net_revenue, is_processed) VALUES ('121fb6b8-640b-562b-aac4-bcf9cd8f6193', '2026-06-13', 'B5012', 1, 28917.0, false) ON CONFLICT (id) DO NOTHING;
INSERT INTO sales_imports (id, import_date, menu_item_id, qty_sold, net_revenue, is_processed) VALUES ('6501fb19-93ba-5e52-9d79-8ffb0b13e45b', '2026-06-13', 'B5012', 1, 56000.0, false) ON CONFLICT (id) DO NOTHING;
INSERT INTO sales_imports (id, import_date, menu_item_id, qty_sold, net_revenue, is_processed) VALUES ('f66c0bcb-1b93-5fd1-9d07-a75c3043f09c', '2026-06-13', 'B5012', 92, 6370000.0, false) ON CONFLICT (id) DO NOTHING;
INSERT INTO sales_imports (id, import_date, menu_item_id, qty_sold, net_revenue, is_processed) VALUES ('f8779707-19d7-5ee4-b61b-353187f1b492', '2026-06-13', 'B5016', 6, 780000.0, false) ON CONFLICT (id) DO NOTHING;
INSERT INTO sales_imports (id, import_date, menu_item_id, qty_sold, net_revenue, is_processed) VALUES ('4e92cd96-6290-5567-8968-3f4883b07a27', '2026-06-13', 'M5001', 1, 0.0, false) ON CONFLICT (id) DO NOTHING;
INSERT INTO sales_imports (id, import_date, menu_item_id, qty_sold, net_revenue, is_processed) VALUES ('e2ea6c92-ad64-5958-a57a-e30ab9d51dcf', '2026-06-13', 'M5006', 2, 0.0, false) ON CONFLICT (id) DO NOTHING;
INSERT INTO sales_imports (id, import_date, menu_item_id, qty_sold, net_revenue, is_processed) VALUES ('d887cc1b-77c8-52d8-8229-f5f0492bf962', '2026-06-13', 'M5006', 0, 0.0, false) ON CONFLICT (id) DO NOTHING;
INSERT INTO sales_imports (id, import_date, menu_item_id, qty_sold, net_revenue, is_processed) VALUES ('ab317754-f4df-5643-9a00-9af2c7549bb1', '2026-06-13', 'V2002', 1, 0.0, false) ON CONFLICT (id) DO NOTHING;
INSERT INTO sales_imports (id, import_date, menu_item_id, qty_sold, net_revenue, is_processed) VALUES ('fc461411-d425-52f3-9fcb-1335b983ef1e', '2026-06-13', 'V6027', 1, 1550000.0, false) ON CONFLICT (id) DO NOTHING;
INSERT INTO sales_imports (id, import_date, menu_item_id, qty_sold, net_revenue, is_processed) VALUES ('141bcd37-169b-5b17-88b8-5b65a5027cdd', '2026-06-13', 'V6034', 1, 1200000.0, false) ON CONFLICT (id) DO NOTHING;
INSERT INTO sales_imports (id, import_date, menu_item_id, qty_sold, net_revenue, is_processed) VALUES ('f3644a7a-b1e9-5e6d-ac38-9b8d7f54c92e', '2026-06-13', 'V6056', 1, 1300000.0, false) ON CONFLICT (id) DO NOTHING;
INSERT INTO sales_imports (id, import_date, menu_item_id, qty_sold, net_revenue, is_processed) VALUES ('71874b5f-fd9d-58ec-867e-3df7fa0fc057', '2026-06-13', 'V6059', 1, 1850000.0, false) ON CONFLICT (id) DO NOTHING;
INSERT INTO sales_imports (id, import_date, menu_item_id, qty_sold, net_revenue, is_processed) VALUES ('3a57fbcd-3750-5cbf-b8d3-c9bb18029d4b', '2026-06-13', 'M9204', 1, 346500.0, false) ON CONFLICT (id) DO NOTHING;
INSERT INTO sales_imports (id, import_date, menu_item_id, qty_sold, net_revenue, is_processed) VALUES ('21a827d7-54c1-58d8-b6f3-bbbeddfc6e48', '2026-06-13', 'M7012', 1, 220000.0, false) ON CONFLICT (id) DO NOTHING;
INSERT INTO sales_imports (id, import_date, menu_item_id, qty_sold, net_revenue, is_processed) VALUES ('29f44f70-9cba-593f-a170-bdca3795edfa', '2026-06-13', 'M7014', 1, 173250.0, false) ON CONFLICT (id) DO NOTHING;
INSERT INTO sales_imports (id, import_date, menu_item_id, qty_sold, net_revenue, is_processed) VALUES ('5896c579-0751-5b67-8b58-8353c8810d24', '2026-06-13', 'M7015', 1, 220000.0, false) ON CONFLICT (id) DO NOTHING;
INSERT INTO sales_imports (id, import_date, menu_item_id, qty_sold, net_revenue, is_processed) VALUES ('4facf0a7-d64b-50b3-919a-65326b269bbb', '2026-06-13', 'M7018', 1, 170100.0, false) ON CONFLICT (id) DO NOTHING;
INSERT INTO sales_imports (id, import_date, menu_item_id, qty_sold, net_revenue, is_processed) VALUES ('8e814363-6ed3-5757-9f85-e3a434beb8d8', '2026-06-13', 'M7018', 1, 220000.0, false) ON CONFLICT (id) DO NOTHING;
INSERT INTO sales_imports (id, import_date, menu_item_id, qty_sold, net_revenue, is_processed) VALUES ('431ae0f9-3ab1-5945-8f17-4b5f1a2f164a', '2026-06-13', 'M7020', 1, 220000.0, false) ON CONFLICT (id) DO NOTHING;
INSERT INTO sales_imports (id, import_date, menu_item_id, qty_sold, net_revenue, is_processed) VALUES ('289d8ea1-bcf8-5272-9fee-df144bce912a', '2026-06-13', 'M7020', 1, 220000.0, false) ON CONFLICT (id) DO NOTHING;
INSERT INTO sales_imports (id, import_date, menu_item_id, qty_sold, net_revenue, is_processed) VALUES ('2881cfe7-d4fc-5f07-8067-d10e8deeed92', '2026-06-13', 'M7028', 2, 277200.0, false) ON CONFLICT (id) DO NOTHING;
INSERT INTO sales_imports (id, import_date, menu_item_id, qty_sold, net_revenue, is_processed) VALUES ('7c35c88d-f39f-5109-9302-c94da0096492', '2026-06-13', 'M7030', 2, 277200.0, false) ON CONFLICT (id) DO NOTHING;
INSERT INTO sales_imports (id, import_date, menu_item_id, qty_sold, net_revenue, is_processed) VALUES ('5ca810ea-2d0c-5995-a76e-cba0e7ee6ae5', '2026-06-13', 'M7030', 1, 0.0, false) ON CONFLICT (id) DO NOTHING;
INSERT INTO sales_imports (id, import_date, menu_item_id, qty_sold, net_revenue, is_processed) VALUES ('770e0148-49cb-5548-a4f8-da879a863c78', '2026-06-13', 'M7031', 4, 554400.0, false) ON CONFLICT (id) DO NOTHING;
INSERT INTO sales_imports (id, import_date, menu_item_id, qty_sold, net_revenue, is_processed) VALUES ('9eef0969-6f5b-53b2-893e-df1dd23df032', '2026-06-13', 'M7031', 1, 120000.0, false) ON CONFLICT (id) DO NOTHING;
INSERT INTO sales_imports (id, import_date, menu_item_id, qty_sold, net_revenue, is_processed) VALUES ('af4ba671-0d45-500c-a751-743c2c8c78e9', '2026-06-13', 'M9001', 3, 144585.0, false) ON CONFLICT (id) DO NOTHING;
INSERT INTO sales_imports (id, import_date, menu_item_id, qty_sold, net_revenue, is_processed) VALUES ('4a56a459-e0d9-543d-88f1-05468b09b9c1', '2026-06-13', 'M9002', 3, 164430.0, false) ON CONFLICT (id) DO NOTHING;
INSERT INTO sales_imports (id, import_date, menu_item_id, qty_sold, net_revenue, is_processed) VALUES ('23b1b0b7-b978-5d49-851b-852bcc60c315', '2026-06-13', 'M9003', 1, 33736.5, false) ON CONFLICT (id) DO NOTHING;
INSERT INTO sales_imports (id, import_date, menu_item_id, qty_sold, net_revenue, is_processed) VALUES ('594cbde7-7385-5aae-b4e8-1e3dceb938cc', '2026-06-13', 'M9004', 6, 214690.0, false) ON CONFLICT (id) DO NOTHING;
INSERT INTO sales_imports (id, import_date, menu_item_id, qty_sold, net_revenue, is_processed) VALUES ('e341079c-1bd3-573b-bde4-8daa12054166', '2026-06-13', 'M9005', 3, 75000.0, false) ON CONFLICT (id) DO NOTHING;
INSERT INTO sales_imports (id, import_date, menu_item_id, qty_sold, net_revenue, is_processed) VALUES ('c9965c0b-2489-57b7-8d95-c224820d9a49', '2026-06-13', 'M9005', 2, 71442.0, false) ON CONFLICT (id) DO NOTHING;
INSERT INTO sales_imports (id, import_date, menu_item_id, qty_sold, net_revenue, is_processed) VALUES ('d204a7c3-aff3-52e1-b01b-f1623452f3c7', '2026-06-13', 'M9005', 1, 56700.0, false) ON CONFLICT (id) DO NOTHING;
INSERT INTO sales_imports (id, import_date, menu_item_id, qty_sold, net_revenue, is_processed) VALUES ('d550f1bd-37ac-53b7-9235-3f213c49d2dc', '2026-06-13', 'M9006', 1, 25000.0, false) ON CONFLICT (id) DO NOTHING;
INSERT INTO sales_imports (id, import_date, menu_item_id, qty_sold, net_revenue, is_processed) VALUES ('513ad371-368a-5a9c-9608-97130eca7212', '2026-06-13', 'M9007', 1, 56000.0, false) ON CONFLICT (id) DO NOTHING;
INSERT INTO sales_imports (id, import_date, menu_item_id, qty_sold, net_revenue, is_processed) VALUES ('79deb1be-2d00-5173-99ad-7eae956b92c8', '2026-06-13', 'M9007', 6, 154337.5, false) ON CONFLICT (id) DO NOTHING;
INSERT INTO sales_imports (id, import_date, menu_item_id, qty_sold, net_revenue, is_processed) VALUES ('2ea4cc17-7585-5716-a4a1-07d4a0b86c2b', '2026-06-13', 'M9008', 4, 75000.0, false) ON CONFLICT (id) DO NOTHING;
INSERT INTO sales_imports (id, import_date, menu_item_id, qty_sold, net_revenue, is_processed) VALUES ('e43900c8-5aed-503f-9984-e468b5e5d495', '2026-06-13', 'M9009', 1, 51030.0, false) ON CONFLICT (id) DO NOTHING;
INSERT INTO sales_imports (id, import_date, menu_item_id, qty_sold, net_revenue, is_processed) VALUES ('64543fde-0a7f-5fa7-9b9a-a10e559346c3', '2026-06-13', 'M9009', 5, 250000.0, false) ON CONFLICT (id) DO NOTHING;
INSERT INTO sales_imports (id, import_date, menu_item_id, qty_sold, net_revenue, is_processed) VALUES ('9aec83d0-a0a7-532b-8356-53e299f1545f', '2026-06-13', 'M9012', 1, 56700.0, false) ON CONFLICT (id) DO NOTHING;
INSERT INTO sales_imports (id, import_date, menu_item_id, qty_sold, net_revenue, is_processed) VALUES ('d4af8761-b695-56ec-b6ff-b710bb9a74b4', '2026-06-13', 'M9013', 7, 384300.0, false) ON CONFLICT (id) DO NOTHING;
INSERT INTO sales_imports (id, import_date, menu_item_id, qty_sold, net_revenue, is_processed) VALUES ('65a99743-82b5-56c8-9738-a61af0fc3457', '2026-06-13', 'M9014', 1, 48195.0, false) ON CONFLICT (id) DO NOTHING;
INSERT INTO sales_imports (id, import_date, menu_item_id, qty_sold, net_revenue, is_processed) VALUES ('df7040e8-ab10-521a-b043-fbb3ff28dbbc', '2026-06-13', 'M9014', 1, 70000.0, false) ON CONFLICT (id) DO NOTHING;
INSERT INTO sales_imports (id, import_date, menu_item_id, qty_sold, net_revenue, is_processed) VALUES ('0de2363c-5657-5bbe-a782-f49a67c61bd5', '2026-06-13', 'V9501', 1, 635250.0, false) ON CONFLICT (id) DO NOTHING;
INSERT INTO sales_imports (id, import_date, menu_item_id, qty_sold, net_revenue, is_processed) VALUES ('a9155c6d-fa3e-5bda-ac98-6e3cea3e69d2', '2026-06-13', 'V9501', 14, 7700000.0, false) ON CONFLICT (id) DO NOTHING;
INSERT INTO sales_imports (id, import_date, menu_item_id, qty_sold, net_revenue, is_processed) VALUES ('454b54fd-3eac-5a7b-bfa9-1111672edc99', '2026-06-13', 'V9501', 1, 0.0, false) ON CONFLICT (id) DO NOTHING;
INSERT INTO sales_imports (id, import_date, menu_item_id, qty_sold, net_revenue, is_processed) VALUES ('e15237d9-0f7b-58bb-9fb5-3d04f44ca292', '2026-06-13', 'V9502', 11, 6050000.0, false) ON CONFLICT (id) DO NOTHING;
INSERT INTO sales_imports (id, import_date, menu_item_id, qty_sold, net_revenue, is_processed) VALUES ('de6afdb1-1272-5721-9da0-0032096b8643', '2026-06-13', 'M7001', 1, 113400.0, false) ON CONFLICT (id) DO NOTHING;
INSERT INTO sales_imports (id, import_date, menu_item_id, qty_sold, net_revenue, is_processed) VALUES ('43d768fc-b69e-50d4-9731-ccb7fbc3574c', '2026-06-13', 'M7001', 7, 840000.0, false) ON CONFLICT (id) DO NOTHING;
INSERT INTO sales_imports (id, import_date, menu_item_id, qty_sold, net_revenue, is_processed) VALUES ('30ff21d7-751c-53de-b235-c84a61ec9cd6', '2026-06-13', 'M7002', 2, 136080.0, false) ON CONFLICT (id) DO NOTHING;
INSERT INTO sales_imports (id, import_date, menu_item_id, qty_sold, net_revenue, is_processed) VALUES ('f921fab6-8f6f-59c3-b825-8e50f3b686f7', '2026-06-13', 'M7002', 18, 1190000.0, false) ON CONFLICT (id) DO NOTHING;
INSERT INTO sales_imports (id, import_date, menu_item_id, qty_sold, net_revenue, is_processed) VALUES ('99d83a7d-42d5-51bd-bb65-fd538140a746', '2026-06-13', 'M7003', 1, 113400.0, false) ON CONFLICT (id) DO NOTHING;
INSERT INTO sales_imports (id, import_date, menu_item_id, qty_sold, net_revenue, is_processed) VALUES ('5a64754e-f547-53e4-b7b9-c10b67c2c57b', '2026-06-13', 'M7003', 1, 120000.0, false) ON CONFLICT (id) DO NOTHING;
INSERT INTO sales_imports (id, import_date, menu_item_id, qty_sold, net_revenue, is_processed) VALUES ('d380988f-ec07-5228-a791-e4b672f31b2a', '2026-06-13', 'M7003', 8, 960000.0, false) ON CONFLICT (id) DO NOTHING;
INSERT INTO sales_imports (id, import_date, menu_item_id, qty_sold, net_revenue, is_processed) VALUES ('421b48cb-a7e3-5f8c-9325-aba57e55b77d', '2026-06-13', 'M7005', 1, 68040.0, false) ON CONFLICT (id) DO NOTHING;
INSERT INTO sales_imports (id, import_date, menu_item_id, qty_sold, net_revenue, is_processed) VALUES ('b46d6911-8494-576c-a1bb-6dff20b5c92f', '2026-06-13', 'M7005', 3, 219380.0, false) ON CONFLICT (id) DO NOTHING;
INSERT INTO sales_imports (id, import_date, menu_item_id, qty_sold, net_revenue, is_processed) VALUES ('1674f426-8690-5b18-98f7-a14c98e401d0', '2026-06-13', 'M7006', 1, 96000.0, false) ON CONFLICT (id) DO NOTHING;
INSERT INTO sales_imports (id, import_date, menu_item_id, qty_sold, net_revenue, is_processed) VALUES ('e928c134-b0b5-5c8d-a7d3-11c2e974851b', '2026-06-13', 'M7006', 3, 340200.0, false) ON CONFLICT (id) DO NOTHING;
INSERT INTO sales_imports (id, import_date, menu_item_id, qty_sold, net_revenue, is_processed) VALUES ('b420d733-f15e-5a40-ae92-c33eaacfa963', '2026-06-13', 'M7006', 2, 240000.0, false) ON CONFLICT (id) DO NOTHING;
INSERT INTO sales_imports (id, import_date, menu_item_id, qty_sold, net_revenue, is_processed) VALUES ('003368ba-43fe-5632-8f25-ac5f66c329cf', '2026-06-13', 'M7006', 42, 5040000.0, false) ON CONFLICT (id) DO NOTHING;
INSERT INTO sales_imports (id, import_date, menu_item_id, qty_sold, net_revenue, is_processed) VALUES ('9a2829bc-35bb-59f3-8e0d-a660fa3cf68c', '2026-06-13', 'M7007', 6, 357210.0, false) ON CONFLICT (id) DO NOTHING;
INSERT INTO sales_imports (id, import_date, menu_item_id, qty_sold, net_revenue, is_processed) VALUES ('3166888e-4125-51de-b041-ed4cd586ec18', '2026-06-13', 'M7007', 10, 630000.0, false) ON CONFLICT (id) DO NOTHING;
INSERT INTO sales_imports (id, import_date, menu_item_id, qty_sold, net_revenue, is_processed) VALUES ('9e527c59-9361-533a-9896-c3fbf153e9ae', '2026-06-13', 'M7008', 3, 317520.0, false) ON CONFLICT (id) DO NOTHING;
INSERT INTO sales_imports (id, import_date, menu_item_id, qty_sold, net_revenue, is_processed) VALUES ('df14b550-b289-55c5-96a5-16de0485a3d4', '2026-06-13', 'M7008', 6, 720000.0, false) ON CONFLICT (id) DO NOTHING;
INSERT INTO sales_imports (id, import_date, menu_item_id, qty_sold, net_revenue, is_processed) VALUES ('58d12f60-03ab-5524-aa42-7fc99ffece20', '2026-06-13', 'M7009', 2, 226800.0, false) ON CONFLICT (id) DO NOTHING;
INSERT INTO sales_imports (id, import_date, menu_item_id, qty_sold, net_revenue, is_processed) VALUES ('2d83d484-f11e-5759-b0fd-1511b296967b', '2026-06-13', 'M7009', 3, 360000.0, false) ON CONFLICT (id) DO NOTHING;
INSERT INTO sales_imports (id, import_date, menu_item_id, qty_sold, net_revenue, is_processed) VALUES ('c7892baf-0886-512a-9e4d-f52989101954', '2026-06-13', 'R3116', 22, 561330.0, false) ON CONFLICT (id) DO NOTHING;
INSERT INTO sales_imports (id, import_date, menu_item_id, qty_sold, net_revenue, is_processed) VALUES ('1a6c75a3-d1ad-5ed8-aebc-0f36e587f035', '2026-06-13', 'R3125', 11, 8354178.0, false) ON CONFLICT (id) DO NOTHING;
INSERT INTO sales_imports (id, import_date, menu_item_id, qty_sold, net_revenue, is_processed) VALUES ('a085dffb-f705-5ebd-bc5a-638a49b76f17', '2026-06-13', 'R3126', 15, 7054047.0, false) ON CONFLICT (id) DO NOTHING;
INSERT INTO sales_imports (id, import_date, menu_item_id, qty_sold, net_revenue, is_processed) VALUES ('94dcf145-bd98-5c18-ba80-2a4d2fb6cabb', '2026-06-13', 'R3127', 15, 11349072.0, false) ON CONFLICT (id) DO NOTHING;
INSERT INTO sales_imports (id, import_date, menu_item_id, qty_sold, net_revenue, is_processed) VALUES ('6050a1ed-9f69-5aa6-a449-9a053def75fb', '2026-06-13', 'V1001', 1, 694575.0, false) ON CONFLICT (id) DO NOTHING;
INSERT INTO sales_imports (id, import_date, menu_item_id, qty_sold, net_revenue, is_processed) VALUES ('4420fb0a-0b16-51ce-ae98-62e171a31827', '2026-06-13', 'R1007', 1, 0.0, false) ON CONFLICT (id) DO NOTHING;
INSERT INTO sales_imports (id, import_date, menu_item_id, qty_sold, net_revenue, is_processed) VALUES ('03a4b551-4a74-59f3-a7b1-d6d2c21657b5', '2026-06-13', 'R1008', 8, 1351150.5, false) ON CONFLICT (id) DO NOTHING;
INSERT INTO sales_imports (id, import_date, menu_item_id, qty_sold, net_revenue, is_processed) VALUES ('9e8fb396-70fc-57af-acf8-e36db079843b', '2026-06-13', 'R1009', 4, 775656.0, false) ON CONFLICT (id) DO NOTHING;
INSERT INTO sales_imports (id, import_date, menu_item_id, qty_sold, net_revenue, is_processed) VALUES ('1744a469-f654-526e-b32d-66bc10242483', '2026-06-13', 'R1013', 3, 0.0, false) ON CONFLICT (id) DO NOTHING;
INSERT INTO sales_imports (id, import_date, menu_item_id, qty_sold, net_revenue, is_processed) VALUES ('92d15a04-b36e-52ee-ab05-9e6910c19a76', '2026-06-13', 'R1013', 4, 486486.0, false) ON CONFLICT (id) DO NOTHING;
INSERT INTO sales_imports (id, import_date, menu_item_id, qty_sold, net_revenue, is_processed) VALUES ('45c1906d-28a8-53ba-8260-b35e67ada0fe', '2026-06-13', 'R1013', 1, 163296.0, false) ON CONFLICT (id) DO NOTHING;
INSERT INTO sales_imports (id, import_date, menu_item_id, qty_sold, net_revenue, is_processed) VALUES ('894a3ce7-abaf-564c-a769-4967c415f1a5', '2026-06-13', 'R1020', 1, 102060.0, false) ON CONFLICT (id) DO NOTHING;
INSERT INTO sales_imports (id, import_date, menu_item_id, qty_sold, net_revenue, is_processed) VALUES ('337a72d4-8268-5440-b279-0569c054ad43', '2026-06-13', 'R1024', 38, 5572476.0, false) ON CONFLICT (id) DO NOTHING;
INSERT INTO sales_imports (id, import_date, menu_item_id, qty_sold, net_revenue, is_processed) VALUES ('9066af47-d727-58c0-b580-23f09bbfaa7f', '2026-06-13', 'R1025', 5, 1209978.0, false) ON CONFLICT (id) DO NOTHING;
INSERT INTO sales_imports (id, import_date, menu_item_id, qty_sold, net_revenue, is_processed) VALUES ('01249fe2-ecd4-5700-a703-f58cd23a9acd', '2026-06-13', 'R1029', 5, 2296350.0, false) ON CONFLICT (id) DO NOTHING;
INSERT INTO sales_imports (id, import_date, menu_item_id, qty_sold, net_revenue, is_processed) VALUES ('807d4d17-e07b-5983-afb5-11f1582b418f', '2026-06-13', 'R1029', 1, 490875.0, false) ON CONFLICT (id) DO NOTHING;
INSERT INTO sales_imports (id, import_date, menu_item_id, qty_sold, net_revenue, is_processed) VALUES ('63aae9c4-47e1-5002-bff6-4af359d27847', '2026-06-13', 'R1029', 6, 4275180.0, false) ON CONFLICT (id) DO NOTHING;
INSERT INTO sales_imports (id, import_date, menu_item_id, qty_sold, net_revenue, is_processed) VALUES ('8bd3c11b-3c6d-58af-b1a6-87363d8cb3c4', '2026-06-13', 'R1030', 1, 684369.0, false) ON CONFLICT (id) DO NOTHING;
INSERT INTO sales_imports (id, import_date, menu_item_id, qty_sold, net_revenue, is_processed) VALUES ('a8762b4b-0f89-5561-b215-f30623efbb43', '2026-06-13', 'R1031', 1, 102060.0, false) ON CONFLICT (id) DO NOTHING;
INSERT INTO sales_imports (id, import_date, menu_item_id, qty_sold, net_revenue, is_processed) VALUES ('0b7179c0-715d-5eef-8c88-e4f590b9931a', '2026-06-13', 'R1031', 1, 133875.0, false) ON CONFLICT (id) DO NOTHING;
INSERT INTO sales_imports (id, import_date, menu_item_id, qty_sold, net_revenue, is_processed) VALUES ('c61f5c32-6b3f-5754-9d83-c3d4ffd2e943', '2026-06-13', 'R1101', 3, 793800.0, false) ON CONFLICT (id) DO NOTHING;
INSERT INTO sales_imports (id, import_date, menu_item_id, qty_sold, net_revenue, is_processed) VALUES ('9cbe3037-8157-5356-80a8-ad736a2faedb', '2026-06-13', 'R1107', 1, 170100.0, false) ON CONFLICT (id) DO NOTHING;
INSERT INTO sales_imports (id, import_date, menu_item_id, qty_sold, net_revenue, is_processed) VALUES ('93234011-7926-509d-99c2-f15f928117ad', '2026-06-13', 'R1107', 1, 347004.0, false) ON CONFLICT (id) DO NOTHING;
INSERT INTO sales_imports (id, import_date, menu_item_id, qty_sold, net_revenue, is_processed) VALUES ('31cf0a02-7b33-5189-a155-7e5b65011d3a', '2026-06-13', 'R1111', 4, 1020600.0, false) ON CONFLICT (id) DO NOTHING;
INSERT INTO sales_imports (id, import_date, menu_item_id, qty_sold, net_revenue, is_processed) VALUES ('99c11f0e-558b-5aea-87a4-a80b285b5e73', '2026-06-13', 'R1115', 1, 265356.0, false) ON CONFLICT (id) DO NOTHING;
INSERT INTO sales_imports (id, import_date, menu_item_id, qty_sold, net_revenue, is_processed) VALUES ('a262027a-cde6-57bd-ad34-cc523cb6330e', '2026-06-13', 'R1120', 2, 0.0, false) ON CONFLICT (id) DO NOTHING;
INSERT INTO sales_imports (id, import_date, menu_item_id, qty_sold, net_revenue, is_processed) VALUES ('3319c0f6-c1da-5455-a324-48ce0f77a8d5', '2026-06-13', 'R1120', 21, 2020788.0, false) ON CONFLICT (id) DO NOTHING;
INSERT INTO sales_imports (id, import_date, menu_item_id, qty_sold, net_revenue, is_processed) VALUES ('712db058-7ccf-52ab-8e6b-793a22b693bd', '2026-06-13', 'R1121', 1, 328860.0, false) ON CONFLICT (id) DO NOTHING;
INSERT INTO sales_imports (id, import_date, menu_item_id, qty_sold, net_revenue, is_processed) VALUES ('78a2fa73-ec9d-5368-bc1c-a7818f7653df', '2026-06-13', 'R1122', 7, 3453030.0, false) ON CONFLICT (id) DO NOTHING;
INSERT INTO sales_imports (id, import_date, menu_item_id, qty_sold, net_revenue, is_processed) VALUES ('59265dcd-8264-59d5-a5ea-729d76bb06e6', '2026-06-13', 'R1123', 2, 1214514.0, false) ON CONFLICT (id) DO NOTHING;
INSERT INTO sales_imports (id, import_date, menu_item_id, qty_sold, net_revenue, is_processed) VALUES ('d83846be-66aa-534f-bc89-828e0bd2b26d', '2026-06-13', 'M8001', 2, 259875.0, false) ON CONFLICT (id) DO NOTHING;
INSERT INTO sales_imports (id, import_date, menu_item_id, qty_sold, net_revenue, is_processed) VALUES ('687c4ff6-3eb7-5971-99ac-387c597b44e3', '2026-06-13', 'M8001', 1, 141750.0, false) ON CONFLICT (id) DO NOTHING;
INSERT INTO sales_imports (id, import_date, menu_item_id, qty_sold, net_revenue, is_processed) VALUES ('48461911-19a6-593a-95c7-9a82af1b60fc', '2026-06-13', 'M8001', 1, 173250.0, false) ON CONFLICT (id) DO NOTHING;
INSERT INTO sales_imports (id, import_date, menu_item_id, qty_sold, net_revenue, is_processed) VALUES ('58b2f719-327b-5a35-b9af-27bfd93c35c1', '2026-06-13', 'M8002', 1, 190000.0, false) ON CONFLICT (id) DO NOTHING;
INSERT INTO sales_imports (id, import_date, menu_item_id, qty_sold, net_revenue, is_processed) VALUES ('c1d529c8-62ca-5f82-a085-bfc570108a5f', '2026-06-13', 'M8002', 20, 4400000.0, false) ON CONFLICT (id) DO NOTHING;
INSERT INTO sales_imports (id, import_date, menu_item_id, qty_sold, net_revenue, is_processed) VALUES ('2b7e9907-897d-511b-b13e-2114bb9d95e3', '2026-06-13', 'R2141', 1, 515970.0, false) ON CONFLICT (id) DO NOTHING;
INSERT INTO sales_imports (id, import_date, menu_item_id, qty_sold, net_revenue, is_processed) VALUES ('a6d4561d-9841-54b6-b561-47c5e089ee2a', '2026-06-13', 'R2142', 1, 1468530.0, false) ON CONFLICT (id) DO NOTHING;
INSERT INTO sales_imports (id, import_date, menu_item_id, qty_sold, net_revenue, is_processed) VALUES ('3fd38c5c-b84b-56bf-9ede-f6d09d97abb0', '2026-06-13', 'R2144', 26, 15238030.5, false) ON CONFLICT (id) DO NOTHING;
INSERT INTO sales_imports (id, import_date, menu_item_id, qty_sold, net_revenue, is_processed) VALUES ('af3687bc-260b-52fe-9a1f-df8b3ff0ae86', '2026-06-13', 'R2144', 1, 776790.0, false) ON CONFLICT (id) DO NOTHING;
INSERT INTO sales_imports (id, import_date, menu_item_id, qty_sold, net_revenue, is_processed) VALUES ('b07ba32c-8511-528b-a839-aaf3828d4f41', '2026-06-13', 'R2145', 1, 607257.0, false) ON CONFLICT (id) DO NOTHING;
INSERT INTO sales_imports (id, import_date, menu_item_id, qty_sold, net_revenue, is_processed) VALUES ('80335d5c-7a96-516b-95c8-f58f3f3c1df7', '2026-06-13', 'R2146', 2, 851067.0, false) ON CONFLICT (id) DO NOTHING;
INSERT INTO sales_imports (id, import_date, menu_item_id, qty_sold, net_revenue, is_processed) VALUES ('820f1a94-9f06-5027-b609-d11999bf16b5', '2026-06-13', 'R2147', 2, 761481.0, false) ON CONFLICT (id) DO NOTHING;
INSERT INTO sales_imports (id, import_date, menu_item_id, qty_sold, net_revenue, is_processed) VALUES ('71f35b58-819b-55b8-b93b-334feedf8113', '2026-06-13', 'R2148', 2, 1031940.0, false) ON CONFLICT (id) DO NOTHING;
INSERT INTO sales_imports (id, import_date, menu_item_id, qty_sold, net_revenue, is_processed) VALUES ('07684967-c2b5-597c-aa46-25bdcf6a0939', '2026-06-13', 'R2149', 10, 6207516.0, false) ON CONFLICT (id) DO NOTHING;
INSERT INTO sales_imports (id, import_date, menu_item_id, qty_sold, net_revenue, is_processed) VALUES ('ababf74c-6eac-541e-881e-9da90d9b79e9', '2026-06-13', 'R2149', 1, 788130.0, false) ON CONFLICT (id) DO NOTHING;
INSERT INTO sales_imports (id, import_date, menu_item_id, qty_sold, net_revenue, is_processed) VALUES ('a7735dc5-20dd-5580-9cab-d4965c8d6bc7', '2026-06-13', 'R2150', 2, 946984.5, false) ON CONFLICT (id) DO NOTHING;
INSERT INTO sales_imports (id, import_date, menu_item_id, qty_sold, net_revenue, is_processed) VALUES ('35b8d638-91e2-51b4-bcb3-4f0278c965d6', '2026-06-13', 'R60811', 2, 0.0, false) ON CONFLICT (id) DO NOTHING;
INSERT INTO sales_imports (id, import_date, menu_item_id, qty_sold, net_revenue, is_processed) VALUES ('732ec67c-1c47-570e-b859-037db599201c', '2026-06-13', 'R60831', 11, 0.0, false) ON CONFLICT (id) DO NOTHING;
INSERT INTO sales_imports (id, import_date, menu_item_id, qty_sold, net_revenue, is_processed) VALUES ('f6ad87f2-2506-537d-b4ed-accf823553d5', '2026-06-13', '000', 7, 0.0, false) ON CONFLICT (id) DO NOTHING;
INSERT INTO sales_imports (id, import_date, menu_item_id, qty_sold, net_revenue, is_processed) VALUES ('dbff5ddf-014d-5590-b7df-9f7bb391ec07', '2026-06-13', '000', 10, 0.0, false) ON CONFLICT (id) DO NOTHING;
INSERT INTO sales_imports (id, import_date, menu_item_id, qty_sold, net_revenue, is_processed) VALUES ('d77f1e88-1fcb-5ce0-875c-2bfba6db58ab', '2026-06-13', '000', 6, 0.0, false) ON CONFLICT (id) DO NOTHING;
INSERT INTO sales_imports (id, import_date, menu_item_id, qty_sold, net_revenue, is_processed) VALUES ('299c972c-c721-5b6c-ae35-2f810204bb5f', '2026-06-13', '000', 10, 0.0, false) ON CONFLICT (id) DO NOTHING;
INSERT INTO sales_imports (id, import_date, menu_item_id, qty_sold, net_revenue, is_processed) VALUES ('b6658b59-7519-51fc-bfe9-07a5c6bc6b62', '2026-06-13', '000', 4, 0.0, false) ON CONFLICT (id) DO NOTHING;
INSERT INTO sales_imports (id, import_date, menu_item_id, qty_sold, net_revenue, is_processed) VALUES ('adc7aa2d-c7bb-5a83-9320-df485fa7fdfd', '2026-06-13', '000', 0, 0.0, false) ON CONFLICT (id) DO NOTHING;
INSERT INTO sales_imports (id, import_date, menu_item_id, qty_sold, net_revenue, is_processed) VALUES ('aa3f157a-0f50-5f16-ab87-3f0884b5c8d6', '2026-06-13', '000', 0, 0.0, false) ON CONFLICT (id) DO NOTHING;
INSERT INTO sales_imports (id, import_date, menu_item_id, qty_sold, net_revenue, is_processed) VALUES ('a3c30a87-3363-513d-beb3-6dea88876eb4', '2026-06-13', '000', 0, 0.0, false) ON CONFLICT (id) DO NOTHING;
INSERT INTO sales_imports (id, import_date, menu_item_id, qty_sold, net_revenue, is_processed) VALUES ('bb60b347-95bd-599a-a087-f01d386158b7', '2026-06-13', '000', 5, 0.0, false) ON CONFLICT (id) DO NOTHING;
INSERT INTO sales_imports (id, import_date, menu_item_id, qty_sold, net_revenue, is_processed) VALUES ('54833166-d558-5d26-adfe-d0274936d857', '2026-06-13', '000', 17, 0.0, false) ON CONFLICT (id) DO NOTHING;
INSERT INTO sales_imports (id, import_date, menu_item_id, qty_sold, net_revenue, is_processed) VALUES ('8b7c4aae-f649-5064-82a6-eeb73ea56cb8', '2026-06-13', '000', 33, 0.0, false) ON CONFLICT (id) DO NOTHING;
INSERT INTO sales_imports (id, import_date, menu_item_id, qty_sold, net_revenue, is_processed) VALUES ('1de2fe88-44c6-53c3-8e32-9efd2d5cc829', '2026-06-13', '000', 1, 0.0, false) ON CONFLICT (id) DO NOTHING;
INSERT INTO sales_imports (id, import_date, menu_item_id, qty_sold, net_revenue, is_processed) VALUES ('e0a60783-7e5f-55a2-8271-851214a767a9', '2026-06-13', '000', 0, 0.0, false) ON CONFLICT (id) DO NOTHING;
INSERT INTO sales_imports (id, import_date, menu_item_id, qty_sold, net_revenue, is_processed) VALUES ('74066d94-3333-5c77-9bcf-f7ff1bf2b0fb', '2026-06-13', '000', 0, 0.0, false) ON CONFLICT (id) DO NOTHING;
INSERT INTO sales_imports (id, import_date, menu_item_id, qty_sold, net_revenue, is_processed) VALUES ('cc61b39f-e9bb-51b7-ac2a-b5ed891559a8', '2026-06-13', '000', 0, 0.0, false) ON CONFLICT (id) DO NOTHING;
INSERT INTO sales_imports (id, import_date, menu_item_id, qty_sold, net_revenue, is_processed) VALUES ('8a8fcd7a-47d0-5978-9ac9-16b2ecb92820', '2026-06-13', '000', 0, 0.0, false) ON CONFLICT (id) DO NOTHING;
INSERT INTO sales_imports (id, import_date, menu_item_id, qty_sold, net_revenue, is_processed) VALUES ('d59f945c-7df2-5401-970a-bd1084a8f32f', '2026-06-13', '000', 0, 0.0, false) ON CONFLICT (id) DO NOTHING;
INSERT INTO sales_imports (id, import_date, menu_item_id, qty_sold, net_revenue, is_processed) VALUES ('1a4006f5-ca15-5369-a37d-4c2189a78fcc', '2026-06-13', '000', 0, 0.0, false) ON CONFLICT (id) DO NOTHING;
INSERT INTO sales_imports (id, import_date, menu_item_id, qty_sold, net_revenue, is_processed) VALUES ('d7f8dc0c-516c-5c66-bdc4-50fd4da01c76', '2026-06-13', '000', 0, 0.0, false) ON CONFLICT (id) DO NOTHING;
INSERT INTO sales_imports (id, import_date, menu_item_id, qty_sold, net_revenue, is_processed) VALUES ('15aa5dad-b001-5fbb-bf52-2f5aabad4ab2', '2026-06-13', '000', 0, 0.0, false) ON CONFLICT (id) DO NOTHING;
INSERT INTO sales_imports (id, import_date, menu_item_id, qty_sold, net_revenue, is_processed) VALUES ('36b1a4d9-c040-5b5f-b5b7-42d866a579b6', '2026-06-13', '000', 0, 0.0, false) ON CONFLICT (id) DO NOTHING;
INSERT INTO sales_imports (id, import_date, menu_item_id, qty_sold, net_revenue, is_processed) VALUES ('3ae25a86-f689-591a-9063-b96bae335bba', '2026-06-13', '000', 1, 183141.0, false) ON CONFLICT (id) DO NOTHING;
INSERT INTO sales_imports (id, import_date, menu_item_id, qty_sold, net_revenue, is_processed) VALUES ('ae9e50d5-d35a-5e32-8e5e-d31ee1db54bf', '2026-06-13', '000', 0, 1788091.2, false) ON CONFLICT (id) DO NOTHING;
INSERT INTO sales_imports (id, import_date, menu_item_id, qty_sold, net_revenue, is_processed) VALUES ('d09acdb6-3e3c-5e9f-bbac-861c4e020d64', '2026-06-13', '000', 0, 0.0, false) ON CONFLICT (id) DO NOTHING;
INSERT INTO sales_imports (id, import_date, menu_item_id, qty_sold, net_revenue, is_processed) VALUES ('85ad3d8a-83a7-58d1-983d-3d5912162966', '2026-06-13', '000', 0, 0.0, false) ON CONFLICT (id) DO NOTHING;
INSERT INTO sales_imports (id, import_date, menu_item_id, qty_sold, net_revenue, is_processed) VALUES ('e98b497d-ae1a-5f45-bb78-752c695e9189', '2026-06-13', '000', 0, 0.0, false) ON CONFLICT (id) DO NOTHING;
INSERT INTO sales_imports (id, import_date, menu_item_id, qty_sold, net_revenue, is_processed) VALUES ('ad8c545b-ae37-52ad-89d7-e9296ffc70d9', '2026-06-13', '000', 1, 0.0, false) ON CONFLICT (id) DO NOTHING;
INSERT INTO sales_imports (id, import_date, menu_item_id, qty_sold, net_revenue, is_processed) VALUES ('045342c7-60b7-5e4d-bd93-c83854294de8', '2026-06-13', '000', 1, 510300.0, false) ON CONFLICT (id) DO NOTHING;
INSERT INTO sales_imports (id, import_date, menu_item_id, qty_sold, net_revenue, is_processed) VALUES ('d9f2c9bf-baed-5b94-9e21-aacb5dfed5a5', '2026-06-13', '000', 3, 0.0, false) ON CONFLICT (id) DO NOTHING;
INSERT INTO sales_imports (id, import_date, menu_item_id, qty_sold, net_revenue, is_processed) VALUES ('4075e139-77ac-5dc0-b089-80cd9fdeca48', '2026-06-13', '000', 10, 0.0, false) ON CONFLICT (id) DO NOTHING;
INSERT INTO sales_imports (id, import_date, menu_item_id, qty_sold, net_revenue, is_processed) VALUES ('e2dfe593-d9c8-5794-8f6e-750d8388bea7', '2026-06-13', '000', 0, 0.0, false) ON CONFLICT (id) DO NOTHING;
INSERT INTO sales_imports (id, import_date, menu_item_id, qty_sold, net_revenue, is_processed) VALUES ('405c32d8-9f53-58b5-a1d5-ffebe9d555f8', '2026-06-13', '000', 0, 0.0, false) ON CONFLICT (id) DO NOTHING;
INSERT INTO sales_imports (id, import_date, menu_item_id, qty_sold, net_revenue, is_processed) VALUES ('59b3332b-09f9-530a-9ce3-dbf50140d9d3', '2026-06-13', '000', 0, 0.0, false) ON CONFLICT (id) DO NOTHING;
INSERT INTO sales_imports (id, import_date, menu_item_id, qty_sold, net_revenue, is_processed) VALUES ('d11bc2d5-7c95-5481-bc2f-f30a0b6335d7', '2026-06-13', '000', 0, 0.0, false) ON CONFLICT (id) DO NOTHING;
INSERT INTO sales_imports (id, import_date, menu_item_id, qty_sold, net_revenue, is_processed) VALUES ('9ac13842-342e-570e-b641-8a6110faee45', '2026-06-13', '000', 0, 0.0, false) ON CONFLICT (id) DO NOTHING;
INSERT INTO sales_imports (id, import_date, menu_item_id, qty_sold, net_revenue, is_processed) VALUES ('9ee80e19-c0a8-5fba-9fb9-bd32f0c8e2cc', '2026-06-13', '000', 0, 0.0, false) ON CONFLICT (id) DO NOTHING;
INSERT INTO sales_imports (id, import_date, menu_item_id, qty_sold, net_revenue, is_processed) VALUES ('532f96c2-483c-57c1-a0d7-bdcceabc5a86', '2026-06-13', '000', 0, 0.0, false) ON CONFLICT (id) DO NOTHING;
INSERT INTO sales_imports (id, import_date, menu_item_id, qty_sold, net_revenue, is_processed) VALUES ('40504d8c-db93-5a65-b2a1-d7415af14e03', '2026-06-13', '000', 0, 0.0, false) ON CONFLICT (id) DO NOTHING;
INSERT INTO sales_imports (id, import_date, menu_item_id, qty_sold, net_revenue, is_processed) VALUES ('70a3323a-b6cd-5b69-b401-817b5f2e6e0e', '2026-06-13', '000', 0, 0.0, false) ON CONFLICT (id) DO NOTHING;
INSERT INTO sales_imports (id, import_date, menu_item_id, qty_sold, net_revenue, is_processed) VALUES ('049acfc8-718f-5227-a34d-1e229751b318', '2026-06-13', '000', 0, 0.0, false) ON CONFLICT (id) DO NOTHING;
INSERT INTO sales_imports (id, import_date, menu_item_id, qty_sold, net_revenue, is_processed) VALUES ('75a2b831-fba5-5b19-b4de-62edecca861a', '2026-06-13', '000', 0, 0.0, false) ON CONFLICT (id) DO NOTHING;
INSERT INTO sales_imports (id, import_date, menu_item_id, qty_sold, net_revenue, is_processed) VALUES ('4e7f275a-7bff-59ee-9f0d-609d7f6aaf65', '2026-06-13', '000', 0, 0.0, false) ON CONFLICT (id) DO NOTHING;
INSERT INTO sales_imports (id, import_date, menu_item_id, qty_sold, net_revenue, is_processed) VALUES ('9e788a54-b813-53c8-9917-3511b5828269', '2026-06-13', '000', 0, 0.0, false) ON CONFLICT (id) DO NOTHING;
INSERT INTO sales_imports (id, import_date, menu_item_id, qty_sold, net_revenue, is_processed) VALUES ('e8ca118f-90c8-5f36-911a-53f2c4a3285d', '2026-06-13', '000', 0, 0.0, false) ON CONFLICT (id) DO NOTHING;
INSERT INTO sales_imports (id, import_date, menu_item_id, qty_sold, net_revenue, is_processed) VALUES ('23ae7dac-d8fb-5403-83dd-ca923dd918e0', '2026-06-13', '000', 0, 0.0, false) ON CONFLICT (id) DO NOTHING;
INSERT INTO sales_imports (id, import_date, menu_item_id, qty_sold, net_revenue, is_processed) VALUES ('cf5f5e1d-0d65-57a6-b8c3-3d70453cf5a5', '2026-06-13', '000', 0, 0.0, false) ON CONFLICT (id) DO NOTHING;
INSERT INTO sales_imports (id, import_date, menu_item_id, qty_sold, net_revenue, is_processed) VALUES ('d4a8c071-67a3-530a-99b9-e22a7015b2a0', '2026-06-13', '000', 0, 0.0, false) ON CONFLICT (id) DO NOTHING;
INSERT INTO sales_imports (id, import_date, menu_item_id, qty_sold, net_revenue, is_processed) VALUES ('1272244f-7d9d-5b92-8b3e-b1c46f32f4fa', '2026-06-13', '000', 0, 0.0, false) ON CONFLICT (id) DO NOTHING;
INSERT INTO sales_imports (id, import_date, menu_item_id, qty_sold, net_revenue, is_processed) VALUES ('a0cf24d5-fcea-5c8f-8697-c0f727d04c7c', '2026-06-13', '000', 26, 0.0, false) ON CONFLICT (id) DO NOTHING;
INSERT INTO sales_imports (id, import_date, menu_item_id, qty_sold, net_revenue, is_processed) VALUES ('b7bb029b-a57e-5271-bd05-4fcf40e532e6', '2026-06-13', '000', 6, 0.0, false) ON CONFLICT (id) DO NOTHING;
INSERT INTO sales_imports (id, import_date, menu_item_id, qty_sold, net_revenue, is_processed) VALUES ('2e7a956d-d3b8-52d2-a675-570d0d7f8f47', '2026-06-13', '000', 0, 0.0, false) ON CONFLICT (id) DO NOTHING;
INSERT INTO sales_imports (id, import_date, menu_item_id, qty_sold, net_revenue, is_processed) VALUES ('417478e5-8b4a-5e79-ac0b-9705a36a3a2c', '2026-06-13', '000', 26, 0.0, false) ON CONFLICT (id) DO NOTHING;
INSERT INTO sales_imports (id, import_date, menu_item_id, qty_sold, net_revenue, is_processed) VALUES ('c50bab57-2cf6-57a8-8e17-d211b4446a4e', '2026-06-13', '000', 2, 0.0, false) ON CONFLICT (id) DO NOTHING;
INSERT INTO sales_imports (id, import_date, menu_item_id, qty_sold, net_revenue, is_processed) VALUES ('4927be70-ece9-5273-8e76-c1d3c7eb1db4', '2026-06-13', '000', 40, 36288000.0, false) ON CONFLICT (id) DO NOTHING;
INSERT INTO sales_imports (id, import_date, menu_item_id, qty_sold, net_revenue, is_processed) VALUES ('8a72b3a1-6604-55d9-9637-a02543e85da1', '2026-06-13', '000', 14, 0.0, false) ON CONFLICT (id) DO NOTHING;
INSERT INTO sales_imports (id, import_date, menu_item_id, qty_sold, net_revenue, is_processed) VALUES ('fa986936-7bf3-59e1-a8cd-22c7c9dfb4fe', '2026-06-13', '000', 0, 0.0, false) ON CONFLICT (id) DO NOTHING;
INSERT INTO sales_imports (id, import_date, menu_item_id, qty_sold, net_revenue, is_processed) VALUES ('d6cfe005-39f0-50ec-a887-5a1454365059', '2026-06-13', '000', 29, 0.0, false) ON CONFLICT (id) DO NOTHING;
INSERT INTO sales_imports (id, import_date, menu_item_id, qty_sold, net_revenue, is_processed) VALUES ('b952ba26-aecd-5f70-9486-9fb0bea810fc', '2026-06-13', '000', 6, 1827000.0, false) ON CONFLICT (id) DO NOTHING;
INSERT INTO sales_imports (id, import_date, menu_item_id, qty_sold, net_revenue, is_processed) VALUES ('e680592f-774b-5f19-a89f-441d028ee45c', '2026-06-13', '000', 5, 0.0, false) ON CONFLICT (id) DO NOTHING;
INSERT INTO sales_imports (id, import_date, menu_item_id, qty_sold, net_revenue, is_processed) VALUES ('9071a7fa-e555-5e92-9d07-240af91fc68c', '2026-06-13', '000', 10, 0.0, false) ON CONFLICT (id) DO NOTHING;
INSERT INTO sales_imports (id, import_date, menu_item_id, qty_sold, net_revenue, is_processed) VALUES ('ed1cd81d-0c50-57b3-957a-2cf1d8f90880', '2026-06-13', '000', 1, 5000000.0, false) ON CONFLICT (id) DO NOTHING;
INSERT INTO sales_imports (id, import_date, menu_item_id, qty_sold, net_revenue, is_processed) VALUES ('43872956-95e6-5446-b69c-a2a47fb0dd63', '2026-06-13', '000', 36, 10800000.0, false) ON CONFLICT (id) DO NOTHING;
INSERT INTO sales_imports (id, import_date, menu_item_id, qty_sold, net_revenue, is_processed) VALUES ('7c5f9b85-5fce-5a07-b2e2-112289804882', '2026-06-13', '000', 1, 80325.0, false) ON CONFLICT (id) DO NOTHING;
INSERT INTO sales_imports (id, import_date, menu_item_id, qty_sold, net_revenue, is_processed) VALUES ('18f445c7-7961-5c57-b4be-322d9a105d71', '2026-06-13', '000', 1, 238140.0, false) ON CONFLICT (id) DO NOTHING;
INSERT INTO sales_imports (id, import_date, menu_item_id, qty_sold, net_revenue, is_processed) VALUES ('ff52db31-63c0-5936-91f7-72d84267a010', '2026-06-13', '000', 1, 775656.0, false) ON CONFLICT (id) DO NOTHING;
INSERT INTO sales_imports (id, import_date, menu_item_id, qty_sold, net_revenue, is_processed) VALUES ('727ad3de-772d-5276-9067-dd3d125196d1', '2026-06-13', '000', 4, 748440.0, false) ON CONFLICT (id) DO NOTHING;
INSERT INTO sales_imports (id, import_date, menu_item_id, qty_sold, net_revenue, is_processed) VALUES ('16e00c4d-1603-50ea-9892-b764183d3e5e', '2026-06-13', '000', 0, 0.0, false) ON CONFLICT (id) DO NOTHING;
INSERT INTO sales_imports (id, import_date, menu_item_id, qty_sold, net_revenue, is_processed) VALUES ('43e13d2c-4698-58ca-b06e-65828f516491', '2026-06-13', '000', 0, 0.0, false) ON CONFLICT (id) DO NOTHING;
INSERT INTO sales_imports (id, import_date, menu_item_id, qty_sold, net_revenue, is_processed) VALUES ('4eb39ba0-bd69-5e07-8568-98fb4bc1ff24', '2026-06-13', '000', 13, 0.0, false) ON CONFLICT (id) DO NOTHING;
INSERT INTO sales_imports (id, import_date, menu_item_id, qty_sold, net_revenue, is_processed) VALUES ('dce9092c-5385-56ce-b23f-993d91361780', '2026-06-13', '000', 2, 0.0, false) ON CONFLICT (id) DO NOTHING;
INSERT INTO sales_imports (id, import_date, menu_item_id, qty_sold, net_revenue, is_processed) VALUES ('d4f90a7a-d65e-525f-be6b-1ccb52e9523b', '2026-06-13', '000', 11, 0.0, false) ON CONFLICT (id) DO NOTHING;
INSERT INTO sales_imports (id, import_date, menu_item_id, qty_sold, net_revenue, is_processed) VALUES ('e1c9b54d-a78f-5390-b133-173981725782', '2026-06-13', '000', 0, 0.0, false) ON CONFLICT (id) DO NOTHING;
INSERT INTO sales_imports (id, import_date, menu_item_id, qty_sold, net_revenue, is_processed) VALUES ('b8fd3f46-6ac4-51d5-8425-46df834758eb', '2026-06-13', '000', 0, 0.0, false) ON CONFLICT (id) DO NOTHING;
INSERT INTO sales_imports (id, import_date, menu_item_id, qty_sold, net_revenue, is_processed) VALUES ('4add7662-5342-55e0-9fe2-e9c0fea4032c', '2026-06-13', '000', 42, 0.0, false) ON CONFLICT (id) DO NOTHING;
INSERT INTO sales_imports (id, import_date, menu_item_id, qty_sold, net_revenue, is_processed) VALUES ('21d2fa83-b300-519e-bd44-cc744ec39173', '2026-06-13', '000', 2, 0.0, false) ON CONFLICT (id) DO NOTHING;
INSERT INTO sales_imports (id, import_date, menu_item_id, qty_sold, net_revenue, is_processed) VALUES ('7d6d1d08-0063-5d89-8744-b43567240924', '2026-06-13', '000', 26, 0.0, false) ON CONFLICT (id) DO NOTHING;
INSERT INTO sales_imports (id, import_date, menu_item_id, qty_sold, net_revenue, is_processed) VALUES ('d35e3ad2-3448-5111-bde3-a286b91cfb45', '2026-06-13', '000', 4, 0.0, false) ON CONFLICT (id) DO NOTHING;
INSERT INTO sales_imports (id, import_date, menu_item_id, qty_sold, net_revenue, is_processed) VALUES ('6a76bb89-e9ac-5a14-a202-de9ad4184736', '2026-06-13', '000', 0, 0.0, false) ON CONFLICT (id) DO NOTHING;
INSERT INTO sales_imports (id, import_date, menu_item_id, qty_sold, net_revenue, is_processed) VALUES ('379233d6-704b-5afb-9e56-10d92a8826de', '2026-06-13', '000', 0, 0.0, false) ON CONFLICT (id) DO NOTHING;
INSERT INTO sales_imports (id, import_date, menu_item_id, qty_sold, net_revenue, is_processed) VALUES ('a800eb00-f70c-58a6-b26e-56b06cebc323', '2026-06-13', '000', 17, 0.0, false) ON CONFLICT (id) DO NOTHING;
INSERT INTO sales_imports (id, import_date, menu_item_id, qty_sold, net_revenue, is_processed) VALUES ('48a46745-5378-59e4-9598-6f3bff039473', '2026-06-13', '000', 46, 0.0, false) ON CONFLICT (id) DO NOTHING;
INSERT INTO sales_imports (id, import_date, menu_item_id, qty_sold, net_revenue, is_processed) VALUES ('28398c27-a222-5cc3-87d8-37c49e3bf8e1', '2026-06-13', '000', 45, 0.0, false) ON CONFLICT (id) DO NOTHING;
INSERT INTO sales_imports (id, import_date, menu_item_id, qty_sold, net_revenue, is_processed) VALUES ('605b79bc-51cc-5f6a-9775-53bf5eddeb8c', '2026-06-13', '000', 19, 0.0, false) ON CONFLICT (id) DO NOTHING;
INSERT INTO sales_imports (id, import_date, menu_item_id, qty_sold, net_revenue, is_processed) VALUES ('638e1ce5-c86e-5475-aaf7-a2d5c1df7d60', '2026-06-13', '000', 11, 0.0, false) ON CONFLICT (id) DO NOTHING;
INSERT INTO sales_imports (id, import_date, menu_item_id, qty_sold, net_revenue, is_processed) VALUES ('1489b3f5-4262-5df8-9dba-f4c999e1ebf2', '2026-06-13', '000', 14, 0.0, false) ON CONFLICT (id) DO NOTHING;
INSERT INTO sales_imports (id, import_date, menu_item_id, qty_sold, net_revenue, is_processed) VALUES ('a3a6a50e-4f1e-5272-8990-a148e9aa9a8c', '2026-06-13', '000', 8, 0.0, false) ON CONFLICT (id) DO NOTHING;
INSERT INTO sales_imports (id, import_date, menu_item_id, qty_sold, net_revenue, is_processed) VALUES ('b84fddaa-f793-5811-8e68-e5de30447954', '2026-06-13', '000', 3, 0.0, false) ON CONFLICT (id) DO NOTHING;
INSERT INTO sales_imports (id, import_date, menu_item_id, qty_sold, net_revenue, is_processed) VALUES ('07175039-d019-5cbc-a14a-ed89610c73e8', '2026-06-13', '000', 4, 0.0, false) ON CONFLICT (id) DO NOTHING;
INSERT INTO sales_imports (id, import_date, menu_item_id, qty_sold, net_revenue, is_processed) VALUES ('d38ba9ee-ba47-523b-ac0a-536429b12951', '2026-06-13', '000', 7, 0.0, false) ON CONFLICT (id) DO NOTHING;
INSERT INTO sales_imports (id, import_date, menu_item_id, qty_sold, net_revenue, is_processed) VALUES ('541bb418-b72e-59a0-bdd0-43c54911c1ad', '2026-06-13', '000', 11, 0.0, false) ON CONFLICT (id) DO NOTHING;
INSERT INTO sales_imports (id, import_date, menu_item_id, qty_sold, net_revenue, is_processed) VALUES ('82e10002-2d7a-56a5-a5e9-49249b065f72', '2026-06-13', '000', 10, 0.0, false) ON CONFLICT (id) DO NOTHING;
INSERT INTO sales_imports (id, import_date, menu_item_id, qty_sold, net_revenue, is_processed) VALUES ('b888f424-6af3-5c5a-a550-fd24186c4494', '2026-06-13', '000', 5, 0.0, false) ON CONFLICT (id) DO NOTHING;
INSERT INTO sales_imports (id, import_date, menu_item_id, qty_sold, net_revenue, is_processed) VALUES ('3bd4503d-39b8-5a9d-806c-e312c2a76cb1', '2026-06-13', '000', 9, 0.0, false) ON CONFLICT (id) DO NOTHING;
INSERT INTO sales_imports (id, import_date, menu_item_id, qty_sold, net_revenue, is_processed) VALUES ('90c4dfae-f265-59bc-b72b-73072c6f60a1', '2026-06-13', '000', 13, 0.0, false) ON CONFLICT (id) DO NOTHING;
INSERT INTO sales_imports (id, import_date, menu_item_id, qty_sold, net_revenue, is_processed) VALUES ('1a26042b-45c9-54bf-b9db-c1f84a8bd701', '2026-06-13', '000', 7, 0.0, false) ON CONFLICT (id) DO NOTHING;
INSERT INTO sales_imports (id, import_date, menu_item_id, qty_sold, net_revenue, is_processed) VALUES ('19cd93a6-6061-5d0b-909c-af3d61bd4261', '2026-06-13', '000', 4, 0.0, false) ON CONFLICT (id) DO NOTHING;
INSERT INTO sales_imports (id, import_date, menu_item_id, qty_sold, net_revenue, is_processed) VALUES ('304c36d0-8f9c-5c7a-b533-09f6b8e49a4d', '2026-06-13', '000', 14, 0.0, false) ON CONFLICT (id) DO NOTHING;
INSERT INTO sales_imports (id, import_date, menu_item_id, qty_sold, net_revenue, is_processed) VALUES ('55f643b9-760f-5c12-bbc2-87160ca74ea7', '2026-06-13', '000', 11, 0.0, false) ON CONFLICT (id) DO NOTHING;
INSERT INTO sales_imports (id, import_date, menu_item_id, qty_sold, net_revenue, is_processed) VALUES ('a3b3ca14-03c7-5288-93f1-4807267c2ad3', '2026-06-13', '000', 0, 0.0, false) ON CONFLICT (id) DO NOTHING;
INSERT INTO sales_imports (id, import_date, menu_item_id, qty_sold, net_revenue, is_processed) VALUES ('b4b2d2c6-11ae-580d-a341-58ad1c9578af', '2026-06-13', '000', 0, 0.0, false) ON CONFLICT (id) DO NOTHING;
INSERT INTO sales_imports (id, import_date, menu_item_id, qty_sold, net_revenue, is_processed) VALUES ('d30d92d3-7a0f-5394-a2a2-c684143b773a', '2026-06-13', '000', 0, 0.0, false) ON CONFLICT (id) DO NOTHING;
INSERT INTO sales_imports (id, import_date, menu_item_id, qty_sold, net_revenue, is_processed) VALUES ('2bf850cb-b38c-5188-85df-b8f6453988c5', '2026-06-13', '001', 1, 0.0, false) ON CONFLICT (id) DO NOTHING;
INSERT INTO sales_imports (id, import_date, menu_item_id, qty_sold, net_revenue, is_processed) VALUES ('a851c111-3682-5e0c-bea4-902e7f839ecb', '2026-06-13', '001', 3, 690000.0, false) ON CONFLICT (id) DO NOTHING;
INSERT INTO sales_imports (id, import_date, menu_item_id, qty_sold, net_revenue, is_processed) VALUES ('5a11cf80-7ba1-5658-b2b9-ecfa46f98843', '2026-06-13', '001', 1, 158760.0, false) ON CONFLICT (id) DO NOTHING;
INSERT INTO sales_imports (id, import_date, menu_item_id, qty_sold, net_revenue, is_processed) VALUES ('d7685875-b181-5952-8c59-dcb8b119046e', '2026-06-13', '001', 8, 1840000.0, false) ON CONFLICT (id) DO NOTHING;
INSERT INTO sales_imports (id, import_date, menu_item_id, qty_sold, net_revenue, is_processed) VALUES ('14f64635-ccd2-5092-a02d-a2bde8cf6cad', '2026-06-13', '001', 1, 158760.0, false) ON CONFLICT (id) DO NOTHING;
INSERT INTO sales_imports (id, import_date, menu_item_id, qty_sold, net_revenue, is_processed) VALUES ('c7f40956-e74c-5552-97ff-54cf1417539d', '2026-06-13', '001', 1, 230000.0, false) ON CONFLICT (id) DO NOTHING;
INSERT INTO sales_imports (id, import_date, menu_item_id, qty_sold, net_revenue, is_processed) VALUES ('324118c8-fb16-5c5d-ba2b-4c6c4086dd45', '2026-06-13', '001', 3, 0.0, false) ON CONFLICT (id) DO NOTHING;
INSERT INTO sales_imports (id, import_date, menu_item_id, qty_sold, net_revenue, is_processed) VALUES ('7b876197-ea65-5857-9ac1-7f3b71b1495c', '2026-06-13', '001', 1, 567000.0, false) ON CONFLICT (id) DO NOTHING;
INSERT INTO sales_imports (id, import_date, menu_item_id, qty_sold, net_revenue, is_processed) VALUES ('a308f8e1-c5d0-53a4-87c1-97037a00ad3b', '2026-06-13', '001', 1, 680400.0, false) ON CONFLICT (id) DO NOTHING;
INSERT INTO sales_imports (id, import_date, menu_item_id, qty_sold, net_revenue, is_processed) VALUES ('9c1d8f7f-84d2-5e8f-8890-b3f888e3da92', '2026-06-13', '001', 1, 2000000.0, false) ON CONFLICT (id) DO NOTHING;
INSERT INTO sales_imports (id, import_date, menu_item_id, qty_sold, net_revenue, is_processed) VALUES ('0d660ac8-4393-5364-898f-b0f7191662c1', '2026-06-13', '001', 7, 680400.0, false) ON CONFLICT (id) DO NOTHING;
INSERT INTO sales_imports (id, import_date, menu_item_id, qty_sold, net_revenue, is_processed) VALUES ('b9c23871-864c-5c57-8c76-a0a983ec93d1', '2026-06-13', '001', 1, 0.0, false) ON CONFLICT (id) DO NOTHING;
INSERT INTO sales_imports (id, import_date, menu_item_id, qty_sold, net_revenue, is_processed) VALUES ('58d09e00-eb48-53ea-948c-ca3b032a4ea7', '2026-06-13', 'R4001', 4, 928746.0, false) ON CONFLICT (id) DO NOTHING;
INSERT INTO sales_imports (id, import_date, menu_item_id, qty_sold, net_revenue, is_processed) VALUES ('c636a7e8-2ad6-5249-ad16-9bc09c34fb6d', '2026-06-13', 'R4002', 1, 238140.0, false) ON CONFLICT (id) DO NOTHING;
INSERT INTO sales_imports (id, import_date, menu_item_id, qty_sold, net_revenue, is_processed) VALUES ('5e931393-cb34-5ccc-aa72-b72cfba76fea', '2026-06-13', 'R4003', 1, 238140.0, false) ON CONFLICT (id) DO NOTHING;
INSERT INTO sales_imports (id, import_date, menu_item_id, qty_sold, net_revenue, is_processed) VALUES ('d31f0e30-8e2b-573c-982f-587feee6a302', '2026-06-13', 'R4005', 1, 260820.0, false) ON CONFLICT (id) DO NOTHING;
INSERT INTO sales_imports (id, import_date, menu_item_id, qty_sold, net_revenue, is_processed) VALUES ('40d72f21-be65-5719-9356-bfd9dc56378b', '2026-06-13', 'V4045', 1, 2425500.0, false) ON CONFLICT (id) DO NOTHING;
INSERT INTO sales_imports (id, import_date, menu_item_id, qty_sold, net_revenue, is_processed) VALUES ('51c40563-aa4d-53b8-ac67-4c559499b184', '2026-06-13', 'V4064', 2, 1776075.0, false) ON CONFLICT (id) DO NOTHING;
INSERT INTO sales_imports (id, import_date, menu_item_id, qty_sold, net_revenue, is_processed) VALUES ('fef1eaaa-c4bf-5efa-a434-4900ec2b750d', '2026-06-13', 'V4065', 1, 1501500.0, false) ON CONFLICT (id) DO NOTHING;
INSERT INTO sales_imports (id, import_date, menu_item_id, qty_sold, net_revenue, is_processed) VALUES ('7606b1ef-0535-5f41-beb9-8e24bb57cce8', '2026-06-13', 'V4075', 1, 2850000.0, false) ON CONFLICT (id) DO NOTHING;
INSERT INTO sales_imports (id, import_date, menu_item_id, qty_sold, net_revenue, is_processed) VALUES ('25111071-1ff2-5939-88fa-c88a96808892', '2026-06-13', 'V4088', 1, 1100000.0, false) ON CONFLICT (id) DO NOTHING;
INSERT INTO sales_imports (id, import_date, menu_item_id, qty_sold, net_revenue, is_processed) VALUES ('d18c8c0b-0ed9-5ae3-9af8-31483abef696', '2026-06-13', 'V4091', 1, 1559250.0, false) ON CONFLICT (id) DO NOTHING;
INSERT INTO sales_imports (id, import_date, menu_item_id, qty_sold, net_revenue, is_processed) VALUES ('df628187-c165-5330-8531-109bd0425b27', '2026-06-13', 'V9410', 1, 618502.5, false) ON CONFLICT (id) DO NOTHING;
INSERT INTO sales_imports (id, import_date, menu_item_id, qty_sold, net_revenue, is_processed) VALUES ('b46d2ff0-8e15-58b0-a3cd-751f1b7661a6', '2026-06-13', 'R6081', 5, 0.0, false) ON CONFLICT (id) DO NOTHING;
INSERT INTO sales_imports (id, import_date, menu_item_id, qty_sold, net_revenue, is_processed) VALUES ('e533edc5-73e2-5c5e-a843-2074fa4768e1', '2026-06-13', 'R6082', 5, 0.0, false) ON CONFLICT (id) DO NOTHING;
INSERT INTO sales_imports (id, import_date, menu_item_id, qty_sold, net_revenue, is_processed) VALUES ('d45fe43b-e0eb-5d5a-b774-f020d78d3faf', '2026-06-13', 'R6131', 53, 18511500.0, false) ON CONFLICT (id) DO NOTHING;
INSERT INTO sales_imports (id, import_date, menu_item_id, qty_sold, net_revenue, is_processed) VALUES ('a54c2053-d6f6-547e-ac7b-1f4bdbcd39f3', '2026-06-13', 'R6132', 76, 25550000.0, false) ON CONFLICT (id) DO NOTHING;
INSERT INTO sales_imports (id, import_date, menu_item_id, qty_sold, net_revenue, is_processed) VALUES ('aadc9d83-bc66-56f6-ab68-9d40762cd27b', '2026-06-13', 'R6133', 68, 23723000.0, false) ON CONFLICT (id) DO NOTHING;
INSERT INTO sales_imports (id, import_date, menu_item_id, qty_sold, net_revenue, is_processed) VALUES ('ea94b561-e05c-5d4d-88fa-ee4e3f956215', '2026-06-13', 'R6133', 5, 2438100.0, false) ON CONFLICT (id) DO NOTHING;
INSERT INTO sales_imports (id, import_date, menu_item_id, qty_sold, net_revenue, is_processed) VALUES ('7cf86a99-2f2a-57ba-8d94-b8eee9afbb71', '2026-06-13', 'R6134', 129, 53750000.0, false) ON CONFLICT (id) DO NOTHING;
INSERT INTO sales_imports (id, import_date, menu_item_id, qty_sold, net_revenue, is_processed) VALUES ('4c46610d-ee6b-5160-b8fb-ef7380537476', '2026-06-13', 'R6134', 23, 12650000.0, false) ON CONFLICT (id) DO NOTHING;
INSERT INTO sales_imports (id, import_date, menu_item_id, qty_sold, net_revenue, is_processed) VALUES ('7ea27015-cb4d-5c21-8964-e04256345bd9', '2026-06-13', 'R6135', 73, 30530000.0, false) ON CONFLICT (id) DO NOTHING;
INSERT INTO sales_imports (id, import_date, menu_item_id, qty_sold, net_revenue, is_processed) VALUES ('e6629c1a-9483-585e-a522-3f6366778fa4', '2026-06-13', 'R6135', 19, 9350000.0, false) ON CONFLICT (id) DO NOTHING;
INSERT INTO sales_imports (id, import_date, menu_item_id, qty_sold, net_revenue, is_processed) VALUES ('e7cec1d3-9942-55ac-98ce-2a44ff940f08', '2026-06-13', 'R6136', 7, 3850000.0, false) ON CONFLICT (id) DO NOTHING;
INSERT INTO sales_imports (id, import_date, menu_item_id, qty_sold, net_revenue, is_processed) VALUES ('4c931e63-ce02-54ff-a627-39c0fa6526f3', '2026-06-13', 'R6137', 2, 1100000.0, false) ON CONFLICT (id) DO NOTHING;
INSERT INTO sales_imports (id, import_date, menu_item_id, qty_sold, net_revenue, is_processed) VALUES ('9fbc7143-3f8a-5e5b-a785-960a74386dc5', '2026-06-13', 'R6138', 4, 2130000.0, false) ON CONFLICT (id) DO NOTHING;
INSERT INTO sales_imports (id, import_date, menu_item_id, qty_sold, net_revenue, is_processed) VALUES ('118d64c0-8f28-5770-a6f0-e64702a9d81e', '2026-06-13', 'R6140', 6, 5640000.0, false) ON CONFLICT (id) DO NOTHING;
INSERT INTO sales_imports (id, import_date, menu_item_id, qty_sold, net_revenue, is_processed) VALUES ('68c1f714-57d1-5f96-b1be-05da0029547f', '2026-06-13', 'R61401', 55, 50350000.0, false) ON CONFLICT (id) DO NOTHING;
INSERT INTO sales_imports (id, import_date, menu_item_id, qty_sold, net_revenue, is_processed) VALUES ('4d0fa2ff-2e61-5772-bd25-5b4af088cd30', '2026-06-13', 'R614011', 19, 18900000.0, false) ON CONFLICT (id) DO NOTHING;
INSERT INTO sales_imports (id, import_date, menu_item_id, qty_sold, net_revenue, is_processed) VALUES ('958472a4-4e83-5fdb-b2b5-acd4516f3e04', '2026-06-13', 'R61501', 1, 720000.0, false) ON CONFLICT (id) DO NOTHING;
INSERT INTO sales_imports (id, import_date, menu_item_id, qty_sold, net_revenue, is_processed) VALUES ('aea40a2d-049a-5f94-8b9a-8756343144a9', '2026-06-13', 'R6153', 29, 20590000.0, false) ON CONFLICT (id) DO NOTHING;
INSERT INTO sales_imports (id, import_date, menu_item_id, qty_sold, net_revenue, is_processed) VALUES ('abd51476-2c4a-57f8-b8ca-6b9a60d18f3e', '2026-06-13', 'R6154', 6, 2580000.0, false) ON CONFLICT (id) DO NOTHING;
INSERT INTO sales_imports (id, import_date, menu_item_id, qty_sold, net_revenue, is_processed) VALUES ('e4709b24-8a3e-5f81-9e15-892094687f39', '2026-06-13', 'R6167', 1, 184275.0, false) ON CONFLICT (id) DO NOTHING;
INSERT INTO sales_imports (id, import_date, menu_item_id, qty_sold, net_revenue, is_processed) VALUES ('be424589-d73b-5211-bd39-94da3765cc57', '2026-06-13', 'R6188', 1, 623700.0, false) ON CONFLICT (id) DO NOTHING;
INSERT INTO sales_imports (id, import_date, menu_item_id, qty_sold, net_revenue, is_processed) VALUES ('75bdb650-1e79-5187-9682-a0e63fb91753', '2026-06-13', 'R6190', 1, 623700.0, false) ON CONFLICT (id) DO NOTHING;
INSERT INTO sales_imports (id, import_date, menu_item_id, qty_sold, net_revenue, is_processed) VALUES ('1db01d9d-1aed-57e3-9526-1f79180206e6', '2026-06-13', 'R6191', 7, 4022865.0, false) ON CONFLICT (id) DO NOTHING;
INSERT INTO sales_imports (id, import_date, menu_item_id, qty_sold, net_revenue, is_processed) VALUES ('9ab374e4-f32d-5ec6-b894-47606df69640', '2026-06-13', 'R6192', 2, 1060290.0, false) ON CONFLICT (id) DO NOTHING;
INSERT INTO sales_imports (id, import_date, menu_item_id, qty_sold, net_revenue, is_processed) VALUES ('cb06caac-5b94-5960-8e58-dddb66eac500', '2026-06-13', 'R6193', 8, 3600000.0, false) ON CONFLICT (id) DO NOTHING;
INSERT INTO sales_imports (id, import_date, menu_item_id, qty_sold, net_revenue, is_processed) VALUES ('99d7e04e-8ee6-5cf2-bc7a-36861893456c', '2026-06-13', 'R6193', 2, 900000.0, false) ON CONFLICT (id) DO NOTHING;
INSERT INTO sales_imports (id, import_date, menu_item_id, qty_sold, net_revenue, is_processed) VALUES ('13893665-e344-5c99-ac7e-b0d1dd92e7c4', '2026-06-13', 'R6193', 2, 1000000.0, false) ON CONFLICT (id) DO NOTHING;
INSERT INTO sales_imports (id, import_date, menu_item_id, qty_sold, net_revenue, is_processed) VALUES ('c42038f0-ac24-5e7c-a483-6bcd6d55cc33', '2026-06-13', 'R6194', 6, 2700000.0, false) ON CONFLICT (id) DO NOTHING;
INSERT INTO sales_imports (id, import_date, menu_item_id, qty_sold, net_revenue, is_processed) VALUES ('013f28d7-4b15-54e3-b8bd-ceb78abac1cb', '2026-06-13', 'R6208', 2, 1803060.0, false) ON CONFLICT (id) DO NOTHING;
INSERT INTO sales_imports (id, import_date, menu_item_id, qty_sold, net_revenue, is_processed) VALUES ('6df47cfb-a1f6-56eb-9f02-883c0006b4cd', '2026-06-13', 'R6209', 3, 2993760.0, false) ON CONFLICT (id) DO NOTHING;
INSERT INTO sales_imports (id, import_date, menu_item_id, qty_sold, net_revenue, is_processed) VALUES ('297a50e3-f037-57f7-9570-9fa09bec646b', '2026-06-13', 'R6211', 1, 750141.0, false) ON CONFLICT (id) DO NOTHING;
INSERT INTO sales_imports (id, import_date, menu_item_id, qty_sold, net_revenue, is_processed) VALUES ('0717fb6d-d26a-53f3-8330-4097d788ba89', '2026-06-13', 'R6212', 1, 750141.0, false) ON CONFLICT (id) DO NOTHING;
INSERT INTO sales_imports (id, import_date, menu_item_id, qty_sold, net_revenue, is_processed) VALUES ('c8865d3b-ebe4-5b6c-af4b-66ea24d4fa79', '2026-06-13', 'R6212', 2, 1622754.0, false) ON CONFLICT (id) DO NOTHING;
INSERT INTO sales_imports (id, import_date, menu_item_id, qty_sold, net_revenue, is_processed) VALUES ('0ed6c943-c871-509f-954f-8ce110bb48b7', '2026-06-13', 'R6212', 2, 1995840.0, false) ON CONFLICT (id) DO NOTHING;
INSERT INTO sales_imports (id, import_date, menu_item_id, qty_sold, net_revenue, is_processed) VALUES ('065827cd-3866-5a81-a760-c58a7f2e8dee', '2026-06-13', 'R6212', 3, 4078998.0, false) ON CONFLICT (id) DO NOTHING;
INSERT INTO sales_imports (id, import_date, menu_item_id, qty_sold, net_revenue, is_processed) VALUES ('e5952d52-7041-5c83-a784-9cbbd0e8092c', '2026-06-13', 'R6213', 2, 1500282.0, false) ON CONFLICT (id) DO NOTHING;
INSERT INTO sales_imports (id, import_date, menu_item_id, qty_sold, net_revenue, is_processed) VALUES ('32e7ddb5-33f7-560c-bcaf-4792b5b6aad4', '2026-06-13', 'R6213', 4, 3335661.0, false) ON CONFLICT (id) DO NOTHING;
INSERT INTO sales_imports (id, import_date, menu_item_id, qty_sold, net_revenue, is_processed) VALUES ('890f455f-4e70-509c-98dc-f426f6fe4b02', '2026-06-13', 'R6213', 1, 997920.0, false) ON CONFLICT (id) DO NOTHING;
INSERT INTO sales_imports (id, import_date, menu_item_id, qty_sold, net_revenue, is_processed) VALUES ('5e8d0d93-7c1c-5a57-8292-743711f6e1b7', '2026-06-13', 'R6213', 7, 9517662.0, false) ON CONFLICT (id) DO NOTHING;
INSERT INTO sales_imports (id, import_date, menu_item_id, qty_sold, net_revenue, is_processed) VALUES ('3337cd55-1786-5f79-b69b-bf72883e0f62', '2026-06-13', 'R6217', 5, 6798330.0, false) ON CONFLICT (id) DO NOTHING;
INSERT INTO sales_imports (id, import_date, menu_item_id, qty_sold, net_revenue, is_processed) VALUES ('27241940-4640-5c50-9e69-29acf6480795', '2026-06-13', 'R6218', 7, 9517662.0, false) ON CONFLICT (id) DO NOTHING;
INSERT INTO sales_imports (id, import_date, menu_item_id, qty_sold, net_revenue, is_processed) VALUES ('f064b814-2462-50dc-beaf-77b477db6286', '2026-06-13', 'R6231', 3, 1777545.0, false) ON CONFLICT (id) DO NOTHING;
INSERT INTO sales_imports (id, import_date, menu_item_id, qty_sold, net_revenue, is_processed) VALUES ('e63f8036-fde8-57f9-872a-35b9d7c33016', '2026-06-13', 'R6260004', 3, 1410000.0, false) ON CONFLICT (id) DO NOTHING;
INSERT INTO sales_imports (id, import_date, menu_item_id, qty_sold, net_revenue, is_processed) VALUES ('1bb110ba-0d8d-5cd4-b641-2b391afa4c1b', '2026-06-13', 'R6260005', 3, 1410000.0, false) ON CONFLICT (id) DO NOTHING;
INSERT INTO sales_imports (id, import_date, menu_item_id, qty_sold, net_revenue, is_processed) VALUES ('d201e670-9990-5de5-b503-e4589cbb0fab', '2026-06-13', 'R6260007', 10, 6000000.0, false) ON CONFLICT (id) DO NOTHING;
INSERT INTO sales_imports (id, import_date, menu_item_id, qty_sold, net_revenue, is_processed) VALUES ('18d6c8cb-738b-5dec-b259-d9da2059786f', '2026-06-13', 'R6260010', 4, 3183180.0, false) ON CONFLICT (id) DO NOTHING;
INSERT INTO sales_imports (id, import_date, menu_item_id, qty_sold, net_revenue, is_processed) VALUES ('cca061dc-8d3e-583f-880e-001290e631b1', '2026-06-13', 'R7004', 2, 0.0, false) ON CONFLICT (id) DO NOTHING;
INSERT INTO sales_imports (id, import_date, menu_item_id, qty_sold, net_revenue, is_processed) VALUES ('ef545be8-2192-5d7a-9e2d-b4f08ed74f38', '2026-06-13', 'SI0003', 1, 142800.0, false) ON CONFLICT (id) DO NOTHING;
INSERT INTO sales_imports (id, import_date, menu_item_id, qty_sold, net_revenue, is_processed) VALUES ('7c106eed-d4ef-51a4-b984-f57b96827589', '2026-06-13', 'M6014', 1, 125000.0, false) ON CONFLICT (id) DO NOTHING;
INSERT INTO sales_imports (id, import_date, menu_item_id, qty_sold, net_revenue, is_processed) VALUES ('dcc79414-37f3-5fd7-ac87-eec7a67b0012', '2026-06-13', 'M6001', 4, 125874.0, false) ON CONFLICT (id) DO NOTHING;
INSERT INTO sales_imports (id, import_date, menu_item_id, qty_sold, net_revenue, is_processed) VALUES ('e69cd2e9-3fc4-5d7f-a1bb-42e2ae010446', '2026-06-13', 'M6001', 1, 40000.0, false) ON CONFLICT (id) DO NOTHING;
INSERT INTO sales_imports (id, import_date, menu_item_id, qty_sold, net_revenue, is_processed) VALUES ('b6936dc9-60b6-5644-b5aa-5d2befc805af', '2026-06-13', 'M6001', 23, 1150000.0, false) ON CONFLICT (id) DO NOTHING;
INSERT INTO sales_imports (id, import_date, menu_item_id, qty_sold, net_revenue, is_processed) VALUES ('0fb4ff85-9e1f-5cea-a99b-9988fed0718c', '2026-06-13', 'M6002', 6, 193914.0, false) ON CONFLICT (id) DO NOTHING;
INSERT INTO sales_imports (id, import_date, menu_item_id, qty_sold, net_revenue, is_processed) VALUES ('c27e8c2a-5e8d-5408-9ccc-0c8da3895e1c', '2026-06-13', 'M6002', 2, 80000.0, false) ON CONFLICT (id) DO NOTHING;
INSERT INTO sales_imports (id, import_date, menu_item_id, qty_sold, net_revenue, is_processed) VALUES ('31110d60-45f6-5cfb-9b35-d321283d48ad', '2026-06-13', 'M6002', 7, 350000.0, false) ON CONFLICT (id) DO NOTHING;
INSERT INTO sales_imports (id, import_date, menu_item_id, qty_sold, net_revenue, is_processed) VALUES ('44b97056-cd37-5fac-b7bc-caaa939f25bd', '2026-06-13', 'M6003', 1, 28917.0, false) ON CONFLICT (id) DO NOTHING;
INSERT INTO sales_imports (id, import_date, menu_item_id, qty_sold, net_revenue, is_processed) VALUES ('a5c6eb7a-462b-5a58-bdf2-ca62dac88419', '2026-06-13', 'M6003', 3, 150000.0, false) ON CONFLICT (id) DO NOTHING;
INSERT INTO sales_imports (id, import_date, menu_item_id, qty_sold, net_revenue, is_processed) VALUES ('56c0ac9c-46ae-5009-b69f-df451382763c', '2026-06-13', 'M6004', 2, 80000.0, false) ON CONFLICT (id) DO NOTHING;
INSERT INTO sales_imports (id, import_date, menu_item_id, qty_sold, net_revenue, is_processed) VALUES ('3198daf8-d76d-5358-88b9-692c0dd331aa', '2026-06-13', 'M6004', 14, 700000.0, false) ON CONFLICT (id) DO NOTHING;
INSERT INTO sales_imports (id, import_date, menu_item_id, qty_sold, net_revenue, is_processed) VALUES ('4d7bdde8-b226-5417-b5e9-9dbe34f726dc', '2026-06-13', 'M6005', 1, 50000.0, false) ON CONFLICT (id) DO NOTHING;
INSERT INTO sales_imports (id, import_date, menu_item_id, qty_sold, net_revenue, is_processed) VALUES ('4a4296f0-1de6-52e7-bed8-b3f4c5e56fc8', '2026-06-13', 'M6006', 3, 86751.0, false) ON CONFLICT (id) DO NOTHING;
INSERT INTO sales_imports (id, import_date, menu_item_id, qty_sold, net_revenue, is_processed) VALUES ('30ec4839-bcf6-5aca-8b9e-b4b97dce594f', '2026-06-13', 'M6006', 1, 50000.0, false) ON CONFLICT (id) DO NOTHING;
INSERT INTO sales_imports (id, import_date, menu_item_id, qty_sold, net_revenue, is_processed) VALUES ('9153a748-1a5f-57e8-9c7e-00f4aa63ce57', '2026-06-13', 'M6006', 1, 50000.0, false) ON CONFLICT (id) DO NOTHING;
INSERT INTO sales_imports (id, import_date, menu_item_id, qty_sold, net_revenue, is_processed) VALUES ('7575fb78-01b7-5aaf-b923-a13cfd0d99c6', '2026-06-13', 'M6008', 8, 345660.0, false) ON CONFLICT (id) DO NOTHING;
INSERT INTO sales_imports (id, import_date, menu_item_id, qty_sold, net_revenue, is_processed) VALUES ('08b58b40-6b23-51cc-a0c8-6e653a850001', '2026-06-13', 'M6008', 3, 165000.0, false) ON CONFLICT (id) DO NOTHING;
INSERT INTO sales_imports (id, import_date, menu_item_id, qty_sold, net_revenue, is_processed) VALUES ('81aacad1-0440-5928-97d1-4574786d0a83', '2026-06-13', 'M6008', 2, 110000.0, false) ON CONFLICT (id) DO NOTHING;
INSERT INTO sales_imports (id, import_date, menu_item_id, qty_sold, net_revenue, is_processed) VALUES ('6cae7f0b-b790-54fe-9ffb-96161073046c', '2026-06-13', 'M6008', 2, 120000.0, false) ON CONFLICT (id) DO NOTHING;
INSERT INTO sales_imports (id, import_date, menu_item_id, qty_sold, net_revenue, is_processed) VALUES ('e000e097-a427-549e-bd44-0f17bd104750', '2026-06-13', 'M6009', 4, 342184.5, false) ON CONFLICT (id) DO NOTHING;
INSERT INTO sales_imports (id, import_date, menu_item_id, qty_sold, net_revenue, is_processed) VALUES ('32448834-7804-5610-860f-1790f13c13c3', '2026-06-13', 'M6009', 6, 810000.0, false) ON CONFLICT (id) DO NOTHING;
INSERT INTO sales_imports (id, import_date, menu_item_id, qty_sold, net_revenue, is_processed) VALUES ('dcdeaf0b-6621-58c6-8be4-229c6c9b3cc5', '2026-06-13', 'M6010', 5, 666225.0, false) ON CONFLICT (id) DO NOTHING;
INSERT INTO sales_imports (id, import_date, menu_item_id, qty_sold, net_revenue, is_processed) VALUES ('97b42956-d1ec-5aee-9e70-4aa7eb61c073', '2026-06-13', 'M6010', 1, 184800.0, false) ON CONFLICT (id) DO NOTHING;
INSERT INTO sales_imports (id, import_date, menu_item_id, qty_sold, net_revenue, is_processed) VALUES ('f6ad3555-85d7-5773-a697-5d43f2d040d0', '2026-06-13', 'M6010', 2, 320000.0, false) ON CONFLICT (id) DO NOTHING;
INSERT INTO sales_imports (id, import_date, menu_item_id, qty_sold, net_revenue, is_processed) VALUES ('1ca9122c-70c3-5054-8a51-552840596aad', '2026-06-13', 'M6020', 2, 80000.0, false) ON CONFLICT (id) DO NOTHING;
INSERT INTO sales_imports (id, import_date, menu_item_id, qty_sold, net_revenue, is_processed) VALUES ('f0daf726-764f-5de2-b6de-97d0ddd37339', '2026-06-13', 'M6020', 244, 5172300.0, false) ON CONFLICT (id) DO NOTHING;
INSERT INTO sales_imports (id, import_date, menu_item_id, qty_sold, net_revenue, is_processed) VALUES ('acfc12d2-e982-5ed5-9843-c6797bff7cc4', '2026-06-13', 'M6020', 7, 178875.0, false) ON CONFLICT (id) DO NOTHING;
INSERT INTO sales_imports (id, import_date, menu_item_id, qty_sold, net_revenue, is_processed) VALUES ('7fe870fd-59cf-543c-93f3-02181b499e2b', '2026-06-13', 'M6020', 65, 1625000.0, false) ON CONFLICT (id) DO NOTHING;
INSERT INTO sales_imports (id, import_date, menu_item_id, qty_sold, net_revenue, is_processed) VALUES ('76ea3b73-afc4-5319-baad-8cb2c6762bdc', '2026-06-13', 'M6020', 4, 0.0, false) ON CONFLICT (id) DO NOTHING;
INSERT INTO sales_imports (id, import_date, menu_item_id, qty_sold, net_revenue, is_processed) VALUES ('8d2b9b3a-f08f-543e-aba5-3edcc32b9630', '2026-06-13', 'M6020', 4, 0.0, false) ON CONFLICT (id) DO NOTHING;
INSERT INTO sales_imports (id, import_date, menu_item_id, qty_sold, net_revenue, is_processed) VALUES ('fb6df848-b118-5035-8294-c0e312adedb8', '2026-06-13', 'M3002', 7, 727650.0, false) ON CONFLICT (id) DO NOTHING;
INSERT INTO sales_imports (id, import_date, menu_item_id, qty_sold, net_revenue, is_processed) VALUES ('eeba4c70-a434-573f-bc3e-373f5b836df7', '2026-06-13', 'R5004', 1, 170100.0, false) ON CONFLICT (id) DO NOTHING;
INSERT INTO sales_imports (id, import_date, menu_item_id, qty_sold, net_revenue, is_processed) VALUES ('67842b25-e3e8-585d-86c5-238f8c3d5a80', '2026-06-13', 'R5008', 6, 304819.2, false) ON CONFLICT (id) DO NOTHING;
INSERT INTO sales_imports (id, import_date, menu_item_id, qty_sold, net_revenue, is_processed) VALUES ('ecc383dc-fe3a-5004-a474-5ab30fbc5a2c', '2026-06-13', 'R5008', 1, 73710.0, false) ON CONFLICT (id) DO NOTHING;
INSERT INTO sales_imports (id, import_date, menu_item_id, qty_sold, net_revenue, is_processed) VALUES ('b1a04977-09b8-50c5-a198-40823ac33e01', '2026-06-13', 'R5009', 2, 176904.0, false) ON CONFLICT (id) DO NOTHING;
INSERT INTO sales_imports (id, import_date, menu_item_id, qty_sold, net_revenue, is_processed) VALUES ('bdd87e91-902a-5998-871a-7d2bc82fd77e', '2026-06-13', 'R5103', 5, 765450.0, false) ON CONFLICT (id) DO NOTHING;
INSERT INTO sales_imports (id, import_date, menu_item_id, qty_sold, net_revenue, is_processed) VALUES ('473e843a-9a01-588c-88d1-57d7bacc64f5', '2026-06-13', 'R5108', 1, 0.0, false) ON CONFLICT (id) DO NOTHING;
INSERT INTO sales_imports (id, import_date, menu_item_id, qty_sold, net_revenue, is_processed) VALUES ('600f1229-4967-56ad-9e54-3aa51b3d6dcc', '2026-06-13', 'R5113', 1, 141750.0, false) ON CONFLICT (id) DO NOTHING;
INSERT INTO sales_imports (id, import_date, menu_item_id, qty_sold, net_revenue, is_processed) VALUES ('683ad1bb-7385-5a91-84bf-ab8ac4bd8583', '2026-06-13', 'R5113', 1, 198450.0, false) ON CONFLICT (id) DO NOTHING;
INSERT INTO sales_imports (id, import_date, menu_item_id, qty_sold, net_revenue, is_processed) VALUES ('8f46bc23-2feb-5aeb-88e0-fdf7c955fa0f', '2026-06-13', 'R5114', 2, 532980.0, false) ON CONFLICT (id) DO NOTHING;
INSERT INTO sales_imports (id, import_date, menu_item_id, qty_sold, net_revenue, is_processed) VALUES ('f6a102ad-8d13-5cbc-b706-7c905604680d', '2026-06-13', 'R5117', 1, 348075.0, false) ON CONFLICT (id) DO NOTHING;
INSERT INTO sales_imports (id, import_date, menu_item_id, qty_sold, net_revenue, is_processed) VALUES ('9554a90d-9da0-5818-8249-2b58e23c374e', '2026-06-13', 'R5118', 1, 221130.0, false) ON CONFLICT (id) DO NOTHING;
INSERT INTO sales_imports (id, import_date, menu_item_id, qty_sold, net_revenue, is_processed) VALUES ('5a31bcfe-e4e8-50f3-9c0e-d687a59f28fd', '2026-06-13', 'R5118', 7, 1899450.0, false) ON CONFLICT (id) DO NOTHING;
INSERT INTO sales_imports (id, import_date, menu_item_id, qty_sold, net_revenue, is_processed) VALUES ('cb7387e4-51aa-5f72-99b9-9720241e1105', '2026-06-13', 'M9101', 1, 158760.0, false) ON CONFLICT (id) DO NOTHING;
INSERT INTO sales_imports (id, import_date, menu_item_id, qty_sold, net_revenue, is_processed) VALUES ('a70a362c-f1da-56bb-8b0f-3b300cd68e11', '2026-06-13', 'M9101', 6, 1105440.0, false) ON CONFLICT (id) DO NOTHING;
INSERT INTO sales_imports (id, import_date, menu_item_id, qty_sold, net_revenue, is_processed) VALUES ('7e44ab9f-5cce-555f-b64d-60e0b6c50467', '2026-06-13', 'M9101', 2, 460000.0, false) ON CONFLICT (id) DO NOTHING;
INSERT INTO sales_imports (id, import_date, menu_item_id, qty_sold, net_revenue, is_processed) VALUES ('ccdcf9a6-56cb-5d7d-a984-1aa9bd44d4b2', '2026-06-13', 'M9101', 4, 920000.0, false) ON CONFLICT (id) DO NOTHING;
INSERT INTO sales_imports (id, import_date, menu_item_id, qty_sold, net_revenue, is_processed) VALUES ('df0c7778-9cd1-56f2-b03f-10628da8a07b', '2026-06-13', 'M9101', 1, 0.0, false) ON CONFLICT (id) DO NOTHING;
INSERT INTO sales_imports (id, import_date, menu_item_id, qty_sold, net_revenue, is_processed) VALUES ('4d6ad62d-2e9d-56fa-b532-1b031d171570', '2026-06-13', 'M9102', 1, 181440.0, false) ON CONFLICT (id) DO NOTHING;
INSERT INTO sales_imports (id, import_date, menu_item_id, qty_sold, net_revenue, is_processed) VALUES ('aec338c9-9297-5d0c-bcab-2088a5e68eb6', '2026-06-13', 'M9104', 1, 134946.0, false) ON CONFLICT (id) DO NOTHING;
INSERT INTO sales_imports (id, import_date, menu_item_id, qty_sold, net_revenue, is_processed) VALUES ('28e94b78-eb50-53b0-868a-b0558cc88cc8', '2026-06-13', 'M9104', 2, 460000.0, false) ON CONFLICT (id) DO NOTHING;
INSERT INTO sales_imports (id, import_date, menu_item_id, qty_sold, net_revenue, is_processed) VALUES ('9aa8276c-701c-5ed0-a571-c9e17bf98259', '2026-06-13', 'M9104', 2, 460000.0, false) ON CONFLICT (id) DO NOTHING;
INSERT INTO sales_imports (id, import_date, menu_item_id, qty_sold, net_revenue, is_processed) VALUES ('561b3da5-d217-517b-9aee-2e3bd21aa5c9', '2026-06-13', 'M9106', 8, 960000.0, false) ON CONFLICT (id) DO NOTHING;
INSERT INTO sales_imports (id, import_date, menu_item_id, qty_sold, net_revenue, is_processed) VALUES ('f173caa3-890e-5616-bd93-bb56e618699c', '2026-06-13', 'M9106', 33, 3960000.0, false) ON CONFLICT (id) DO NOTHING;
INSERT INTO sales_imports (id, import_date, menu_item_id, qty_sold, net_revenue, is_processed) VALUES ('4fe54c3d-c2d5-5aac-b554-513d93109471', '2026-06-13', 'M9107', 19, 2280000.0, false) ON CONFLICT (id) DO NOTHING;
INSERT INTO sales_imports (id, import_date, menu_item_id, qty_sold, net_revenue, is_processed) VALUES ('20e1a4c7-3e69-5c09-bc63-c38c7aecb603', '2026-06-13', 'M9109', 1, 166320.0, false) ON CONFLICT (id) DO NOTHING;
INSERT INTO sales_imports (id, import_date, menu_item_id, qty_sold, net_revenue, is_processed) VALUES ('aa534838-aafc-5d9f-aff4-dd7a07d99e4d', '2026-06-13', 'M9109', 1, 230000.0, false) ON CONFLICT (id) DO NOTHING;
INSERT INTO sales_imports (id, import_date, menu_item_id, qty_sold, net_revenue, is_processed) VALUES ('d1227f1f-b05b-56c5-837c-8a7e402d8ee5', '2026-06-13', 'M9121', 2, 800000.0, false) ON CONFLICT (id) DO NOTHING;
INSERT INTO sales_imports (id, import_date, menu_item_id, qty_sold, net_revenue, is_processed) VALUES ('1abb392d-8e42-54cf-a6f4-fdf53f0aa251', '2026-06-13', 'M9121', 1, 0.0, false) ON CONFLICT (id) DO NOTHING;

COMMIT;
