-- Seed file regenerated for Maison Vie CRM v8.0 schema
COMMIT;
BEGIN;

INSERT INTO uom (id, name, uom_type) VALUES 
('KG', 'Kilogram', 'WEIGHT'),
('G', 'G', 'WEIGHT'),
('L', 'Lít', 'VOLUME'),
('ML', 'Millilít', 'VOLUME'),
('BOTTLE', 'BOTTLE', 'COUNT'),
('CASE', 'Thùng', 'COUNT'),
('PIECE', 'Quả/Củ/Cái', 'COUNT'),
('CAN', 'Lon', 'COUNT'),
('GLASS', 'Ly', 'COUNT'),
('PACK', 'Gói/Bao', 'COUNT'),
('BOX', 'Hộp', 'COUNT'),
('BAG', 'Túi', 'COUNT')
ON CONFLICT (id) DO NOTHING;


-- 1. Seed Purchase Categories
INSERT INTO purchase_categories (id, code, name, is_active) VALUES ('5b0ee48b-8e19-5d8f-853a-4056cefff5e5', 'ALCOHOL', 'Alcohol', true) ON CONFLICT (code) DO NOTHING;
INSERT INTO purchase_categories (id, code, name, is_active) VALUES ('b3b4e57e-464d-562f-80ec-b216c92d5e88', 'BEVERAGE', 'Beverage', true) ON CONFLICT (code) DO NOTHING;
INSERT INTO purchase_categories (id, code, name, is_active) VALUES ('e6425b0c-c723-5aab-a812-986210aba984', 'CONDIMENT', 'Condiment', true) ON CONFLICT (code) DO NOTHING;
INSERT INTO purchase_categories (id, code, name, is_active) VALUES ('2cca3ed1-29e5-51f3-be0a-3037c3e177fd', 'DAIRY', 'Dairy', true) ON CONFLICT (code) DO NOTHING;
INSERT INTO purchase_categories (id, code, name, is_active) VALUES ('5fbe46c0-78c8-5e66-ae7e-5f78ebb2b1af', 'FRUIT', 'Fruit', true) ON CONFLICT (code) DO NOTHING;
INSERT INTO purchase_categories (id, code, name, is_active) VALUES ('b0f0e57e-464d-562f-80ec-b216c92d5e88', 'GRAIN', 'Grain', true) ON CONFLICT (code) DO NOTHING;
INSERT INTO purchase_categories (id, code, name, is_active) VALUES ('1e30501d-5b66-5465-a06c-11fc3ef2d6c8', 'HERB', 'Herb', true) ON CONFLICT (code) DO NOTHING;
INSERT INTO purchase_categories (id, code, name, is_active) VALUES ('7f22ca72-c04e-5a95-a1b9-64c4e573cb76', 'MEAT', 'Meat', true) ON CONFLICT (code) DO NOTHING;
INSERT INTO purchase_categories (id, code, name, is_active) VALUES ('bf200869-b2aa-5a0e-a314-0e8521a1a74d', 'PASTRY', 'Pastry', true) ON CONFLICT (code) DO NOTHING;
INSERT INTO purchase_categories (id, code, name, is_active) VALUES ('cfcfda7d-dc94-5c3c-a4ec-ef8e14482480', 'PULSE', 'Pulse', true) ON CONFLICT (code) DO NOTHING;
INSERT INTO purchase_categories (id, code, name, is_active) VALUES ('30c427bf-d412-516b-b5dc-7022fe29971a', 'SEAFOOD', 'Seafood', true) ON CONFLICT (code) DO NOTHING;
INSERT INTO purchase_categories (id, code, name, is_active) VALUES ('f09a1423-afa4-5fe6-99f6-789561f23c83', 'STOCK', 'Stock', true) ON CONFLICT (code) DO NOTHING;
INSERT INTO purchase_categories (id, code, name, is_active) VALUES ('efd070f6-3ca8-53a7-ad6a-4a7a25a8837d', 'VEGETABLE', 'Vegetable', true) ON CONFLICT (code) DO NOTHING;

-- 2. Seed UoMs


-- 3. Seed UoM Conversions
INSERT INTO uom_conversions (from_uom, to_uom, factor) VALUES
('KG', 'G', 1000.00),
('L', 'ML', 1000.00)
ON CONFLICT DO NOTHING;

-- 4. Seed Default Suppliers
INSERT INTO suppliers (id, name, contact, lead_time_days, cutoff_time, is_active) VALUES 
('90000000-0000-0000-0000-000000000001', 'Công ty Cổ phần Thực phẩm An Nam (Imported Premium)', '{"phone": "024-3718-6200", "email": "order@annam.vn"}', 2, '17:00:00', true),
('90000000-0000-0000-0000-000000000002', 'Nhà cung cấp Rau sạch Đà Lạt Hải Yến', '{"phone": "0912-345-678", "email": "sales@dalatyen.vn"}', 1, '20:00:00', true),
('90000000-0000-0000-0000-000000000003', 'Tổng kho Rượu vang Đa Lộc', '{"phone": "024-3826-2090", "email": "sales@daloc.vn"}', 1, '16:30:00', true)
ON CONFLICT DO NOTHING;

-- 5. Seed Ingredients
INSERT INTO ingredients (id, code, nom_fr, ten_vi, name_en, purchase_category_id, stock_uom, recipe_uom, stock_to_recipe_factor, tare_weight_grams, tolerance_percent, wac_price, standard_price, yield_rate, min_stock, max_stock, safety_stock, is_import, track_lot, is_beverage, auto_po_group, is_active) VALUES ('ING-001', 'ING-001', 'Thon rouge sashimi-grade', 'Cá ngừ fillet tươi', 'Tuna sashimi-grade', '30c427bf-d412-516b-b5dc-7022fe29971a', 'KG', 'G', 1000, 0, 2.0, 580000.0, 580000.0, 85.0, 15.0, 50.0, 10.0, false, true, false, 'AUTO_PO', true) ON CONFLICT (id) DO UPDATE SET wac_price = EXCLUDED.wac_price, standard_price = EXCLUDED.standard_price, yield_rate = EXCLUDED.yield_rate;
INSERT INTO ingredients (id, code, nom_fr, ten_vi, name_en, purchase_category_id, stock_uom, recipe_uom, stock_to_recipe_factor, tare_weight_grams, tolerance_percent, wac_price, standard_price, yield_rate, min_stock, max_stock, safety_stock, is_import, track_lot, is_beverage, auto_po_group, is_active) VALUES ('ING-002', 'ING-002', 'Saint-Jacques', 'Sò điệp Nhật 60-70g', 'Scallops Hokkaido', '30c427bf-d412-516b-b5dc-7022fe29971a', 'KG', 'G', 1000, 0, 2.0, 950000.0, 950000.0, 85.0, 15.0, 50.0, 10.0, true, true, false, 'AUTO_PO', true) ON CONFLICT (id) DO UPDATE SET wac_price = EXCLUDED.wac_price, standard_price = EXCLUDED.standard_price, yield_rate = EXCLUDED.yield_rate;
INSERT INTO ingredients (id, code, nom_fr, ten_vi, name_en, purchase_category_id, stock_uom, recipe_uom, stock_to_recipe_factor, tare_weight_grams, tolerance_percent, wac_price, standard_price, yield_rate, min_stock, max_stock, safety_stock, is_import, track_lot, is_beverage, auto_po_group, is_active) VALUES ('ING-003', 'ING-003', 'Cabillaud noir d''Alaska', 'Cá tuyết đen đông lạnh', 'Black cod Alaska', '30c427bf-d412-516b-b5dc-7022fe29971a', 'KG', 'G', 1000, 0, 2.0, 1400000.0, 1400000.0, 80.0, 15.0, 50.0, 10.0, true, true, false, 'AUTO_PO', true) ON CONFLICT (id) DO UPDATE SET wac_price = EXCLUDED.wac_price, standard_price = EXCLUDED.standard_price, yield_rate = EXCLUDED.yield_rate;
INSERT INTO ingredients (id, code, nom_fr, ten_vi, name_en, purchase_category_id, stock_uom, recipe_uom, stock_to_recipe_factor, tare_weight_grams, tolerance_percent, wac_price, standard_price, yield_rate, min_stock, max_stock, safety_stock, is_import, track_lot, is_beverage, auto_po_group, is_active) VALUES ('ING-004', 'ING-004', 'Bar du Vietnam (fillet)', 'Cá vược file tươi', 'Vietnamese seabass', '30c427bf-d412-516b-b5dc-7022fe29971a', 'KG', 'G', 1000, 0, 2.0, 300000.0, 300000.0, 80.0, 15.0, 50.0, 10.0, false, true, false, 'AUTO_PO', true) ON CONFLICT (id) DO UPDATE SET wac_price = EXCLUDED.wac_price, standard_price = EXCLUDED.standard_price, yield_rate = EXCLUDED.yield_rate;
INSERT INTO ingredients (id, code, nom_fr, ten_vi, name_en, purchase_category_id, stock_uom, recipe_uom, stock_to_recipe_factor, tare_weight_grams, tolerance_percent, wac_price, standard_price, yield_rate, min_stock, max_stock, safety_stock, is_import, track_lot, is_beverage, auto_po_group, is_active) VALUES ('ING-005', 'ING-005', 'Langoustine (Local)', 'Tôm hùm baby Local', 'Langoustine Local', '30c427bf-d412-516b-b5dc-7022fe29971a', 'KG', 'G', 1000, 0, 2.0, 750000.0, 750000.0, 50.0, 15.0, 50.0, 10.0, false, true, false, 'AUTO_PO', true) ON CONFLICT (id) DO UPDATE SET wac_price = EXCLUDED.wac_price, standard_price = EXCLUDED.standard_price, yield_rate = EXCLUDED.yield_rate;
INSERT INTO ingredients (id, code, nom_fr, ten_vi, name_en, purchase_category_id, stock_uom, recipe_uom, stock_to_recipe_factor, tare_weight_grams, tolerance_percent, wac_price, standard_price, yield_rate, min_stock, max_stock, safety_stock, is_import, track_lot, is_beverage, auto_po_group, is_active) VALUES ('ING-006', 'ING-006', 'Crevettes de Nha Trang', 'Tôm bạc Nha Trang', 'Nha Trang shrimp', '30c427bf-d412-516b-b5dc-7022fe29971a', 'KG', 'G', 1000, 0, 2.0, 300000.0, 300000.0, 55.00000000000001, 15.0, 50.0, 10.0, false, true, false, 'AUTO_PO', true) ON CONFLICT (id) DO UPDATE SET wac_price = EXCLUDED.wac_price, standard_price = EXCLUDED.standard_price, yield_rate = EXCLUDED.yield_rate;
INSERT INTO ingredients (id, code, nom_fr, ten_vi, name_en, purchase_category_id, stock_uom, recipe_uom, stock_to_recipe_factor, tare_weight_grams, tolerance_percent, wac_price, standard_price, yield_rate, min_stock, max_stock, safety_stock, is_import, track_lot, is_beverage, auto_po_group, is_active) VALUES ('ING-007', 'ING-007', 'Saumon de Norvège', 'Cá hồi Na Uy', 'Norwegian salmon', '30c427bf-d412-516b-b5dc-7022fe29971a', 'KG', 'G', 1000, 0, 2.0, 535000.0, 535000.0, 70.0, 15.0, 50.0, 10.0, true, true, false, 'AUTO_PO', true) ON CONFLICT (id) DO UPDATE SET wac_price = EXCLUDED.wac_price, standard_price = EXCLUDED.standard_price, yield_rate = EXCLUDED.yield_rate;
INSERT INTO ingredients (id, code, nom_fr, ten_vi, name_en, purchase_category_id, stock_uom, recipe_uom, stock_to_recipe_factor, tare_weight_grams, tolerance_percent, wac_price, standard_price, yield_rate, min_stock, max_stock, safety_stock, is_import, track_lot, is_beverage, auto_po_group, is_active) VALUES ('ING-008', 'ING-008', 'Crabe de Cà Mau  (Local)', 'Cua Cà Mau', 'Cà Mau mud crab', '30c427bf-d412-516b-b5dc-7022fe29971a', 'KG', 'G', 1000, 0, 2.0, 950000.0, 950000.0, 70.0, 15.0, 50.0, 10.0, false, true, false, 'AUTO_PO', true) ON CONFLICT (id) DO UPDATE SET wac_price = EXCLUDED.wac_price, standard_price = EXCLUDED.standard_price, yield_rate = EXCLUDED.yield_rate;
INSERT INTO ingredients (id, code, nom_fr, ten_vi, name_en, purchase_category_id, stock_uom, recipe_uom, stock_to_recipe_factor, tare_weight_grams, tolerance_percent, wac_price, standard_price, yield_rate, min_stock, max_stock, safety_stock, is_import, track_lot, is_beverage, auto_po_group, is_active) VALUES ('ING-009', 'ING-009', 'Caviar (box 30g)', 'Trứng cá muối caviar', 'Caviar', '30c427bf-d412-516b-b5dc-7022fe29971a', 'G', 'G', 1, 0, 2.0, 6167.0, 6167.0, 100.0, 15.0, 50.0, 10.0, true, true, false, 'AUTO_PO', true) ON CONFLICT (id) DO UPDATE SET wac_price = EXCLUDED.wac_price, standard_price = EXCLUDED.standard_price, yield_rate = EXCLUDED.yield_rate;
INSERT INTO ingredients (id, code, nom_fr, ten_vi, name_en, purchase_category_id, stock_uom, recipe_uom, stock_to_recipe_factor, tare_weight_grams, tolerance_percent, wac_price, standard_price, yield_rate, min_stock, max_stock, safety_stock, is_import, track_lot, is_beverage, auto_po_group, is_active) VALUES ('ING-010', 'ING-010', 'Bœuf Wagyu MBS 6-7', 'Bò Wagyu MBS 6-7', 'Wagyu MBS 6-7', '7f22ca72-c04e-5a95-a1b9-64c4e573cb76', 'KG', 'G', 1000, 0, 2.0, 2350000.0, 2350000.0, 85.0, 15.0, 50.0, 10.0, true, true, false, 'AUTO_PO', true) ON CONFLICT (id) DO UPDATE SET wac_price = EXCLUDED.wac_price, standard_price = EXCLUDED.standard_price, yield_rate = EXCLUDED.yield_rate;
INSERT INTO ingredients (id, code, nom_fr, ten_vi, name_en, purchase_category_id, stock_uom, recipe_uom, stock_to_recipe_factor, tare_weight_grams, tolerance_percent, wac_price, standard_price, yield_rate, min_stock, max_stock, safety_stock, is_import, track_lot, is_beverage, auto_po_group, is_active) VALUES ('ING-011', 'ING-011', 'Buffle du Vietnam', 'Trâu Việt Nam', 'VN buffalo', '7f22ca72-c04e-5a95-a1b9-64c4e573cb76', 'KG', 'G', 1000, 0, 2.0, 350000.0, 350000.0, 75.0, 15.0, 50.0, 10.0, false, true, false, 'AUTO_PO', true) ON CONFLICT (id) DO UPDATE SET wac_price = EXCLUDED.wac_price, standard_price = EXCLUDED.standard_price, yield_rate = EXCLUDED.yield_rate;
INSERT INTO ingredients (id, code, nom_fr, ten_vi, name_en, purchase_category_id, stock_uom, recipe_uom, stock_to_recipe_factor, tare_weight_grams, tolerance_percent, wac_price, standard_price, yield_rate, min_stock, max_stock, safety_stock, is_import, track_lot, is_beverage, auto_po_group, is_active) VALUES ('ING-012', 'ING-012', 'Magret de canard VN', 'Lườn vịt VN', 'VN duck breast', '7f22ca72-c04e-5a95-a1b9-64c4e573cb76', 'KG', 'G', 1000, 0, 2.0, 250000.0, 250000.0, 85.0, 15.0, 50.0, 10.0, false, true, false, 'AUTO_PO', true) ON CONFLICT (id) DO UPDATE SET wac_price = EXCLUDED.wac_price, standard_price = EXCLUDED.standard_price, yield_rate = EXCLUDED.yield_rate;
INSERT INTO ingredients (id, code, nom_fr, ten_vi, name_en, purchase_category_id, stock_uom, recipe_uom, stock_to_recipe_factor, tare_weight_grams, tolerance_percent, wac_price, standard_price, yield_rate, min_stock, max_stock, safety_stock, is_import, track_lot, is_beverage, auto_po_group, is_active) VALUES ('ING-013', 'ING-013', 'Carré d''agneau NZ', 'Sườn cừu NZ', 'NZ lamb rack', '7f22ca72-c04e-5a95-a1b9-64c4e573cb76', 'KG', 'G', 1000, 0, 2.0, 1417500.0, 1417500.0, 90.0, 15.0, 50.0, 10.0, true, true, false, 'AUTO_PO', true) ON CONFLICT (id) DO UPDATE SET wac_price = EXCLUDED.wac_price, standard_price = EXCLUDED.standard_price, yield_rate = EXCLUDED.yield_rate;
INSERT INTO ingredients (id, code, nom_fr, ten_vi, name_en, purchase_category_id, stock_uom, recipe_uom, stock_to_recipe_factor, tare_weight_grams, tolerance_percent, wac_price, standard_price, yield_rate, min_stock, max_stock, safety_stock, is_import, track_lot, is_beverage, auto_po_group, is_active) VALUES ('ING-014', 'ING-014', 'Foie gras de canard (slice)', 'Gan ngỗng slice', 'Duck foie gras slice', '7f22ca72-c04e-5a95-a1b9-64c4e573cb76', 'KG', 'G', 1000, 0, 2.0, 1778000.0, 1778000.0, 90.0, 15.0, 50.0, 10.0, true, true, false, 'AUTO_PO', true) ON CONFLICT (id) DO UPDATE SET wac_price = EXCLUDED.wac_price, standard_price = EXCLUDED.standard_price, yield_rate = EXCLUDED.yield_rate;
INSERT INTO ingredients (id, code, nom_fr, ten_vi, name_en, purchase_category_id, stock_uom, recipe_uom, stock_to_recipe_factor, tare_weight_grams, tolerance_percent, wac_price, standard_price, yield_rate, min_stock, max_stock, safety_stock, is_import, track_lot, is_beverage, auto_po_group, is_active) VALUES ('ING-014B', 'ING-014B', 'Foie gras entier (whole)', 'Gan ngỗng nguyên buồng', 'Foie gras whole lobe', '7f22ca72-c04e-5a95-a1b9-64c4e573cb76', 'KG', 'G', 1000, 0, 2.0, 1245000.0, 1245000.0, 85.0, 15.0, 50.0, 10.0, true, true, false, 'AUTO_PO', true) ON CONFLICT (id) DO UPDATE SET wac_price = EXCLUDED.wac_price, standard_price = EXCLUDED.standard_price, yield_rate = EXCLUDED.yield_rate;
INSERT INTO ingredients (id, code, nom_fr, ten_vi, name_en, purchase_category_id, stock_uom, recipe_uom, stock_to_recipe_factor, tare_weight_grams, tolerance_percent, wac_price, standard_price, yield_rate, min_stock, max_stock, safety_stock, is_import, track_lot, is_beverage, auto_po_group, is_active) VALUES ('ING-015', 'ING-015', 'Volaille fermière', 'Gà nuôi thả', 'Free-range chicken', '7f22ca72-c04e-5a95-a1b9-64c4e573cb76', 'KG', 'G', 1000, 0, 2.0, 120000.0, 120000.0, 65.0, 15.0, 50.0, 10.0, false, true, false, 'AUTO_PO', true) ON CONFLICT (id) DO UPDATE SET wac_price = EXCLUDED.wac_price, standard_price = EXCLUDED.standard_price, yield_rate = EXCLUDED.yield_rate;
INSERT INTO ingredients (id, code, nom_fr, ten_vi, name_en, purchase_category_id, stock_uom, recipe_uom, stock_to_recipe_factor, tare_weight_grams, tolerance_percent, wac_price, standard_price, yield_rate, min_stock, max_stock, safety_stock, is_import, track_lot, is_beverage, auto_po_group, is_active) VALUES ('ING-016', 'ING-016', 'Escargots de Bourgogne', 'Ốc sên Burgundy', 'Burgundy snails', '7f22ca72-c04e-5a95-a1b9-64c4e573cb76', 'KG', 'G', 1000, 0, 2.0, 807840.0, 807840.0, 95.0, 15.0, 50.0, 10.0, true, true, false, 'AUTO_PO', true) ON CONFLICT (id) DO UPDATE SET wac_price = EXCLUDED.wac_price, standard_price = EXCLUDED.standard_price, yield_rate = EXCLUDED.yield_rate;
INSERT INTO ingredients (id, code, nom_fr, ten_vi, name_en, purchase_category_id, stock_uom, recipe_uom, stock_to_recipe_factor, tare_weight_grams, tolerance_percent, wac_price, standard_price, yield_rate, min_stock, max_stock, safety_stock, is_import, track_lot, is_beverage, auto_po_group, is_active) VALUES ('ING-017', 'ING-017', 'Beurre d''Isigny AOP', 'Bơ Isigny AOP', 'Isigny butter', '2cca3ed1-29e5-51f3-be0a-3037c3e177fd', 'KG', 'G', 1000, 0, 5.0, 760000.0, 760000.0, 100.0, 15.0, 50.0, 10.0, true, false, false, 'MANUAL_REQUISITION', true) ON CONFLICT (id) DO UPDATE SET wac_price = EXCLUDED.wac_price, standard_price = EXCLUDED.standard_price, yield_rate = EXCLUDED.yield_rate;
INSERT INTO ingredients (id, code, nom_fr, ten_vi, name_en, purchase_category_id, stock_uom, recipe_uom, stock_to_recipe_factor, tare_weight_grams, tolerance_percent, wac_price, standard_price, yield_rate, min_stock, max_stock, safety_stock, is_import, track_lot, is_beverage, auto_po_group, is_active) VALUES ('ING-018', 'ING-018', 'Crème fraîche d''Isigny', 'Kem chua Isigny', 'Isigny crème', '2cca3ed1-29e5-51f3-be0a-3037c3e177fd', 'L', 'L', 1, 0, 5.0, 115000.0, 115000.0, 100.0, 15.0, 50.0, 10.0, true, false, false, 'MANUAL_REQUISITION', true) ON CONFLICT (id) DO UPDATE SET wac_price = EXCLUDED.wac_price, standard_price = EXCLUDED.standard_price, yield_rate = EXCLUDED.yield_rate;
INSERT INTO ingredients (id, code, nom_fr, ten_vi, name_en, purchase_category_id, stock_uom, recipe_uom, stock_to_recipe_factor, tare_weight_grams, tolerance_percent, wac_price, standard_price, yield_rate, min_stock, max_stock, safety_stock, is_import, track_lot, is_beverage, auto_po_group, is_active) VALUES ('ING-019', 'ING-019', 'Crème liquide 35%', 'Kem tươi 35%', 'Heavy cream', '2cca3ed1-29e5-51f3-be0a-3037c3e177fd', 'L', 'L', 1, 0, 5.0, 137160.0, 137160.0, 100.0, 15.0, 50.0, 10.0, false, false, false, 'MANUAL_REQUISITION', true) ON CONFLICT (id) DO UPDATE SET wac_price = EXCLUDED.wac_price, standard_price = EXCLUDED.standard_price, yield_rate = EXCLUDED.yield_rate;
INSERT INTO ingredients (id, code, nom_fr, ten_vi, name_en, purchase_category_id, stock_uom, recipe_uom, stock_to_recipe_factor, tare_weight_grams, tolerance_percent, wac_price, standard_price, yield_rate, min_stock, max_stock, safety_stock, is_import, track_lot, is_beverage, auto_po_group, is_active) VALUES ('ING-020', 'ING-020', 'Lait entier', 'Sữa tươi nguyên kem', 'Whole milk', '2cca3ed1-29e5-51f3-be0a-3037c3e177fd', 'L', 'L', 1, 0, 5.0, 38195.0, 38195.0, 100.0, 15.0, 50.0, 10.0, false, false, false, 'MANUAL_REQUISITION', true) ON CONFLICT (id) DO UPDATE SET wac_price = EXCLUDED.wac_price, standard_price = EXCLUDED.standard_price, yield_rate = EXCLUDED.yield_rate;
INSERT INTO ingredients (id, code, nom_fr, ten_vi, name_en, purchase_category_id, stock_uom, recipe_uom, stock_to_recipe_factor, tare_weight_grams, tolerance_percent, wac_price, standard_price, yield_rate, min_stock, max_stock, safety_stock, is_import, track_lot, is_beverage, auto_po_group, is_active) VALUES ('ING-021', 'ING-021', 'Œufs fermiers', 'Trứng gà ta', 'Farm eggs', '2cca3ed1-29e5-51f3-be0a-3037c3e177fd', 'CASE', 'PIECE', 300, 0, 5.0, 2600.0, 2600.0, 100.0, 15.0, 50.0, 10.0, false, false, false, 'MANUAL_REQUISITION', true) ON CONFLICT (id) DO UPDATE SET wac_price = EXCLUDED.wac_price, standard_price = EXCLUDED.standard_price, yield_rate = EXCLUDED.yield_rate;
INSERT INTO ingredients (id, code, nom_fr, ten_vi, name_en, purchase_category_id, stock_uom, recipe_uom, stock_to_recipe_factor, tare_weight_grams, tolerance_percent, wac_price, standard_price, yield_rate, min_stock, max_stock, safety_stock, is_import, track_lot, is_beverage, auto_po_group, is_active) VALUES ('ING-022', 'ING-022', 'Mascarpone', 'Mascarpone', 'Mascarpone', '2cca3ed1-29e5-51f3-be0a-3037c3e177fd', 'KG', 'G', 1000, 0, 5.0, 272160.0, 272160.0, 100.0, 15.0, 50.0, 10.0, true, false, false, 'MANUAL_REQUISITION', true) ON CONFLICT (id) DO UPDATE SET wac_price = EXCLUDED.wac_price, standard_price = EXCLUDED.standard_price, yield_rate = EXCLUDED.yield_rate;
INSERT INTO ingredients (id, code, nom_fr, ten_vi, name_en, purchase_category_id, stock_uom, recipe_uom, stock_to_recipe_factor, tare_weight_grams, tolerance_percent, wac_price, standard_price, yield_rate, min_stock, max_stock, safety_stock, is_import, track_lot, is_beverage, auto_po_group, is_active) VALUES ('ING-023', 'ING-023', 'Plateau de fromages français', 'Phô mai Pháp ủ chín', 'French cheese plate', '2cca3ed1-29e5-51f3-be0a-3037c3e177fd', 'KG', 'G', 1000, 0, 5.0, 1350000.0, 1350000.0, 95.0, 15.0, 50.0, 10.0, true, false, false, 'MANUAL_REQUISITION', true) ON CONFLICT (id) DO UPDATE SET wac_price = EXCLUDED.wac_price, standard_price = EXCLUDED.standard_price, yield_rate = EXCLUDED.yield_rate;
INSERT INTO ingredients (id, code, nom_fr, ten_vi, name_en, purchase_category_id, stock_uom, recipe_uom, stock_to_recipe_factor, tare_weight_grams, tolerance_percent, wac_price, standard_price, yield_rate, min_stock, max_stock, safety_stock, is_import, track_lot, is_beverage, auto_po_group, is_active) VALUES ('ING-024', 'ING-024', 'Légumes verts de Đà Lạt', 'Rau xanh Đà Lạt', 'Đà Lạt greens', 'efd070f6-3ca8-53a7-ad6a-4a7a25a8837d', 'KG', 'G', 1000, 0, 10.0, 40000.0, 40000.0, 75.0, 15.0, 50.0, 10.0, false, false, false, 'MANUAL_REQUISITION', true) ON CONFLICT (id) DO UPDATE SET wac_price = EXCLUDED.wac_price, standard_price = EXCLUDED.standard_price, yield_rate = EXCLUDED.yield_rate;
INSERT INTO ingredients (id, code, nom_fr, ten_vi, name_en, purchase_category_id, stock_uom, recipe_uom, stock_to_recipe_factor, tare_weight_grams, tolerance_percent, wac_price, standard_price, yield_rate, min_stock, max_stock, safety_stock, is_import, track_lot, is_beverage, auto_po_group, is_active) VALUES ('ING-025', 'ING-025', 'Champignons de Tam Đảo', 'Nấm Tam Đảo', 'Tam Đảo mushrooms', 'efd070f6-3ca8-53a7-ad6a-4a7a25a8837d', 'KG', 'G', 1000, 0, 10.0, 350000.0, 350000.0, 80.0, 15.0, 50.0, 10.0, false, false, false, 'MANUAL_REQUISITION', true) ON CONFLICT (id) DO UPDATE SET wac_price = EXCLUDED.wac_price, standard_price = EXCLUDED.standard_price, yield_rate = EXCLUDED.yield_rate;
INSERT INTO ingredients (id, code, nom_fr, ten_vi, name_en, purchase_category_id, stock_uom, recipe_uom, stock_to_recipe_factor, tare_weight_grams, tolerance_percent, wac_price, standard_price, yield_rate, min_stock, max_stock, safety_stock, is_import, track_lot, is_beverage, auto_po_group, is_active) VALUES ('ING-026', 'ING-026', 'Champignons shiitake', 'Nấm hương tươi', 'Shiitake', 'efd070f6-3ca8-53a7-ad6a-4a7a25a8837d', 'KG', 'G', 1000, 0, 10.0, 120000.0, 120000.0, 85.0, 15.0, 50.0, 10.0, false, false, false, 'MANUAL_REQUISITION', true) ON CONFLICT (id) DO UPDATE SET wac_price = EXCLUDED.wac_price, standard_price = EXCLUDED.standard_price, yield_rate = EXCLUDED.yield_rate;
INSERT INTO ingredients (id, code, nom_fr, ten_vi, name_en, purchase_category_id, stock_uom, recipe_uom, stock_to_recipe_factor, tare_weight_grams, tolerance_percent, wac_price, standard_price, yield_rate, min_stock, max_stock, safety_stock, is_import, track_lot, is_beverage, auto_po_group, is_active) VALUES ('ING-027', 'ING-027', 'Cèpes séchés', 'Nấm porcini sấy', 'Dried porcini', 'efd070f6-3ca8-53a7-ad6a-4a7a25a8837d', 'KG', 'G', 1000, 0, 10.0, 2800000.0, 2800000.0, 100.0, 15.0, 50.0, 10.0, true, false, false, 'MANUAL_REQUISITION', true) ON CONFLICT (id) DO UPDATE SET wac_price = EXCLUDED.wac_price, standard_price = EXCLUDED.standard_price, yield_rate = EXCLUDED.yield_rate;
INSERT INTO ingredients (id, code, nom_fr, ten_vi, name_en, purchase_category_id, stock_uom, recipe_uom, stock_to_recipe_factor, tare_weight_grams, tolerance_percent, wac_price, standard_price, yield_rate, min_stock, max_stock, safety_stock, is_import, track_lot, is_beverage, auto_po_group, is_active) VALUES ('ING-028', 'ING-028', 'Artichaut Local', 'Atisô Local', 'Local artichoke', 'efd070f6-3ca8-53a7-ad6a-4a7a25a8837d', 'KG', 'G', 1000, 0, 10.0, 153200.0, 153200.0, 65.0, 15.0, 50.0, 10.0, false, false, false, 'MANUAL_REQUISITION', true) ON CONFLICT (id) DO UPDATE SET wac_price = EXCLUDED.wac_price, standard_price = EXCLUDED.standard_price, yield_rate = EXCLUDED.yield_rate;
INSERT INTO ingredients (id, code, nom_fr, ten_vi, name_en, purchase_category_id, stock_uom, recipe_uom, stock_to_recipe_factor, tare_weight_grams, tolerance_percent, wac_price, standard_price, yield_rate, min_stock, max_stock, safety_stock, is_import, track_lot, is_beverage, auto_po_group, is_active) VALUES ('ING-029', 'ING-029', 'Céleri-rave', 'Củ cải tây', 'Celeriac', 'efd070f6-3ca8-53a7-ad6a-4a7a25a8837d', 'KG', 'G', 1000, 0, 10.0, 40000.0, 40000.0, 70.0, 15.0, 50.0, 10.0, true, false, false, 'MANUAL_REQUISITION', true) ON CONFLICT (id) DO UPDATE SET wac_price = EXCLUDED.wac_price, standard_price = EXCLUDED.standard_price, yield_rate = EXCLUDED.yield_rate;
INSERT INTO ingredients (id, code, nom_fr, ten_vi, name_en, purchase_category_id, stock_uom, recipe_uom, stock_to_recipe_factor, tare_weight_grams, tolerance_percent, wac_price, standard_price, yield_rate, min_stock, max_stock, safety_stock, is_import, track_lot, is_beverage, auto_po_group, is_active) VALUES ('ING-030', 'ING-030', 'Betterave Chioggia', 'Củ dền Chioggia', 'Chioggia beetroot', 'efd070f6-3ca8-53a7-ad6a-4a7a25a8837d', 'KG', 'G', 1000, 0, 10.0, 60000.0, 60000.0, 78.0, 15.0, 50.0, 10.0, true, false, false, 'MANUAL_REQUISITION', true) ON CONFLICT (id) DO UPDATE SET wac_price = EXCLUDED.wac_price, standard_price = EXCLUDED.standard_price, yield_rate = EXCLUDED.yield_rate;
INSERT INTO ingredients (id, code, nom_fr, ten_vi, name_en, purchase_category_id, stock_uom, recipe_uom, stock_to_recipe_factor, tare_weight_grams, tolerance_percent, wac_price, standard_price, yield_rate, min_stock, max_stock, safety_stock, is_import, track_lot, is_beverage, auto_po_group, is_active) VALUES ('ING-031', 'ING-031', 'Avocat Hass de Đà Lạt', 'Bơ Hass Đà Lạt', 'Đà Lạt avocado', 'efd070f6-3ca8-53a7-ad6a-4a7a25a8837d', 'KG', 'G', 1000, 0, 10.0, 130000.0, 130000.0, 65.0, 15.0, 50.0, 10.0, false, false, false, 'MANUAL_REQUISITION', true) ON CONFLICT (id) DO UPDATE SET wac_price = EXCLUDED.wac_price, standard_price = EXCLUDED.standard_price, yield_rate = EXCLUDED.yield_rate;
INSERT INTO ingredients (id, code, nom_fr, ten_vi, name_en, purchase_category_id, stock_uom, recipe_uom, stock_to_recipe_factor, tare_weight_grams, tolerance_percent, wac_price, standard_price, yield_rate, min_stock, max_stock, safety_stock, is_import, track_lot, is_beverage, auto_po_group, is_active) VALUES ('ING-032', 'ING-032', 'Échalote française', 'Hành tím Pháp', 'French shallot', 'efd070f6-3ca8-53a7-ad6a-4a7a25a8837d', 'KG', 'G', 1000, 0, 10.0, 50000.0, 50000.0, 85.0, 15.0, 50.0, 10.0, true, false, false, 'MANUAL_REQUISITION', true) ON CONFLICT (id) DO UPDATE SET wac_price = EXCLUDED.wac_price, standard_price = EXCLUDED.standard_price, yield_rate = EXCLUDED.yield_rate;
INSERT INTO ingredients (id, code, nom_fr, ten_vi, name_en, purchase_category_id, stock_uom, recipe_uom, stock_to_recipe_factor, tare_weight_grams, tolerance_percent, wac_price, standard_price, yield_rate, min_stock, max_stock, safety_stock, is_import, track_lot, is_beverage, auto_po_group, is_active) VALUES ('ING-033', 'ING-033', 'Ail noir', 'Tỏi đen', 'Black garlic', 'efd070f6-3ca8-53a7-ad6a-4a7a25a8837d', 'KG', 'G', 1000, 0, 10.0, 800000.0, 800000.0, 95.0, 15.0, 50.0, 10.0, false, false, false, 'MANUAL_REQUISITION', true) ON CONFLICT (id) DO UPDATE SET wac_price = EXCLUDED.wac_price, standard_price = EXCLUDED.standard_price, yield_rate = EXCLUDED.yield_rate;
INSERT INTO ingredients (id, code, nom_fr, ten_vi, name_en, purchase_category_id, stock_uom, recipe_uom, stock_to_recipe_factor, tare_weight_grams, tolerance_percent, wac_price, standard_price, yield_rate, min_stock, max_stock, safety_stock, is_import, track_lot, is_beverage, auto_po_group, is_active) VALUES ('ING-034', 'ING-034', 'Asperges blanches', 'Măng tây trắng', 'White asparagus', 'efd070f6-3ca8-53a7-ad6a-4a7a25a8837d', 'KG', 'G', 1000, 0, 10.0, 100000.0, 100000.0, 55.00000000000001, 15.0, 50.0, 10.0, true, false, false, 'MANUAL_REQUISITION', true) ON CONFLICT (id) DO UPDATE SET wac_price = EXCLUDED.wac_price, standard_price = EXCLUDED.standard_price, yield_rate = EXCLUDED.yield_rate;
INSERT INTO ingredients (id, code, nom_fr, ten_vi, name_en, purchase_category_id, stock_uom, recipe_uom, stock_to_recipe_factor, tare_weight_grams, tolerance_percent, wac_price, standard_price, yield_rate, min_stock, max_stock, safety_stock, is_import, track_lot, is_beverage, auto_po_group, is_active) VALUES ('ING-035', 'ING-035', 'Pois gourmands', 'Đậu Hà Lan', 'Snow peas', 'efd070f6-3ca8-53a7-ad6a-4a7a25a8837d', 'KG', 'G', 1000, 0, 10.0, 100000.0, 100000.0, 92.0, 15.0, 50.0, 10.0, false, false, false, 'MANUAL_REQUISITION', true) ON CONFLICT (id) DO UPDATE SET wac_price = EXCLUDED.wac_price, standard_price = EXCLUDED.standard_price, yield_rate = EXCLUDED.yield_rate;
INSERT INTO ingredients (id, code, nom_fr, ten_vi, name_en, purchase_category_id, stock_uom, recipe_uom, stock_to_recipe_factor, tare_weight_grams, tolerance_percent, wac_price, standard_price, yield_rate, min_stock, max_stock, safety_stock, is_import, track_lot, is_beverage, auto_po_group, is_active) VALUES ('ING-036', 'ING-036', 'Légumes racines de saison', 'Rau củ theo mùa', 'Root veg', 'efd070f6-3ca8-53a7-ad6a-4a7a25a8837d', 'KG', 'G', 1000, 0, 10.0, 45000.0, 45000.0, 70.0, 15.0, 50.0, 10.0, false, false, false, 'MANUAL_REQUISITION', true) ON CONFLICT (id) DO UPDATE SET wac_price = EXCLUDED.wac_price, standard_price = EXCLUDED.standard_price, yield_rate = EXCLUDED.yield_rate;
INSERT INTO ingredients (id, code, nom_fr, ten_vi, name_en, purchase_category_id, stock_uom, recipe_uom, stock_to_recipe_factor, tare_weight_grams, tolerance_percent, wac_price, standard_price, yield_rate, min_stock, max_stock, safety_stock, is_import, track_lot, is_beverage, auto_po_group, is_active) VALUES ('ING-037', 'ING-037', 'Estragon', 'Ngải giấm', 'Tarragon', '1e30501d-5b66-5465-a06c-11fc3ef2d6c8', 'KG', 'G', 1000, 0, 10.0, 400000.0, 400000.0, 60.0, 15.0, 50.0, 10.0, false, false, false, 'MANUAL_REQUISITION', true) ON CONFLICT (id) DO UPDATE SET wac_price = EXCLUDED.wac_price, standard_price = EXCLUDED.standard_price, yield_rate = EXCLUDED.yield_rate;
INSERT INTO ingredients (id, code, nom_fr, ten_vi, name_en, purchase_category_id, stock_uom, recipe_uom, stock_to_recipe_factor, tare_weight_grams, tolerance_percent, wac_price, standard_price, yield_rate, min_stock, max_stock, safety_stock, is_import, track_lot, is_beverage, auto_po_group, is_active) VALUES ('ING-038', 'ING-038', 'Cerfeuil', 'Ngò tây', 'Chervil', '1e30501d-5b66-5465-a06c-11fc3ef2d6c8', 'KG', 'G', 1000, 0, 10.0, 500000.0, 500000.0, 60.0, 15.0, 50.0, 10.0, false, false, false, 'MANUAL_REQUISITION', true) ON CONFLICT (id) DO UPDATE SET wac_price = EXCLUDED.wac_price, standard_price = EXCLUDED.standard_price, yield_rate = EXCLUDED.yield_rate;
INSERT INTO ingredients (id, code, nom_fr, ten_vi, name_en, purchase_category_id, stock_uom, recipe_uom, stock_to_recipe_factor, tare_weight_grams, tolerance_percent, wac_price, standard_price, yield_rate, min_stock, max_stock, safety_stock, is_import, track_lot, is_beverage, auto_po_group, is_active) VALUES ('ING-039', 'ING-039', 'Ciboulette', 'Hẹ', 'Chives', '1e30501d-5b66-5465-a06c-11fc3ef2d6c8', 'KG', 'G', 1000, 0, 10.0, 50000.0, 50000.0, 75.0, 15.0, 50.0, 10.0, false, false, false, 'MANUAL_REQUISITION', true) ON CONFLICT (id) DO UPDATE SET wac_price = EXCLUDED.wac_price, standard_price = EXCLUDED.standard_price, yield_rate = EXCLUDED.yield_rate;
INSERT INTO ingredients (id, code, nom_fr, ten_vi, name_en, purchase_category_id, stock_uom, recipe_uom, stock_to_recipe_factor, tare_weight_grams, tolerance_percent, wac_price, standard_price, yield_rate, min_stock, max_stock, safety_stock, is_import, track_lot, is_beverage, auto_po_group, is_active) VALUES ('ING-040', 'ING-040', 'Persil plat', 'Mùi tây lá phẳng', 'Flat parsley', '1e30501d-5b66-5465-a06c-11fc3ef2d6c8', 'KG', 'G', 1000, 0, 10.0, 120000.0, 120000.0, 70.0, 15.0, 50.0, 10.0, false, false, false, 'MANUAL_REQUISITION', true) ON CONFLICT (id) DO UPDATE SET wac_price = EXCLUDED.wac_price, standard_price = EXCLUDED.standard_price, yield_rate = EXCLUDED.yield_rate;
INSERT INTO ingredients (id, code, nom_fr, ten_vi, name_en, purchase_category_id, stock_uom, recipe_uom, stock_to_recipe_factor, tare_weight_grams, tolerance_percent, wac_price, standard_price, yield_rate, min_stock, max_stock, safety_stock, is_import, track_lot, is_beverage, auto_po_group, is_active) VALUES ('ING-041', 'ING-041', 'Thym frais', 'Húng tây', 'Fresh thyme', '1e30501d-5b66-5465-a06c-11fc3ef2d6c8', 'KG', 'G', 1000, 0, 10.0, 500000.0, 500000.0, 55.00000000000001, 15.0, 50.0, 10.0, false, false, false, 'MANUAL_REQUISITION', true) ON CONFLICT (id) DO UPDATE SET wac_price = EXCLUDED.wac_price, standard_price = EXCLUDED.standard_price, yield_rate = EXCLUDED.yield_rate;
INSERT INTO ingredients (id, code, nom_fr, ten_vi, name_en, purchase_category_id, stock_uom, recipe_uom, stock_to_recipe_factor, tare_weight_grams, tolerance_percent, wac_price, standard_price, yield_rate, min_stock, max_stock, safety_stock, is_import, track_lot, is_beverage, auto_po_group, is_active) VALUES ('ING-042', 'ING-042', 'Rau răm', 'Rau răm', 'VN coriander', '1e30501d-5b66-5465-a06c-11fc3ef2d6c8', 'KG', 'G', 1000, 0, 10.0, 40000.0, 40000.0, 80.0, 15.0, 50.0, 10.0, false, false, false, 'MANUAL_REQUISITION', true) ON CONFLICT (id) DO UPDATE SET wac_price = EXCLUDED.wac_price, standard_price = EXCLUDED.standard_price, yield_rate = EXCLUDED.yield_rate;
INSERT INTO ingredients (id, code, nom_fr, ten_vi, name_en, purchase_category_id, stock_uom, recipe_uom, stock_to_recipe_factor, tare_weight_grams, tolerance_percent, wac_price, standard_price, yield_rate, min_stock, max_stock, safety_stock, is_import, track_lot, is_beverage, auto_po_group, is_active) VALUES ('ING-043', 'ING-043', 'Húng quế', 'Húng quế', 'Thai basil', '1e30501d-5b66-5465-a06c-11fc3ef2d6c8', 'KG', 'G', 1000, 0, 10.0, 30000.0, 30000.0, 75.0, 15.0, 50.0, 10.0, false, false, false, 'MANUAL_REQUISITION', true) ON CONFLICT (id) DO UPDATE SET wac_price = EXCLUDED.wac_price, standard_price = EXCLUDED.standard_price, yield_rate = EXCLUDED.yield_rate;
INSERT INTO ingredients (id, code, nom_fr, ten_vi, name_en, purchase_category_id, stock_uom, recipe_uom, stock_to_recipe_factor, tare_weight_grams, tolerance_percent, wac_price, standard_price, yield_rate, min_stock, max_stock, safety_stock, is_import, track_lot, is_beverage, auto_po_group, is_active) VALUES ('ING-044', 'ING-044', 'Vanille Madagascar Gourmet', 'Vani Madagascar', 'Madagascar vanilla', '1e30501d-5b66-5465-a06c-11fc3ef2d6c8', 'KG', 'G', 1000, 0, 10.0, 3000000.0, 3000000.0, 100.0, 15.0, 50.0, 10.0, true, false, false, 'MANUAL_REQUISITION', true) ON CONFLICT (id) DO UPDATE SET wac_price = EXCLUDED.wac_price, standard_price = EXCLUDED.standard_price, yield_rate = EXCLUDED.yield_rate;
INSERT INTO ingredients (id, code, nom_fr, ten_vi, name_en, purchase_category_id, stock_uom, recipe_uom, stock_to_recipe_factor, tare_weight_grams, tolerance_percent, wac_price, standard_price, yield_rate, min_stock, max_stock, safety_stock, is_import, track_lot, is_beverage, auto_po_group, is_active) VALUES ('ING-045', 'ING-045', 'Yuzu (substitute)', 'Quả yuzu thay thế', 'Yuzu substitute', '5fbe46c0-78c8-5e66-ae7e-5f78ebb2b1af', 'KG', 'G', 1000, 0, 10.0, 57500.0, 57500.0, 65.0, 15.0, 50.0, 10.0, true, false, false, 'MANUAL_REQUISITION', true) ON CONFLICT (id) DO UPDATE SET wac_price = EXCLUDED.wac_price, standard_price = EXCLUDED.standard_price, yield_rate = EXCLUDED.yield_rate;
INSERT INTO ingredients (id, code, nom_fr, ten_vi, name_en, purchase_category_id, stock_uom, recipe_uom, stock_to_recipe_factor, tare_weight_grams, tolerance_percent, wac_price, standard_price, yield_rate, min_stock, max_stock, safety_stock, is_import, track_lot, is_beverage, auto_po_group, is_active) VALUES ('ING-046', 'ING-046', 'Kumquat', 'Quả tắc', 'Kumquat', '5fbe46c0-78c8-5e66-ae7e-5f78ebb2b1af', 'KG', 'G', 1000, 0, 10.0, 30000.0, 30000.0, 80.0, 15.0, 50.0, 10.0, false, false, false, 'MANUAL_REQUISITION', true) ON CONFLICT (id) DO UPDATE SET wac_price = EXCLUDED.wac_price, standard_price = EXCLUDED.standard_price, yield_rate = EXCLUDED.yield_rate;
INSERT INTO ingredients (id, code, nom_fr, ten_vi, name_en, purchase_category_id, stock_uom, recipe_uom, stock_to_recipe_factor, tare_weight_grams, tolerance_percent, wac_price, standard_price, yield_rate, min_stock, max_stock, safety_stock, is_import, track_lot, is_beverage, auto_po_group, is_active) VALUES ('ING-047', 'ING-047', 'Citron jaune', 'Chanh vàng', 'Lemon', '5fbe46c0-78c8-5e66-ae7e-5f78ebb2b1af', 'KG', 'G', 1000, 0, 10.0, 85000.0, 85000.0, 55.00000000000001, 15.0, 50.0, 10.0, true, false, false, 'MANUAL_REQUISITION', true) ON CONFLICT (id) DO UPDATE SET wac_price = EXCLUDED.wac_price, standard_price = EXCLUDED.standard_price, yield_rate = EXCLUDED.yield_rate;
INSERT INTO ingredients (id, code, nom_fr, ten_vi, name_en, purchase_category_id, stock_uom, recipe_uom, stock_to_recipe_factor, tare_weight_grams, tolerance_percent, wac_price, standard_price, yield_rate, min_stock, max_stock, safety_stock, is_import, track_lot, is_beverage, auto_po_group, is_active) VALUES ('ING-048', 'ING-048', 'Litchi de Lục Ngạn', 'Vải Lục Ngạn', 'Lục Ngạn lychee', '5fbe46c0-78c8-5e66-ae7e-5f78ebb2b1af', 'KG', 'G', 1000, 0, 10.0, 50000.0, 50000.0, 75.0, 15.0, 50.0, 10.0, false, false, false, 'MANUAL_REQUISITION', true) ON CONFLICT (id) DO UPDATE SET wac_price = EXCLUDED.wac_price, standard_price = EXCLUDED.standard_price, yield_rate = EXCLUDED.yield_rate;
INSERT INTO ingredients (id, code, nom_fr, ten_vi, name_en, purchase_category_id, stock_uom, recipe_uom, stock_to_recipe_factor, tare_weight_grams, tolerance_percent, wac_price, standard_price, yield_rate, min_stock, max_stock, safety_stock, is_import, track_lot, is_beverage, auto_po_group, is_active) VALUES ('ING-049', 'ING-049', 'Fruits tropicaux de saison', 'Trái cây nhiệt đới', 'Tropical fruit', '5fbe46c0-78c8-5e66-ae7e-5f78ebb2b1af', 'KG', 'G', 1000, 0, 10.0, 80000.0, 80000.0, 78.0, 15.0, 50.0, 10.0, false, false, false, 'MANUAL_REQUISITION', true) ON CONFLICT (id) DO UPDATE SET wac_price = EXCLUDED.wac_price, standard_price = EXCLUDED.standard_price, yield_rate = EXCLUDED.yield_rate;
INSERT INTO ingredients (id, code, nom_fr, ten_vi, name_en, purchase_category_id, stock_uom, recipe_uom, stock_to_recipe_factor, tare_weight_grams, tolerance_percent, wac_price, standard_price, yield_rate, min_stock, max_stock, safety_stock, is_import, track_lot, is_beverage, auto_po_group, is_active) VALUES ('ING-050', 'ING-050', 'Mangue Cát Hòa Lộc', 'Xoài Cát Hòa Lộc', 'Cát Hòa Lộc mango', '5fbe46c0-78c8-5e66-ae7e-5f78ebb2b1af', 'KG', 'G', 1000, 0, 10.0, 100000.0, 100000.0, 60.0, 15.0, 50.0, 10.0, false, false, false, 'MANUAL_REQUISITION', true) ON CONFLICT (id) DO UPDATE SET wac_price = EXCLUDED.wac_price, standard_price = EXCLUDED.standard_price, yield_rate = EXCLUDED.yield_rate;
INSERT INTO ingredients (id, code, nom_fr, ten_vi, name_en, purchase_category_id, stock_uom, recipe_uom, stock_to_recipe_factor, tare_weight_grams, tolerance_percent, wac_price, standard_price, yield_rate, min_stock, max_stock, safety_stock, is_import, track_lot, is_beverage, auto_po_group, is_active) VALUES ('ING-051', 'ING-051', 'Lentilles vertes du Puy AOP', 'Đậu lăng xanh Le Puy', 'Le Puy lentils', 'cfcfda7d-dc94-5c3c-a4ec-ef8e14482480', 'KG', 'G', 1000, 0, 5.0, 200000.0, 200000.0, 100.0, 15.0, 50.0, 10.0, true, false, false, 'MANUAL_REQUISITION', true) ON CONFLICT (id) DO UPDATE SET wac_price = EXCLUDED.wac_price, standard_price = EXCLUDED.standard_price, yield_rate = EXCLUDED.yield_rate;
INSERT INTO ingredients (id, code, nom_fr, ten_vi, name_en, purchase_category_id, stock_uom, recipe_uom, stock_to_recipe_factor, tare_weight_grams, tolerance_percent, wac_price, standard_price, yield_rate, min_stock, max_stock, safety_stock, is_import, track_lot, is_beverage, auto_po_group, is_active) VALUES ('ING-052', 'ING-052', 'Riz Carnaroli/Arborio', 'Gạo risotto Carnaroli', 'Carnaroli rice', 'b0f0e57e-464d-562f-80ec-b216c92d5e88', 'KG', 'G', 1000, 0, 5.0, 350000.0, 350000.0, 100.0, 15.0, 50.0, 10.0, true, false, false, 'MANUAL_REQUISITION', true) ON CONFLICT (id) DO UPDATE SET wac_price = EXCLUDED.wac_price, standard_price = EXCLUDED.standard_price, yield_rate = EXCLUDED.yield_rate;
INSERT INTO ingredients (id, code, nom_fr, ten_vi, name_en, purchase_category_id, stock_uom, recipe_uom, stock_to_recipe_factor, tare_weight_grams, tolerance_percent, wac_price, standard_price, yield_rate, min_stock, max_stock, safety_stock, is_import, track_lot, is_beverage, auto_po_group, is_active) VALUES ('ING-053', 'ING-053', 'Farine T55', 'Bột mì T55', 'T55 flour', 'b0f0e57e-464d-562f-80ec-b216c92d5e88', 'KG', 'G', 1000, 0, 5.0, 33800.0, 33800.0, 100.0, 15.0, 50.0, 10.0, true, false, false, 'MANUAL_REQUISITION', true) ON CONFLICT (id) DO UPDATE SET wac_price = EXCLUDED.wac_price, standard_price = EXCLUDED.standard_price, yield_rate = EXCLUDED.yield_rate;
INSERT INTO ingredients (id, code, nom_fr, ten_vi, name_en, purchase_category_id, stock_uom, recipe_uom, stock_to_recipe_factor, tare_weight_grams, tolerance_percent, wac_price, standard_price, yield_rate, min_stock, max_stock, safety_stock, is_import, track_lot, is_beverage, auto_po_group, is_active) VALUES ('ING-054', 'ING-054', 'Sucre semoule', 'Đường', 'Caster sugar', 'b0f0e57e-464d-562f-80ec-b216c92d5e88', 'KG', 'G', 1000, 0, 5.0, 25000.0, 25000.0, 100.0, 15.0, 50.0, 10.0, false, false, false, 'MANUAL_REQUISITION', true) ON CONFLICT (id) DO UPDATE SET wac_price = EXCLUDED.wac_price, standard_price = EXCLUDED.standard_price, yield_rate = EXCLUDED.yield_rate;
INSERT INTO ingredients (id, code, nom_fr, ten_vi, name_en, purchase_category_id, stock_uom, recipe_uom, stock_to_recipe_factor, tare_weight_grams, tolerance_percent, wac_price, standard_price, yield_rate, min_stock, max_stock, safety_stock, is_import, track_lot, is_beverage, auto_po_group, is_active) VALUES ('ING-055', 'ING-055', 'Miso blanc Kyoto', 'Miso trắng Kyoto', 'Kyoto miso', 'e6425b0c-c723-5aab-a812-986210aba984', 'KG', 'G', 1000, 0, 5.0, 350000.0, 350000.0, 100.0, 15.0, 50.0, 10.0, true, false, false, 'MANUAL_REQUISITION', true) ON CONFLICT (id) DO UPDATE SET wac_price = EXCLUDED.wac_price, standard_price = EXCLUDED.standard_price, yield_rate = EXCLUDED.yield_rate;
INSERT INTO ingredients (id, code, nom_fr, ten_vi, name_en, purchase_category_id, stock_uom, recipe_uom, stock_to_recipe_factor, tare_weight_grams, tolerance_percent, wac_price, standard_price, yield_rate, min_stock, max_stock, safety_stock, is_import, track_lot, is_beverage, auto_po_group, is_active) VALUES ('ING-056', 'ING-056', 'Sauce soja Kikkoman', 'Nước tương Kikkoman', 'Soy sauce', 'e6425b0c-c723-5aab-a812-986210aba984', 'L', 'L', 1, 0, 5.0, 210000.0, 210000.0, 100.0, 15.0, 50.0, 10.0, true, false, false, 'MANUAL_REQUISITION', true) ON CONFLICT (id) DO UPDATE SET wac_price = EXCLUDED.wac_price, standard_price = EXCLUDED.standard_price, yield_rate = EXCLUDED.yield_rate;
INSERT INTO ingredients (id, code, nom_fr, ten_vi, name_en, purchase_category_id, stock_uom, recipe_uom, stock_to_recipe_factor, tare_weight_grams, tolerance_percent, wac_price, standard_price, yield_rate, min_stock, max_stock, safety_stock, is_import, track_lot, is_beverage, auto_po_group, is_active) VALUES ('ING-057', 'ING-057', 'Saké de cuisine', 'Sake nấu', 'Cooking sake', 'e6425b0c-c723-5aab-a812-986210aba984', 'L', 'L', 1, 0, 5.0, 110000.0, 110000.0, 100.0, 15.0, 50.0, 10.0, true, false, false, 'MANUAL_REQUISITION', true) ON CONFLICT (id) DO UPDATE SET wac_price = EXCLUDED.wac_price, standard_price = EXCLUDED.standard_price, yield_rate = EXCLUDED.yield_rate;
INSERT INTO ingredients (id, code, nom_fr, ten_vi, name_en, purchase_category_id, stock_uom, recipe_uom, stock_to_recipe_factor, tare_weight_grams, tolerance_percent, wac_price, standard_price, yield_rate, min_stock, max_stock, safety_stock, is_import, track_lot, is_beverage, auto_po_group, is_active) VALUES ('ING-058', 'ING-058', 'Mirin', 'Mirin', 'Mirin', 'e6425b0c-c723-5aab-a812-986210aba984', 'L', 'L', 1, 0, 5.0, 110000.0, 110000.0, 100.0, 15.0, 50.0, 10.0, true, false, false, 'MANUAL_REQUISITION', true) ON CONFLICT (id) DO UPDATE SET wac_price = EXCLUDED.wac_price, standard_price = EXCLUDED.standard_price, yield_rate = EXCLUDED.yield_rate;
INSERT INTO ingredients (id, code, nom_fr, ten_vi, name_en, purchase_category_id, stock_uom, recipe_uom, stock_to_recipe_factor, tare_weight_grams, tolerance_percent, wac_price, standard_price, yield_rate, min_stock, max_stock, safety_stock, is_import, track_lot, is_beverage, auto_po_group, is_active) VALUES ('ING-059', 'ING-059', 'Huile d''olive extra vierge', 'Dầu olive EV', 'EVOO', 'e6425b0c-c723-5aab-a812-986210aba984', 'L', 'L', 1, 0, 5.0, 162000.0, 162000.0, 100.0, 15.0, 50.0, 10.0, true, false, false, 'MANUAL_REQUISITION', true) ON CONFLICT (id) DO UPDATE SET wac_price = EXCLUDED.wac_price, standard_price = EXCLUDED.standard_price, yield_rate = EXCLUDED.yield_rate;
INSERT INTO ingredients (id, code, nom_fr, ten_vi, name_en, purchase_category_id, stock_uom, recipe_uom, stock_to_recipe_factor, tare_weight_grams, tolerance_percent, wac_price, standard_price, yield_rate, min_stock, max_stock, safety_stock, is_import, track_lot, is_beverage, auto_po_group, is_active) VALUES ('ING-060', 'ING-060', 'Huile de noisette', 'Dầu hạt phỉ', 'Hazelnut oil', 'e6425b0c-c723-5aab-a812-986210aba984', 'L', 'L', 1, 0, 5.0, 1456000.0, 1456000.0, 100.0, 15.0, 50.0, 10.0, true, false, false, 'MANUAL_REQUISITION', true) ON CONFLICT (id) DO UPDATE SET wac_price = EXCLUDED.wac_price, standard_price = EXCLUDED.standard_price, yield_rate = EXCLUDED.yield_rate;
INSERT INTO ingredients (id, code, nom_fr, ten_vi, name_en, purchase_category_id, stock_uom, recipe_uom, stock_to_recipe_factor, tare_weight_grams, tolerance_percent, wac_price, standard_price, yield_rate, min_stock, max_stock, safety_stock, is_import, track_lot, is_beverage, auto_po_group, is_active) VALUES ('ING-061', 'ING-061', 'Huile de pépins de raisin', 'Dầu hạt nho', 'Grapeseed oil', 'e6425b0c-c723-5aab-a812-986210aba984', 'L', 'L', 1, 0, 5.0, 120000.0, 120000.0, 100.0, 15.0, 50.0, 10.0, true, false, false, 'MANUAL_REQUISITION', true) ON CONFLICT (id) DO UPDATE SET wac_price = EXCLUDED.wac_price, standard_price = EXCLUDED.standard_price, yield_rate = EXCLUDED.yield_rate;
INSERT INTO ingredients (id, code, nom_fr, ten_vi, name_en, purchase_category_id, stock_uom, recipe_uom, stock_to_recipe_factor, tare_weight_grams, tolerance_percent, wac_price, standard_price, yield_rate, min_stock, max_stock, safety_stock, is_import, track_lot, is_beverage, auto_po_group, is_active) VALUES ('ING-062', 'ING-062', 'Vinaigre de xérès', 'Giấm Xérès', 'Sherry vinegar', 'e6425b0c-c723-5aab-a812-986210aba984', 'L', 'L', 1, 0, 5.0, 480000.0, 480000.0, 100.0, 15.0, 50.0, 10.0, true, false, false, 'MANUAL_REQUISITION', true) ON CONFLICT (id) DO UPDATE SET wac_price = EXCLUDED.wac_price, standard_price = EXCLUDED.standard_price, yield_rate = EXCLUDED.yield_rate;
INSERT INTO ingredients (id, code, nom_fr, ten_vi, name_en, purchase_category_id, stock_uom, recipe_uom, stock_to_recipe_factor, tare_weight_grams, tolerance_percent, wac_price, standard_price, yield_rate, min_stock, max_stock, safety_stock, is_import, track_lot, is_beverage, auto_po_group, is_active) VALUES ('ING-063', 'ING-063', 'Vinaigre balsamique', 'Giấm balsamic', 'Balsamic', 'e6425b0c-c723-5aab-a812-986210aba984', 'L', 'L', 1, 0, 5.0, 140400.0, 140400.0, 100.0, 15.0, 50.0, 10.0, true, false, false, 'MANUAL_REQUISITION', true) ON CONFLICT (id) DO UPDATE SET wac_price = EXCLUDED.wac_price, standard_price = EXCLUDED.standard_price, yield_rate = EXCLUDED.yield_rate;
INSERT INTO ingredients (id, code, nom_fr, ten_vi, name_en, purchase_category_id, stock_uom, recipe_uom, stock_to_recipe_factor, tare_weight_grams, tolerance_percent, wac_price, standard_price, yield_rate, min_stock, max_stock, safety_stock, is_import, track_lot, is_beverage, auto_po_group, is_active) VALUES ('ING-064', 'ING-064', 'Fleur de sel de Bà Rịa', 'Hoa muối Bà Rịa', 'Bà Rịa fleur de sel', 'e6425b0c-c723-5aab-a812-986210aba984', 'KG', 'G', 1000, 0, 5.0, 15000.0, 15000.0, 100.0, 15.0, 50.0, 10.0, false, false, false, 'MANUAL_REQUISITION', true) ON CONFLICT (id) DO UPDATE SET wac_price = EXCLUDED.wac_price, standard_price = EXCLUDED.standard_price, yield_rate = EXCLUDED.yield_rate;
INSERT INTO ingredients (id, code, nom_fr, ten_vi, name_en, purchase_category_id, stock_uom, recipe_uom, stock_to_recipe_factor, tare_weight_grams, tolerance_percent, wac_price, standard_price, yield_rate, min_stock, max_stock, safety_stock, is_import, track_lot, is_beverage, auto_po_group, is_active) VALUES ('ING-065', 'ING-065', 'Sel de Guérande', 'Muối Guérande', 'Guérande salt', 'e6425b0c-c723-5aab-a812-986210aba984', 'KG', 'G', 1000, 0, 5.0, 500000.0, 500000.0, 100.0, 15.0, 50.0, 10.0, true, false, false, 'MANUAL_REQUISITION', true) ON CONFLICT (id) DO UPDATE SET wac_price = EXCLUDED.wac_price, standard_price = EXCLUDED.standard_price, yield_rate = EXCLUDED.yield_rate;
INSERT INTO ingredients (id, code, nom_fr, ten_vi, name_en, purchase_category_id, stock_uom, recipe_uom, stock_to_recipe_factor, tare_weight_grams, tolerance_percent, wac_price, standard_price, yield_rate, min_stock, max_stock, safety_stock, is_import, track_lot, is_beverage, auto_po_group, is_active) VALUES ('ING-066', 'ING-066', 'Poivre noir Phú Quốc', 'Tiêu Phú Quốc', 'Phú Quốc black pepper', 'e6425b0c-c723-5aab-a812-986210aba984', 'KG', 'G', 1000, 0, 5.0, 230000.0, 230000.0, 100.0, 15.0, 50.0, 10.0, false, false, false, 'MANUAL_REQUISITION', true) ON CONFLICT (id) DO UPDATE SET wac_price = EXCLUDED.wac_price, standard_price = EXCLUDED.standard_price, yield_rate = EXCLUDED.yield_rate;
INSERT INTO ingredients (id, code, nom_fr, ten_vi, name_en, purchase_category_id, stock_uom, recipe_uom, stock_to_recipe_factor, tare_weight_grams, tolerance_percent, wac_price, standard_price, yield_rate, min_stock, max_stock, safety_stock, is_import, track_lot, is_beverage, auto_po_group, is_active) VALUES ('ING-067', 'ING-067', 'Poivre de Sichuan', 'Tiêu Tứ Xuyên', 'Sichuan peppercorn', 'e6425b0c-c723-5aab-a812-986210aba984', 'KG', 'G', 1000, 0, 5.0, 250000.0, 250000.0, 100.0, 15.0, 50.0, 10.0, true, false, false, 'MANUAL_REQUISITION', true) ON CONFLICT (id) DO UPDATE SET wac_price = EXCLUDED.wac_price, standard_price = EXCLUDED.standard_price, yield_rate = EXCLUDED.yield_rate;
INSERT INTO ingredients (id, code, nom_fr, ten_vi, name_en, purchase_category_id, stock_uom, recipe_uom, stock_to_recipe_factor, tare_weight_grams, tolerance_percent, wac_price, standard_price, yield_rate, min_stock, max_stock, safety_stock, is_import, track_lot, is_beverage, auto_po_group, is_active) VALUES ('ING-068', 'ING-068', 'Safran', 'Nghệ tây', 'Saffron', 'e6425b0c-c723-5aab-a812-986210aba984', 'G', 'G', 1, 0, 5.0, 195000.0, 195000.0, 100.0, 15.0, 50.0, 10.0, true, false, false, 'MANUAL_REQUISITION', true) ON CONFLICT (id) DO UPDATE SET wac_price = EXCLUDED.wac_price, standard_price = EXCLUDED.standard_price, yield_rate = EXCLUDED.yield_rate;
INSERT INTO ingredients (id, code, nom_fr, ten_vi, name_en, purchase_category_id, stock_uom, recipe_uom, stock_to_recipe_factor, tare_weight_grams, tolerance_percent, wac_price, standard_price, yield_rate, min_stock, max_stock, safety_stock, is_import, track_lot, is_beverage, auto_po_group, is_active) VALUES ('ING-069', 'ING-069', 'Champagne brut cuisine', 'Champagne nấu', 'Cooking champagne', '5b0ee48b-8e19-5d8f-853a-4056cefff5e5', 'BOTTLE', 'ML', 750, 450, 2.0, 453000.0, 453000.0, 100.0, 15.0, 50.0, 10.0, true, true, true, 'AUTO_PO', true) ON CONFLICT (id) DO UPDATE SET wac_price = EXCLUDED.wac_price, standard_price = EXCLUDED.standard_price, yield_rate = EXCLUDED.yield_rate;
INSERT INTO ingredients (id, code, nom_fr, ten_vi, name_en, purchase_category_id, stock_uom, recipe_uom, stock_to_recipe_factor, tare_weight_grams, tolerance_percent, wac_price, standard_price, yield_rate, min_stock, max_stock, safety_stock, is_import, track_lot, is_beverage, auto_po_group, is_active) VALUES ('ING-070', 'ING-070', 'Vin blanc sec', 'Vang trắng khô', 'Dry white', '5b0ee48b-8e19-5d8f-853a-4056cefff5e5', 'BOTTLE', 'ML', 750, 450, 2.0, 86000.0, 86000.0, 100.0, 15.0, 50.0, 10.0, true, true, true, 'AUTO_PO', true) ON CONFLICT (id) DO UPDATE SET wac_price = EXCLUDED.wac_price, standard_price = EXCLUDED.standard_price, yield_rate = EXCLUDED.yield_rate;
INSERT INTO ingredients (id, code, nom_fr, ten_vi, name_en, purchase_category_id, stock_uom, recipe_uom, stock_to_recipe_factor, tare_weight_grams, tolerance_percent, wac_price, standard_price, yield_rate, min_stock, max_stock, safety_stock, is_import, track_lot, is_beverage, auto_po_group, is_active) VALUES ('ING-071', 'ING-071', 'Vin rouge corsé', 'Vang đỏ đậm', 'Full red', '5b0ee48b-8e19-5d8f-853a-4056cefff5e5', 'BOTTLE', 'ML', 750, 450, 2.0, 86000.0, 86000.0, 100.0, 15.0, 50.0, 10.0, true, true, true, 'AUTO_PO', true) ON CONFLICT (id) DO UPDATE SET wac_price = EXCLUDED.wac_price, standard_price = EXCLUDED.standard_price, yield_rate = EXCLUDED.yield_rate;
INSERT INTO ingredients (id, code, nom_fr, ten_vi, name_en, purchase_category_id, stock_uom, recipe_uom, stock_to_recipe_factor, tare_weight_grams, tolerance_percent, wac_price, standard_price, yield_rate, min_stock, max_stock, safety_stock, is_import, track_lot, is_beverage, auto_po_group, is_active) VALUES ('ING-072', 'ING-072', 'Cognac VSOP', 'Cognac VSOP', 'Cognac', '5b0ee48b-8e19-5d8f-853a-4056cefff5e5', 'BOTTLE', 'ML', 750, 450, 2.0, 250000.0, 250000.0, 100.0, 15.0, 50.0, 10.0, true, true, true, 'AUTO_PO', true) ON CONFLICT (id) DO UPDATE SET wac_price = EXCLUDED.wac_price, standard_price = EXCLUDED.standard_price, yield_rate = EXCLUDED.yield_rate;
INSERT INTO ingredients (id, code, nom_fr, ten_vi, name_en, purchase_category_id, stock_uom, recipe_uom, stock_to_recipe_factor, tare_weight_grams, tolerance_percent, wac_price, standard_price, yield_rate, min_stock, max_stock, safety_stock, is_import, track_lot, is_beverage, auto_po_group, is_active) VALUES ('ING-073', 'ING-073', 'Calvados', 'Calvados', 'Calvados', '5b0ee48b-8e19-5d8f-853a-4056cefff5e5', 'BOTTLE', 'ML', 750, 450, 2.0, 895000.0, 895000.0, 100.0, 15.0, 50.0, 10.0, true, true, true, 'AUTO_PO', true) ON CONFLICT (id) DO UPDATE SET wac_price = EXCLUDED.wac_price, standard_price = EXCLUDED.standard_price, yield_rate = EXCLUDED.yield_rate;
INSERT INTO ingredients (id, code, nom_fr, ten_vi, name_en, purchase_category_id, stock_uom, recipe_uom, stock_to_recipe_factor, tare_weight_grams, tolerance_percent, wac_price, standard_price, yield_rate, min_stock, max_stock, safety_stock, is_import, track_lot, is_beverage, auto_po_group, is_active) VALUES ('ING-074', 'ING-074', 'Madère', 'Madeira', 'Madeira', '5b0ee48b-8e19-5d8f-853a-4056cefff5e5', 'BOTTLE', 'ML', 750, 450, 2.0, 800000.0, 800000.0, 100.0, 15.0, 50.0, 10.0, true, true, true, 'AUTO_PO', true) ON CONFLICT (id) DO UPDATE SET wac_price = EXCLUDED.wac_price, standard_price = EXCLUDED.standard_price, yield_rate = EXCLUDED.yield_rate;
INSERT INTO ingredients (id, code, nom_fr, ten_vi, name_en, purchase_category_id, stock_uom, recipe_uom, stock_to_recipe_factor, tare_weight_grams, tolerance_percent, wac_price, standard_price, yield_rate, min_stock, max_stock, safety_stock, is_import, track_lot, is_beverage, auto_po_group, is_active) VALUES ('ING-075', 'ING-075', 'Chocolat Marou 70%', 'Sô-cô-la Marou 70%', 'Marou chocolate', 'bf200869-b2aa-5a0e-a314-0e8521a1a74d', 'KG', 'G', 1000, 0, 5.0, 355000.0, 355000.0, 100.0, 15.0, 50.0, 10.0, false, false, false, 'MANUAL_REQUISITION', true) ON CONFLICT (id) DO UPDATE SET wac_price = EXCLUDED.wac_price, standard_price = EXCLUDED.standard_price, yield_rate = EXCLUDED.yield_rate;
INSERT INTO ingredients (id, code, nom_fr, ten_vi, name_en, purchase_category_id, stock_uom, recipe_uom, stock_to_recipe_factor, tare_weight_grams, tolerance_percent, wac_price, standard_price, yield_rate, min_stock, max_stock, safety_stock, is_import, track_lot, is_beverage, auto_po_group, is_active) VALUES ('ING-076', 'ING-076', 'Chocolat blanc Valrhona', 'Sô-cô-la trắng Valrhona', 'Valrhona white', 'bf200869-b2aa-5a0e-a314-0e8521a1a74d', 'KG', 'G', 1000, 0, 5.0, 135000.0, 135000.0, 100.0, 15.0, 50.0, 10.0, true, false, false, 'MANUAL_REQUISITION', true) ON CONFLICT (id) DO UPDATE SET wac_price = EXCLUDED.wac_price, standard_price = EXCLUDED.standard_price, yield_rate = EXCLUDED.yield_rate;
INSERT INTO ingredients (id, code, nom_fr, ten_vi, name_en, purchase_category_id, stock_uom, recipe_uom, stock_to_recipe_factor, tare_weight_grams, tolerance_percent, wac_price, standard_price, yield_rate, min_stock, max_stock, safety_stock, is_import, track_lot, is_beverage, auto_po_group, is_active) VALUES ('ING-077', 'ING-077', 'Beurre de cacao', 'Bơ ca cao', 'Cocoa butter', 'bf200869-b2aa-5a0e-a314-0e8521a1a74d', 'KG', 'G', 1000, 0, 5.0, 738000.0, 738000.0, 100.0, 15.0, 50.0, 10.0, true, false, false, 'MANUAL_REQUISITION', true) ON CONFLICT (id) DO UPDATE SET wac_price = EXCLUDED.wac_price, standard_price = EXCLUDED.standard_price, yield_rate = EXCLUDED.yield_rate;
INSERT INTO ingredients (id, code, nom_fr, ten_vi, name_en, purchase_category_id, stock_uom, recipe_uom, stock_to_recipe_factor, tare_weight_grams, tolerance_percent, wac_price, standard_price, yield_rate, min_stock, max_stock, safety_stock, is_import, track_lot, is_beverage, auto_po_group, is_active) VALUES ('ING-078', 'ING-078', 'Gélatine en feuille', 'Gelatin lá', 'Gelatin sheets', 'bf200869-b2aa-5a0e-a314-0e8521a1a74d', 'KG', 'G', 1000, 0, 5.0, 810000.0, 810000.0, 100.0, 15.0, 50.0, 10.0, true, false, false, 'MANUAL_REQUISITION', true) ON CONFLICT (id) DO UPDATE SET wac_price = EXCLUDED.wac_price, standard_price = EXCLUDED.standard_price, yield_rate = EXCLUDED.yield_rate;
INSERT INTO ingredients (id, code, nom_fr, ten_vi, name_en, purchase_category_id, stock_uom, recipe_uom, stock_to_recipe_factor, tare_weight_grams, tolerance_percent, wac_price, standard_price, yield_rate, min_stock, max_stock, safety_stock, is_import, track_lot, is_beverage, auto_po_group, is_active) VALUES ('ING-079', 'ING-079', 'Pâte feuilletée beurre', 'Bột bánh ngàn lớp', 'Puff pastry', 'bf200869-b2aa-5a0e-a314-0e8521a1a74d', 'KG', 'G', 1000, 0, 5.0, 111240.0, 111240.0, 100.0, 15.0, 50.0, 10.0, true, false, false, 'MANUAL_REQUISITION', true) ON CONFLICT (id) DO UPDATE SET wac_price = EXCLUDED.wac_price, standard_price = EXCLUDED.standard_price, yield_rate = EXCLUDED.yield_rate;
INSERT INTO ingredients (id, code, nom_fr, ten_vi, name_en, purchase_category_id, stock_uom, recipe_uom, stock_to_recipe_factor, tare_weight_grams, tolerance_percent, wac_price, standard_price, yield_rate, min_stock, max_stock, safety_stock, is_import, track_lot, is_beverage, auto_po_group, is_active) VALUES ('ING-080', 'ING-080', 'Glace vanille maison', 'Kem vani nhà làm', 'Vanilla ice cream', 'bf200869-b2aa-5a0e-a314-0e8521a1a74d', 'L', 'L', 1, 0, 5.0, 92000.0, 92000.0, 100.0, 15.0, 50.0, 10.0, false, false, false, 'MANUAL_REQUISITION', true) ON CONFLICT (id) DO UPDATE SET wac_price = EXCLUDED.wac_price, standard_price = EXCLUDED.standard_price, yield_rate = EXCLUDED.yield_rate;
INSERT INTO ingredients (id, code, nom_fr, ten_vi, name_en, purchase_category_id, stock_uom, recipe_uom, stock_to_recipe_factor, tare_weight_grams, tolerance_percent, wac_price, standard_price, yield_rate, min_stock, max_stock, safety_stock, is_import, track_lot, is_beverage, auto_po_group, is_active) VALUES ('ING-081', 'ING-081', 'Fond de volaille maison', 'Nước dùng gà', 'Chicken stock', 'f09a1423-afa4-5fe6-99f6-789561f23c83', 'L', 'L', 1, 0, 5.0, 13800.0, 13800.0, 100.0, 15.0, 50.0, 10.0, false, false, false, 'MANUAL_REQUISITION', true) ON CONFLICT (id) DO UPDATE SET wac_price = EXCLUDED.wac_price, standard_price = EXCLUDED.standard_price, yield_rate = EXCLUDED.yield_rate;
INSERT INTO ingredients (id, code, nom_fr, ten_vi, name_en, purchase_category_id, stock_uom, recipe_uom, stock_to_recipe_factor, tare_weight_grams, tolerance_percent, wac_price, standard_price, yield_rate, min_stock, max_stock, safety_stock, is_import, track_lot, is_beverage, auto_po_group, is_active) VALUES ('ING-082', 'ING-082', 'Fond de poisson maison', 'Nước dùng cá', 'Fish stock', 'f09a1423-afa4-5fe6-99f6-789561f23c83', 'L', 'L', 1, 0, 5.0, 10200.0, 10200.0, 100.0, 15.0, 50.0, 10.0, false, false, false, 'MANUAL_REQUISITION', true) ON CONFLICT (id) DO UPDATE SET wac_price = EXCLUDED.wac_price, standard_price = EXCLUDED.standard_price, yield_rate = EXCLUDED.yield_rate;
INSERT INTO ingredients (id, code, nom_fr, ten_vi, name_en, purchase_category_id, stock_uom, recipe_uom, stock_to_recipe_factor, tare_weight_grams, tolerance_percent, wac_price, standard_price, yield_rate, min_stock, max_stock, safety_stock, is_import, track_lot, is_beverage, auto_po_group, is_active) VALUES ('ING-083', 'ING-083', 'Jus veau/buffle maison', 'Nước sốt bê/trâu', 'Veal/buffalo jus', 'f09a1423-afa4-5fe6-99f6-789561f23c83', 'L', 'L', 1, 0, 5.0, 50000.0, 50000.0, 100.0, 15.0, 50.0, 10.0, false, false, false, 'MANUAL_REQUISITION', true) ON CONFLICT (id) DO UPDATE SET wac_price = EXCLUDED.wac_price, standard_price = EXCLUDED.standard_price, yield_rate = EXCLUDED.yield_rate;
INSERT INTO ingredients (id, code, nom_fr, ten_vi, name_en, purchase_category_id, stock_uom, recipe_uom, stock_to_recipe_factor, tare_weight_grams, tolerance_percent, wac_price, standard_price, yield_rate, min_stock, max_stock, safety_stock, is_import, track_lot, is_beverage, auto_po_group, is_active) VALUES ('ING-084', 'ING-084', 'Beurre clarifié maison', 'Bơ tinh luyện', 'Clarified butter', 'f09a1423-afa4-5fe6-99f6-789561f23c83', 'KG', 'G', 1000, 0, 5.0, 350000.0, 350000.0, 75.0, 15.0, 50.0, 10.0, false, false, false, 'MANUAL_REQUISITION', true) ON CONFLICT (id) DO UPDATE SET wac_price = EXCLUDED.wac_price, standard_price = EXCLUDED.standard_price, yield_rate = EXCLUDED.yield_rate;
INSERT INTO ingredients (id, code, nom_fr, ten_vi, name_en, purchase_category_id, stock_uom, recipe_uom, stock_to_recipe_factor, tare_weight_grams, tolerance_percent, wac_price, standard_price, yield_rate, min_stock, max_stock, safety_stock, is_import, track_lot, is_beverage, auto_po_group, is_active) VALUES ('ING-085', 'ING-085', 'Algues nori', 'Rong biển nori', 'Nori', 'e6425b0c-c723-5aab-a812-986210aba984', 'G', 'G', 1, 0, 5.0, 2750.0, 2750.0, 100.0, 15.0, 50.0, 10.0, true, false, false, 'MANUAL_REQUISITION', true) ON CONFLICT (id) DO UPDATE SET wac_price = EXCLUDED.wac_price, standard_price = EXCLUDED.standard_price, yield_rate = EXCLUDED.yield_rate;
INSERT INTO ingredients (id, code, nom_fr, ten_vi, name_en, purchase_category_id, stock_uom, recipe_uom, stock_to_recipe_factor, tare_weight_grams, tolerance_percent, wac_price, standard_price, yield_rate, min_stock, max_stock, safety_stock, is_import, track_lot, is_beverage, auto_po_group, is_active) VALUES ('ING-086', 'ING-086', 'Algues kombu', 'Rong biển kombu', 'Kombu', 'e6425b0c-c723-5aab-a812-986210aba984', 'KG', 'G', 1000, 0, 5.0, 710000.0, 710000.0, 100.0, 15.0, 50.0, 10.0, true, false, false, 'MANUAL_REQUISITION', true) ON CONFLICT (id) DO UPDATE SET wac_price = EXCLUDED.wac_price, standard_price = EXCLUDED.standard_price, yield_rate = EXCLUDED.yield_rate;
INSERT INTO ingredients (id, code, nom_fr, ten_vi, name_en, purchase_category_id, stock_uom, recipe_uom, stock_to_recipe_factor, tare_weight_grams, tolerance_percent, wac_price, standard_price, yield_rate, min_stock, max_stock, safety_stock, is_import, track_lot, is_beverage, auto_po_group, is_active) VALUES ('ING-087', 'ING-087', 'Truffe d''été surgelée Plantin', 'Nấm cục hè đông lạnh', 'Summer truffle Plantin', 'efd070f6-3ca8-53a7-ad6a-4a7a25a8837d', 'G', 'G', 1, 0, 10.0, 9304.0, 9304.0, 92.0, 15.0, 50.0, 10.0, true, false, false, 'MANUAL_REQUISITION', true) ON CONFLICT (id) DO UPDATE SET wac_price = EXCLUDED.wac_price, standard_price = EXCLUDED.standard_price, yield_rate = EXCLUDED.yield_rate;
INSERT INTO ingredients (id, code, nom_fr, ten_vi, name_en, purchase_category_id, stock_uom, recipe_uom, stock_to_recipe_factor, tare_weight_grams, tolerance_percent, wac_price, standard_price, yield_rate, min_stock, max_stock, safety_stock, is_import, track_lot, is_beverage, auto_po_group, is_active) VALUES ('ING-088', 'ING-088', 'Pignons de pin', 'Hạt thông', 'Pine nuts', 'bf200869-b2aa-5a0e-a314-0e8521a1a74d', 'KG', 'G', 1000, 0, 5.0, 920000.0, 920000.0, 100.0, 15.0, 50.0, 10.0, true, false, false, 'MANUAL_REQUISITION', true) ON CONFLICT (id) DO UPDATE SET wac_price = EXCLUDED.wac_price, standard_price = EXCLUDED.standard_price, yield_rate = EXCLUDED.yield_rate;
INSERT INTO ingredients (id, code, nom_fr, ten_vi, name_en, purchase_category_id, stock_uom, recipe_uom, stock_to_recipe_factor, tare_weight_grams, tolerance_percent, wac_price, standard_price, yield_rate, min_stock, max_stock, safety_stock, is_import, track_lot, is_beverage, auto_po_group, is_active) VALUES ('ING-089', 'ING-089', 'Amandes effilées', 'Hạnh nhân lát', 'Sliced almonds', 'bf200869-b2aa-5a0e-a314-0e8521a1a74d', 'KG', 'G', 1000, 0, 5.0, 280000.0, 280000.0, 100.0, 15.0, 50.0, 10.0, true, false, false, 'MANUAL_REQUISITION', true) ON CONFLICT (id) DO UPDATE SET wac_price = EXCLUDED.wac_price, standard_price = EXCLUDED.standard_price, yield_rate = EXCLUDED.yield_rate;
INSERT INTO ingredients (id, code, nom_fr, ten_vi, name_en, purchase_category_id, stock_uom, recipe_uom, stock_to_recipe_factor, tare_weight_grams, tolerance_percent, wac_price, standard_price, yield_rate, min_stock, max_stock, safety_stock, is_import, track_lot, is_beverage, auto_po_group, is_active) VALUES ('ING-090', 'ING-090', 'Noisettes du Piémont', 'Hạt phỉ Piedmont', 'Hazelnuts', 'bf200869-b2aa-5a0e-a314-0e8521a1a74d', 'KG', 'G', 1000, 0, 5.0, 642600.0, 642600.0, 100.0, 15.0, 50.0, 10.0, true, false, false, 'MANUAL_REQUISITION', true) ON CONFLICT (id) DO UPDATE SET wac_price = EXCLUDED.wac_price, standard_price = EXCLUDED.standard_price, yield_rate = EXCLUDED.yield_rate;
INSERT INTO ingredients (id, code, nom_fr, ten_vi, name_en, purchase_category_id, stock_uom, recipe_uom, stock_to_recipe_factor, tare_weight_grams, tolerance_percent, wac_price, standard_price, yield_rate, min_stock, max_stock, safety_stock, is_import, track_lot, is_beverage, auto_po_group, is_active) VALUES ('ING-091', 'ING-091', 'Sucre glace', 'Đường bột', 'Icing sugar', 'bf200869-b2aa-5a0e-a314-0e8521a1a74d', 'KG', 'G', 1000, 0, 5.0, 40000.0, 40000.0, 100.0, 15.0, 50.0, 10.0, false, false, false, 'MANUAL_REQUISITION', true) ON CONFLICT (id) DO UPDATE SET wac_price = EXCLUDED.wac_price, standard_price = EXCLUDED.standard_price, yield_rate = EXCLUDED.yield_rate;
INSERT INTO ingredients (id, code, nom_fr, ten_vi, name_en, purchase_category_id, stock_uom, recipe_uom, stock_to_recipe_factor, tare_weight_grams, tolerance_percent, wac_price, standard_price, yield_rate, min_stock, max_stock, safety_stock, is_import, track_lot, is_beverage, auto_po_group, is_active) VALUES ('ING-092', 'ING-092', 'Beurre noisette maison', 'Bơ nâu nhà làm', 'Brown butter', 'f09a1423-afa4-5fe6-99f6-789561f23c83', 'KG', 'G', 1000, 0, 5.0, 324000.0, 324000.0, 85.0, 15.0, 50.0, 10.0, false, false, false, 'MANUAL_REQUISITION', true) ON CONFLICT (id) DO UPDATE SET wac_price = EXCLUDED.wac_price, standard_price = EXCLUDED.standard_price, yield_rate = EXCLUDED.yield_rate;
INSERT INTO ingredients (id, code, nom_fr, ten_vi, name_en, purchase_category_id, stock_uom, recipe_uom, stock_to_recipe_factor, tare_weight_grams, tolerance_percent, wac_price, standard_price, yield_rate, min_stock, max_stock, safety_stock, is_import, track_lot, is_beverage, auto_po_group, is_active) VALUES ('ING-094', 'ING-094', 'Bacon', 'Bacon', 'Bacon', '7f22ca72-c04e-5a95-a1b9-64c4e573cb76', 'KG', 'G', 1000, 0, 2.0, 179280.0, 179280.0, 100.0, 15.0, 50.0, 10.0, true, true, false, 'AUTO_PO', true) ON CONFLICT (id) DO UPDATE SET wac_price = EXCLUDED.wac_price, standard_price = EXCLUDED.standard_price, yield_rate = EXCLUDED.yield_rate;
INSERT INTO ingredients (id, code, nom_fr, ten_vi, name_en, purchase_category_id, stock_uom, recipe_uom, stock_to_recipe_factor, tare_weight_grams, tolerance_percent, wac_price, standard_price, yield_rate, min_stock, max_stock, safety_stock, is_import, track_lot, is_beverage, auto_po_group, is_active) VALUES ('ING-100', 'ING-100', 'Pamplemousse rose', 'Bưởi hồng', 'Pink grapefruit', '5fbe46c0-78c8-5e66-ae7e-5f78ebb2b1af', 'KG', 'G', 1000, 0, 10.0, 35000.0, 35000.0, 55.00000000000001, 15.0, 50.0, 10.0, false, false, false, 'MANUAL_REQUISITION', true) ON CONFLICT (id) DO UPDATE SET wac_price = EXCLUDED.wac_price, standard_price = EXCLUDED.standard_price, yield_rate = EXCLUDED.yield_rate;
INSERT INTO ingredients (id, code, nom_fr, ten_vi, name_en, purchase_category_id, stock_uom, recipe_uom, stock_to_recipe_factor, tare_weight_grams, tolerance_percent, wac_price, standard_price, yield_rate, min_stock, max_stock, safety_stock, is_import, track_lot, is_beverage, auto_po_group, is_active) VALUES ('ING-093', 'ING-093', 'Côte de Bœuf Black Angus US', 'Bò Black Angus ribeye US', 'Black Angus ribeye US', '7f22ca72-c04e-5a95-a1b9-64c4e573cb76', 'KG', 'G', 1000, 0, 2.0, 1113000.0, 1113000.0, 80.0, 15.0, 50.0, 10.0, true, true, false, 'AUTO_PO', true) ON CONFLICT (id) DO UPDATE SET wac_price = EXCLUDED.wac_price, standard_price = EXCLUDED.standard_price, yield_rate = EXCLUDED.yield_rate;
INSERT INTO ingredients (id, code, nom_fr, ten_vi, name_en, purchase_category_id, stock_uom, recipe_uom, stock_to_recipe_factor, tare_weight_grams, tolerance_percent, wac_price, standard_price, yield_rate, min_stock, max_stock, safety_stock, is_import, track_lot, is_beverage, auto_po_group, is_active) VALUES ('ING-101', 'ING-101', 'Bière Heineken', 'Bia Heineken', 'Heineken Beer', '5b0ee48b-8e19-5d8f-853a-4056cefff5e5', 'BOTTLE', 'ML', 750, 450, 2.0, 35000.0, 35000.0, 100.0, 15.0, 50.0, 10.0, false, true, true, 'AUTO_PO', true) ON CONFLICT (id) DO UPDATE SET wac_price = EXCLUDED.wac_price, standard_price = EXCLUDED.standard_price, yield_rate = EXCLUDED.yield_rate;
INSERT INTO ingredients (id, code, nom_fr, ten_vi, name_en, purchase_category_id, stock_uom, recipe_uom, stock_to_recipe_factor, tare_weight_grams, tolerance_percent, wac_price, standard_price, yield_rate, min_stock, max_stock, safety_stock, is_import, track_lot, is_beverage, auto_po_group, is_active) VALUES ('ING-102', 'ING-102', 'Bière Tiger', 'Bia Tiger', 'Tiger Beer', '5b0ee48b-8e19-5d8f-853a-4056cefff5e5', 'BOTTLE', 'ML', 750, 450, 2.0, 30000.0, 30000.0, 100.0, 15.0, 50.0, 10.0, false, true, true, 'AUTO_PO', true) ON CONFLICT (id) DO UPDATE SET wac_price = EXCLUDED.wac_price, standard_price = EXCLUDED.standard_price, yield_rate = EXCLUDED.yield_rate;
INSERT INTO ingredients (id, code, nom_fr, ten_vi, name_en, purchase_category_id, stock_uom, recipe_uom, stock_to_recipe_factor, tare_weight_grams, tolerance_percent, wac_price, standard_price, yield_rate, min_stock, max_stock, safety_stock, is_import, track_lot, is_beverage, auto_po_group, is_active) VALUES ('ING-103', 'ING-103', 'Bière 333', 'Bia 333', '333 Beer', '5b0ee48b-8e19-5d8f-853a-4056cefff5e5', 'BOTTLE', 'ML', 750, 450, 2.0, 25000.0, 25000.0, 100.0, 15.0, 50.0, 10.0, false, true, true, 'AUTO_PO', true) ON CONFLICT (id) DO UPDATE SET wac_price = EXCLUDED.wac_price, standard_price = EXCLUDED.standard_price, yield_rate = EXCLUDED.yield_rate;
INSERT INTO ingredients (id, code, nom_fr, ten_vi, name_en, purchase_category_id, stock_uom, recipe_uom, stock_to_recipe_factor, tare_weight_grams, tolerance_percent, wac_price, standard_price, yield_rate, min_stock, max_stock, safety_stock, is_import, track_lot, is_beverage, auto_po_group, is_active) VALUES ('ING-104', 'ING-104', 'Bière Saigon', 'Bia Sài Gòn', 'Saigon Beer', '5b0ee48b-8e19-5d8f-853a-4056cefff5e5', 'BOTTLE', 'ML', 750, 450, 2.0, 25000.0, 25000.0, 100.0, 15.0, 50.0, 10.0, false, true, true, 'AUTO_PO', true) ON CONFLICT (id) DO UPDATE SET wac_price = EXCLUDED.wac_price, standard_price = EXCLUDED.standard_price, yield_rate = EXCLUDED.yield_rate;
INSERT INTO ingredients (id, code, nom_fr, ten_vi, name_en, purchase_category_id, stock_uom, recipe_uom, stock_to_recipe_factor, tare_weight_grams, tolerance_percent, wac_price, standard_price, yield_rate, min_stock, max_stock, safety_stock, is_import, track_lot, is_beverage, auto_po_group, is_active) VALUES ('ING-105', 'ING-105', 'Bière Sapporo', 'Bia Sapporo', 'Sapporo Beer', '5b0ee48b-8e19-5d8f-853a-4056cefff5e5', 'BOTTLE', 'ML', 750, 450, 2.0, 32000.0, 32000.0, 100.0, 15.0, 50.0, 10.0, false, true, true, 'AUTO_PO', true) ON CONFLICT (id) DO UPDATE SET wac_price = EXCLUDED.wac_price, standard_price = EXCLUDED.standard_price, yield_rate = EXCLUDED.yield_rate;
INSERT INTO ingredients (id, code, nom_fr, ten_vi, name_en, purchase_category_id, stock_uom, recipe_uom, stock_to_recipe_factor, tare_weight_grams, tolerance_percent, wac_price, standard_price, yield_rate, min_stock, max_stock, safety_stock, is_import, track_lot, is_beverage, auto_po_group, is_active) VALUES ('ING-106', 'ING-106', 'Coca Cola', 'Coca Cola', 'Coca Cola', 'b3b4e57e-464d-562f-80ec-b216c92d5e88', 'CAN', 'CAN', 1, 0, 5.0, 20000.0, 20000.0, 100.0, 15.0, 50.0, 10.0, false, true, true, 'AUTO_PO', true) ON CONFLICT (id) DO UPDATE SET wac_price = EXCLUDED.wac_price, standard_price = EXCLUDED.standard_price, yield_rate = EXCLUDED.yield_rate;
INSERT INTO ingredients (id, code, nom_fr, ten_vi, name_en, purchase_category_id, stock_uom, recipe_uom, stock_to_recipe_factor, tare_weight_grams, tolerance_percent, wac_price, standard_price, yield_rate, min_stock, max_stock, safety_stock, is_import, track_lot, is_beverage, auto_po_group, is_active) VALUES ('ING-107', 'ING-107', 'Sprite', 'Sprite', 'Sprite', 'b3b4e57e-464d-562f-80ec-b216c92d5e88', 'CAN', 'CAN', 1, 0, 5.0, 20000.0, 20000.0, 100.0, 15.0, 50.0, 10.0, false, true, true, 'AUTO_PO', true) ON CONFLICT (id) DO UPDATE SET wac_price = EXCLUDED.wac_price, standard_price = EXCLUDED.standard_price, yield_rate = EXCLUDED.yield_rate;
INSERT INTO ingredients (id, code, nom_fr, ten_vi, name_en, purchase_category_id, stock_uom, recipe_uom, stock_to_recipe_factor, tare_weight_grams, tolerance_percent, wac_price, standard_price, yield_rate, min_stock, max_stock, safety_stock, is_import, track_lot, is_beverage, auto_po_group, is_active) VALUES ('ING-108', 'ING-108', 'Fanta', 'Fanta', 'Fanta', 'b3b4e57e-464d-562f-80ec-b216c92d5e88', 'CAN', 'CAN', 1, 0, 5.0, 20000.0, 20000.0, 100.0, 15.0, 50.0, 10.0, false, true, true, 'AUTO_PO', true) ON CONFLICT (id) DO UPDATE SET wac_price = EXCLUDED.wac_price, standard_price = EXCLUDED.standard_price, yield_rate = EXCLUDED.yield_rate;
INSERT INTO ingredients (id, code, nom_fr, ten_vi, name_en, purchase_category_id, stock_uom, recipe_uom, stock_to_recipe_factor, tare_weight_grams, tolerance_percent, wac_price, standard_price, yield_rate, min_stock, max_stock, safety_stock, is_import, track_lot, is_beverage, auto_po_group, is_active) VALUES ('ING-109', 'ING-109', 'Eau gazeuse Schweppes', 'Soda Schweppes', 'Schweppes Soda', 'b3b4e57e-464d-562f-80ec-b216c92d5e88', 'CAN', 'CAN', 1, 0, 5.0, 18000.0, 18000.0, 100.0, 15.0, 50.0, 10.0, false, true, true, 'AUTO_PO', true) ON CONFLICT (id) DO UPDATE SET wac_price = EXCLUDED.wac_price, standard_price = EXCLUDED.standard_price, yield_rate = EXCLUDED.yield_rate;
INSERT INTO ingredients (id, code, nom_fr, ten_vi, name_en, purchase_category_id, stock_uom, recipe_uom, stock_to_recipe_factor, tare_weight_grams, tolerance_percent, wac_price, standard_price, yield_rate, min_stock, max_stock, safety_stock, is_import, track_lot, is_beverage, auto_po_group, is_active) VALUES ('ING-110', 'ING-110', 'Jus d''orange frais', 'Nước cam ép tươi', 'Fresh orange juice', 'b3b4e57e-464d-562f-80ec-b216c92d5e88', 'L', 'L', 1, 0, 5.0, 60000.0, 60000.0, 100.0, 15.0, 50.0, 10.0, false, true, true, 'AUTO_PO', true) ON CONFLICT (id) DO UPDATE SET wac_price = EXCLUDED.wac_price, standard_price = EXCLUDED.standard_price, yield_rate = EXCLUDED.yield_rate;
INSERT INTO ingredients (id, code, nom_fr, ten_vi, name_en, purchase_category_id, stock_uom, recipe_uom, stock_to_recipe_factor, tare_weight_grams, tolerance_percent, wac_price, standard_price, yield_rate, min_stock, max_stock, safety_stock, is_import, track_lot, is_beverage, auto_po_group, is_active) VALUES ('ING-111', 'ING-111', 'Jus de pastèque', 'Nước dưa hấu ép', 'Watermelon juice', 'b3b4e57e-464d-562f-80ec-b216c92d5e88', 'L', 'L', 1, 0, 5.0, 50000.0, 50000.0, 100.0, 15.0, 50.0, 10.0, false, true, true, 'AUTO_PO', true) ON CONFLICT (id) DO UPDATE SET wac_price = EXCLUDED.wac_price, standard_price = EXCLUDED.standard_price, yield_rate = EXCLUDED.yield_rate;
INSERT INTO ingredients (id, code, nom_fr, ten_vi, name_en, purchase_category_id, stock_uom, recipe_uom, stock_to_recipe_factor, tare_weight_grams, tolerance_percent, wac_price, standard_price, yield_rate, min_stock, max_stock, safety_stock, is_import, track_lot, is_beverage, auto_po_group, is_active) VALUES ('ING-112', 'ING-112', 'Jus de citron frais', 'Nước chanh tươi', 'Fresh lemon juice', 'b3b4e57e-464d-562f-80ec-b216c92d5e88', 'L', 'L', 1, 0, 5.0, 40000.0, 40000.0, 100.0, 15.0, 50.0, 10.0, false, true, true, 'AUTO_PO', true) ON CONFLICT (id) DO UPDATE SET wac_price = EXCLUDED.wac_price, standard_price = EXCLUDED.standard_price, yield_rate = EXCLUDED.yield_rate;
INSERT INTO ingredients (id, code, nom_fr, ten_vi, name_en, purchase_category_id, stock_uom, recipe_uom, stock_to_recipe_factor, tare_weight_grams, tolerance_percent, wac_price, standard_price, yield_rate, min_stock, max_stock, safety_stock, is_import, track_lot, is_beverage, auto_po_group, is_active) VALUES ('ING-113', 'ING-113', 'Mocktail Virgin Mojito', 'Mocktail Virgin Mojito', 'Virgin Mojito Mocktail', 'b3b4e57e-464d-562f-80ec-b216c92d5e88', 'GLASS', 'GLASS', 1, 0, 5.0, 85000.0, 85000.0, 100.0, 15.0, 50.0, 10.0, false, true, true, 'AUTO_PO', true) ON CONFLICT (id) DO UPDATE SET wac_price = EXCLUDED.wac_price, standard_price = EXCLUDED.standard_price, yield_rate = EXCLUDED.yield_rate;
INSERT INTO ingredients (id, code, nom_fr, ten_vi, name_en, purchase_category_id, stock_uom, recipe_uom, stock_to_recipe_factor, tare_weight_grams, tolerance_percent, wac_price, standard_price, yield_rate, min_stock, max_stock, safety_stock, is_import, track_lot, is_beverage, auto_po_group, is_active) VALUES ('ING-114', 'ING-114', 'Mocktail Shirley Temple', 'Mocktail Shirley Temple', 'Shirley Temple Mocktail', 'b3b4e57e-464d-562f-80ec-b216c92d5e88', 'GLASS', 'GLASS', 1, 0, 5.0, 80000.0, 80000.0, 100.0, 15.0, 50.0, 10.0, false, true, true, 'AUTO_PO', true) ON CONFLICT (id) DO UPDATE SET wac_price = EXCLUDED.wac_price, standard_price = EXCLUDED.standard_price, yield_rate = EXCLUDED.yield_rate;
INSERT INTO ingredients (id, code, nom_fr, ten_vi, name_en, purchase_category_id, stock_uom, recipe_uom, stock_to_recipe_factor, tare_weight_grams, tolerance_percent, wac_price, standard_price, yield_rate, min_stock, max_stock, safety_stock, is_import, track_lot, is_beverage, auto_po_group, is_active) VALUES ('ING-115', 'ING-115', 'Vin rouge de la maison', 'Rượu vang đỏ House', 'House red wine', '5b0ee48b-8e19-5d8f-853a-4056cefff5e5', 'BOTTLE', 'ML', 750, 450, 2.0, 120000.0, 120000.0, 100.0, 15.0, 50.0, 10.0, true, true, true, 'AUTO_PO', true) ON CONFLICT (id) DO UPDATE SET wac_price = EXCLUDED.wac_price, standard_price = EXCLUDED.standard_price, yield_rate = EXCLUDED.yield_rate;
INSERT INTO ingredients (id, code, nom_fr, ten_vi, name_en, purchase_category_id, stock_uom, recipe_uom, stock_to_recipe_factor, tare_weight_grams, tolerance_percent, wac_price, standard_price, yield_rate, min_stock, max_stock, safety_stock, is_import, track_lot, is_beverage, auto_po_group, is_active) VALUES ('V8003', 'V8003', 'LE BONHEUR (Cabernet Sauvignon) Stellenbosch', 'LE BONHEUR (Cabernet Sauvignon) Stellenbosch', 'LE BONHEUR (Cabernet Sauvignon) Stellenbosch', '5b0ee48b-8e19-5d8f-853a-4056cefff5e5', 'BOTTLE', 'ML', 750, 450, 2.0, 592000.0, 592000.0, 100.0, 15.0, 50.0, 10.0, false, true, true, 'AUTO_PO', true) ON CONFLICT (id) DO UPDATE SET wac_price = EXCLUDED.wac_price, standard_price = EXCLUDED.standard_price, yield_rate = EXCLUDED.yield_rate;
INSERT INTO ingredients (id, code, nom_fr, ten_vi, name_en, purchase_category_id, stock_uom, recipe_uom, stock_to_recipe_factor, tare_weight_grams, tolerance_percent, wac_price, standard_price, yield_rate, min_stock, max_stock, safety_stock, is_import, track_lot, is_beverage, auto_po_group, is_active) VALUES ('V8004', 'V8004', 'LE BONHEUR, THE EAGLE''S LAIR (Chardonnay) Stellenbosch', 'LE BONHEUR, THE EAGLE''S LAIR (Chardonnay) Stellenbosch', 'LE BONHEUR, THE EAGLE''S LAIR (Chardonnay) Stellenbosch', '5b0ee48b-8e19-5d8f-853a-4056cefff5e5', 'BOTTLE', 'ML', 750, 450, 2.0, 514000.0, 514000.0, 100.0, 15.0, 50.0, 10.0, false, true, true, 'AUTO_PO', true) ON CONFLICT (id) DO UPDATE SET wac_price = EXCLUDED.wac_price, standard_price = EXCLUDED.standard_price, yield_rate = EXCLUDED.yield_rate;
INSERT INTO ingredients (id, code, nom_fr, ten_vi, name_en, purchase_category_id, stock_uom, recipe_uom, stock_to_recipe_factor, tare_weight_grams, tolerance_percent, wac_price, standard_price, yield_rate, min_stock, max_stock, safety_stock, is_import, track_lot, is_beverage, auto_po_group, is_active) VALUES ('V9004', 'V9004', 'Kaiken Estate Sauvignon Blanc–Sémillon', 'Kaiken Estate Sauvignon Blanc–Sémillon', 'Kaiken Estate Sauvignon Blanc–Sémillon', '5b0ee48b-8e19-5d8f-853a-4056cefff5e5', 'BOTTLE', 'ML', 750, 450, 2.0, 384000.0, 384000.0, 100.0, 15.0, 50.0, 10.0, false, true, true, 'AUTO_PO', true) ON CONFLICT (id) DO UPDATE SET wac_price = EXCLUDED.wac_price, standard_price = EXCLUDED.standard_price, yield_rate = EXCLUDED.yield_rate;
INSERT INTO ingredients (id, code, nom_fr, ten_vi, name_en, purchase_category_id, stock_uom, recipe_uom, stock_to_recipe_factor, tare_weight_grams, tolerance_percent, wac_price, standard_price, yield_rate, min_stock, max_stock, safety_stock, is_import, track_lot, is_beverage, auto_po_group, is_active) VALUES ('V9005', 'V9005', 'Kaiken Estate Malbec, Argentina', 'Kaiken Estate Malbec, Argentina', 'Kaiken Estate Malbec, Argentina', '5b0ee48b-8e19-5d8f-853a-4056cefff5e5', 'BOTTLE', 'ML', 750, 450, 2.0, 384000.0, 384000.0, 100.0, 15.0, 50.0, 10.0, false, true, true, 'AUTO_PO', true) ON CONFLICT (id) DO UPDATE SET wac_price = EXCLUDED.wac_price, standard_price = EXCLUDED.standard_price, yield_rate = EXCLUDED.yield_rate;
INSERT INTO ingredients (id, code, nom_fr, ten_vi, name_en, purchase_category_id, stock_uom, recipe_uom, stock_to_recipe_factor, tare_weight_grams, tolerance_percent, wac_price, standard_price, yield_rate, min_stock, max_stock, safety_stock, is_import, track_lot, is_beverage, auto_po_group, is_active) VALUES ('V9106', 'V9106', 'Barramundi, Shiraz - Australia', 'Barramundi, Shiraz - Australia', 'Barramundi, Shiraz - Australia', '5b0ee48b-8e19-5d8f-853a-4056cefff5e5', 'BOTTLE', 'ML', 750, 450, 2.0, 247500.0, 247500.0, 100.0, 15.0, 50.0, 10.0, false, true, true, 'AUTO_PO', true) ON CONFLICT (id) DO UPDATE SET wac_price = EXCLUDED.wac_price, standard_price = EXCLUDED.standard_price, yield_rate = EXCLUDED.yield_rate;
INSERT INTO ingredients (id, code, nom_fr, ten_vi, name_en, purchase_category_id, stock_uom, recipe_uom, stock_to_recipe_factor, tare_weight_grams, tolerance_percent, wac_price, standard_price, yield_rate, min_stock, max_stock, safety_stock, is_import, track_lot, is_beverage, auto_po_group, is_active) VALUES ('B5001', 'B5001', 'Heineken - 33cl', 'Heineken - 33cl', 'Heineken - 33cl', '5b0ee48b-8e19-5d8f-853a-4056cefff5e5', 'BOTTLE', 'ML', 750, 450, 2.0, 14375.0, 14375.0, 100.0, 15.0, 50.0, 10.0, false, true, true, 'AUTO_PO', true) ON CONFLICT (id) DO UPDATE SET wac_price = EXCLUDED.wac_price, standard_price = EXCLUDED.standard_price, yield_rate = EXCLUDED.yield_rate;
INSERT INTO ingredients (id, code, nom_fr, ten_vi, name_en, purchase_category_id, stock_uom, recipe_uom, stock_to_recipe_factor, tare_weight_grams, tolerance_percent, wac_price, standard_price, yield_rate, min_stock, max_stock, safety_stock, is_import, track_lot, is_beverage, auto_po_group, is_active) VALUES ('B5002', 'B5002', 'Tiger - 33cl', 'Tiger - 33cl', 'Tiger - 33cl', '5b0ee48b-8e19-5d8f-853a-4056cefff5e5', 'BOTTLE', 'ML', 750, 450, 2.0, 11625.0, 11625.0, 100.0, 15.0, 50.0, 10.0, false, true, true, 'AUTO_PO', true) ON CONFLICT (id) DO UPDATE SET wac_price = EXCLUDED.wac_price, standard_price = EXCLUDED.standard_price, yield_rate = EXCLUDED.yield_rate;
INSERT INTO ingredients (id, code, nom_fr, ten_vi, name_en, purchase_category_id, stock_uom, recipe_uom, stock_to_recipe_factor, tare_weight_grams, tolerance_percent, wac_price, standard_price, yield_rate, min_stock, max_stock, safety_stock, is_import, track_lot, is_beverage, auto_po_group, is_active) VALUES ('B5004', 'B5004', 'Beer 333 - 33cl', 'Beer 333 - 33cl', 'Beer 333 - 33cl', '5b0ee48b-8e19-5d8f-853a-4056cefff5e5', 'CAN', 'CAN', 1, 0, 5.0, 9792.0, 9792.0, 100.0, 15.0, 50.0, 10.0, false, true, true, 'AUTO_PO', true) ON CONFLICT (id) DO UPDATE SET wac_price = EXCLUDED.wac_price, standard_price = EXCLUDED.standard_price, yield_rate = EXCLUDED.yield_rate;
INSERT INTO ingredients (id, code, nom_fr, ten_vi, name_en, purchase_category_id, stock_uom, recipe_uom, stock_to_recipe_factor, tare_weight_grams, tolerance_percent, wac_price, standard_price, yield_rate, min_stock, max_stock, safety_stock, is_import, track_lot, is_beverage, auto_po_group, is_active) VALUES ('B5005', 'B5005', 'Saigon beer - 33cl', 'Saigon beer - 33cl', 'Saigon beer - 33cl', '5b0ee48b-8e19-5d8f-853a-4056cefff5e5', 'BOTTLE', 'ML', 750, 450, 2.0, 10750.0, 10750.0, 100.0, 15.0, 50.0, 10.0, false, true, true, 'AUTO_PO', true) ON CONFLICT (id) DO UPDATE SET wac_price = EXCLUDED.wac_price, standard_price = EXCLUDED.standard_price, yield_rate = EXCLUDED.yield_rate;
INSERT INTO ingredients (id, code, nom_fr, ten_vi, name_en, purchase_category_id, stock_uom, recipe_uom, stock_to_recipe_factor, tare_weight_grams, tolerance_percent, wac_price, standard_price, yield_rate, min_stock, max_stock, safety_stock, is_import, track_lot, is_beverage, auto_po_group, is_active) VALUES ('B5007', 'B5007', 'Sapporo draught', 'Sapporo draught', 'Sapporo draught', '5b0ee48b-8e19-5d8f-853a-4056cefff5e5', 'GLASS', 'GLASS', 1, 0, 5.0, 16436.0, 16436.0, 100.0, 15.0, 50.0, 10.0, false, true, true, 'AUTO_PO', true) ON CONFLICT (id) DO UPDATE SET wac_price = EXCLUDED.wac_price, standard_price = EXCLUDED.standard_price, yield_rate = EXCLUDED.yield_rate;
INSERT INTO ingredients (id, code, nom_fr, ten_vi, name_en, purchase_category_id, stock_uom, recipe_uom, stock_to_recipe_factor, tare_weight_grams, tolerance_percent, wac_price, standard_price, yield_rate, min_stock, max_stock, safety_stock, is_import, track_lot, is_beverage, auto_po_group, is_active) VALUES ('B5010', 'B5010', 'Hanoi - 33cl', 'Hanoi - 33cl', 'Hanoi - 33cl', '5b0ee48b-8e19-5d8f-853a-4056cefff5e5', 'BOTTLE', 'ML', 750, 450, 2.0, 9750.0, 9750.0, 100.0, 15.0, 50.0, 10.0, false, true, true, 'AUTO_PO', true) ON CONFLICT (id) DO UPDATE SET wac_price = EXCLUDED.wac_price, standard_price = EXCLUDED.standard_price, yield_rate = EXCLUDED.yield_rate;
INSERT INTO ingredients (id, code, nom_fr, ten_vi, name_en, purchase_category_id, stock_uom, recipe_uom, stock_to_recipe_factor, tare_weight_grams, tolerance_percent, wac_price, standard_price, yield_rate, min_stock, max_stock, safety_stock, is_import, track_lot, is_beverage, auto_po_group, is_active) VALUES ('B5012', 'B5012', 'Hanoi - can', 'Hanoi - can', 'Hanoi - can', '5b0ee48b-8e19-5d8f-853a-4056cefff5e5', 'CAN', 'CAN', 1, 0, 5.0, 9833.0, 9833.0, 100.0, 15.0, 50.0, 10.0, false, true, true, 'AUTO_PO', true) ON CONFLICT (id) DO UPDATE SET wac_price = EXCLUDED.wac_price, standard_price = EXCLUDED.standard_price, yield_rate = EXCLUDED.yield_rate;
INSERT INTO ingredients (id, code, nom_fr, ten_vi, name_en, purchase_category_id, stock_uom, recipe_uom, stock_to_recipe_factor, tare_weight_grams, tolerance_percent, wac_price, standard_price, yield_rate, min_stock, max_stock, safety_stock, is_import, track_lot, is_beverage, auto_po_group, is_active) VALUES ('B5016', 'B5016', 'Leffe - Belgian beer - bottle 33cl', 'Leffe - Belgian beer - bottle 33cl', 'Leffe - Belgian beer - bottle 33cl', '5b0ee48b-8e19-5d8f-853a-4056cefff5e5', 'BOTTLE', 'ML', 750, 450, 2.0, 22916.0, 22916.0, 100.0, 15.0, 50.0, 10.0, false, true, true, 'AUTO_PO', true) ON CONFLICT (id) DO UPDATE SET wac_price = EXCLUDED.wac_price, standard_price = EXCLUDED.standard_price, yield_rate = EXCLUDED.yield_rate;
INSERT INTO ingredients (id, code, nom_fr, ten_vi, name_en, purchase_category_id, stock_uom, recipe_uom, stock_to_recipe_factor, tare_weight_grams, tolerance_percent, wac_price, standard_price, yield_rate, min_stock, max_stock, safety_stock, is_import, track_lot, is_beverage, auto_po_group, is_active) VALUES ('M9202', 'M9202', 'Cigarettes Imported', 'Cigarettes Imported', 'Cigarettes Imported', '5b0ee48b-8e19-5d8f-853a-4056cefff5e5', 'PACK', 'PACK', 1, 0, 5.0, 36000.0, 36000.0, 100.0, 15.0, 50.0, 10.0, false, true, true, 'AUTO_PO', true) ON CONFLICT (id) DO UPDATE SET wac_price = EXCLUDED.wac_price, standard_price = EXCLUDED.standard_price, yield_rate = EXCLUDED.yield_rate;
INSERT INTO ingredients (id, code, nom_fr, ten_vi, name_en, purchase_category_id, stock_uom, recipe_uom, stock_to_recipe_factor, tare_weight_grams, tolerance_percent, wac_price, standard_price, yield_rate, min_stock, max_stock, safety_stock, is_import, track_lot, is_beverage, auto_po_group, is_active) VALUES ('M9203', 'M9203', 'Cigar Havana', 'Cigar Havana', 'Cigar Havana', '5b0ee48b-8e19-5d8f-853a-4056cefff5e5', 'PACK', 'PACK', 1, 0, 5.0, 300000.0, 300000.0, 100.0, 15.0, 50.0, 10.0, false, true, true, 'AUTO_PO', true) ON CONFLICT (id) DO UPDATE SET wac_price = EXCLUDED.wac_price, standard_price = EXCLUDED.standard_price, yield_rate = EXCLUDED.yield_rate;
INSERT INTO ingredients (id, code, nom_fr, ten_vi, name_en, purchase_category_id, stock_uom, recipe_uom, stock_to_recipe_factor, tare_weight_grams, tolerance_percent, wac_price, standard_price, yield_rate, min_stock, max_stock, safety_stock, is_import, track_lot, is_beverage, auto_po_group, is_active) VALUES ('V2001', 'V2001', 'Pierre Larousse Blanc De Blancs Brut 37.5cl, France', 'Pierre Larousse Blanc De Blancs Brut 37.5cl, France', 'Pierre Larousse Blanc De Blancs Brut 37.5cl, France', '5b0ee48b-8e19-5d8f-853a-4056cefff5e5', 'BOTTLE', 'ML', 750, 450, 2.0, 215000.0, 215000.0, 100.0, 15.0, 50.0, 10.0, true, true, true, 'AUTO_PO', true) ON CONFLICT (id) DO UPDATE SET wac_price = EXCLUDED.wac_price, standard_price = EXCLUDED.standard_price, yield_rate = EXCLUDED.yield_rate;
INSERT INTO ingredients (id, code, nom_fr, ten_vi, name_en, purchase_category_id, stock_uom, recipe_uom, stock_to_recipe_factor, tare_weight_grams, tolerance_percent, wac_price, standard_price, yield_rate, min_stock, max_stock, safety_stock, is_import, track_lot, is_beverage, auto_po_group, is_active) VALUES ('V2002', 'V2002', 'Larousse Chardonnay Sparkling, France', 'Larousse Chardonnay Sparkling, France', 'Larousse Chardonnay Sparkling, France', '5b0ee48b-8e19-5d8f-853a-4056cefff5e5', 'BOTTLE', 'ML', 750, 450, 2.0, 314000.0, 314000.0, 100.0, 15.0, 50.0, 10.0, true, true, true, 'AUTO_PO', true) ON CONFLICT (id) DO UPDATE SET wac_price = EXCLUDED.wac_price, standard_price = EXCLUDED.standard_price, yield_rate = EXCLUDED.yield_rate;
INSERT INTO ingredients (id, code, nom_fr, ten_vi, name_en, purchase_category_id, stock_uom, recipe_uom, stock_to_recipe_factor, tare_weight_grams, tolerance_percent, wac_price, standard_price, yield_rate, min_stock, max_stock, safety_stock, is_import, track_lot, is_beverage, auto_po_group, is_active) VALUES ('V2006', 'V2006', 'Champagne Taittinger Brut Reserve NV, France', 'Champagne Taittinger Brut Reserve NV, France', 'Champagne Taittinger Brut Reserve NV, France', '5b0ee48b-8e19-5d8f-853a-4056cefff5e5', 'BOTTLE', 'ML', 750, 450, 2.0, 1732000.0, 1732000.0, 100.0, 15.0, 50.0, 10.0, true, true, true, 'AUTO_PO', true) ON CONFLICT (id) DO UPDATE SET wac_price = EXCLUDED.wac_price, standard_price = EXCLUDED.standard_price, yield_rate = EXCLUDED.yield_rate;
INSERT INTO ingredients (id, code, nom_fr, ten_vi, name_en, purchase_category_id, stock_uom, recipe_uom, stock_to_recipe_factor, tare_weight_grams, tolerance_percent, wac_price, standard_price, yield_rate, min_stock, max_stock, safety_stock, is_import, track_lot, is_beverage, auto_po_group, is_active) VALUES ('V2009', 'V2009', 'Champagne Moët & Chandon', 'Champagne Moët & Chandon', 'Champagne Moët & Chandon', '5b0ee48b-8e19-5d8f-853a-4056cefff5e5', 'BOTTLE', 'ML', 750, 450, 2.0, 1260000.0, 1260000.0, 100.0, 15.0, 50.0, 10.0, true, true, true, 'AUTO_PO', true) ON CONFLICT (id) DO UPDATE SET wac_price = EXCLUDED.wac_price, standard_price = EXCLUDED.standard_price, yield_rate = EXCLUDED.yield_rate;
INSERT INTO ingredients (id, code, nom_fr, ten_vi, name_en, purchase_category_id, stock_uom, recipe_uom, stock_to_recipe_factor, tare_weight_grams, tolerance_percent, wac_price, standard_price, yield_rate, min_stock, max_stock, safety_stock, is_import, track_lot, is_beverage, auto_po_group, is_active) VALUES ('V2015', 'V2015', 'Chanoine Frères Brut NV (Champagne AOC — France)', 'Chanoine Frères Brut NV (Champagne AOC — France)', 'Chanoine Frères Brut NV (Champagne AOC — France)', '5b0ee48b-8e19-5d8f-853a-4056cefff5e5', 'BOTTLE', 'ML', 750, 450, 2.0, 1089000.0, 1089000.0, 100.0, 15.0, 50.0, 10.0, true, true, true, 'AUTO_PO', true) ON CONFLICT (id) DO UPDATE SET wac_price = EXCLUDED.wac_price, standard_price = EXCLUDED.standard_price, yield_rate = EXCLUDED.yield_rate;
INSERT INTO ingredients (id, code, nom_fr, ten_vi, name_en, purchase_category_id, stock_uom, recipe_uom, stock_to_recipe_factor, tare_weight_grams, tolerance_percent, wac_price, standard_price, yield_rate, min_stock, max_stock, safety_stock, is_import, track_lot, is_beverage, auto_po_group, is_active) VALUES ('V2016', 'V2016', 'Jean-Noël Haton Cuvée Classic Brut NV ( Champagne AOC, Damery)', 'Jean-Noël Haton Cuvée Classic Brut NV ( Champagne AOC, Damery)', 'Jean-Noël Haton Cuvée Classic Brut NV ( Champagne AOC, Damery)', '5b0ee48b-8e19-5d8f-853a-4056cefff5e5', 'BOTTLE', 'ML', 750, 450, 2.0, 1430000.0, 1430000.0, 100.0, 15.0, 50.0, 10.0, true, true, true, 'AUTO_PO', true) ON CONFLICT (id) DO UPDATE SET wac_price = EXCLUDED.wac_price, standard_price = EXCLUDED.standard_price, yield_rate = EXCLUDED.yield_rate;
INSERT INTO ingredients (id, code, nom_fr, ten_vi, name_en, purchase_category_id, stock_uom, recipe_uom, stock_to_recipe_factor, tare_weight_grams, tolerance_percent, wac_price, standard_price, yield_rate, min_stock, max_stock, safety_stock, is_import, track_lot, is_beverage, auto_po_group, is_active) VALUES ('V2018', 'V2018', 'Crémant de Bourgogne Brut Vignerons de Buxy, Chardonnay, Aligoté, Gamay', 'Crémant de Bourgogne Brut Vignerons de Buxy, Chardonnay, Aligoté, Gamay', 'Crémant de Bourgogne Brut Vignerons de Buxy, Chardonnay, Aligoté, Gamay', '5b0ee48b-8e19-5d8f-853a-4056cefff5e5', 'BOTTLE', 'ML', 750, 450, 2.0, 712000.0, 712000.0, 100.0, 15.0, 50.0, 10.0, true, true, true, 'AUTO_PO', true) ON CONFLICT (id) DO UPDATE SET wac_price = EXCLUDED.wac_price, standard_price = EXCLUDED.standard_price, yield_rate = EXCLUDED.yield_rate;
INSERT INTO ingredients (id, code, nom_fr, ten_vi, name_en, purchase_category_id, stock_uom, recipe_uom, stock_to_recipe_factor, tare_weight_grams, tolerance_percent, wac_price, standard_price, yield_rate, min_stock, max_stock, safety_stock, is_import, track_lot, is_beverage, auto_po_group, is_active) VALUES ('V6026', 'V6026', 'Marques Casa Cabernet Sauvignon Chile', 'Marques Casa Cabernet Sauvignon Chile', 'Marques Casa Cabernet Sauvignon Chile', '5b0ee48b-8e19-5d8f-853a-4056cefff5e5', 'BOTTLE', 'ML', 750, 450, 2.0, 644000.0, 644000.0, 100.0, 15.0, 50.0, 10.0, false, true, true, 'AUTO_PO', true) ON CONFLICT (id) DO UPDATE SET wac_price = EXCLUDED.wac_price, standard_price = EXCLUDED.standard_price, yield_rate = EXCLUDED.yield_rate;
INSERT INTO ingredients (id, code, nom_fr, ten_vi, name_en, purchase_category_id, stock_uom, recipe_uom, stock_to_recipe_factor, tare_weight_grams, tolerance_percent, wac_price, standard_price, yield_rate, min_stock, max_stock, safety_stock, is_import, track_lot, is_beverage, auto_po_group, is_active) VALUES ('V60261', 'V60261', 'Concha Y Toro, Marques de Casa Concha Chardonnay, Limari Valley - White Chile', 'Concha Y Toro, Marques de Casa Concha Chardonnay, Limari Valley - White Chile', 'Concha Y Toro, Marques de Casa Concha Chardonnay, Limari Valley - White Chile', '5b0ee48b-8e19-5d8f-853a-4056cefff5e5', 'BOTTLE', 'ML', 750, 450, 2.0, 644000.0, 644000.0, 100.0, 15.0, 50.0, 10.0, false, true, true, 'AUTO_PO', true) ON CONFLICT (id) DO UPDATE SET wac_price = EXCLUDED.wac_price, standard_price = EXCLUDED.standard_price, yield_rate = EXCLUDED.yield_rate;
INSERT INTO ingredients (id, code, nom_fr, ten_vi, name_en, purchase_category_id, stock_uom, recipe_uom, stock_to_recipe_factor, tare_weight_grams, tolerance_percent, wac_price, standard_price, yield_rate, min_stock, max_stock, safety_stock, is_import, track_lot, is_beverage, auto_po_group, is_active) VALUES ('V6027', 'V6027', 'Luis Felipe Chardonnay', 'Luis Felipe Chardonnay', 'Luis Felipe Chardonnay', '5b0ee48b-8e19-5d8f-853a-4056cefff5e5', 'BOTTLE', 'ML', 750, 450, 2.0, 175000.0, 175000.0, 100.0, 15.0, 50.0, 10.0, false, true, true, 'AUTO_PO', true) ON CONFLICT (id) DO UPDATE SET wac_price = EXCLUDED.wac_price, standard_price = EXCLUDED.standard_price, yield_rate = EXCLUDED.yield_rate;
INSERT INTO ingredients (id, code, nom_fr, ten_vi, name_en, purchase_category_id, stock_uom, recipe_uom, stock_to_recipe_factor, tare_weight_grams, tolerance_percent, wac_price, standard_price, yield_rate, min_stock, max_stock, safety_stock, is_import, track_lot, is_beverage, auto_po_group, is_active) VALUES ('V6034', 'V6034', 'Frontera Cabernet Sauvignon 75cl (Red)', 'Frontera Cabernet Sauvignon 75cl (Red)', 'Frontera Cabernet Sauvignon 75cl (Red)', '5b0ee48b-8e19-5d8f-853a-4056cefff5e5', 'BOTTLE', 'ML', 750, 450, 2.0, 231000.0, 231000.0, 100.0, 15.0, 50.0, 10.0, false, true, true, 'AUTO_PO', true) ON CONFLICT (id) DO UPDATE SET wac_price = EXCLUDED.wac_price, standard_price = EXCLUDED.standard_price, yield_rate = EXCLUDED.yield_rate;
INSERT INTO ingredients (id, code, nom_fr, ten_vi, name_en, purchase_category_id, stock_uom, recipe_uom, stock_to_recipe_factor, tare_weight_grams, tolerance_percent, wac_price, standard_price, yield_rate, min_stock, max_stock, safety_stock, is_import, track_lot, is_beverage, auto_po_group, is_active) VALUES ('V6035', 'V6035', 'Frontera Sauvignon Blanc 75cl (White)', 'Frontera Sauvignon Blanc 75cl (White)', 'Frontera Sauvignon Blanc 75cl (White)', '5b0ee48b-8e19-5d8f-853a-4056cefff5e5', 'BOTTLE', 'ML', 750, 450, 2.0, 231000.0, 231000.0, 100.0, 15.0, 50.0, 10.0, false, true, true, 'AUTO_PO', true) ON CONFLICT (id) DO UPDATE SET wac_price = EXCLUDED.wac_price, standard_price = EXCLUDED.standard_price, yield_rate = EXCLUDED.yield_rate;
INSERT INTO ingredients (id, code, nom_fr, ten_vi, name_en, purchase_category_id, stock_uom, recipe_uom, stock_to_recipe_factor, tare_weight_grams, tolerance_percent, wac_price, standard_price, yield_rate, min_stock, max_stock, safety_stock, is_import, track_lot, is_beverage, auto_po_group, is_active) VALUES ('V6049', 'V6049', 'Luis Felipe Red Wine Bottle', 'Luis Felipe Red Wine Bottle', 'Luis Felipe Red Wine Bottle', '5b0ee48b-8e19-5d8f-853a-4056cefff5e5', 'BOTTLE', 'ML', 750, 450, 2.0, 175000.0, 175000.0, 100.0, 15.0, 50.0, 10.0, false, true, true, 'AUTO_PO', true) ON CONFLICT (id) DO UPDATE SET wac_price = EXCLUDED.wac_price, standard_price = EXCLUDED.standard_price, yield_rate = EXCLUDED.yield_rate;
INSERT INTO ingredients (id, code, nom_fr, ten_vi, name_en, purchase_category_id, stock_uom, recipe_uom, stock_to_recipe_factor, tare_weight_grams, tolerance_percent, wac_price, standard_price, yield_rate, min_stock, max_stock, safety_stock, is_import, track_lot, is_beverage, auto_po_group, is_active) VALUES ('V6053', 'V6053', 'MIGUEL TORRES, LAS MULAS ORGANIC (Cabernet Sauvignon) Central Valley', 'MIGUEL TORRES, LAS MULAS ORGANIC (Cabernet Sauvignon) Central Valley', 'MIGUEL TORRES, LAS MULAS ORGANIC (Cabernet Sauvignon) Central Valley', '5b0ee48b-8e19-5d8f-853a-4056cefff5e5', 'BOTTLE', 'ML', 750, 450, 2.0, 393000.0, 393000.0, 100.0, 15.0, 50.0, 10.0, false, true, true, 'AUTO_PO', true) ON CONFLICT (id) DO UPDATE SET wac_price = EXCLUDED.wac_price, standard_price = EXCLUDED.standard_price, yield_rate = EXCLUDED.yield_rate;
INSERT INTO ingredients (id, code, nom_fr, ten_vi, name_en, purchase_category_id, stock_uom, recipe_uom, stock_to_recipe_factor, tare_weight_grams, tolerance_percent, wac_price, standard_price, yield_rate, min_stock, max_stock, safety_stock, is_import, track_lot, is_beverage, auto_po_group, is_active) VALUES ('V6054', 'V6054', 'MIGUEL TORRES, ANDICA RESERVA (Gewurztraminer) Curico Valley', 'MIGUEL TORRES, ANDICA RESERVA (Gewurztraminer) Curico Valley', 'MIGUEL TORRES, ANDICA RESERVA (Gewurztraminer) Curico Valley', '5b0ee48b-8e19-5d8f-853a-4056cefff5e5', 'BOTTLE', 'ML', 750, 450, 2.0, 446000.0, 446000.0, 100.0, 15.0, 50.0, 10.0, false, true, true, 'AUTO_PO', true) ON CONFLICT (id) DO UPDATE SET wac_price = EXCLUDED.wac_price, standard_price = EXCLUDED.standard_price, yield_rate = EXCLUDED.yield_rate;
INSERT INTO ingredients (id, code, nom_fr, ten_vi, name_en, purchase_category_id, stock_uom, recipe_uom, stock_to_recipe_factor, tare_weight_grams, tolerance_percent, wac_price, standard_price, yield_rate, min_stock, max_stock, safety_stock, is_import, track_lot, is_beverage, auto_po_group, is_active) VALUES ('V6056', 'V6056', 'MontGras Estate Cabernet Sauvignon Chile', 'MontGras Estate Cabernet Sauvignon Chile', 'MontGras Estate Cabernet Sauvignon Chile', '5b0ee48b-8e19-5d8f-853a-4056cefff5e5', 'BOTTLE', 'ML', 750, 450, 2.0, 182500.0, 182500.0, 100.0, 15.0, 50.0, 10.0, false, true, true, 'AUTO_PO', true) ON CONFLICT (id) DO UPDATE SET wac_price = EXCLUDED.wac_price, standard_price = EXCLUDED.standard_price, yield_rate = EXCLUDED.yield_rate;
INSERT INTO ingredients (id, code, nom_fr, ten_vi, name_en, purchase_category_id, stock_uom, recipe_uom, stock_to_recipe_factor, tare_weight_grams, tolerance_percent, wac_price, standard_price, yield_rate, min_stock, max_stock, safety_stock, is_import, track_lot, is_beverage, auto_po_group, is_active) VALUES ('V6057', 'V6057', 'Karku Cabernet Sauvignon ( Red )', 'Karku Cabernet Sauvignon ( Red )', 'Karku Cabernet Sauvignon ( Red )', '5b0ee48b-8e19-5d8f-853a-4056cefff5e5', 'BOTTLE', 'ML', 750, 450, 2.0, 220000.0, 220000.0, 100.0, 15.0, 50.0, 10.0, false, true, true, 'AUTO_PO', true) ON CONFLICT (id) DO UPDATE SET wac_price = EXCLUDED.wac_price, standard_price = EXCLUDED.standard_price, yield_rate = EXCLUDED.yield_rate;
INSERT INTO ingredients (id, code, nom_fr, ten_vi, name_en, purchase_category_id, stock_uom, recipe_uom, stock_to_recipe_factor, tare_weight_grams, tolerance_percent, wac_price, standard_price, yield_rate, min_stock, max_stock, safety_stock, is_import, track_lot, is_beverage, auto_po_group, is_active) VALUES ('V6058', 'V6058', 'Karku Sauvignon Blanc- Chile ( White )', 'Karku Sauvignon Blanc- Chile ( White )', 'Karku Sauvignon Blanc- Chile ( White )', '5b0ee48b-8e19-5d8f-853a-4056cefff5e5', 'BOTTLE', 'ML', 750, 450, 2.0, 220000.0, 220000.0, 100.0, 15.0, 50.0, 10.0, false, true, true, 'AUTO_PO', true) ON CONFLICT (id) DO UPDATE SET wac_price = EXCLUDED.wac_price, standard_price = EXCLUDED.standard_price, yield_rate = EXCLUDED.yield_rate;
INSERT INTO ingredients (id, code, nom_fr, ten_vi, name_en, purchase_category_id, stock_uom, recipe_uom, stock_to_recipe_factor, tare_weight_grams, tolerance_percent, wac_price, standard_price, yield_rate, min_stock, max_stock, safety_stock, is_import, track_lot, is_beverage, auto_po_group, is_active) VALUES ('V6059', 'V6059', 'Montes Classic Series Chardonnay (CuricóValley DO — Chile)', 'Montes Classic Series Chardonnay (CuricóValley DO — Chile)', 'Montes Classic Series Chardonnay (CuricóValley DO — Chile)', '5b0ee48b-8e19-5d8f-853a-4056cefff5e5', 'BOTTLE', 'ML', 750, 450, 2.0, 384000.0, 384000.0, 100.0, 15.0, 50.0, 10.0, false, true, true, 'AUTO_PO', true) ON CONFLICT (id) DO UPDATE SET wac_price = EXCLUDED.wac_price, standard_price = EXCLUDED.standard_price, yield_rate = EXCLUDED.yield_rate;
INSERT INTO ingredients (id, code, nom_fr, ten_vi, name_en, purchase_category_id, stock_uom, recipe_uom, stock_to_recipe_factor, tare_weight_grams, tolerance_percent, wac_price, standard_price, yield_rate, min_stock, max_stock, safety_stock, is_import, track_lot, is_beverage, auto_po_group, is_active) VALUES ('V6060', 'V6060', 'Cremaschi Furlotti Chardonnay (Valle Central DO — Chile)', 'Cremaschi Furlotti Chardonnay (Valle Central DO — Chile)', 'Cremaschi Furlotti Chardonnay (Valle Central DO — Chile)', '5b0ee48b-8e19-5d8f-853a-4056cefff5e5', 'BOTTLE', 'ML', 750, 450, 2.0, 210000.0, 210000.0, 100.0, 15.0, 50.0, 10.0, false, true, true, 'AUTO_PO', true) ON CONFLICT (id) DO UPDATE SET wac_price = EXCLUDED.wac_price, standard_price = EXCLUDED.standard_price, yield_rate = EXCLUDED.yield_rate;
INSERT INTO ingredients (id, code, nom_fr, ten_vi, name_en, purchase_category_id, stock_uom, recipe_uom, stock_to_recipe_factor, tare_weight_grams, tolerance_percent, wac_price, standard_price, yield_rate, min_stock, max_stock, safety_stock, is_import, track_lot, is_beverage, auto_po_group, is_active) VALUES ('V6061', 'V6061', 'Cremaschi Furlotti Sauvignon Blanc (Valle Central DO — Chile)', 'Cremaschi Furlotti Sauvignon Blanc (Valle Central DO — Chile)', 'Cremaschi Furlotti Sauvignon Blanc (Valle Central DO — Chile)', '5b0ee48b-8e19-5d8f-853a-4056cefff5e5', 'BOTTLE', 'ML', 750, 450, 2.0, 210000.0, 210000.0, 100.0, 15.0, 50.0, 10.0, false, true, true, 'AUTO_PO', true) ON CONFLICT (id) DO UPDATE SET wac_price = EXCLUDED.wac_price, standard_price = EXCLUDED.standard_price, yield_rate = EXCLUDED.yield_rate;
INSERT INTO ingredients (id, code, nom_fr, ten_vi, name_en, purchase_category_id, stock_uom, recipe_uom, stock_to_recipe_factor, tare_weight_grams, tolerance_percent, wac_price, standard_price, yield_rate, min_stock, max_stock, safety_stock, is_import, track_lot, is_beverage, auto_po_group, is_active) VALUES ('V6062', 'V6062', 'Cremaschi Furlotti Cabernet Sauvignon (Valle Central DO — Chile)', 'Cremaschi Furlotti Cabernet Sauvignon (Valle Central DO — Chile)', 'Cremaschi Furlotti Cabernet Sauvignon (Valle Central DO — Chile)', '5b0ee48b-8e19-5d8f-853a-4056cefff5e5', 'BOTTLE', 'ML', 750, 450, 2.0, 210000.0, 210000.0, 100.0, 15.0, 50.0, 10.0, false, true, true, 'AUTO_PO', true) ON CONFLICT (id) DO UPDATE SET wac_price = EXCLUDED.wac_price, standard_price = EXCLUDED.standard_price, yield_rate = EXCLUDED.yield_rate;
INSERT INTO ingredients (id, code, nom_fr, ten_vi, name_en, purchase_category_id, stock_uom, recipe_uom, stock_to_recipe_factor, tare_weight_grams, tolerance_percent, wac_price, standard_price, yield_rate, min_stock, max_stock, safety_stock, is_import, track_lot, is_beverage, auto_po_group, is_active) VALUES ('V6063', 'V6063', 'Montes Alpha Cabernet Sauvignon - Red', 'Montes Alpha Cabernet Sauvignon - Red', 'Montes Alpha Cabernet Sauvignon - Red', '5b0ee48b-8e19-5d8f-853a-4056cefff5e5', 'BOTTLE', 'ML', 750, 450, 2.0, 638000.0, 638000.0, 100.0, 15.0, 50.0, 10.0, false, true, true, 'AUTO_PO', true) ON CONFLICT (id) DO UPDATE SET wac_price = EXCLUDED.wac_price, standard_price = EXCLUDED.standard_price, yield_rate = EXCLUDED.yield_rate;
INSERT INTO ingredients (id, code, nom_fr, ten_vi, name_en, purchase_category_id, stock_uom, recipe_uom, stock_to_recipe_factor, tare_weight_grams, tolerance_percent, wac_price, standard_price, yield_rate, min_stock, max_stock, safety_stock, is_import, track_lot, is_beverage, auto_po_group, is_active) VALUES ('V9501', 'V9501', 'Dalat Wine Red - Bottle', 'Dalat Wine Red - Bottle', 'Dalat Wine Red - Bottle', '5b0ee48b-8e19-5d8f-853a-4056cefff5e5', 'BOTTLE', 'ML', 750, 450, 2.0, 100000.0, 100000.0, 100.0, 15.0, 50.0, 10.0, false, true, true, 'AUTO_PO', true) ON CONFLICT (id) DO UPDATE SET wac_price = EXCLUDED.wac_price, standard_price = EXCLUDED.standard_price, yield_rate = EXCLUDED.yield_rate;
INSERT INTO ingredients (id, code, nom_fr, ten_vi, name_en, purchase_category_id, stock_uom, recipe_uom, stock_to_recipe_factor, tare_weight_grams, tolerance_percent, wac_price, standard_price, yield_rate, min_stock, max_stock, safety_stock, is_import, track_lot, is_beverage, auto_po_group, is_active) VALUES ('V9502', 'V9502', 'Dalat Wine White - Bottle', 'Dalat Wine White - Bottle', 'Dalat Wine White - Bottle', '5b0ee48b-8e19-5d8f-853a-4056cefff5e5', 'BOTTLE', 'ML', 750, 450, 2.0, 100000.0, 100000.0, 100.0, 15.0, 50.0, 10.0, false, true, true, 'AUTO_PO', true) ON CONFLICT (id) DO UPDATE SET wac_price = EXCLUDED.wac_price, standard_price = EXCLUDED.standard_price, yield_rate = EXCLUDED.yield_rate;
INSERT INTO ingredients (id, code, nom_fr, ten_vi, name_en, purchase_category_id, stock_uom, recipe_uom, stock_to_recipe_factor, tare_weight_grams, tolerance_percent, wac_price, standard_price, yield_rate, min_stock, max_stock, safety_stock, is_import, track_lot, is_beverage, auto_po_group, is_active) VALUES ('V9504', 'V9504', 'Chateau Dalat Special Cabernet Sauvignon 750ml', 'Chateau Dalat Special Cabernet Sauvignon 750ml', 'Chateau Dalat Special Cabernet Sauvignon 750ml', '5b0ee48b-8e19-5d8f-853a-4056cefff5e5', 'BOTTLE', 'ML', 750, 450, 2.0, 179000.0, 179000.0, 100.0, 15.0, 50.0, 10.0, false, true, true, 'AUTO_PO', true) ON CONFLICT (id) DO UPDATE SET wac_price = EXCLUDED.wac_price, standard_price = EXCLUDED.standard_price, yield_rate = EXCLUDED.yield_rate;
INSERT INTO ingredients (id, code, nom_fr, ten_vi, name_en, purchase_category_id, stock_uom, recipe_uom, stock_to_recipe_factor, tare_weight_grams, tolerance_percent, wac_price, standard_price, yield_rate, min_stock, max_stock, safety_stock, is_import, track_lot, is_beverage, auto_po_group, is_active) VALUES ('V9508', 'V9508', 'Chateau Dalat Special Sauvignon Blanc 750ml', 'Chateau Dalat Special Sauvignon Blanc 750ml', 'Chateau Dalat Special Sauvignon Blanc 750ml', '5b0ee48b-8e19-5d8f-853a-4056cefff5e5', 'BOTTLE', 'ML', 750, 450, 2.0, 179000.0, 179000.0, 100.0, 15.0, 50.0, 10.0, false, true, true, 'AUTO_PO', true) ON CONFLICT (id) DO UPDATE SET wac_price = EXCLUDED.wac_price, standard_price = EXCLUDED.standard_price, yield_rate = EXCLUDED.yield_rate;
INSERT INTO ingredients (id, code, nom_fr, ten_vi, name_en, purchase_category_id, stock_uom, recipe_uom, stock_to_recipe_factor, tare_weight_grams, tolerance_percent, wac_price, standard_price, yield_rate, min_stock, max_stock, safety_stock, is_import, track_lot, is_beverage, auto_po_group, is_active) VALUES ('V1001', 'V1001', 'Chateau Noaillac Medoc Cru Bourgeois 37.5cl (R)', 'Chateau Noaillac Medoc Cru Bourgeois 37.5cl (R)', 'Chateau Noaillac Medoc Cru Bourgeois 37.5cl (R)', '5b0ee48b-8e19-5d8f-853a-4056cefff5e5', 'BOTTLE', 'ML', 750, 450, 2.0, 318000.0, 318000.0, 100.0, 15.0, 50.0, 10.0, false, true, true, 'AUTO_PO', true) ON CONFLICT (id) DO UPDATE SET wac_price = EXCLUDED.wac_price, standard_price = EXCLUDED.standard_price, yield_rate = EXCLUDED.yield_rate;
INSERT INTO ingredients (id, code, nom_fr, ten_vi, name_en, purchase_category_id, stock_uom, recipe_uom, stock_to_recipe_factor, tare_weight_grams, tolerance_percent, wac_price, standard_price, yield_rate, min_stock, max_stock, safety_stock, is_import, track_lot, is_beverage, auto_po_group, is_active) VALUES ('V1008', 'V1008', 'La Palma Cabernet Sauvignon 37.5cl, Chile', 'La Palma Cabernet Sauvignon 37.5cl, Chile', 'La Palma Cabernet Sauvignon 37.5cl, Chile', '5b0ee48b-8e19-5d8f-853a-4056cefff5e5', 'BOTTLE', 'ML', 750, 450, 2.0, 123750.0, 123750.0, 100.0, 15.0, 50.0, 10.0, false, true, true, 'AUTO_PO', true) ON CONFLICT (id) DO UPDATE SET wac_price = EXCLUDED.wac_price, standard_price = EXCLUDED.standard_price, yield_rate = EXCLUDED.yield_rate;
INSERT INTO ingredients (id, code, nom_fr, ten_vi, name_en, purchase_category_id, stock_uom, recipe_uom, stock_to_recipe_factor, tare_weight_grams, tolerance_percent, wac_price, standard_price, yield_rate, min_stock, max_stock, safety_stock, is_import, track_lot, is_beverage, auto_po_group, is_active) VALUES ('V7012', 'V7012', 'F Negroamaro San Marzano Italy Red WIne', 'F Negroamaro San Marzano Italy Red WIne', 'F Negroamaro San Marzano Italy Red WIne', '5b0ee48b-8e19-5d8f-853a-4056cefff5e5', 'BOTTLE', 'ML', 750, 450, 2.0, 890000.0, 890000.0, 100.0, 15.0, 50.0, 10.0, false, true, true, 'AUTO_PO', true) ON CONFLICT (id) DO UPDATE SET wac_price = EXCLUDED.wac_price, standard_price = EXCLUDED.standard_price, yield_rate = EXCLUDED.yield_rate;
INSERT INTO ingredients (id, code, nom_fr, ten_vi, name_en, purchase_category_id, stock_uom, recipe_uom, stock_to_recipe_factor, tare_weight_grams, tolerance_percent, wac_price, standard_price, yield_rate, min_stock, max_stock, safety_stock, is_import, track_lot, is_beverage, auto_po_group, is_active) VALUES ('V7015', 'V7015', 'Caselletti  Negroamaro Primitivo - Red', 'Caselletti  Negroamaro Primitivo - Red', 'Caselletti  Negroamaro Primitivo - Red', '5b0ee48b-8e19-5d8f-853a-4056cefff5e5', 'BOTTLE', 'ML', 750, 450, 2.0, 380000.0, 380000.0, 100.0, 15.0, 50.0, 10.0, false, true, true, 'AUTO_PO', true) ON CONFLICT (id) DO UPDATE SET wac_price = EXCLUDED.wac_price, standard_price = EXCLUDED.standard_price, yield_rate = EXCLUDED.yield_rate;
INSERT INTO ingredients (id, code, nom_fr, ten_vi, name_en, purchase_category_id, stock_uom, recipe_uom, stock_to_recipe_factor, tare_weight_grams, tolerance_percent, wac_price, standard_price, yield_rate, min_stock, max_stock, safety_stock, is_import, track_lot, is_beverage, auto_po_group, is_active) VALUES ('V7016', 'V7016', 'Talò Primitivo di Manduria « San Marzano »', 'Talò Primitivo di Manduria « San Marzano »', 'Talò Primitivo di Manduria « San Marzano »', '5b0ee48b-8e19-5d8f-853a-4056cefff5e5', 'BOTTLE', 'ML', 750, 450, 2.0, 453750.0, 453750.0, 100.0, 15.0, 50.0, 10.0, false, true, true, 'AUTO_PO', true) ON CONFLICT (id) DO UPDATE SET wac_price = EXCLUDED.wac_price, standard_price = EXCLUDED.standard_price, yield_rate = EXCLUDED.yield_rate;
INSERT INTO ingredients (id, code, nom_fr, ten_vi, name_en, purchase_category_id, stock_uom, recipe_uom, stock_to_recipe_factor, tare_weight_grams, tolerance_percent, wac_price, standard_price, yield_rate, min_stock, max_stock, safety_stock, is_import, track_lot, is_beverage, auto_po_group, is_active) VALUES ('V9201', 'V9201', 'Private Bin Sauvignon Blanc, Villa Maria (White)', 'Private Bin Sauvignon Blanc, Villa Maria (White)', 'Private Bin Sauvignon Blanc, Villa Maria (White)', '5b0ee48b-8e19-5d8f-853a-4056cefff5e5', 'BOTTLE', 'ML', 750, 450, 2.0, 558000.0, 558000.0, 100.0, 15.0, 50.0, 10.0, false, true, true, 'AUTO_PO', true) ON CONFLICT (id) DO UPDATE SET wac_price = EXCLUDED.wac_price, standard_price = EXCLUDED.standard_price, yield_rate = EXCLUDED.yield_rate;
INSERT INTO ingredients (id, code, nom_fr, ten_vi, name_en, purchase_category_id, stock_uom, recipe_uom, stock_to_recipe_factor, tare_weight_grams, tolerance_percent, wac_price, standard_price, yield_rate, min_stock, max_stock, safety_stock, is_import, track_lot, is_beverage, auto_po_group, is_active) VALUES ('V9202', 'V9202', 'Private Bin Cabernet Merlot, Villa Maria (Red)', 'Private Bin Cabernet Merlot, Villa Maria (Red)', 'Private Bin Cabernet Merlot, Villa Maria (Red)', '5b0ee48b-8e19-5d8f-853a-4056cefff5e5', 'BOTTLE', 'ML', 750, 450, 2.0, 558000.0, 558000.0, 100.0, 15.0, 50.0, 10.0, false, true, true, 'AUTO_PO', true) ON CONFLICT (id) DO UPDATE SET wac_price = EXCLUDED.wac_price, standard_price = EXCLUDED.standard_price, yield_rate = EXCLUDED.yield_rate;
INSERT INTO ingredients (id, code, nom_fr, ten_vi, name_en, purchase_category_id, stock_uom, recipe_uom, stock_to_recipe_factor, tare_weight_grams, tolerance_percent, wac_price, standard_price, yield_rate, min_stock, max_stock, safety_stock, is_import, track_lot, is_beverage, auto_po_group, is_active) VALUES ('V9203', 'V9203', 'Kim Crawford, Sauvignon Blanc - New Zealand', 'Kim Crawford, Sauvignon Blanc - New Zealand', 'Kim Crawford, Sauvignon Blanc - New Zealand', '5b0ee48b-8e19-5d8f-853a-4056cefff5e5', 'BOTTLE', 'ML', 750, 450, 2.0, 412500.0, 412500.0, 100.0, 15.0, 50.0, 10.0, false, true, true, 'AUTO_PO', true) ON CONFLICT (id) DO UPDATE SET wac_price = EXCLUDED.wac_price, standard_price = EXCLUDED.standard_price, yield_rate = EXCLUDED.yield_rate;
INSERT INTO ingredients (id, code, nom_fr, ten_vi, name_en, purchase_category_id, stock_uom, recipe_uom, stock_to_recipe_factor, tare_weight_grams, tolerance_percent, wac_price, standard_price, yield_rate, min_stock, max_stock, safety_stock, is_import, track_lot, is_beverage, auto_po_group, is_active) VALUES ('V9204', 'V9204', 'Allan Scott Sauvignon Blanc(Marlborough GI — New Zealand)', 'Allan Scott Sauvignon Blanc(Marlborough GI — New Zealand)', 'Allan Scott Sauvignon Blanc(Marlborough GI — New Zealand)', '5b0ee48b-8e19-5d8f-853a-4056cefff5e5', 'BOTTLE', 'ML', 750, 450, 2.0, 396000.0, 396000.0, 100.0, 15.0, 50.0, 10.0, false, true, true, 'AUTO_PO', true) ON CONFLICT (id) DO UPDATE SET wac_price = EXCLUDED.wac_price, standard_price = EXCLUDED.standard_price, yield_rate = EXCLUDED.yield_rate;
INSERT INTO ingredients (id, code, nom_fr, ten_vi, name_en, purchase_category_id, stock_uom, recipe_uom, stock_to_recipe_factor, tare_weight_grams, tolerance_percent, wac_price, standard_price, yield_rate, min_stock, max_stock, safety_stock, is_import, track_lot, is_beverage, auto_po_group, is_active) VALUES ('V4008', 'V4008', 'M. Chapoutier Belleruche, Côtes du Rhône Rouge', 'M. Chapoutier Belleruche, Côtes du Rhône Rouge', 'M. Chapoutier Belleruche, Côtes du Rhône Rouge', '5b0ee48b-8e19-5d8f-853a-4056cefff5e5', 'BOTTLE', 'ML', 750, 450, 2.0, 396000.0, 396000.0, 100.0, 15.0, 50.0, 10.0, true, true, true, 'AUTO_PO', true) ON CONFLICT (id) DO UPDATE SET wac_price = EXCLUDED.wac_price, standard_price = EXCLUDED.standard_price, yield_rate = EXCLUDED.yield_rate;
INSERT INTO ingredients (id, code, nom_fr, ten_vi, name_en, purchase_category_id, stock_uom, recipe_uom, stock_to_recipe_factor, tare_weight_grams, tolerance_percent, wac_price, standard_price, yield_rate, min_stock, max_stock, safety_stock, is_import, track_lot, is_beverage, auto_po_group, is_active) VALUES ('V4009', 'V4009', 'Les Hauts de La Gaffeliere, Bordeaux Rouge', 'Les Hauts de La Gaffeliere, Bordeaux Rouge', 'Les Hauts de La Gaffeliere, Bordeaux Rouge', '5b0ee48b-8e19-5d8f-853a-4056cefff5e5', 'BOTTLE', 'ML', 750, 450, 2.0, 441000.0, 441000.0, 100.0, 15.0, 50.0, 10.0, true, true, true, 'AUTO_PO', true) ON CONFLICT (id) DO UPDATE SET wac_price = EXCLUDED.wac_price, standard_price = EXCLUDED.standard_price, yield_rate = EXCLUDED.yield_rate;
INSERT INTO ingredients (id, code, nom_fr, ten_vi, name_en, purchase_category_id, stock_uom, recipe_uom, stock_to_recipe_factor, tare_weight_grams, tolerance_percent, wac_price, standard_price, yield_rate, min_stock, max_stock, safety_stock, is_import, track_lot, is_beverage, auto_po_group, is_active) VALUES ('V4014', 'V4014', 'Château Noaillac Cru Bourgeois', 'Château Noaillac Cru Bourgeois', 'Château Noaillac Cru Bourgeois', '5b0ee48b-8e19-5d8f-853a-4056cefff5e5', 'BOTTLE', 'ML', 750, 450, 2.0, 600000.0, 600000.0, 100.0, 15.0, 50.0, 10.0, true, true, true, 'AUTO_PO', true) ON CONFLICT (id) DO UPDATE SET wac_price = EXCLUDED.wac_price, standard_price = EXCLUDED.standard_price, yield_rate = EXCLUDED.yield_rate;
INSERT INTO ingredients (id, code, nom_fr, ten_vi, name_en, purchase_category_id, stock_uom, recipe_uom, stock_to_recipe_factor, tare_weight_grams, tolerance_percent, wac_price, standard_price, yield_rate, min_stock, max_stock, safety_stock, is_import, track_lot, is_beverage, auto_po_group, is_active) VALUES ('V4017', 'V4017', 'Château Haut-Rocher Grand Cru', 'Château Haut-Rocher Grand Cru', 'Château Haut-Rocher Grand Cru', '5b0ee48b-8e19-5d8f-853a-4056cefff5e5', 'BOTTLE', 'ML', 750, 450, 2.0, 867000.0, 867000.0, 100.0, 15.0, 50.0, 10.0, true, true, true, 'AUTO_PO', true) ON CONFLICT (id) DO UPDATE SET wac_price = EXCLUDED.wac_price, standard_price = EXCLUDED.standard_price, yield_rate = EXCLUDED.yield_rate;
INSERT INTO ingredients (id, code, nom_fr, ten_vi, name_en, purchase_category_id, stock_uom, recipe_uom, stock_to_recipe_factor, tare_weight_grams, tolerance_percent, wac_price, standard_price, yield_rate, min_stock, max_stock, safety_stock, is_import, track_lot, is_beverage, auto_po_group, is_active) VALUES ('V4045', 'V4045', 'Louis Latour - Bourgogne Pinot Noir', 'Louis Latour - Bourgogne Pinot Noir', 'Louis Latour - Bourgogne Pinot Noir', '5b0ee48b-8e19-5d8f-853a-4056cefff5e5', 'BOTTLE', 'ML', 750, 450, 2.0, 450000.0, 450000.0, 100.0, 15.0, 50.0, 10.0, true, true, true, 'AUTO_PO', true) ON CONFLICT (id) DO UPDATE SET wac_price = EXCLUDED.wac_price, standard_price = EXCLUDED.standard_price, yield_rate = EXCLUDED.yield_rate;
INSERT INTO ingredients (id, code, nom_fr, ten_vi, name_en, purchase_category_id, stock_uom, recipe_uom, stock_to_recipe_factor, tare_weight_grams, tolerance_percent, wac_price, standard_price, yield_rate, min_stock, max_stock, safety_stock, is_import, track_lot, is_beverage, auto_po_group, is_active) VALUES ('V4062', 'V4062', 'Château Moulin De La Faye', 'Château Moulin De La Faye', 'Château Moulin De La Faye', '5b0ee48b-8e19-5d8f-853a-4056cefff5e5', 'BOTTLE', 'ML', 750, 450, 2.0, 270000.0, 270000.0, 100.0, 15.0, 50.0, 10.0, true, true, true, 'AUTO_PO', true) ON CONFLICT (id) DO UPDATE SET wac_price = EXCLUDED.wac_price, standard_price = EXCLUDED.standard_price, yield_rate = EXCLUDED.yield_rate;
INSERT INTO ingredients (id, code, nom_fr, ten_vi, name_en, purchase_category_id, stock_uom, recipe_uom, stock_to_recipe_factor, tare_weight_grams, tolerance_percent, wac_price, standard_price, yield_rate, min_stock, max_stock, safety_stock, is_import, track_lot, is_beverage, auto_po_group, is_active) VALUES ('V4063', 'V4063', 'Chantecaille Bordeaux AOC Red', 'Chantecaille Bordeaux AOC Red', 'Chantecaille Bordeaux AOC Red', '5b0ee48b-8e19-5d8f-853a-4056cefff5e5', 'BOTTLE', 'ML', 750, 450, 2.0, 229000.0, 229000.0, 100.0, 15.0, 50.0, 10.0, true, true, true, 'AUTO_PO', true) ON CONFLICT (id) DO UPDATE SET wac_price = EXCLUDED.wac_price, standard_price = EXCLUDED.standard_price, yield_rate = EXCLUDED.yield_rate;
INSERT INTO ingredients (id, code, nom_fr, ten_vi, name_en, purchase_category_id, stock_uom, recipe_uom, stock_to_recipe_factor, tare_weight_grams, tolerance_percent, wac_price, standard_price, yield_rate, min_stock, max_stock, safety_stock, is_import, track_lot, is_beverage, auto_po_group, is_active) VALUES ('V4064', 'V4064', 'F. Thienpont Causse Rouge Merlot, Bordeaux - Red', 'F. Thienpont Causse Rouge Merlot, Bordeaux - Red', 'F. Thienpont Causse Rouge Merlot, Bordeaux - Red', '5b0ee48b-8e19-5d8f-853a-4056cefff5e5', 'BOTTLE', 'ML', 750, 450, 2.0, 426000.0, 426000.0, 100.0, 15.0, 50.0, 10.0, true, true, true, 'AUTO_PO', true) ON CONFLICT (id) DO UPDATE SET wac_price = EXCLUDED.wac_price, standard_price = EXCLUDED.standard_price, yield_rate = EXCLUDED.yield_rate;
INSERT INTO ingredients (id, code, nom_fr, ten_vi, name_en, purchase_category_id, stock_uom, recipe_uom, stock_to_recipe_factor, tare_weight_grams, tolerance_percent, wac_price, standard_price, yield_rate, min_stock, max_stock, safety_stock, is_import, track_lot, is_beverage, auto_po_group, is_active) VALUES ('V4065', 'V4065', 'Baron P. de Rothschild Mouton Cadet Bordeaux - Red', 'Baron P. de Rothschild Mouton Cadet Bordeaux - Red', 'Baron P. de Rothschild Mouton Cadet Bordeaux - Red', '5b0ee48b-8e19-5d8f-853a-4056cefff5e5', 'BOTTLE', 'ML', 750, 450, 2.0, 257400.0, 257400.0, 100.0, 15.0, 50.0, 10.0, true, true, true, 'AUTO_PO', true) ON CONFLICT (id) DO UPDATE SET wac_price = EXCLUDED.wac_price, standard_price = EXCLUDED.standard_price, yield_rate = EXCLUDED.yield_rate;
INSERT INTO ingredients (id, code, nom_fr, ten_vi, name_en, purchase_category_id, stock_uom, recipe_uom, stock_to_recipe_factor, tare_weight_grams, tolerance_percent, wac_price, standard_price, yield_rate, min_stock, max_stock, safety_stock, is_import, track_lot, is_beverage, auto_po_group, is_active) VALUES ('V4068', 'V4068', 'Nicolas Thienpont, Chateau Puygueraud,(Merlot/Cab Franc/ Malbec) Francs Cotes de Bordeaux', 'Nicolas Thienpont, Chateau Puygueraud,(Merlot/Cab Franc/ Malbec) Francs Cotes de Bordeaux', 'Nicolas Thienpont, Chateau Puygueraud,(Merlot/Cab Franc/ Malbec) Francs Cotes de Bordeaux', '5b0ee48b-8e19-5d8f-853a-4056cefff5e5', 'BOTTLE', 'ML', 750, 450, 2.0, 867000.0, 867000.0, 100.0, 15.0, 50.0, 10.0, true, true, true, 'AUTO_PO', true) ON CONFLICT (id) DO UPDATE SET wac_price = EXCLUDED.wac_price, standard_price = EXCLUDED.standard_price, yield_rate = EXCLUDED.yield_rate;
INSERT INTO ingredients (id, code, nom_fr, ten_vi, name_en, purchase_category_id, stock_uom, recipe_uom, stock_to_recipe_factor, tare_weight_grams, tolerance_percent, wac_price, standard_price, yield_rate, min_stock, max_stock, safety_stock, is_import, track_lot, is_beverage, auto_po_group, is_active) VALUES ('V4069', 'V4069', 'Alain Brumont, Chateau Bouscasse, Madiran - Red', 'Alain Brumont, Chateau Bouscasse, Madiran - Red', 'Alain Brumont, Chateau Bouscasse, Madiran - Red', '5b0ee48b-8e19-5d8f-853a-4056cefff5e5', 'BOTTLE', 'ML', 750, 450, 2.0, 880000.0, 880000.0, 100.0, 15.0, 50.0, 10.0, true, true, true, 'AUTO_PO', true) ON CONFLICT (id) DO UPDATE SET wac_price = EXCLUDED.wac_price, standard_price = EXCLUDED.standard_price, yield_rate = EXCLUDED.yield_rate;
INSERT INTO ingredients (id, code, nom_fr, ten_vi, name_en, purchase_category_id, stock_uom, recipe_uom, stock_to_recipe_factor, tare_weight_grams, tolerance_percent, wac_price, standard_price, yield_rate, min_stock, max_stock, safety_stock, is_import, track_lot, is_beverage, auto_po_group, is_active) VALUES ('V4071', 'V4071', 'Baron P. de Rothschild Mouton Cadet Reserve Pauillac - Red', 'Baron P. de Rothschild Mouton Cadet Reserve Pauillac - Red', 'Baron P. de Rothschild Mouton Cadet Reserve Pauillac - Red', '5b0ee48b-8e19-5d8f-853a-4056cefff5e5', 'BOTTLE', 'ML', 750, 450, 2.0, 1059300.0, 1059300.0, 100.0, 15.0, 50.0, 10.0, true, true, true, 'AUTO_PO', true) ON CONFLICT (id) DO UPDATE SET wac_price = EXCLUDED.wac_price, standard_price = EXCLUDED.standard_price, yield_rate = EXCLUDED.yield_rate;
INSERT INTO ingredients (id, code, nom_fr, ten_vi, name_en, purchase_category_id, stock_uom, recipe_uom, stock_to_recipe_factor, tare_weight_grams, tolerance_percent, wac_price, standard_price, yield_rate, min_stock, max_stock, safety_stock, is_import, track_lot, is_beverage, auto_po_group, is_active) VALUES ('V4072', 'V4072', 'Château La Garenne Pomerol - Red', 'Château La Garenne Pomerol - Red', 'Château La Garenne Pomerol - Red', '5b0ee48b-8e19-5d8f-853a-4056cefff5e5', 'BOTTLE', 'ML', 750, 450, 2.0, 1178100.0, 1178100.0, 100.0, 15.0, 50.0, 10.0, true, true, true, 'AUTO_PO', true) ON CONFLICT (id) DO UPDATE SET wac_price = EXCLUDED.wac_price, standard_price = EXCLUDED.standard_price, yield_rate = EXCLUDED.yield_rate;
INSERT INTO ingredients (id, code, nom_fr, ten_vi, name_en, purchase_category_id, stock_uom, recipe_uom, stock_to_recipe_factor, tare_weight_grams, tolerance_percent, wac_price, standard_price, yield_rate, min_stock, max_stock, safety_stock, is_import, track_lot, is_beverage, auto_po_group, is_active) VALUES ('V4074', 'V4074', 'Louis Latour Domaine De Valmoissine - Red', 'Louis Latour Domaine De Valmoissine - Red', 'Louis Latour Domaine De Valmoissine - Red', '5b0ee48b-8e19-5d8f-853a-4056cefff5e5', 'BOTTLE', 'ML', 750, 450, 2.0, 292500.0, 292500.0, 100.0, 15.0, 50.0, 10.0, true, true, true, 'AUTO_PO', true) ON CONFLICT (id) DO UPDATE SET wac_price = EXCLUDED.wac_price, standard_price = EXCLUDED.standard_price, yield_rate = EXCLUDED.yield_rate;
INSERT INTO ingredients (id, code, nom_fr, ten_vi, name_en, purchase_category_id, stock_uom, recipe_uom, stock_to_recipe_factor, tare_weight_grams, tolerance_percent, wac_price, standard_price, yield_rate, min_stock, max_stock, safety_stock, is_import, track_lot, is_beverage, auto_po_group, is_active) VALUES ('V4075', 'V4075', 'Louis Latour Pinot Noir Les Pierres Dorées - Red', 'Louis Latour Pinot Noir Les Pierres Dorées - Red', 'Louis Latour Pinot Noir Les Pierres Dorées - Red', '5b0ee48b-8e19-5d8f-853a-4056cefff5e5', 'BOTTLE', 'ML', 750, 450, 2.0, 562500.0, 562500.0, 100.0, 15.0, 50.0, 10.0, true, true, true, 'AUTO_PO', true) ON CONFLICT (id) DO UPDATE SET wac_price = EXCLUDED.wac_price, standard_price = EXCLUDED.standard_price, yield_rate = EXCLUDED.yield_rate;
INSERT INTO ingredients (id, code, nom_fr, ten_vi, name_en, purchase_category_id, stock_uom, recipe_uom, stock_to_recipe_factor, tare_weight_grams, tolerance_percent, wac_price, standard_price, yield_rate, min_stock, max_stock, safety_stock, is_import, track_lot, is_beverage, auto_po_group, is_active) VALUES ('V4076', 'V4076', 'Guigal, Cotes du Rhone - Red', 'Guigal, Cotes du Rhone - Red', 'Guigal, Cotes du Rhone - Red', '5b0ee48b-8e19-5d8f-853a-4056cefff5e5', 'BOTTLE', 'ML', 750, 450, 2.0, 638000.0, 638000.0, 100.0, 15.0, 50.0, 10.0, true, true, true, 'AUTO_PO', true) ON CONFLICT (id) DO UPDATE SET wac_price = EXCLUDED.wac_price, standard_price = EXCLUDED.standard_price, yield_rate = EXCLUDED.yield_rate;
INSERT INTO ingredients (id, code, nom_fr, ten_vi, name_en, purchase_category_id, stock_uom, recipe_uom, stock_to_recipe_factor, tare_weight_grams, tolerance_percent, wac_price, standard_price, yield_rate, min_stock, max_stock, safety_stock, is_import, track_lot, is_beverage, auto_po_group, is_active) VALUES ('V4077', 'V4077', 'Dufouleur Monopole Red Wine Bt', 'Dufouleur Monopole Red Wine Bt', 'Dufouleur Monopole Red Wine Bt', '5b0ee48b-8e19-5d8f-853a-4056cefff5e5', 'BOTTLE', 'ML', 750, 450, 2.0, 203000.0, 203000.0, 100.0, 15.0, 50.0, 10.0, true, true, true, 'AUTO_PO', true) ON CONFLICT (id) DO UPDATE SET wac_price = EXCLUDED.wac_price, standard_price = EXCLUDED.standard_price, yield_rate = EXCLUDED.yield_rate;
INSERT INTO ingredients (id, code, nom_fr, ten_vi, name_en, purchase_category_id, stock_uom, recipe_uom, stock_to_recipe_factor, tare_weight_grams, tolerance_percent, wac_price, standard_price, yield_rate, min_stock, max_stock, safety_stock, is_import, track_lot, is_beverage, auto_po_group, is_active) VALUES ('V4078', 'V4078', 'Chateau Haut Selve Graves - Red', 'Chateau Haut Selve Graves - Red', 'Chateau Haut Selve Graves - Red', '5b0ee48b-8e19-5d8f-853a-4056cefff5e5', 'BOTTLE', 'ML', 750, 450, 2.0, 762300.0, 762300.0, 100.0, 15.0, 50.0, 10.0, true, true, true, 'AUTO_PO', true) ON CONFLICT (id) DO UPDATE SET wac_price = EXCLUDED.wac_price, standard_price = EXCLUDED.standard_price, yield_rate = EXCLUDED.yield_rate;
INSERT INTO ingredients (id, code, nom_fr, ten_vi, name_en, purchase_category_id, stock_uom, recipe_uom, stock_to_recipe_factor, tare_weight_grams, tolerance_percent, wac_price, standard_price, yield_rate, min_stock, max_stock, safety_stock, is_import, track_lot, is_beverage, auto_po_group, is_active) VALUES ('V4081', 'V4081', 'Château La Branne Médoc Cru Bourgeois, France', 'Château La Branne Médoc Cru Bourgeois, France', 'Château La Branne Médoc Cru Bourgeois, France', '5b0ee48b-8e19-5d8f-853a-4056cefff5e5', 'BOTTLE', 'ML', 750, 450, 2.0, 643500.0, 643500.0, 100.0, 15.0, 50.0, 10.0, true, true, true, 'AUTO_PO', true) ON CONFLICT (id) DO UPDATE SET wac_price = EXCLUDED.wac_price, standard_price = EXCLUDED.standard_price, yield_rate = EXCLUDED.yield_rate;
INSERT INTO ingredients (id, code, nom_fr, ten_vi, name_en, purchase_category_id, stock_uom, recipe_uom, stock_to_recipe_factor, tare_weight_grams, tolerance_percent, wac_price, standard_price, yield_rate, min_stock, max_stock, safety_stock, is_import, track_lot, is_beverage, auto_po_group, is_active) VALUES ('V4082', 'V4082', 'CHÂTEAU HAUT SAINT BRICE (Merlot - Cabernet Franc) Saint-Émilion Grand Cru', 'CHÂTEAU HAUT SAINT BRICE (Merlot - Cabernet Franc) Saint-Émilion Grand Cru', 'CHÂTEAU HAUT SAINT BRICE (Merlot - Cabernet Franc) Saint-Émilion Grand Cru', '5b0ee48b-8e19-5d8f-853a-4056cefff5e5', 'BOTTLE', 'ML', 750, 450, 2.0, 721710.0, 721710.0, 100.0, 15.0, 50.0, 10.0, true, true, true, 'AUTO_PO', true) ON CONFLICT (id) DO UPDATE SET wac_price = EXCLUDED.wac_price, standard_price = EXCLUDED.standard_price, yield_rate = EXCLUDED.yield_rate;
INSERT INTO ingredients (id, code, nom_fr, ten_vi, name_en, purchase_category_id, stock_uom, recipe_uom, stock_to_recipe_factor, tare_weight_grams, tolerance_percent, wac_price, standard_price, yield_rate, min_stock, max_stock, safety_stock, is_import, track_lot, is_beverage, auto_po_group, is_active) VALUES ('V4083', 'V4083', 'CHÂTEAU MONT- PÉRAT (Merlot/Cabernet Franc/Cabernet Sauvignon) Bordeaux', 'CHÂTEAU MONT- PÉRAT (Merlot/Cabernet Franc/Cabernet Sauvignon) Bordeaux', 'CHÂTEAU MONT- PÉRAT (Merlot/Cabernet Franc/Cabernet Sauvignon) Bordeaux', '5b0ee48b-8e19-5d8f-853a-4056cefff5e5', 'BOTTLE', 'ML', 750, 450, 2.0, 782100.0, 782100.0, 100.0, 15.0, 50.0, 10.0, true, true, true, 'AUTO_PO', true) ON CONFLICT (id) DO UPDATE SET wac_price = EXCLUDED.wac_price, standard_price = EXCLUDED.standard_price, yield_rate = EXCLUDED.yield_rate;
INSERT INTO ingredients (id, code, nom_fr, ten_vi, name_en, purchase_category_id, stock_uom, recipe_uom, stock_to_recipe_factor, tare_weight_grams, tolerance_percent, wac_price, standard_price, yield_rate, min_stock, max_stock, safety_stock, is_import, track_lot, is_beverage, auto_po_group, is_active) VALUES ('V4088', 'V4088', 'Château Baratet, Cabernet Sauvignon, France', 'Château Baratet, Cabernet Sauvignon, France', 'Château Baratet, Cabernet Sauvignon, France', '5b0ee48b-8e19-5d8f-853a-4056cefff5e5', 'BOTTLE', 'ML', 750, 450, 2.0, 190000.0, 190000.0, 100.0, 15.0, 50.0, 10.0, true, true, true, 'AUTO_PO', true) ON CONFLICT (id) DO UPDATE SET wac_price = EXCLUDED.wac_price, standard_price = EXCLUDED.standard_price, yield_rate = EXCLUDED.yield_rate;
INSERT INTO ingredients (id, code, nom_fr, ten_vi, name_en, purchase_category_id, stock_uom, recipe_uom, stock_to_recipe_factor, tare_weight_grams, tolerance_percent, wac_price, standard_price, yield_rate, min_stock, max_stock, safety_stock, is_import, track_lot, is_beverage, auto_po_group, is_active) VALUES ('V4089', 'V4089', 'Chateau Haut Mouleyre AOP Bordeaux Rouge', 'Chateau Haut Mouleyre AOP Bordeaux Rouge', 'Chateau Haut Mouleyre AOP Bordeaux Rouge', '5b0ee48b-8e19-5d8f-853a-4056cefff5e5', 'BOTTLE', 'ML', 750, 450, 2.0, 160000.0, 160000.0, 100.0, 15.0, 50.0, 10.0, true, true, true, 'AUTO_PO', true) ON CONFLICT (id) DO UPDATE SET wac_price = EXCLUDED.wac_price, standard_price = EXCLUDED.standard_price, yield_rate = EXCLUDED.yield_rate;
INSERT INTO ingredients (id, code, nom_fr, ten_vi, name_en, purchase_category_id, stock_uom, recipe_uom, stock_to_recipe_factor, tare_weight_grams, tolerance_percent, wac_price, standard_price, yield_rate, min_stock, max_stock, safety_stock, is_import, track_lot, is_beverage, auto_po_group, is_active) VALUES ('V4090', 'V4090', 'M. Chapoutier « Les Meysonniers »Crozes-Hermitage Syrah (organic)', 'M. Chapoutier « Les Meysonniers »Crozes-Hermitage Syrah (organic)', 'M. Chapoutier « Les Meysonniers »Crozes-Hermitage Syrah (organic)', '5b0ee48b-8e19-5d8f-853a-4056cefff5e5', 'BOTTLE', 'ML', 750, 450, 2.0, 940500.0, 940500.0, 100.0, 15.0, 50.0, 10.0, true, true, true, 'AUTO_PO', true) ON CONFLICT (id) DO UPDATE SET wac_price = EXCLUDED.wac_price, standard_price = EXCLUDED.standard_price, yield_rate = EXCLUDED.yield_rate;
INSERT INTO ingredients (id, code, nom_fr, ten_vi, name_en, purchase_category_id, stock_uom, recipe_uom, stock_to_recipe_factor, tare_weight_grams, tolerance_percent, wac_price, standard_price, yield_rate, min_stock, max_stock, safety_stock, is_import, track_lot, is_beverage, auto_po_group, is_active) VALUES ('V4091', 'V4091', 'Bernard Magrez « Le Prélat » Rouge Côtes du Rhône Villages Laudun', 'Bernard Magrez « Le Prélat » Rouge Côtes du Rhône Villages Laudun', 'Bernard Magrez « Le Prélat » Rouge Côtes du Rhône Villages Laudun', '5b0ee48b-8e19-5d8f-853a-4056cefff5e5', 'BOTTLE', 'ML', 750, 450, 2.0, 540000.0, 540000.0, 100.0, 15.0, 50.0, 10.0, true, true, true, 'AUTO_PO', true) ON CONFLICT (id) DO UPDATE SET wac_price = EXCLUDED.wac_price, standard_price = EXCLUDED.standard_price, yield_rate = EXCLUDED.yield_rate;
INSERT INTO ingredients (id, code, nom_fr, ten_vi, name_en, purchase_category_id, stock_uom, recipe_uom, stock_to_recipe_factor, tare_weight_grams, tolerance_percent, wac_price, standard_price, yield_rate, min_stock, max_stock, safety_stock, is_import, track_lot, is_beverage, auto_po_group, is_active) VALUES ('V4092', 'V4092', 'Grand Bateau Bordeaux Rouge (by Beychevelle) (Merlot · CS · AOC)', 'Grand Bateau Bordeaux Rouge (by Beychevelle) (Merlot · CS · AOC)', 'Grand Bateau Bordeaux Rouge (by Beychevelle) (Merlot · CS · AOC)', '5b0ee48b-8e19-5d8f-853a-4056cefff5e5', 'BOTTLE', 'ML', 750, 450, 2.0, 392000.0, 392000.0, 100.0, 15.0, 50.0, 10.0, true, true, true, 'AUTO_PO', true) ON CONFLICT (id) DO UPDATE SET wac_price = EXCLUDED.wac_price, standard_price = EXCLUDED.standard_price, yield_rate = EXCLUDED.yield_rate;
INSERT INTO ingredients (id, code, nom_fr, ten_vi, name_en, purchase_category_id, stock_uom, recipe_uom, stock_to_recipe_factor, tare_weight_grams, tolerance_percent, wac_price, standard_price, yield_rate, min_stock, max_stock, safety_stock, is_import, track_lot, is_beverage, auto_po_group, is_active) VALUES ('V9402', 'V9402', 'Villa Garrel Rosé, France', 'Villa Garrel Rosé, France', 'Villa Garrel Rosé, France', '5b0ee48b-8e19-5d8f-853a-4056cefff5e5', 'BOTTLE', 'ML', 750, 450, 2.0, 352000.0, 352000.0, 100.0, 15.0, 50.0, 10.0, false, true, true, 'AUTO_PO', true) ON CONFLICT (id) DO UPDATE SET wac_price = EXCLUDED.wac_price, standard_price = EXCLUDED.standard_price, yield_rate = EXCLUDED.yield_rate;
INSERT INTO ingredients (id, code, nom_fr, ten_vi, name_en, purchase_category_id, stock_uom, recipe_uom, stock_to_recipe_factor, tare_weight_grams, tolerance_percent, wac_price, standard_price, yield_rate, min_stock, max_stock, safety_stock, is_import, track_lot, is_beverage, auto_po_group, is_active) VALUES ('V9408', 'V9408', 'Bosio Moscato Rose Spumante Aromatico Dolce 7.5%', 'Bosio Moscato Rose Spumante Aromatico Dolce 7.5%', 'Bosio Moscato Rose Spumante Aromatico Dolce 7.5%', '5b0ee48b-8e19-5d8f-853a-4056cefff5e5', 'BOTTLE', 'BOTTLE', 1, 0, 5.0, 322000.0, 322000.0, 100.0, 15.0, 50.0, 10.0, false, true, true, 'AUTO_PO', true) ON CONFLICT (id) DO UPDATE SET wac_price = EXCLUDED.wac_price, standard_price = EXCLUDED.standard_price, yield_rate = EXCLUDED.yield_rate;
INSERT INTO ingredients (id, code, nom_fr, ten_vi, name_en, purchase_category_id, stock_uom, recipe_uom, stock_to_recipe_factor, tare_weight_grams, tolerance_percent, wac_price, standard_price, yield_rate, min_stock, max_stock, safety_stock, is_import, track_lot, is_beverage, auto_po_group, is_active) VALUES ('V9410', 'V9410', 'Dufouleur Monopole Rose Wine', 'Dufouleur Monopole Rose Wine', 'Dufouleur Monopole Rose Wine', '5b0ee48b-8e19-5d8f-853a-4056cefff5e5', 'BOTTLE', 'ML', 750, 450, 2.0, 203000.0, 203000.0, 100.0, 15.0, 50.0, 10.0, false, true, true, 'AUTO_PO', true) ON CONFLICT (id) DO UPDATE SET wac_price = EXCLUDED.wac_price, standard_price = EXCLUDED.standard_price, yield_rate = EXCLUDED.yield_rate;
INSERT INTO ingredients (id, code, nom_fr, ten_vi, name_en, purchase_category_id, stock_uom, recipe_uom, stock_to_recipe_factor, tare_weight_grams, tolerance_percent, wac_price, standard_price, yield_rate, min_stock, max_stock, safety_stock, is_import, track_lot, is_beverage, auto_po_group, is_active) VALUES ('V9411', 'V9411', 'Gérard Bertrand « Gris Blanc » IGP, France', 'Gérard Bertrand « Gris Blanc » IGP, France', 'Gérard Bertrand « Gris Blanc » IGP, France', '5b0ee48b-8e19-5d8f-853a-4056cefff5e5', 'BOTTLE', 'ML', 750, 450, 2.0, 391050.0, 391050.0, 100.0, 15.0, 50.0, 10.0, false, true, true, 'AUTO_PO', true) ON CONFLICT (id) DO UPDATE SET wac_price = EXCLUDED.wac_price, standard_price = EXCLUDED.standard_price, yield_rate = EXCLUDED.yield_rate;
INSERT INTO ingredients (id, code, nom_fr, ten_vi, name_en, purchase_category_id, stock_uom, recipe_uom, stock_to_recipe_factor, tare_weight_grams, tolerance_percent, wac_price, standard_price, yield_rate, min_stock, max_stock, safety_stock, is_import, track_lot, is_beverage, auto_po_group, is_active) VALUES ('V9412', 'V9412', 'Croix de Peyrassol Rosé IGP, France', 'Croix de Peyrassol Rosé IGP, France', 'Croix de Peyrassol Rosé IGP, France', '5b0ee48b-8e19-5d8f-853a-4056cefff5e5', 'BOTTLE', 'ML', 750, 450, 2.0, 435600.0, 435600.0, 100.0, 15.0, 50.0, 10.0, false, true, true, 'AUTO_PO', true) ON CONFLICT (id) DO UPDATE SET wac_price = EXCLUDED.wac_price, standard_price = EXCLUDED.standard_price, yield_rate = EXCLUDED.yield_rate;
INSERT INTO ingredients (id, code, nom_fr, ten_vi, name_en, purchase_category_id, stock_uom, recipe_uom, stock_to_recipe_factor, tare_weight_grams, tolerance_percent, wac_price, standard_price, yield_rate, min_stock, max_stock, safety_stock, is_import, track_lot, is_beverage, auto_po_group, is_active) VALUES ('M6001', 'M6001', 'Coke', 'Coke', 'Coke', 'b3b4e57e-464d-562f-80ec-b216c92d5e88', 'CAN', 'CAN', 1, 0, 5.0, 8125.0, 8125.0, 100.0, 15.0, 50.0, 10.0, false, true, true, 'AUTO_PO', true) ON CONFLICT (id) DO UPDATE SET wac_price = EXCLUDED.wac_price, standard_price = EXCLUDED.standard_price, yield_rate = EXCLUDED.yield_rate;
INSERT INTO ingredients (id, code, nom_fr, ten_vi, name_en, purchase_category_id, stock_uom, recipe_uom, stock_to_recipe_factor, tare_weight_grams, tolerance_percent, wac_price, standard_price, yield_rate, min_stock, max_stock, safety_stock, is_import, track_lot, is_beverage, auto_po_group, is_active) VALUES ('M6002', 'M6002', 'Soda', 'Soda', 'Soda', 'b3b4e57e-464d-562f-80ec-b216c92d5e88', 'CAN', 'CAN', 1, 0, 5.0, 5304.0, 5304.0, 100.0, 15.0, 50.0, 10.0, false, true, true, 'AUTO_PO', true) ON CONFLICT (id) DO UPDATE SET wac_price = EXCLUDED.wac_price, standard_price = EXCLUDED.standard_price, yield_rate = EXCLUDED.yield_rate;
INSERT INTO ingredients (id, code, nom_fr, ten_vi, name_en, purchase_category_id, stock_uom, recipe_uom, stock_to_recipe_factor, tare_weight_grams, tolerance_percent, wac_price, standard_price, yield_rate, min_stock, max_stock, safety_stock, is_import, track_lot, is_beverage, auto_po_group, is_active) VALUES ('M6003', 'M6003', 'Tonic', 'Tonic', 'Tonic', 'b3b4e57e-464d-562f-80ec-b216c92d5e88', 'CAN', 'CAN', 1, 0, 5.0, 6428.0, 6428.0, 100.0, 15.0, 50.0, 10.0, false, true, true, 'AUTO_PO', true) ON CONFLICT (id) DO UPDATE SET wac_price = EXCLUDED.wac_price, standard_price = EXCLUDED.standard_price, yield_rate = EXCLUDED.yield_rate;
INSERT INTO ingredients (id, code, nom_fr, ten_vi, name_en, purchase_category_id, stock_uom, recipe_uom, stock_to_recipe_factor, tare_weight_grams, tolerance_percent, wac_price, standard_price, yield_rate, min_stock, max_stock, safety_stock, is_import, track_lot, is_beverage, auto_po_group, is_active) VALUES ('M6004', 'M6004', 'Sprite', 'Sprite', 'Sprite', 'b3b4e57e-464d-562f-80ec-b216c92d5e88', 'CAN', 'CAN', 1, 0, 5.0, 7462.0, 7462.0, 100.0, 15.0, 50.0, 10.0, false, true, true, 'AUTO_PO', true) ON CONFLICT (id) DO UPDATE SET wac_price = EXCLUDED.wac_price, standard_price = EXCLUDED.standard_price, yield_rate = EXCLUDED.yield_rate;
INSERT INTO ingredients (id, code, nom_fr, ten_vi, name_en, purchase_category_id, stock_uom, recipe_uom, stock_to_recipe_factor, tare_weight_grams, tolerance_percent, wac_price, standard_price, yield_rate, min_stock, max_stock, safety_stock, is_import, track_lot, is_beverage, auto_po_group, is_active) VALUES ('M6005', 'M6005', 'Fanta', 'Fanta', 'Fanta', 'b3b4e57e-464d-562f-80ec-b216c92d5e88', 'CAN', 'CAN', 1, 0, 5.0, 7781.0, 7781.0, 100.0, 15.0, 50.0, 10.0, false, true, true, 'AUTO_PO', true) ON CONFLICT (id) DO UPDATE SET wac_price = EXCLUDED.wac_price, standard_price = EXCLUDED.standard_price, yield_rate = EXCLUDED.yield_rate;
INSERT INTO ingredients (id, code, nom_fr, ten_vi, name_en, purchase_category_id, stock_uom, recipe_uom, stock_to_recipe_factor, tare_weight_grams, tolerance_percent, wac_price, standard_price, yield_rate, min_stock, max_stock, safety_stock, is_import, track_lot, is_beverage, auto_po_group, is_active) VALUES ('M6006', 'M6006', 'Diet Coke', 'Diet Coke', 'Diet Coke', 'b3b4e57e-464d-562f-80ec-b216c92d5e88', 'CAN', 'CAN', 1, 0, 5.0, 8541.0, 8541.0, 100.0, 15.0, 50.0, 10.0, false, true, true, 'AUTO_PO', true) ON CONFLICT (id) DO UPDATE SET wac_price = EXCLUDED.wac_price, standard_price = EXCLUDED.standard_price, yield_rate = EXCLUDED.yield_rate;
INSERT INTO ingredients (id, code, nom_fr, ten_vi, name_en, purchase_category_id, stock_uom, recipe_uom, stock_to_recipe_factor, tare_weight_grams, tolerance_percent, wac_price, standard_price, yield_rate, min_stock, max_stock, safety_stock, is_import, track_lot, is_beverage, auto_po_group, is_active) VALUES ('M6008', 'M6008', 'La Vie 1,5 L', 'La Vie 1,5 L', 'La Vie 1,5 L', 'b3b4e57e-464d-562f-80ec-b216c92d5e88', 'BOTTLE', 'ML', 750, 450, 2.0, 6666.0, 6666.0, 100.0, 15.0, 50.0, 10.0, false, true, true, 'AUTO_PO', true) ON CONFLICT (id) DO UPDATE SET wac_price = EXCLUDED.wac_price, standard_price = EXCLUDED.standard_price, yield_rate = EXCLUDED.yield_rate;
INSERT INTO ingredients (id, code, nom_fr, ten_vi, name_en, purchase_category_id, stock_uom, recipe_uom, stock_to_recipe_factor, tare_weight_grams, tolerance_percent, wac_price, standard_price, yield_rate, min_stock, max_stock, safety_stock, is_import, track_lot, is_beverage, auto_po_group, is_active) VALUES ('M6009', 'M6009', 'Perrier (Sparkling water 0.33L)', 'Perrier (Sparkling water 0.33L)', 'Perrier (Sparkling water 0.33L)', 'b3b4e57e-464d-562f-80ec-b216c92d5e88', 'BOTTLE', 'ML', 750, 450, 2.0, 32450.0, 32450.0, 100.0, 15.0, 50.0, 10.0, false, true, true, 'AUTO_PO', true) ON CONFLICT (id) DO UPDATE SET wac_price = EXCLUDED.wac_price, standard_price = EXCLUDED.standard_price, yield_rate = EXCLUDED.yield_rate;
INSERT INTO ingredients (id, code, nom_fr, ten_vi, name_en, purchase_category_id, stock_uom, recipe_uom, stock_to_recipe_factor, tare_weight_grams, tolerance_percent, wac_price, standard_price, yield_rate, min_stock, max_stock, safety_stock, is_import, track_lot, is_beverage, auto_po_group, is_active) VALUES ('M6010', 'M6010', 'S.Pellegrino (Sparkling water 0.5L)', 'S.Pellegrino (Sparkling water 0.5L)', 'S.Pellegrino (Sparkling water 0.5L)', 'b3b4e57e-464d-562f-80ec-b216c92d5e88', 'BOTTLE', 'ML', 750, 450, 2.0, 36300.0, 36300.0, 100.0, 15.0, 50.0, 10.0, false, true, true, 'AUTO_PO', true) ON CONFLICT (id) DO UPDATE SET wac_price = EXCLUDED.wac_price, standard_price = EXCLUDED.standard_price, yield_rate = EXCLUDED.yield_rate;
INSERT INTO ingredients (id, code, nom_fr, ten_vi, name_en, purchase_category_id, stock_uom, recipe_uom, stock_to_recipe_factor, tare_weight_grams, tolerance_percent, wac_price, standard_price, yield_rate, min_stock, max_stock, safety_stock, is_import, track_lot, is_beverage, auto_po_group, is_active) VALUES ('M6014', 'M6014', 'Evian mineral water bottle 0.5L - France', 'Evian mineral water bottle 0.5L - France', 'Evian mineral water bottle 0.5L - France', 'b3b4e57e-464d-562f-80ec-b216c92d5e88', 'BOTTLE', 'ML', 750, 450, 2.0, 27060.0, 27060.0, 100.0, 15.0, 50.0, 10.0, false, true, true, 'AUTO_PO', true) ON CONFLICT (id) DO UPDATE SET wac_price = EXCLUDED.wac_price, standard_price = EXCLUDED.standard_price, yield_rate = EXCLUDED.yield_rate;
INSERT INTO ingredients (id, code, nom_fr, ten_vi, name_en, purchase_category_id, stock_uom, recipe_uom, stock_to_recipe_factor, tare_weight_grams, tolerance_percent, wac_price, standard_price, yield_rate, min_stock, max_stock, safety_stock, is_import, track_lot, is_beverage, auto_po_group, is_active) VALUES ('M6020', 'M6020', 'Maison Vie, mineral water bottle 0,52L', 'Maison Vie, mineral water bottle 0,52L', 'Maison Vie, mineral water bottle 0,52L', 'b3b4e57e-464d-562f-80ec-b216c92d5e88', 'BOTTLE', 'ML', 750, 450, 2.0, 3561.84, 3561.84, 100.0, 15.0, 50.0, 10.0, false, true, true, 'AUTO_PO', true) ON CONFLICT (id) DO UPDATE SET wac_price = EXCLUDED.wac_price, standard_price = EXCLUDED.standard_price, yield_rate = EXCLUDED.yield_rate;
INSERT INTO ingredients (id, code, nom_fr, ten_vi, name_en, purchase_category_id, stock_uom, recipe_uom, stock_to_recipe_factor, tare_weight_grams, tolerance_percent, wac_price, standard_price, yield_rate, min_stock, max_stock, safety_stock, is_import, track_lot, is_beverage, auto_po_group, is_active) VALUES ('V9301', 'V9301', 'Torrès Sangre de Toro White (Parellada) (White)', 'Torrès Sangre de Toro White (Parellada) (White)', 'Torrès Sangre de Toro White (Parellada) (White)', '5b0ee48b-8e19-5d8f-853a-4056cefff5e5', 'BOTTLE', 'ML', 750, 450, 2.0, 375000.0, 375000.0, 100.0, 15.0, 50.0, 10.0, false, true, true, 'AUTO_PO', true) ON CONFLICT (id) DO UPDATE SET wac_price = EXCLUDED.wac_price, standard_price = EXCLUDED.standard_price, yield_rate = EXCLUDED.yield_rate;
INSERT INTO ingredients (id, code, nom_fr, ten_vi, name_en, purchase_category_id, stock_uom, recipe_uom, stock_to_recipe_factor, tare_weight_grams, tolerance_percent, wac_price, standard_price, yield_rate, min_stock, max_stock, safety_stock, is_import, track_lot, is_beverage, auto_po_group, is_active) VALUES ('V9302', 'V9302', 'Torrès, Sangre de Toro (Grenáche) (Red)', 'Torrès, Sangre de Toro (Grenáche) (Red)', 'Torrès, Sangre de Toro (Grenáche) (Red)', '5b0ee48b-8e19-5d8f-853a-4056cefff5e5', 'BOTTLE', 'ML', 750, 450, 2.0, 375000.0, 375000.0, 100.0, 15.0, 50.0, 10.0, false, true, true, 'AUTO_PO', true) ON CONFLICT (id) DO UPDATE SET wac_price = EXCLUDED.wac_price, standard_price = EXCLUDED.standard_price, yield_rate = EXCLUDED.yield_rate;
INSERT INTO ingredients (id, code, nom_fr, ten_vi, name_en, purchase_category_id, stock_uom, recipe_uom, stock_to_recipe_factor, tare_weight_grams, tolerance_percent, wac_price, standard_price, yield_rate, min_stock, max_stock, safety_stock, is_import, track_lot, is_beverage, auto_po_group, is_active) VALUES ('V9304', 'V9304', 'Marqués de Cáceres Crianza, Spain', 'Marqués de Cáceres Crianza, Spain', 'Marqués de Cáceres Crianza, Spain', '5b0ee48b-8e19-5d8f-853a-4056cefff5e5', 'BOTTLE', 'ML', 750, 450, 2.0, 475200.0, 475200.0, 100.0, 15.0, 50.0, 10.0, false, true, true, 'AUTO_PO', true) ON CONFLICT (id) DO UPDATE SET wac_price = EXCLUDED.wac_price, standard_price = EXCLUDED.standard_price, yield_rate = EXCLUDED.yield_rate;
INSERT INTO ingredients (id, code, nom_fr, ten_vi, name_en, purchase_category_id, stock_uom, recipe_uom, stock_to_recipe_factor, tare_weight_grams, tolerance_percent, wac_price, standard_price, yield_rate, min_stock, max_stock, safety_stock, is_import, track_lot, is_beverage, auto_po_group, is_active) VALUES ('M9402', 'M9402', 'Bailey', 'Bailey', 'Bailey', '5b0ee48b-8e19-5d8f-853a-4056cefff5e5', 'BOTTLE', 'ML', 750, 450, 2.0, 340000.0, 340000.0, 100.0, 15.0, 50.0, 10.0, false, true, true, 'AUTO_PO', true) ON CONFLICT (id) DO UPDATE SET wac_price = EXCLUDED.wac_price, standard_price = EXCLUDED.standard_price, yield_rate = EXCLUDED.yield_rate;
INSERT INTO ingredients (id, code, nom_fr, ten_vi, name_en, purchase_category_id, stock_uom, recipe_uom, stock_to_recipe_factor, tare_weight_grams, tolerance_percent, wac_price, standard_price, yield_rate, min_stock, max_stock, safety_stock, is_import, track_lot, is_beverage, auto_po_group, is_active) VALUES ('M9403', 'M9403', 'Campari', 'Campari', 'Campari', '5b0ee48b-8e19-5d8f-853a-4056cefff5e5', 'BOTTLE', 'ML', 750, 450, 2.0, 330000.0, 330000.0, 100.0, 15.0, 50.0, 10.0, false, true, true, 'AUTO_PO', true) ON CONFLICT (id) DO UPDATE SET wac_price = EXCLUDED.wac_price, standard_price = EXCLUDED.standard_price, yield_rate = EXCLUDED.yield_rate;
INSERT INTO ingredients (id, code, nom_fr, ten_vi, name_en, purchase_category_id, stock_uom, recipe_uom, stock_to_recipe_factor, tare_weight_grams, tolerance_percent, wac_price, standard_price, yield_rate, min_stock, max_stock, safety_stock, is_import, track_lot, is_beverage, auto_po_group, is_active) VALUES ('M9405', 'M9405', 'Cointrau', 'Cointrau', 'Cointrau', '5b0ee48b-8e19-5d8f-853a-4056cefff5e5', 'BOTTLE', 'ML', 750, 450, 2.0, 340000.0, 340000.0, 100.0, 15.0, 50.0, 10.0, false, true, true, 'AUTO_PO', true) ON CONFLICT (id) DO UPDATE SET wac_price = EXCLUDED.wac_price, standard_price = EXCLUDED.standard_price, yield_rate = EXCLUDED.yield_rate;
INSERT INTO ingredients (id, code, nom_fr, ten_vi, name_en, purchase_category_id, stock_uom, recipe_uom, stock_to_recipe_factor, tare_weight_grams, tolerance_percent, wac_price, standard_price, yield_rate, min_stock, max_stock, safety_stock, is_import, track_lot, is_beverage, auto_po_group, is_active) VALUES ('M9406', 'M9406', 'Grand Marnier', 'Grand Marnier', 'Grand Marnier', '5b0ee48b-8e19-5d8f-853a-4056cefff5e5', 'BOTTLE', 'ML', 750, 450, 2.0, 600000.0, 600000.0, 100.0, 15.0, 50.0, 10.0, false, true, true, 'AUTO_PO', true) ON CONFLICT (id) DO UPDATE SET wac_price = EXCLUDED.wac_price, standard_price = EXCLUDED.standard_price, yield_rate = EXCLUDED.yield_rate;
INSERT INTO ingredients (id, code, nom_fr, ten_vi, name_en, purchase_category_id, stock_uom, recipe_uom, stock_to_recipe_factor, tare_weight_grams, tolerance_percent, wac_price, standard_price, yield_rate, min_stock, max_stock, safety_stock, is_import, track_lot, is_beverage, auto_po_group, is_active) VALUES ('M9407', 'M9407', 'Kalua', 'Kalua', 'Kalua', '5b0ee48b-8e19-5d8f-853a-4056cefff5e5', 'BOTTLE', 'ML', 750, 450, 2.0, 280000.0, 280000.0, 100.0, 15.0, 50.0, 10.0, false, true, true, 'AUTO_PO', true) ON CONFLICT (id) DO UPDATE SET wac_price = EXCLUDED.wac_price, standard_price = EXCLUDED.standard_price, yield_rate = EXCLUDED.yield_rate;
INSERT INTO ingredients (id, code, nom_fr, ten_vi, name_en, purchase_category_id, stock_uom, recipe_uom, stock_to_recipe_factor, tare_weight_grams, tolerance_percent, wac_price, standard_price, yield_rate, min_stock, max_stock, safety_stock, is_import, track_lot, is_beverage, auto_po_group, is_active) VALUES ('M9408', 'M9408', 'Malibu', 'Malibu', 'Malibu', '5b0ee48b-8e19-5d8f-853a-4056cefff5e5', 'BOTTLE', 'ML', 750, 450, 2.0, 280000.0, 280000.0, 100.0, 15.0, 50.0, 10.0, false, true, true, 'AUTO_PO', true) ON CONFLICT (id) DO UPDATE SET wac_price = EXCLUDED.wac_price, standard_price = EXCLUDED.standard_price, yield_rate = EXCLUDED.yield_rate;
INSERT INTO ingredients (id, code, nom_fr, ten_vi, name_en, purchase_category_id, stock_uom, recipe_uom, stock_to_recipe_factor, tare_weight_grams, tolerance_percent, wac_price, standard_price, yield_rate, min_stock, max_stock, safety_stock, is_import, track_lot, is_beverage, auto_po_group, is_active) VALUES ('M9409', 'M9409', 'Martini Bianco', 'Martini Bianco', 'Martini Bianco', '5b0ee48b-8e19-5d8f-853a-4056cefff5e5', 'BOTTLE', 'ML', 750, 450, 2.0, 260000.0, 260000.0, 100.0, 15.0, 50.0, 10.0, false, true, true, 'AUTO_PO', true) ON CONFLICT (id) DO UPDATE SET wac_price = EXCLUDED.wac_price, standard_price = EXCLUDED.standard_price, yield_rate = EXCLUDED.yield_rate;
INSERT INTO ingredients (id, code, nom_fr, ten_vi, name_en, purchase_category_id, stock_uom, recipe_uom, stock_to_recipe_factor, tare_weight_grams, tolerance_percent, wac_price, standard_price, yield_rate, min_stock, max_stock, safety_stock, is_import, track_lot, is_beverage, auto_po_group, is_active) VALUES ('M9410', 'M9410', 'Martini Dry', 'Martini Dry', 'Martini Dry', '5b0ee48b-8e19-5d8f-853a-4056cefff5e5', 'BOTTLE', 'ML', 750, 450, 2.0, 280000.0, 280000.0, 100.0, 15.0, 50.0, 10.0, false, true, true, 'AUTO_PO', true) ON CONFLICT (id) DO UPDATE SET wac_price = EXCLUDED.wac_price, standard_price = EXCLUDED.standard_price, yield_rate = EXCLUDED.yield_rate;
INSERT INTO ingredients (id, code, nom_fr, ten_vi, name_en, purchase_category_id, stock_uom, recipe_uom, stock_to_recipe_factor, tare_weight_grams, tolerance_percent, wac_price, standard_price, yield_rate, min_stock, max_stock, safety_stock, is_import, track_lot, is_beverage, auto_po_group, is_active) VALUES ('M9411', 'M9411', 'Martini Rosso', 'Martini Rosso', 'Martini Rosso', '5b0ee48b-8e19-5d8f-853a-4056cefff5e5', 'BOTTLE', 'ML', 750, 450, 2.0, 260000.0, 260000.0, 100.0, 15.0, 50.0, 10.0, false, true, true, 'AUTO_PO', true) ON CONFLICT (id) DO UPDATE SET wac_price = EXCLUDED.wac_price, standard_price = EXCLUDED.standard_price, yield_rate = EXCLUDED.yield_rate;
INSERT INTO ingredients (id, code, nom_fr, ten_vi, name_en, purchase_category_id, stock_uom, recipe_uom, stock_to_recipe_factor, tare_weight_grams, tolerance_percent, wac_price, standard_price, yield_rate, min_stock, max_stock, safety_stock, is_import, track_lot, is_beverage, auto_po_group, is_active) VALUES ('M9413', 'M9413', 'Porto', 'Porto', 'Porto', '5b0ee48b-8e19-5d8f-853a-4056cefff5e5', 'BOTTLE', 'ML', 750, 450, 2.0, 330000.0, 330000.0, 100.0, 15.0, 50.0, 10.0, false, true, true, 'AUTO_PO', true) ON CONFLICT (id) DO UPDATE SET wac_price = EXCLUDED.wac_price, standard_price = EXCLUDED.standard_price, yield_rate = EXCLUDED.yield_rate;
INSERT INTO ingredients (id, code, nom_fr, ten_vi, name_en, purchase_category_id, stock_uom, recipe_uom, stock_to_recipe_factor, tare_weight_grams, tolerance_percent, wac_price, standard_price, yield_rate, min_stock, max_stock, safety_stock, is_import, track_lot, is_beverage, auto_po_group, is_active) VALUES ('M9414', 'M9414', 'Ricard', 'Ricard', 'Ricard', '5b0ee48b-8e19-5d8f-853a-4056cefff5e5', 'BOTTLE', 'ML', 750, 450, 2.0, 300000.0, 300000.0, 100.0, 15.0, 50.0, 10.0, false, true, true, 'AUTO_PO', true) ON CONFLICT (id) DO UPDATE SET wac_price = EXCLUDED.wac_price, standard_price = EXCLUDED.standard_price, yield_rate = EXCLUDED.yield_rate;
INSERT INTO ingredients (id, code, nom_fr, ten_vi, name_en, purchase_category_id, stock_uom, recipe_uom, stock_to_recipe_factor, tare_weight_grams, tolerance_percent, wac_price, standard_price, yield_rate, min_stock, max_stock, safety_stock, is_import, track_lot, is_beverage, auto_po_group, is_active) VALUES ('M9507', 'M9507', 'Mens Vodka', 'Mens Vodka', 'Mens Vodka', '5b0ee48b-8e19-5d8f-853a-4056cefff5e5', 'BOTTLE', 'ML', 750, 450, 2.0, 35000.0, 35000.0, 100.0, 15.0, 50.0, 10.0, false, true, true, 'AUTO_PO', true) ON CONFLICT (id) DO UPDATE SET wac_price = EXCLUDED.wac_price, standard_price = EXCLUDED.standard_price, yield_rate = EXCLUDED.yield_rate;
INSERT INTO ingredients (id, code, nom_fr, ten_vi, name_en, purchase_category_id, stock_uom, recipe_uom, stock_to_recipe_factor, tare_weight_grams, tolerance_percent, wac_price, standard_price, yield_rate, min_stock, max_stock, safety_stock, is_import, track_lot, is_beverage, auto_po_group, is_active) VALUES ('M9508', 'M9508', 'Lua moi 500ml', 'Lua moi 500ml', 'Lua moi 500ml', '5b0ee48b-8e19-5d8f-853a-4056cefff5e5', 'BOTTLE', 'ML', 750, 450, 2.0, 72000.0, 72000.0, 100.0, 15.0, 50.0, 10.0, false, true, true, 'AUTO_PO', true) ON CONFLICT (id) DO UPDATE SET wac_price = EXCLUDED.wac_price, standard_price = EXCLUDED.standard_price, yield_rate = EXCLUDED.yield_rate;
INSERT INTO ingredients (id, code, nom_fr, ten_vi, name_en, purchase_category_id, stock_uom, recipe_uom, stock_to_recipe_factor, tare_weight_grams, tolerance_percent, wac_price, standard_price, yield_rate, min_stock, max_stock, safety_stock, is_import, track_lot, is_beverage, auto_po_group, is_active) VALUES ('M9512', 'M9512', 'Smirnoff Red Label', 'Smirnoff Red Label', 'Smirnoff Red Label', '5b0ee48b-8e19-5d8f-853a-4056cefff5e5', 'BOTTLE', 'ML', 750, 450, 2.0, 210000.0, 210000.0, 100.0, 15.0, 50.0, 10.0, false, true, true, 'AUTO_PO', true) ON CONFLICT (id) DO UPDATE SET wac_price = EXCLUDED.wac_price, standard_price = EXCLUDED.standard_price, yield_rate = EXCLUDED.yield_rate;
INSERT INTO ingredients (id, code, nom_fr, ten_vi, name_en, purchase_category_id, stock_uom, recipe_uom, stock_to_recipe_factor, tare_weight_grams, tolerance_percent, wac_price, standard_price, yield_rate, min_stock, max_stock, safety_stock, is_import, track_lot, is_beverage, auto_po_group, is_active) VALUES ('M9513', 'M9513', 'Vodka Hanoi 300ml', 'Vodka Hanoi 300ml', 'Vodka Hanoi 300ml', '5b0ee48b-8e19-5d8f-853a-4056cefff5e5', 'BOTTLE', 'ML', 750, 450, 2.0, 40000.0, 40000.0, 100.0, 15.0, 50.0, 10.0, false, true, true, 'AUTO_PO', true) ON CONFLICT (id) DO UPDATE SET wac_price = EXCLUDED.wac_price, standard_price = EXCLUDED.standard_price, yield_rate = EXCLUDED.yield_rate;
INSERT INTO ingredients (id, code, nom_fr, ten_vi, name_en, purchase_category_id, stock_uom, recipe_uom, stock_to_recipe_factor, tare_weight_grams, tolerance_percent, wac_price, standard_price, yield_rate, min_stock, max_stock, safety_stock, is_import, track_lot, is_beverage, auto_po_group, is_active) VALUES ('M9514', 'M9514', 'Vodka Hanoi 500ml', 'Vodka Hanoi 500ml', 'Vodka Hanoi 500ml', '5b0ee48b-8e19-5d8f-853a-4056cefff5e5', 'BOTTLE', 'ML', 750, 450, 2.0, 61000.0, 61000.0, 100.0, 15.0, 50.0, 10.0, false, true, true, 'AUTO_PO', true) ON CONFLICT (id) DO UPDATE SET wac_price = EXCLUDED.wac_price, standard_price = EXCLUDED.standard_price, yield_rate = EXCLUDED.yield_rate;
INSERT INTO ingredients (id, code, nom_fr, ten_vi, name_en, purchase_category_id, stock_uom, recipe_uom, stock_to_recipe_factor, tare_weight_grams, tolerance_percent, wac_price, standard_price, yield_rate, min_stock, max_stock, safety_stock, is_import, track_lot, is_beverage, auto_po_group, is_active) VALUES ('M9602', 'M9602', 'Ballentines 12', 'Ballentines 12', 'Ballentines 12', '5b0ee48b-8e19-5d8f-853a-4056cefff5e5', 'BOTTLE', 'ML', 750, 450, 2.0, 500000.0, 500000.0, 100.0, 15.0, 50.0, 10.0, false, true, true, 'AUTO_PO', true) ON CONFLICT (id) DO UPDATE SET wac_price = EXCLUDED.wac_price, standard_price = EXCLUDED.standard_price, yield_rate = EXCLUDED.yield_rate;
INSERT INTO ingredients (id, code, nom_fr, ten_vi, name_en, purchase_category_id, stock_uom, recipe_uom, stock_to_recipe_factor, tare_weight_grams, tolerance_percent, wac_price, standard_price, yield_rate, min_stock, max_stock, safety_stock, is_import, track_lot, is_beverage, auto_po_group, is_active) VALUES ('M9603', 'M9603', 'Ballentines 17', 'Ballentines 17', 'Ballentines 17', '5b0ee48b-8e19-5d8f-853a-4056cefff5e5', 'BOTTLE', 'ML', 750, 450, 2.0, 950000.0, 950000.0, 100.0, 15.0, 50.0, 10.0, false, true, true, 'AUTO_PO', true) ON CONFLICT (id) DO UPDATE SET wac_price = EXCLUDED.wac_price, standard_price = EXCLUDED.standard_price, yield_rate = EXCLUDED.yield_rate;
INSERT INTO ingredients (id, code, nom_fr, ten_vi, name_en, purchase_category_id, stock_uom, recipe_uom, stock_to_recipe_factor, tare_weight_grams, tolerance_percent, wac_price, standard_price, yield_rate, min_stock, max_stock, safety_stock, is_import, track_lot, is_beverage, auto_po_group, is_active) VALUES ('M9604', 'M9604', 'Ballentines 21', 'Ballentines 21', 'Ballentines 21', '5b0ee48b-8e19-5d8f-853a-4056cefff5e5', 'BOTTLE', 'ML', 750, 450, 2.0, 1500000.0, 1500000.0, 100.0, 15.0, 50.0, 10.0, false, true, true, 'AUTO_PO', true) ON CONFLICT (id) DO UPDATE SET wac_price = EXCLUDED.wac_price, standard_price = EXCLUDED.standard_price, yield_rate = EXCLUDED.yield_rate;
INSERT INTO ingredients (id, code, nom_fr, ten_vi, name_en, purchase_category_id, stock_uom, recipe_uom, stock_to_recipe_factor, tare_weight_grams, tolerance_percent, wac_price, standard_price, yield_rate, min_stock, max_stock, safety_stock, is_import, track_lot, is_beverage, auto_po_group, is_active) VALUES ('M9606', 'M9606', 'Ballentines Finese', 'Ballentines Finese', 'Ballentines Finese', '5b0ee48b-8e19-5d8f-853a-4056cefff5e5', 'BOTTLE', 'ML', 750, 450, 2.0, 280000.0, 280000.0, 100.0, 15.0, 50.0, 10.0, false, true, true, 'AUTO_PO', true) ON CONFLICT (id) DO UPDATE SET wac_price = EXCLUDED.wac_price, standard_price = EXCLUDED.standard_price, yield_rate = EXCLUDED.yield_rate;
INSERT INTO ingredients (id, code, nom_fr, ten_vi, name_en, purchase_category_id, stock_uom, recipe_uom, stock_to_recipe_factor, tare_weight_grams, tolerance_percent, wac_price, standard_price, yield_rate, min_stock, max_stock, safety_stock, is_import, track_lot, is_beverage, auto_po_group, is_active) VALUES ('M9609', 'M9609', 'Chivas Regal 0.75L (12 years old)', 'Chivas Regal 0.75L (12 years old)', 'Chivas Regal 0.75L (12 years old)', '5b0ee48b-8e19-5d8f-853a-4056cefff5e5', 'BOTTLE', 'ML', 750, 450, 2.0, 520000.0, 520000.0, 100.0, 15.0, 50.0, 10.0, false, true, true, 'AUTO_PO', true) ON CONFLICT (id) DO UPDATE SET wac_price = EXCLUDED.wac_price, standard_price = EXCLUDED.standard_price, yield_rate = EXCLUDED.yield_rate;
INSERT INTO ingredients (id, code, nom_fr, ten_vi, name_en, purchase_category_id, stock_uom, recipe_uom, stock_to_recipe_factor, tare_weight_grams, tolerance_percent, wac_price, standard_price, yield_rate, min_stock, max_stock, safety_stock, is_import, track_lot, is_beverage, auto_po_group, is_active) VALUES ('M9611', 'M9611', 'Creame de cassic', 'Creame de cassic', 'Creame de cassic', '5b0ee48b-8e19-5d8f-853a-4056cefff5e5', 'BOTTLE', 'ML', 750, 450, 2.0, 250000.0, 250000.0, 100.0, 15.0, 50.0, 10.0, false, true, true, 'AUTO_PO', true) ON CONFLICT (id) DO UPDATE SET wac_price = EXCLUDED.wac_price, standard_price = EXCLUDED.standard_price, yield_rate = EXCLUDED.yield_rate;
INSERT INTO ingredients (id, code, nom_fr, ten_vi, name_en, purchase_category_id, stock_uom, recipe_uom, stock_to_recipe_factor, tare_weight_grams, tolerance_percent, wac_price, standard_price, yield_rate, min_stock, max_stock, safety_stock, is_import, track_lot, is_beverage, auto_po_group, is_active) VALUES ('M9612', 'M9612', 'Gordon Gin Bottle', 'Gordon Gin Bottle', 'Gordon Gin Bottle', '5b0ee48b-8e19-5d8f-853a-4056cefff5e5', 'BOTTLE', 'ML', 750, 450, 2.0, 230000.0, 230000.0, 100.0, 15.0, 50.0, 10.0, false, true, true, 'AUTO_PO', true) ON CONFLICT (id) DO UPDATE SET wac_price = EXCLUDED.wac_price, standard_price = EXCLUDED.standard_price, yield_rate = EXCLUDED.yield_rate;
INSERT INTO ingredients (id, code, nom_fr, ten_vi, name_en, purchase_category_id, stock_uom, recipe_uom, stock_to_recipe_factor, tare_weight_grams, tolerance_percent, wac_price, standard_price, yield_rate, min_stock, max_stock, safety_stock, is_import, track_lot, is_beverage, auto_po_group, is_active) VALUES ('M9620', 'M9620', 'J - B', 'J - B', 'J - B', '5b0ee48b-8e19-5d8f-853a-4056cefff5e5', 'BOTTLE', 'ML', 750, 450, 2.0, 370000.0, 370000.0, 100.0, 15.0, 50.0, 10.0, false, true, true, 'AUTO_PO', true) ON CONFLICT (id) DO UPDATE SET wac_price = EXCLUDED.wac_price, standard_price = EXCLUDED.standard_price, yield_rate = EXCLUDED.yield_rate;
INSERT INTO ingredients (id, code, nom_fr, ten_vi, name_en, purchase_category_id, stock_uom, recipe_uom, stock_to_recipe_factor, tare_weight_grams, tolerance_percent, wac_price, standard_price, yield_rate, min_stock, max_stock, safety_stock, is_import, track_lot, is_beverage, auto_po_group, is_active) VALUES ('M9621', 'M9621', 'Jack Daniel', 'Jack Daniel', 'Jack Daniel', '5b0ee48b-8e19-5d8f-853a-4056cefff5e5', 'BOTTLE', 'ML', 750, 450, 2.0, 450000.0, 450000.0, 100.0, 15.0, 50.0, 10.0, false, true, true, 'AUTO_PO', true) ON CONFLICT (id) DO UPDATE SET wac_price = EXCLUDED.wac_price, standard_price = EXCLUDED.standard_price, yield_rate = EXCLUDED.yield_rate;
INSERT INTO ingredients (id, code, nom_fr, ten_vi, name_en, purchase_category_id, stock_uom, recipe_uom, stock_to_recipe_factor, tare_weight_grams, tolerance_percent, wac_price, standard_price, yield_rate, min_stock, max_stock, safety_stock, is_import, track_lot, is_beverage, auto_po_group, is_active) VALUES ('M9623', 'M9623', 'Jimbeam', 'Jimbeam', 'Jimbeam', '5b0ee48b-8e19-5d8f-853a-4056cefff5e5', 'BOTTLE', 'ML', 750, 450, 2.0, 230000.0, 230000.0, 100.0, 15.0, 50.0, 10.0, false, true, true, 'AUTO_PO', true) ON CONFLICT (id) DO UPDATE SET wac_price = EXCLUDED.wac_price, standard_price = EXCLUDED.standard_price, yield_rate = EXCLUDED.yield_rate;
INSERT INTO ingredients (id, code, nom_fr, ten_vi, name_en, purchase_category_id, stock_uom, recipe_uom, stock_to_recipe_factor, tare_weight_grams, tolerance_percent, wac_price, standard_price, yield_rate, min_stock, max_stock, safety_stock, is_import, track_lot, is_beverage, auto_po_group, is_active) VALUES ('M9629', 'M9629', 'Johnny Walker red label', 'Johnny Walker red label', 'Johnny Walker red label', '5b0ee48b-8e19-5d8f-853a-4056cefff5e5', 'BOTTLE', 'ML', 750, 450, 2.0, 285000.0, 285000.0, 100.0, 15.0, 50.0, 10.0, false, true, true, 'AUTO_PO', true) ON CONFLICT (id) DO UPDATE SET wac_price = EXCLUDED.wac_price, standard_price = EXCLUDED.standard_price, yield_rate = EXCLUDED.yield_rate;
INSERT INTO ingredients (id, code, nom_fr, ten_vi, name_en, purchase_category_id, stock_uom, recipe_uom, stock_to_recipe_factor, tare_weight_grams, tolerance_percent, wac_price, standard_price, yield_rate, min_stock, max_stock, safety_stock, is_import, track_lot, is_beverage, auto_po_group, is_active) VALUES ('M9632', 'M9632', 'Marcallan 12 year old', 'Marcallan 12 year old', 'Marcallan 12 year old', '5b0ee48b-8e19-5d8f-853a-4056cefff5e5', 'BOTTLE', 'ML', 750, 450, 2.0, 2650000.0, 2650000.0, 100.0, 15.0, 50.0, 10.0, false, true, true, 'AUTO_PO', true) ON CONFLICT (id) DO UPDATE SET wac_price = EXCLUDED.wac_price, standard_price = EXCLUDED.standard_price, yield_rate = EXCLUDED.yield_rate;
INSERT INTO ingredients (id, code, nom_fr, ten_vi, name_en, purchase_category_id, stock_uom, recipe_uom, stock_to_recipe_factor, tare_weight_grams, tolerance_percent, wac_price, standard_price, yield_rate, min_stock, max_stock, safety_stock, is_import, track_lot, is_beverage, auto_po_group, is_active) VALUES ('M9636', 'M9636', 'Single Barrel Jack Daniel''s', 'Single Barrel Jack Daniel''s', 'Single Barrel Jack Daniel''s', '5b0ee48b-8e19-5d8f-853a-4056cefff5e5', 'BOTTLE', 'ML', 750, 450, 2.0, 2005000.0, 2005000.0, 100.0, 15.0, 50.0, 10.0, false, true, true, 'AUTO_PO', true) ON CONFLICT (id) DO UPDATE SET wac_price = EXCLUDED.wac_price, standard_price = EXCLUDED.standard_price, yield_rate = EXCLUDED.yield_rate;
INSERT INTO ingredients (id, code, nom_fr, ten_vi, name_en, purchase_category_id, stock_uom, recipe_uom, stock_to_recipe_factor, tare_weight_grams, tolerance_percent, wac_price, standard_price, yield_rate, min_stock, max_stock, safety_stock, is_import, track_lot, is_beverage, auto_po_group, is_active) VALUES ('M9642', 'M9642', 'GlenAllaChie 11', 'GlenAllaChie 11', 'GlenAllaChie 11', '5b0ee48b-8e19-5d8f-853a-4056cefff5e5', 'BOTTLE', 'ML', 750, 450, 2.0, 2450000.0, 2450000.0, 100.0, 15.0, 50.0, 10.0, false, true, true, 'AUTO_PO', true) ON CONFLICT (id) DO UPDATE SET wac_price = EXCLUDED.wac_price, standard_price = EXCLUDED.standard_price, yield_rate = EXCLUDED.yield_rate;
INSERT INTO ingredients (id, code, nom_fr, ten_vi, name_en, purchase_category_id, stock_uom, recipe_uom, stock_to_recipe_factor, tare_weight_grams, tolerance_percent, wac_price, standard_price, yield_rate, min_stock, max_stock, safety_stock, is_import, track_lot, is_beverage, auto_po_group, is_active) VALUES ('M9643', 'M9643', 'FinLaggan 58', 'FinLaggan 58', 'FinLaggan 58', '5b0ee48b-8e19-5d8f-853a-4056cefff5e5', 'BOTTLE', 'ML', 750, 450, 2.0, 2250000.0, 2250000.0, 100.0, 15.0, 50.0, 10.0, false, true, true, 'AUTO_PO', true) ON CONFLICT (id) DO UPDATE SET wac_price = EXCLUDED.wac_price, standard_price = EXCLUDED.standard_price, yield_rate = EXCLUDED.yield_rate;
INSERT INTO ingredients (id, code, nom_fr, ten_vi, name_en, purchase_category_id, stock_uom, recipe_uom, stock_to_recipe_factor, tare_weight_grams, tolerance_percent, wac_price, standard_price, yield_rate, min_stock, max_stock, safety_stock, is_import, track_lot, is_beverage, auto_po_group, is_active) VALUES ('M9644', 'M9644', 'Liqueur Bols Cherry Brandy 70cl', 'Liqueur Bols Cherry Brandy 70cl', 'Liqueur Bols Cherry Brandy 70cl', '5b0ee48b-8e19-5d8f-853a-4056cefff5e5', 'BOTTLE', 'ML', 750, 450, 2.0, 500000.0, 500000.0, 100.0, 15.0, 50.0, 10.0, false, true, true, 'AUTO_PO', true) ON CONFLICT (id) DO UPDATE SET wac_price = EXCLUDED.wac_price, standard_price = EXCLUDED.standard_price, yield_rate = EXCLUDED.yield_rate;
INSERT INTO ingredients (id, code, nom_fr, ten_vi, name_en, purchase_category_id, stock_uom, recipe_uom, stock_to_recipe_factor, tare_weight_grams, tolerance_percent, wac_price, standard_price, yield_rate, min_stock, max_stock, safety_stock, is_import, track_lot, is_beverage, auto_po_group, is_active) VALUES ('M9645', 'M9645', 'Liqueur D.O.M Benedictine 70cl', 'Liqueur D.O.M Benedictine 70cl', 'Liqueur D.O.M Benedictine 70cl', '5b0ee48b-8e19-5d8f-853a-4056cefff5e5', 'BOTTLE', 'ML', 750, 450, 2.0, 1050000.0, 1050000.0, 100.0, 15.0, 50.0, 10.0, false, true, true, 'AUTO_PO', true) ON CONFLICT (id) DO UPDATE SET wac_price = EXCLUDED.wac_price, standard_price = EXCLUDED.standard_price, yield_rate = EXCLUDED.yield_rate;
INSERT INTO ingredients (id, code, nom_fr, ten_vi, name_en, purchase_category_id, stock_uom, recipe_uom, stock_to_recipe_factor, tare_weight_grams, tolerance_percent, wac_price, standard_price, yield_rate, min_stock, max_stock, safety_stock, is_import, track_lot, is_beverage, auto_po_group, is_active) VALUES ('M9702', 'M9702', 'Bacardi Light', 'Bacardi Light', 'Bacardi Light', '5b0ee48b-8e19-5d8f-853a-4056cefff5e5', 'BOTTLE', 'ML', 750, 450, 2.0, 240000.0, 240000.0, 100.0, 15.0, 50.0, 10.0, false, true, true, 'AUTO_PO', true) ON CONFLICT (id) DO UPDATE SET wac_price = EXCLUDED.wac_price, standard_price = EXCLUDED.standard_price, yield_rate = EXCLUDED.yield_rate;
INSERT INTO ingredients (id, code, nom_fr, ten_vi, name_en, purchase_category_id, stock_uom, recipe_uom, stock_to_recipe_factor, tare_weight_grams, tolerance_percent, wac_price, standard_price, yield_rate, min_stock, max_stock, safety_stock, is_import, track_lot, is_beverage, auto_po_group, is_active) VALUES ('M9705', 'M9705', 'Tequila light', 'Tequila light', 'Tequila light', '5b0ee48b-8e19-5d8f-853a-4056cefff5e5', 'BOTTLE', 'ML', 750, 450, 2.0, 360000.0, 360000.0, 100.0, 15.0, 50.0, 10.0, false, true, true, 'AUTO_PO', true) ON CONFLICT (id) DO UPDATE SET wac_price = EXCLUDED.wac_price, standard_price = EXCLUDED.standard_price, yield_rate = EXCLUDED.yield_rate;
INSERT INTO ingredients (id, code, nom_fr, ten_vi, name_en, purchase_category_id, stock_uom, recipe_uom, stock_to_recipe_factor, tare_weight_grams, tolerance_percent, wac_price, standard_price, yield_rate, min_stock, max_stock, safety_stock, is_import, track_lot, is_beverage, auto_po_group, is_active) VALUES ('M9801', 'M9801', 'Creme de cassic (Triple Sec)', 'Creme de cassic (Triple Sec)', 'Creme de cassic (Triple Sec)', '5b0ee48b-8e19-5d8f-853a-4056cefff5e5', 'BOTTLE', 'ML', 750, 450, 2.0, 285000.0, 285000.0, 100.0, 15.0, 50.0, 10.0, false, true, true, 'AUTO_PO', true) ON CONFLICT (id) DO UPDATE SET wac_price = EXCLUDED.wac_price, standard_price = EXCLUDED.standard_price, yield_rate = EXCLUDED.yield_rate;
INSERT INTO ingredients (id, code, nom_fr, ten_vi, name_en, purchase_category_id, stock_uom, recipe_uom, stock_to_recipe_factor, tare_weight_grams, tolerance_percent, wac_price, standard_price, yield_rate, min_stock, max_stock, safety_stock, is_import, track_lot, is_beverage, auto_po_group, is_active) VALUES ('M9802', 'M9802', 'Chabot Napoleon Special Reserve Armagnac', 'Chabot Napoleon Special Reserve Armagnac', 'Chabot Napoleon Special Reserve Armagnac', '5b0ee48b-8e19-5d8f-853a-4056cefff5e5', 'BOTTLE', 'ML', 750, 450, 2.0, 800000.0, 800000.0, 100.0, 15.0, 50.0, 10.0, false, true, true, 'AUTO_PO', true) ON CONFLICT (id) DO UPDATE SET wac_price = EXCLUDED.wac_price, standard_price = EXCLUDED.standard_price, yield_rate = EXCLUDED.yield_rate;
INSERT INTO ingredients (id, code, nom_fr, ten_vi, name_en, purchase_category_id, stock_uom, recipe_uom, stock_to_recipe_factor, tare_weight_grams, tolerance_percent, wac_price, standard_price, yield_rate, min_stock, max_stock, safety_stock, is_import, track_lot, is_beverage, auto_po_group, is_active) VALUES ('M98021', 'M98021', 'Armagnac bottle', 'Armagnac bottle', 'Armagnac bottle', '5b0ee48b-8e19-5d8f-853a-4056cefff5e5', 'BOTTLE', 'ML', 750, 450, 2.0, 800000.0, 800000.0, 100.0, 15.0, 50.0, 10.0, false, true, true, 'AUTO_PO', true) ON CONFLICT (id) DO UPDATE SET wac_price = EXCLUDED.wac_price, standard_price = EXCLUDED.standard_price, yield_rate = EXCLUDED.yield_rate;
INSERT INTO ingredients (id, code, nom_fr, ten_vi, name_en, purchase_category_id, stock_uom, recipe_uom, stock_to_recipe_factor, tare_weight_grams, tolerance_percent, wac_price, standard_price, yield_rate, min_stock, max_stock, safety_stock, is_import, track_lot, is_beverage, auto_po_group, is_active) VALUES ('M9803', 'M9803', 'Framboise', 'Framboise', 'Framboise', '5b0ee48b-8e19-5d8f-853a-4056cefff5e5', 'BOTTLE', 'ML', 750, 450, 2.0, 1041700.0, 1041700.0, 100.0, 15.0, 50.0, 10.0, false, true, true, 'AUTO_PO', true) ON CONFLICT (id) DO UPDATE SET wac_price = EXCLUDED.wac_price, standard_price = EXCLUDED.standard_price, yield_rate = EXCLUDED.yield_rate;
INSERT INTO ingredients (id, code, nom_fr, ten_vi, name_en, purchase_category_id, stock_uom, recipe_uom, stock_to_recipe_factor, tare_weight_grams, tolerance_percent, wac_price, standard_price, yield_rate, min_stock, max_stock, safety_stock, is_import, track_lot, is_beverage, auto_po_group, is_active) VALUES ('M9804', 'M9804', 'Mirabelle (Massenez Wild Raspberry)', 'Mirabelle (Massenez Wild Raspberry)', 'Mirabelle (Massenez Wild Raspberry)', '5b0ee48b-8e19-5d8f-853a-4056cefff5e5', 'BOTTLE', 'ML', 750, 450, 2.0, 796600.0, 796600.0, 100.0, 15.0, 50.0, 10.0, false, true, true, 'AUTO_PO', true) ON CONFLICT (id) DO UPDATE SET wac_price = EXCLUDED.wac_price, standard_price = EXCLUDED.standard_price, yield_rate = EXCLUDED.yield_rate;
INSERT INTO ingredients (id, code, nom_fr, ten_vi, name_en, purchase_category_id, stock_uom, recipe_uom, stock_to_recipe_factor, tare_weight_grams, tolerance_percent, wac_price, standard_price, yield_rate, min_stock, max_stock, safety_stock, is_import, track_lot, is_beverage, auto_po_group, is_active) VALUES ('M9805', 'M9805', 'Massenez Poire Williams', 'Massenez Poire Williams', 'Massenez Poire Williams', '5b0ee48b-8e19-5d8f-853a-4056cefff5e5', 'BOTTLE', 'ML', 750, 450, 2.0, 1365000.0, 1365000.0, 100.0, 15.0, 50.0, 10.0, false, true, true, 'AUTO_PO', true) ON CONFLICT (id) DO UPDATE SET wac_price = EXCLUDED.wac_price, standard_price = EXCLUDED.standard_price, yield_rate = EXCLUDED.yield_rate;
INSERT INTO ingredients (id, code, nom_fr, ten_vi, name_en, purchase_category_id, stock_uom, recipe_uom, stock_to_recipe_factor, tare_weight_grams, tolerance_percent, wac_price, standard_price, yield_rate, min_stock, max_stock, safety_stock, is_import, track_lot, is_beverage, auto_po_group, is_active) VALUES ('M9806', 'M9806', 'Parisiennes Napoleon X.O 70cl', 'Parisiennes Napoleon X.O 70cl', 'Parisiennes Napoleon X.O 70cl', '5b0ee48b-8e19-5d8f-853a-4056cefff5e5', 'BOTTLE', 'ML', 750, 450, 2.0, 200000.0, 200000.0, 100.0, 15.0, 50.0, 10.0, false, true, true, 'AUTO_PO', true) ON CONFLICT (id) DO UPDATE SET wac_price = EXCLUDED.wac_price, standard_price = EXCLUDED.standard_price, yield_rate = EXCLUDED.yield_rate;
INSERT INTO ingredients (id, code, nom_fr, ten_vi, name_en, purchase_category_id, stock_uom, recipe_uom, stock_to_recipe_factor, tare_weight_grams, tolerance_percent, wac_price, standard_price, yield_rate, min_stock, max_stock, safety_stock, is_import, track_lot, is_beverage, auto_po_group, is_active) VALUES ('M9808', 'M9808', 'Hennessy VSOP 0.7 liter', 'Hennessy VSOP 0.7 liter', 'Hennessy VSOP 0.7 liter', '5b0ee48b-8e19-5d8f-853a-4056cefff5e5', 'BOTTLE', 'ML', 750, 450, 2.0, 950000.0, 950000.0, 100.0, 15.0, 50.0, 10.0, false, true, true, 'AUTO_PO', true) ON CONFLICT (id) DO UPDATE SET wac_price = EXCLUDED.wac_price, standard_price = EXCLUDED.standard_price, yield_rate = EXCLUDED.yield_rate;
INSERT INTO ingredients (id, code, nom_fr, ten_vi, name_en, purchase_category_id, stock_uom, recipe_uom, stock_to_recipe_factor, tare_weight_grams, tolerance_percent, wac_price, standard_price, yield_rate, min_stock, max_stock, safety_stock, is_import, track_lot, is_beverage, auto_po_group, is_active) VALUES ('M9809', 'M9809', 'Hennessy XO', 'Hennessy XO', 'Hennessy XO', '5b0ee48b-8e19-5d8f-853a-4056cefff5e5', 'BOTTLE', 'ML', 750, 450, 2.0, 3700000.0, 3700000.0, 100.0, 15.0, 50.0, 10.0, false, true, true, 'AUTO_PO', true) ON CONFLICT (id) DO UPDATE SET wac_price = EXCLUDED.wac_price, standard_price = EXCLUDED.standard_price, yield_rate = EXCLUDED.yield_rate;
INSERT INTO ingredients (id, code, nom_fr, ten_vi, name_en, purchase_category_id, stock_uom, recipe_uom, stock_to_recipe_factor, tare_weight_grams, tolerance_percent, wac_price, standard_price, yield_rate, min_stock, max_stock, safety_stock, is_import, track_lot, is_beverage, auto_po_group, is_active) VALUES ('M9812', 'M9812', 'Remy Martin VSOP', 'Remy Martin VSOP', 'Remy Martin VSOP', '5b0ee48b-8e19-5d8f-853a-4056cefff5e5', 'BOTTLE', 'ML', 750, 450, 2.0, 920000.0, 920000.0, 100.0, 15.0, 50.0, 10.0, false, true, true, 'AUTO_PO', true) ON CONFLICT (id) DO UPDATE SET wac_price = EXCLUDED.wac_price, standard_price = EXCLUDED.standard_price, yield_rate = EXCLUDED.yield_rate;
INSERT INTO ingredients (id, code, nom_fr, ten_vi, name_en, purchase_category_id, stock_uom, recipe_uom, stock_to_recipe_factor, tare_weight_grams, tolerance_percent, wac_price, standard_price, yield_rate, min_stock, max_stock, safety_stock, is_import, track_lot, is_beverage, auto_po_group, is_active) VALUES ('V3002', 'V3002', 'Baron Philippe de Rothschild, Mouton Cadet Réserve, Sauternes Half Bottle, France', 'Baron Philippe de Rothschild, Mouton Cadet Réserve, Sauternes Half Bottle, France', 'Baron Philippe de Rothschild, Mouton Cadet Réserve, Sauternes Half Bottle, France', '5b0ee48b-8e19-5d8f-853a-4056cefff5e5', 'BOTTLE', 'ML', 750, 450, 2.0, 725340.0, 725340.0, 100.0, 15.0, 50.0, 10.0, true, true, true, 'AUTO_PO', true) ON CONFLICT (id) DO UPDATE SET wac_price = EXCLUDED.wac_price, standard_price = EXCLUDED.standard_price, yield_rate = EXCLUDED.yield_rate;
INSERT INTO ingredients (id, code, nom_fr, ten_vi, name_en, purchase_category_id, stock_uom, recipe_uom, stock_to_recipe_factor, tare_weight_grams, tolerance_percent, wac_price, standard_price, yield_rate, min_stock, max_stock, safety_stock, is_import, track_lot, is_beverage, auto_po_group, is_active) VALUES ('V3003', 'V3003', 'Baron Philippe de Rothschild, Mouton Cadet Réserve, Sauternes full  Bottle, France', 'Baron Philippe de Rothschild, Mouton Cadet Réserve, Sauternes full  Bottle, France', 'Baron Philippe de Rothschild, Mouton Cadet Réserve, Sauternes full  Bottle, France', '5b0ee48b-8e19-5d8f-853a-4056cefff5e5', 'BOTTLE', 'ML', 750, 450, 2.0, 1346730.0, 1346730.0, 100.0, 15.0, 50.0, 10.0, true, true, true, 'AUTO_PO', true) ON CONFLICT (id) DO UPDATE SET wac_price = EXCLUDED.wac_price, standard_price = EXCLUDED.standard_price, yield_rate = EXCLUDED.yield_rate;
INSERT INTO ingredients (id, code, nom_fr, ten_vi, name_en, purchase_category_id, stock_uom, recipe_uom, stock_to_recipe_factor, tare_weight_grams, tolerance_percent, wac_price, standard_price, yield_rate, min_stock, max_stock, safety_stock, is_import, track_lot, is_beverage, auto_po_group, is_active) VALUES ('S1003', 'S1003', 'Grenadine (Siro Lựu)', 'Grenadine (Siro Lựu)', 'Grenadine (Siro Lựu)', 'b3b4e57e-464d-562f-80ec-b216c92d5e88', 'BOTTLE', 'ML', 750, 450, 2.0, 200000.0, 200000.0, 100.0, 15.0, 50.0, 10.0, false, true, true, 'AUTO_PO', true) ON CONFLICT (id) DO UPDATE SET wac_price = EXCLUDED.wac_price, standard_price = EXCLUDED.standard_price, yield_rate = EXCLUDED.yield_rate;
INSERT INTO ingredients (id, code, nom_fr, ten_vi, name_en, purchase_category_id, stock_uom, recipe_uom, stock_to_recipe_factor, tare_weight_grams, tolerance_percent, wac_price, standard_price, yield_rate, min_stock, max_stock, safety_stock, is_import, track_lot, is_beverage, auto_po_group, is_active) VALUES ('S1004', 'S1004', 'Syrup - Pineapple 70cl', 'Syrup - Pineapple 70cl', 'Syrup - Pineapple 70cl', 'b3b4e57e-464d-562f-80ec-b216c92d5e88', 'BOTTLE', 'ML', 750, 450, 2.0, 260000.0, 260000.0, 100.0, 15.0, 50.0, 10.0, false, true, true, 'AUTO_PO', true) ON CONFLICT (id) DO UPDATE SET wac_price = EXCLUDED.wac_price, standard_price = EXCLUDED.standard_price, yield_rate = EXCLUDED.yield_rate;
INSERT INTO ingredients (id, code, nom_fr, ten_vi, name_en, purchase_category_id, stock_uom, recipe_uom, stock_to_recipe_factor, tare_weight_grams, tolerance_percent, wac_price, standard_price, yield_rate, min_stock, max_stock, safety_stock, is_import, track_lot, is_beverage, auto_po_group, is_active) VALUES ('V5004', 'V5004', 'Les Hauts de La Gaffeliere, Bordeaux Blanc', 'Les Hauts de La Gaffeliere, Bordeaux Blanc', 'Les Hauts de La Gaffeliere, Bordeaux Blanc', '5b0ee48b-8e19-5d8f-853a-4056cefff5e5', 'BOTTLE', 'ML', 750, 450, 2.0, 441000.0, 441000.0, 100.0, 15.0, 50.0, 10.0, true, true, true, 'AUTO_PO', true) ON CONFLICT (id) DO UPDATE SET wac_price = EXCLUDED.wac_price, standard_price = EXCLUDED.standard_price, yield_rate = EXCLUDED.yield_rate;
INSERT INTO ingredients (id, code, nom_fr, ten_vi, name_en, purchase_category_id, stock_uom, recipe_uom, stock_to_recipe_factor, tare_weight_grams, tolerance_percent, wac_price, standard_price, yield_rate, min_stock, max_stock, safety_stock, is_import, track_lot, is_beverage, auto_po_group, is_active) VALUES ('V5008', 'V5008', 'Gustave Lorentz Riesling', 'Gustave Lorentz Riesling', 'Gustave Lorentz Riesling', '5b0ee48b-8e19-5d8f-853a-4056cefff5e5', 'BOTTLE', 'ML', 750, 450, 2.0, 604450.0, 604450.0, 100.0, 15.0, 50.0, 10.0, true, true, true, 'AUTO_PO', true) ON CONFLICT (id) DO UPDATE SET wac_price = EXCLUDED.wac_price, standard_price = EXCLUDED.standard_price, yield_rate = EXCLUDED.yield_rate;
INSERT INTO ingredients (id, code, nom_fr, ten_vi, name_en, purchase_category_id, stock_uom, recipe_uom, stock_to_recipe_factor, tare_weight_grams, tolerance_percent, wac_price, standard_price, yield_rate, min_stock, max_stock, safety_stock, is_import, track_lot, is_beverage, auto_po_group, is_active) VALUES ('V5027', 'V5027', 'Chantecaille Bordeaux AOC White', 'Chantecaille Bordeaux AOC White', 'Chantecaille Bordeaux AOC White', '5b0ee48b-8e19-5d8f-853a-4056cefff5e5', 'BOTTLE', 'ML', 750, 450, 2.0, 229000.0, 229000.0, 100.0, 15.0, 50.0, 10.0, true, true, true, 'AUTO_PO', true) ON CONFLICT (id) DO UPDATE SET wac_price = EXCLUDED.wac_price, standard_price = EXCLUDED.standard_price, yield_rate = EXCLUDED.yield_rate;
INSERT INTO ingredients (id, code, nom_fr, ten_vi, name_en, purchase_category_id, stock_uom, recipe_uom, stock_to_recipe_factor, tare_weight_grams, tolerance_percent, wac_price, standard_price, yield_rate, min_stock, max_stock, safety_stock, is_import, track_lot, is_beverage, auto_po_group, is_active) VALUES ('V5028', 'V5028', 'F. Thienpont Sauvignon Blanc - White', 'F. Thienpont Sauvignon Blanc - White', 'F. Thienpont Sauvignon Blanc - White', '5b0ee48b-8e19-5d8f-853a-4056cefff5e5', 'BOTTLE', 'ML', 750, 450, 2.0, 426000.0, 426000.0, 100.0, 15.0, 50.0, 10.0, true, true, true, 'AUTO_PO', true) ON CONFLICT (id) DO UPDATE SET wac_price = EXCLUDED.wac_price, standard_price = EXCLUDED.standard_price, yield_rate = EXCLUDED.yield_rate;
INSERT INTO ingredients (id, code, nom_fr, ten_vi, name_en, purchase_category_id, stock_uom, recipe_uom, stock_to_recipe_factor, tare_weight_grams, tolerance_percent, wac_price, standard_price, yield_rate, min_stock, max_stock, safety_stock, is_import, track_lot, is_beverage, auto_po_group, is_active) VALUES ('V5029', 'V5029', 'Ronan By Clinet (by Chateau Clinet, Pomerol) Bordauex Blanc - White', 'Ronan By Clinet (by Chateau Clinet, Pomerol) Bordauex Blanc - White', 'Ronan By Clinet (by Chateau Clinet, Pomerol) Bordauex Blanc - White', '5b0ee48b-8e19-5d8f-853a-4056cefff5e5', 'BOTTLE', 'ML', 750, 450, 2.0, 498000.0, 498000.0, 100.0, 15.0, 50.0, 10.0, true, true, true, 'AUTO_PO', true) ON CONFLICT (id) DO UPDATE SET wac_price = EXCLUDED.wac_price, standard_price = EXCLUDED.standard_price, yield_rate = EXCLUDED.yield_rate;
INSERT INTO ingredients (id, code, nom_fr, ten_vi, name_en, purchase_category_id, stock_uom, recipe_uom, stock_to_recipe_factor, tare_weight_grams, tolerance_percent, wac_price, standard_price, yield_rate, min_stock, max_stock, safety_stock, is_import, track_lot, is_beverage, auto_po_group, is_active) VALUES ('V5030', 'V5030', 'Nicolas Thienpont, Chateau Puygueraud,  Francs Cotes de Bordeaux -White', 'Nicolas Thienpont, Chateau Puygueraud,  Francs Cotes de Bordeaux -White', 'Nicolas Thienpont, Chateau Puygueraud,  Francs Cotes de Bordeaux -White', '5b0ee48b-8e19-5d8f-853a-4056cefff5e5', 'BOTTLE', 'ML', 750, 450, 2.0, 792000.0, 792000.0, 100.0, 15.0, 50.0, 10.0, true, true, true, 'AUTO_PO', true) ON CONFLICT (id) DO UPDATE SET wac_price = EXCLUDED.wac_price, standard_price = EXCLUDED.standard_price, yield_rate = EXCLUDED.yield_rate;
INSERT INTO ingredients (id, code, nom_fr, ten_vi, name_en, purchase_category_id, stock_uom, recipe_uom, stock_to_recipe_factor, tare_weight_grams, tolerance_percent, wac_price, standard_price, yield_rate, min_stock, max_stock, safety_stock, is_import, track_lot, is_beverage, auto_po_group, is_active) VALUES ('V5032', 'V5032', 'Louis Latour Chablis La Chanfleure, Chardonnay  - White', 'Louis Latour Chablis La Chanfleure, Chardonnay  - White', 'Louis Latour Chablis La Chanfleure, Chardonnay  - White', '5b0ee48b-8e19-5d8f-853a-4056cefff5e5', 'BOTTLE', 'ML', 750, 450, 2.0, 660000.0, 660000.0, 100.0, 15.0, 50.0, 10.0, true, true, true, 'AUTO_PO', true) ON CONFLICT (id) DO UPDATE SET wac_price = EXCLUDED.wac_price, standard_price = EXCLUDED.standard_price, yield_rate = EXCLUDED.yield_rate;
INSERT INTO ingredients (id, code, nom_fr, ten_vi, name_en, purchase_category_id, stock_uom, recipe_uom, stock_to_recipe_factor, tare_weight_grams, tolerance_percent, wac_price, standard_price, yield_rate, min_stock, max_stock, safety_stock, is_import, track_lot, is_beverage, auto_po_group, is_active) VALUES ('V5033', 'V5033', 'Louis Latour Pouilly-Fuissé - White', 'Louis Latour Pouilly-Fuissé - White', 'Louis Latour Pouilly-Fuissé - White', '5b0ee48b-8e19-5d8f-853a-4056cefff5e5', 'BOTTLE', 'ML', 750, 450, 2.0, 802500.0, 802500.0, 100.0, 15.0, 50.0, 10.0, true, true, true, 'AUTO_PO', true) ON CONFLICT (id) DO UPDATE SET wac_price = EXCLUDED.wac_price, standard_price = EXCLUDED.standard_price, yield_rate = EXCLUDED.yield_rate;
INSERT INTO ingredients (id, code, nom_fr, ten_vi, name_en, purchase_category_id, stock_uom, recipe_uom, stock_to_recipe_factor, tare_weight_grams, tolerance_percent, wac_price, standard_price, yield_rate, min_stock, max_stock, safety_stock, is_import, track_lot, is_beverage, auto_po_group, is_active) VALUES ('V5034', 'V5034', 'Dufouleur Monopole White wine Bt', 'Dufouleur Monopole White wine Bt', 'Dufouleur Monopole White wine Bt', '5b0ee48b-8e19-5d8f-853a-4056cefff5e5', 'BOTTLE', 'ML', 750, 450, 2.0, 203000.0, 203000.0, 100.0, 15.0, 50.0, 10.0, true, true, true, 'AUTO_PO', true) ON CONFLICT (id) DO UPDATE SET wac_price = EXCLUDED.wac_price, standard_price = EXCLUDED.standard_price, yield_rate = EXCLUDED.yield_rate;
INSERT INTO ingredients (id, code, nom_fr, ten_vi, name_en, purchase_category_id, stock_uom, recipe_uom, stock_to_recipe_factor, tare_weight_grams, tolerance_percent, wac_price, standard_price, yield_rate, min_stock, max_stock, safety_stock, is_import, track_lot, is_beverage, auto_po_group, is_active) VALUES ('V5037', 'V5037', 'PASCAL JOLIVET ATTITUDE (Sauvignon Blanc) Loire Valley', 'PASCAL JOLIVET ATTITUDE (Sauvignon Blanc) Loire Valley', 'PASCAL JOLIVET ATTITUDE (Sauvignon Blanc) Loire Valley', '5b0ee48b-8e19-5d8f-853a-4056cefff5e5', 'BOTTLE', 'ML', 750, 450, 2.0, 534600.0, 534600.0, 100.0, 15.0, 50.0, 10.0, true, true, true, 'AUTO_PO', true) ON CONFLICT (id) DO UPDATE SET wac_price = EXCLUDED.wac_price, standard_price = EXCLUDED.standard_price, yield_rate = EXCLUDED.yield_rate;
INSERT INTO ingredients (id, code, nom_fr, ten_vi, name_en, purchase_category_id, stock_uom, recipe_uom, stock_to_recipe_factor, tare_weight_grams, tolerance_percent, wac_price, standard_price, yield_rate, min_stock, max_stock, safety_stock, is_import, track_lot, is_beverage, auto_po_group, is_active) VALUES ('V5038', 'V5038', 'Château Baratet, Sauvignon Blanc, France', 'Château Baratet, Sauvignon Blanc, France', 'Château Baratet, Sauvignon Blanc, France', '5b0ee48b-8e19-5d8f-853a-4056cefff5e5', 'BOTTLE', 'ML', 750, 450, 2.0, 190000.0, 190000.0, 100.0, 15.0, 50.0, 10.0, true, true, true, 'AUTO_PO', true) ON CONFLICT (id) DO UPDATE SET wac_price = EXCLUDED.wac_price, standard_price = EXCLUDED.standard_price, yield_rate = EXCLUDED.yield_rate;
INSERT INTO ingredients (id, code, nom_fr, ten_vi, name_en, purchase_category_id, stock_uom, recipe_uom, stock_to_recipe_factor, tare_weight_grams, tolerance_percent, wac_price, standard_price, yield_rate, min_stock, max_stock, safety_stock, is_import, track_lot, is_beverage, auto_po_group, is_active) VALUES ('V5039', 'V5039', 'Grand Bateau Bordeaux Blanc (by Beychevelle)', 'Grand Bateau Bordeaux Blanc (by Beychevelle)', 'Grand Bateau Bordeaux Blanc (by Beychevelle)', '5b0ee48b-8e19-5d8f-853a-4056cefff5e5', 'BOTTLE', 'ML', 750, 450, 2.0, 392000.0, 392000.0, 100.0, 15.0, 50.0, 10.0, true, true, true, 'AUTO_PO', true) ON CONFLICT (id) DO UPDATE SET wac_price = EXCLUDED.wac_price, standard_price = EXCLUDED.standard_price, yield_rate = EXCLUDED.yield_rate;
INSERT INTO ingredients (id, code, nom_fr, ten_vi, name_en, purchase_category_id, stock_uom, recipe_uom, stock_to_recipe_factor, tare_weight_grams, tolerance_percent, wac_price, standard_price, yield_rate, min_stock, max_stock, safety_stock, is_import, track_lot, is_beverage, auto_po_group, is_active) VALUES ('V5040', 'V5040', 'M. Chapoutier « Belleruche » Côtes du Rhône Blanc, Grenache Blanc • Clairette', 'M. Chapoutier « Belleruche » Côtes du Rhône Blanc, Grenache Blanc • Clairette', 'M. Chapoutier « Belleruche » Côtes du Rhône Blanc, Grenache Blanc • Clairette', '5b0ee48b-8e19-5d8f-853a-4056cefff5e5', 'BOTTLE', 'ML', 750, 450, 2.0, 450450.0, 450450.0, 100.0, 15.0, 50.0, 10.0, true, true, true, 'AUTO_PO', true) ON CONFLICT (id) DO UPDATE SET wac_price = EXCLUDED.wac_price, standard_price = EXCLUDED.standard_price, yield_rate = EXCLUDED.yield_rate;
INSERT INTO ingredients (id, code, nom_fr, ten_vi, name_en, purchase_category_id, stock_uom, recipe_uom, stock_to_recipe_factor, tare_weight_grams, tolerance_percent, wac_price, standard_price, yield_rate, min_stock, max_stock, safety_stock, is_import, track_lot, is_beverage, auto_po_group, is_active) VALUES ('V5041', 'V5041', 'Bernard Magrez « Le Prélat » Blanc Côtes du Rhône Villages Laudun', 'Bernard Magrez « Le Prélat » Blanc Côtes du Rhône Villages Laudun', 'Bernard Magrez « Le Prélat » Blanc Côtes du Rhône Villages Laudun', '5b0ee48b-8e19-5d8f-853a-4056cefff5e5', 'BOTTLE', 'ML', 750, 450, 2.0, 540000.0, 540000.0, 100.0, 15.0, 50.0, 10.0, true, true, true, 'AUTO_PO', true) ON CONFLICT (id) DO UPDATE SET wac_price = EXCLUDED.wac_price, standard_price = EXCLUDED.standard_price, yield_rate = EXCLUDED.yield_rate;
INSERT INTO ingredients (id, code, nom_fr, ten_vi, name_en, purchase_category_id, stock_uom, recipe_uom, stock_to_recipe_factor, tare_weight_grams, tolerance_percent, wac_price, standard_price, yield_rate, min_stock, max_stock, safety_stock, is_import, track_lot, is_beverage, auto_po_group, is_active) VALUES ('V5042', 'V5042', 'M.Chapoutier Domaine des Granges de Mirabel', 'M.Chapoutier Domaine des Granges de Mirabel', 'M.Chapoutier Domaine des Granges de Mirabel', '5b0ee48b-8e19-5d8f-853a-4056cefff5e5', 'BOTTLE', 'ML', 750, 450, 2.0, 603900.0, 603900.0, 100.0, 15.0, 50.0, 10.0, true, true, true, 'AUTO_PO', true) ON CONFLICT (id) DO UPDATE SET wac_price = EXCLUDED.wac_price, standard_price = EXCLUDED.standard_price, yield_rate = EXCLUDED.yield_rate;
INSERT INTO ingredients (id, code, nom_fr, ten_vi, name_en, purchase_category_id, stock_uom, recipe_uom, stock_to_recipe_factor, tare_weight_grams, tolerance_percent, wac_price, standard_price, yield_rate, min_stock, max_stock, safety_stock, is_import, track_lot, is_beverage, auto_po_group, is_active) VALUES ('V5043', 'V5043', 'Gustave Lorentz Gewurztraminer', 'Gustave Lorentz Gewurztraminer', 'Gustave Lorentz Gewurztraminer', '5b0ee48b-8e19-5d8f-853a-4056cefff5e5', 'BOTTLE', 'ML', 750, 450, 2.0, 782100.0, 782100.0, 100.0, 15.0, 50.0, 10.0, true, true, true, 'AUTO_PO', true) ON CONFLICT (id) DO UPDATE SET wac_price = EXCLUDED.wac_price, standard_price = EXCLUDED.standard_price, yield_rate = EXCLUDED.yield_rate;
INSERT INTO ingredients (id, code, nom_fr, ten_vi, name_en, purchase_category_id, stock_uom, recipe_uom, stock_to_recipe_factor, tare_weight_grams, tolerance_percent, wac_price, standard_price, yield_rate, min_stock, max_stock, safety_stock, is_import, track_lot, is_beverage, auto_po_group, is_active) VALUES ('NLP004', 'NLP004', 'Trà olong  Tam Châu 100g', 'Trà olong  Tam Châu 100g', 'Trà olong  Tam Châu 100g', 'b3b4e57e-464d-562f-80ec-b216c92d5e88', 'BAG', 'BAG', 1, 0, 5.0, 74058.0, 74058.0, 100.0, 15.0, 50.0, 10.0, false, true, true, 'AUTO_PO', true) ON CONFLICT (id) DO UPDATE SET wac_price = EXCLUDED.wac_price, standard_price = EXCLUDED.standard_price, yield_rate = EXCLUDED.yield_rate;
INSERT INTO ingredients (id, code, nom_fr, ten_vi, name_en, purchase_category_id, stock_uom, recipe_uom, stock_to_recipe_factor, tare_weight_grams, tolerance_percent, wac_price, standard_price, yield_rate, min_stock, max_stock, safety_stock, is_import, track_lot, is_beverage, auto_po_group, is_active) VALUES ('NLP3016', 'NLP3016', 'Sữa tươi Vinamilk 1L', 'Sữa tươi Vinamilk 1L', 'Sữa tươi Vinamilk 1L', 'b3b4e57e-464d-562f-80ec-b216c92d5e88', 'BOX', 'BOX', 1, 0, 5.0, 30925.0, 30925.0, 100.0, 15.0, 50.0, 10.0, false, true, true, 'AUTO_PO', true) ON CONFLICT (id) DO UPDATE SET wac_price = EXCLUDED.wac_price, standard_price = EXCLUDED.standard_price, yield_rate = EXCLUDED.yield_rate;
INSERT INTO ingredients (id, code, nom_fr, ten_vi, name_en, purchase_category_id, stock_uom, recipe_uom, stock_to_recipe_factor, tare_weight_grams, tolerance_percent, wac_price, standard_price, yield_rate, min_stock, max_stock, safety_stock, is_import, track_lot, is_beverage, auto_po_group, is_active) VALUES ('NLP3021', 'NLP3021', 'Sữa tươi TH True Milk Nguyên chất 1L', 'Sữa tươi TH True Milk Nguyên chất 1L', 'Sữa tươi TH True Milk Nguyên chất 1L', 'b3b4e57e-464d-562f-80ec-b216c92d5e88', 'BOX', 'BOX', 1, 0, 5.0, 33000.0, 33000.0, 100.0, 15.0, 50.0, 10.0, false, true, true, 'AUTO_PO', true) ON CONFLICT (id) DO UPDATE SET wac_price = EXCLUDED.wac_price, standard_price = EXCLUDED.standard_price, yield_rate = EXCLUDED.yield_rate;
INSERT INTO ingredients (id, code, nom_fr, ten_vi, name_en, purchase_category_id, stock_uom, recipe_uom, stock_to_recipe_factor, tare_weight_grams, tolerance_percent, wac_price, standard_price, yield_rate, min_stock, max_stock, safety_stock, is_import, track_lot, is_beverage, auto_po_group, is_active) VALUES ('NLP30251', 'NLP30251', 'Đường nước Hàn Quốc', 'Đường nước Hàn Quốc', 'Đường nước Hàn Quốc', 'b3b4e57e-464d-562f-80ec-b216c92d5e88', 'KG', 'G', 1000, 0, 10.0, 22400.0, 22400.0, 100.0, 15.0, 50.0, 10.0, false, true, true, 'AUTO_PO', true) ON CONFLICT (id) DO UPDATE SET wac_price = EXCLUDED.wac_price, standard_price = EXCLUDED.standard_price, yield_rate = EXCLUDED.yield_rate;
INSERT INTO ingredients (id, code, nom_fr, ten_vi, name_en, purchase_category_id, stock_uom, recipe_uom, stock_to_recipe_factor, tare_weight_grams, tolerance_percent, wac_price, standard_price, yield_rate, min_stock, max_stock, safety_stock, is_import, track_lot, is_beverage, auto_po_group, is_active) VALUES ('NLP60031', 'NLP60031', 'Bưởi Năm roi', 'Bưởi Năm roi', 'Bưởi Năm roi', '5fbe46c0-78c8-5e66-ae7e-5f78ebb2b1af', 'PIECE', 'PIECE', 1, 0, 5.0, 30000.0, 30000.0, 100.0, 15.0, 50.0, 10.0, false, true, true, 'AUTO_PO', true) ON CONFLICT (id) DO UPDATE SET wac_price = EXCLUDED.wac_price, standard_price = EXCLUDED.standard_price, yield_rate = EXCLUDED.yield_rate;
INSERT INTO ingredients (id, code, nom_fr, ten_vi, name_en, purchase_category_id, stock_uom, recipe_uom, stock_to_recipe_factor, tare_weight_grams, tolerance_percent, wac_price, standard_price, yield_rate, min_stock, max_stock, safety_stock, is_import, track_lot, is_beverage, auto_po_group, is_active) VALUES ('NLP60032', 'NLP60032', 'Chanh', 'Chanh', 'Chanh', '5fbe46c0-78c8-5e66-ae7e-5f78ebb2b1af', 'KG', 'G', 1000, 0, 10.0, 25000.0, 25000.0, 100.0, 15.0, 50.0, 10.0, false, true, true, 'AUTO_PO', true) ON CONFLICT (id) DO UPDATE SET wac_price = EXCLUDED.wac_price, standard_price = EXCLUDED.standard_price, yield_rate = EXCLUDED.yield_rate;
INSERT INTO ingredients (id, code, nom_fr, ten_vi, name_en, purchase_category_id, stock_uom, recipe_uom, stock_to_recipe_factor, tare_weight_grams, tolerance_percent, wac_price, standard_price, yield_rate, min_stock, max_stock, safety_stock, is_import, track_lot, is_beverage, auto_po_group, is_active) VALUES ('NLP60033', 'NLP60033', 'Cam', 'Cam', 'Cam', '5fbe46c0-78c8-5e66-ae7e-5f78ebb2b1af', 'KG', 'G', 1000, 0, 10.0, 35000.0, 35000.0, 100.0, 15.0, 50.0, 10.0, false, true, true, 'AUTO_PO', true) ON CONFLICT (id) DO UPDATE SET wac_price = EXCLUDED.wac_price, standard_price = EXCLUDED.standard_price, yield_rate = EXCLUDED.yield_rate;
INSERT INTO ingredients (id, code, nom_fr, ten_vi, name_en, purchase_category_id, stock_uom, recipe_uom, stock_to_recipe_factor, tare_weight_grams, tolerance_percent, wac_price, standard_price, yield_rate, min_stock, max_stock, safety_stock, is_import, track_lot, is_beverage, auto_po_group, is_active) VALUES ('NLP60034', 'NLP60034', 'Xoài', 'Xoài', 'Xoài', '5fbe46c0-78c8-5e66-ae7e-5f78ebb2b1af', 'KG', 'G', 1000, 0, 10.0, 50000.0, 50000.0, 100.0, 15.0, 50.0, 10.0, false, true, true, 'AUTO_PO', true) ON CONFLICT (id) DO UPDATE SET wac_price = EXCLUDED.wac_price, standard_price = EXCLUDED.standard_price, yield_rate = EXCLUDED.yield_rate;
INSERT INTO ingredients (id, code, nom_fr, ten_vi, name_en, purchase_category_id, stock_uom, recipe_uom, stock_to_recipe_factor, tare_weight_grams, tolerance_percent, wac_price, standard_price, yield_rate, min_stock, max_stock, safety_stock, is_import, track_lot, is_beverage, auto_po_group, is_active) VALUES ('NLP60035', 'NLP60035', 'Dưa hấu', 'Dưa hấu', 'Dưa hấu', '5fbe46c0-78c8-5e66-ae7e-5f78ebb2b1af', 'KG', 'G', 1000, 0, 10.0, 20000.0, 20000.0, 100.0, 15.0, 50.0, 10.0, false, true, true, 'AUTO_PO', true) ON CONFLICT (id) DO UPDATE SET wac_price = EXCLUDED.wac_price, standard_price = EXCLUDED.standard_price, yield_rate = EXCLUDED.yield_rate;
INSERT INTO ingredients (id, code, nom_fr, ten_vi, name_en, purchase_category_id, stock_uom, recipe_uom, stock_to_recipe_factor, tare_weight_grams, tolerance_percent, wac_price, standard_price, yield_rate, min_stock, max_stock, safety_stock, is_import, track_lot, is_beverage, auto_po_group, is_active) VALUES ('NLP600351', 'NLP600351', 'Chè mạn', 'Chè mạn', 'Chè mạn', 'b3b4e57e-464d-562f-80ec-b216c92d5e88', 'KG', 'G', 1000, 0, 10.0, 168000.0, 168000.0, 100.0, 15.0, 50.0, 10.0, false, true, true, 'AUTO_PO', true) ON CONFLICT (id) DO UPDATE SET wac_price = EXCLUDED.wac_price, standard_price = EXCLUDED.standard_price, yield_rate = EXCLUDED.yield_rate;
INSERT INTO ingredients (id, code, nom_fr, ten_vi, name_en, purchase_category_id, stock_uom, recipe_uom, stock_to_recipe_factor, tare_weight_grams, tolerance_percent, wac_price, standard_price, yield_rate, min_stock, max_stock, safety_stock, is_import, track_lot, is_beverage, auto_po_group, is_active) VALUES ('NLP60038', 'NLP60038', 'Chanh leo', 'Chanh leo', 'Chanh leo', '5fbe46c0-78c8-5e66-ae7e-5f78ebb2b1af', 'KG', 'G', 1000, 0, 10.0, 30000.0, 30000.0, 100.0, 15.0, 50.0, 10.0, false, true, true, 'AUTO_PO', true) ON CONFLICT (id) DO UPDATE SET wac_price = EXCLUDED.wac_price, standard_price = EXCLUDED.standard_price, yield_rate = EXCLUDED.yield_rate;
INSERT INTO ingredients (id, code, nom_fr, ten_vi, name_en, purchase_category_id, stock_uom, recipe_uom, stock_to_recipe_factor, tare_weight_grams, tolerance_percent, wac_price, standard_price, yield_rate, min_stock, max_stock, safety_stock, is_import, track_lot, is_beverage, auto_po_group, is_active) VALUES ('NLP60041', 'NLP60041', 'Dứa quả', 'Dứa quả', 'Dứa quả', '5fbe46c0-78c8-5e66-ae7e-5f78ebb2b1af', 'PIECE', 'PIECE', 1, 0, 5.0, 14000.0, 14000.0, 100.0, 15.0, 50.0, 10.0, false, true, true, 'AUTO_PO', true) ON CONFLICT (id) DO UPDATE SET wac_price = EXCLUDED.wac_price, standard_price = EXCLUDED.standard_price, yield_rate = EXCLUDED.yield_rate;
INSERT INTO ingredients (id, code, nom_fr, ten_vi, name_en, purchase_category_id, stock_uom, recipe_uom, stock_to_recipe_factor, tare_weight_grams, tolerance_percent, wac_price, standard_price, yield_rate, min_stock, max_stock, safety_stock, is_import, track_lot, is_beverage, auto_po_group, is_active) VALUES ('NLP9001', 'NLP9001', 'Cafe hương chồn 500g', 'Cafe hương chồn 500g', 'Cafe hương chồn 500g', 'b3b4e57e-464d-562f-80ec-b216c92d5e88', 'KG', 'G', 1000, 0, 10.0, 153000.0, 153000.0, 100.0, 15.0, 50.0, 10.0, false, true, true, 'AUTO_PO', true) ON CONFLICT (id) DO UPDATE SET wac_price = EXCLUDED.wac_price, standard_price = EXCLUDED.standard_price, yield_rate = EXCLUDED.yield_rate;
INSERT INTO ingredients (id, code, nom_fr, ten_vi, name_en, purchase_category_id, stock_uom, recipe_uom, stock_to_recipe_factor, tare_weight_grams, tolerance_percent, wac_price, standard_price, yield_rate, min_stock, max_stock, safety_stock, is_import, track_lot, is_beverage, auto_po_group, is_active) VALUES ('NLP9002', 'NLP9002', 'Cafe season 500g/ túi', 'Cafe season 500g/ túi', 'Cafe season 500g/ túi', 'b3b4e57e-464d-562f-80ec-b216c92d5e88', 'KG', 'G', 1000, 0, 10.0, 201800.0, 201800.0, 100.0, 15.0, 50.0, 10.0, false, true, true, 'AUTO_PO', true) ON CONFLICT (id) DO UPDATE SET wac_price = EXCLUDED.wac_price, standard_price = EXCLUDED.standard_price, yield_rate = EXCLUDED.yield_rate;
INSERT INTO ingredients (id, code, nom_fr, ten_vi, name_en, purchase_category_id, stock_uom, recipe_uom, stock_to_recipe_factor, tare_weight_grams, tolerance_percent, wac_price, standard_price, yield_rate, min_stock, max_stock, safety_stock, is_import, track_lot, is_beverage, auto_po_group, is_active) VALUES ('NLP90023', 'NLP90023', 'Cafe hạt Javador 73 Italya', 'Cafe hạt Javador 73 Italya', 'Cafe hạt Javador 73 Italya', 'b3b4e57e-464d-562f-80ec-b216c92d5e88', 'KG', 'G', 1000, 0, 10.0, 308000.0, 308000.0, 100.0, 15.0, 50.0, 10.0, false, true, true, 'AUTO_PO', true) ON CONFLICT (id) DO UPDATE SET wac_price = EXCLUDED.wac_price, standard_price = EXCLUDED.standard_price, yield_rate = EXCLUDED.yield_rate;
INSERT INTO ingredients (id, code, nom_fr, ten_vi, name_en, purchase_category_id, stock_uom, recipe_uom, stock_to_recipe_factor, tare_weight_grams, tolerance_percent, wac_price, standard_price, yield_rate, min_stock, max_stock, safety_stock, is_import, track_lot, is_beverage, auto_po_group, is_active) VALUES ('NLP9003', 'NLP9003', 'Trà lipton túi lọc (25g/h)', 'Trà lipton túi lọc (25g/h)', 'Trà lipton túi lọc (25g/h)', 'b3b4e57e-464d-562f-80ec-b216c92d5e88', 'BOX', 'BOX', 1, 0, 5.0, 35000.0, 35000.0, 100.0, 15.0, 50.0, 10.0, false, true, true, 'AUTO_PO', true) ON CONFLICT (id) DO UPDATE SET wac_price = EXCLUDED.wac_price, standard_price = EXCLUDED.standard_price, yield_rate = EXCLUDED.yield_rate;
INSERT INTO ingredients (id, code, nom_fr, ten_vi, name_en, purchase_category_id, stock_uom, recipe_uom, stock_to_recipe_factor, tare_weight_grams, tolerance_percent, wac_price, standard_price, yield_rate, min_stock, max_stock, safety_stock, is_import, track_lot, is_beverage, auto_po_group, is_active) VALUES ('NLP9004', 'NLP9004', 'Trà Kim Anh (sen, nhài)', 'Trà Kim Anh (sen, nhài)', 'Trà Kim Anh (sen, nhài)', 'b3b4e57e-464d-562f-80ec-b216c92d5e88', 'BOX', 'BOX', 1, 0, 5.0, 25000.0, 25000.0, 100.0, 15.0, 50.0, 10.0, false, true, true, 'AUTO_PO', true) ON CONFLICT (id) DO UPDATE SET wac_price = EXCLUDED.wac_price, standard_price = EXCLUDED.standard_price, yield_rate = EXCLUDED.yield_rate;
INSERT INTO ingredients (id, code, nom_fr, ten_vi, name_en, purchase_category_id, stock_uom, recipe_uom, stock_to_recipe_factor, tare_weight_grams, tolerance_percent, wac_price, standard_price, yield_rate, min_stock, max_stock, safety_stock, is_import, track_lot, is_beverage, auto_po_group, is_active) VALUES ('NLP9005', 'NLP9005', 'Đường que', 'Đường que', 'Đường que', 'b3b4e57e-464d-562f-80ec-b216c92d5e88', 'PACK', 'PACK', 1, 0, 5.0, 13000.0, 13000.0, 100.0, 15.0, 50.0, 10.0, false, true, true, 'AUTO_PO', true) ON CONFLICT (id) DO UPDATE SET wac_price = EXCLUDED.wac_price, standard_price = EXCLUDED.standard_price, yield_rate = EXCLUDED.yield_rate;
INSERT INTO ingredients (id, code, nom_fr, ten_vi, name_en, purchase_category_id, stock_uom, recipe_uom, stock_to_recipe_factor, tare_weight_grams, tolerance_percent, wac_price, standard_price, yield_rate, min_stock, max_stock, safety_stock, is_import, track_lot, is_beverage, auto_po_group, is_active) VALUES ('NLP9006', 'NLP9006', 'Sữa đặc', 'Sữa đặc', 'Sữa đặc', 'b3b4e57e-464d-562f-80ec-b216c92d5e88', 'BOX', 'BOX', 1, 0, 5.0, 17788.0, 17788.0, 100.0, 15.0, 50.0, 10.0, false, true, true, 'AUTO_PO', true) ON CONFLICT (id) DO UPDATE SET wac_price = EXCLUDED.wac_price, standard_price = EXCLUDED.standard_price, yield_rate = EXCLUDED.yield_rate;
INSERT INTO ingredients (id, code, nom_fr, ten_vi, name_en, purchase_category_id, stock_uom, recipe_uom, stock_to_recipe_factor, tare_weight_grams, tolerance_percent, wac_price, standard_price, yield_rate, min_stock, max_stock, safety_stock, is_import, track_lot, is_beverage, auto_po_group, is_active) VALUES ('NLP9020', 'NLP9020', 'Trà gừng', 'Trà gừng', 'Trà gừng', 'b3b4e57e-464d-562f-80ec-b216c92d5e88', 'BOX', 'BOX', 1, 0, 5.0, 38000.0, 38000.0, 100.0, 15.0, 50.0, 10.0, false, true, true, 'AUTO_PO', true) ON CONFLICT (id) DO UPDATE SET wac_price = EXCLUDED.wac_price, standard_price = EXCLUDED.standard_price, yield_rate = EXCLUDED.yield_rate;
INSERT INTO ingredients (id, code, nom_fr, ten_vi, name_en, purchase_category_id, stock_uom, recipe_uom, stock_to_recipe_factor, tare_weight_grams, tolerance_percent, wac_price, standard_price, yield_rate, min_stock, max_stock, safety_stock, is_import, track_lot, is_beverage, auto_po_group, is_active) VALUES ('NLP9024', 'NLP9024', 'Trà Eargrey', 'Trà Eargrey', 'Trà Eargrey', 'b3b4e57e-464d-562f-80ec-b216c92d5e88', 'BOX', 'BOX', 1, 0, 5.0, 45000.0, 45000.0, 100.0, 15.0, 50.0, 10.0, false, true, true, 'AUTO_PO', true) ON CONFLICT (id) DO UPDATE SET wac_price = EXCLUDED.wac_price, standard_price = EXCLUDED.standard_price, yield_rate = EXCLUDED.yield_rate;
INSERT INTO ingredients (id, code, nom_fr, ten_vi, name_en, purchase_category_id, stock_uom, recipe_uom, stock_to_recipe_factor, tare_weight_grams, tolerance_percent, wac_price, standard_price, yield_rate, min_stock, max_stock, safety_stock, is_import, track_lot, is_beverage, auto_po_group, is_active) VALUES ('NLP9026', 'NLP9026', 'Trà hoa cúc', 'Trà hoa cúc', 'Trà hoa cúc', 'b3b4e57e-464d-562f-80ec-b216c92d5e88', 'BOX', 'BOX', 1, 0, 5.0, 110000.0, 110000.0, 100.0, 15.0, 50.0, 10.0, false, true, true, 'AUTO_PO', true) ON CONFLICT (id) DO UPDATE SET wac_price = EXCLUDED.wac_price, standard_price = EXCLUDED.standard_price, yield_rate = EXCLUDED.yield_rate;
INSERT INTO ingredients (id, code, nom_fr, ten_vi, name_en, purchase_category_id, stock_uom, recipe_uom, stock_to_recipe_factor, tare_weight_grams, tolerance_percent, wac_price, standard_price, yield_rate, min_stock, max_stock, safety_stock, is_import, track_lot, is_beverage, auto_po_group, is_active) VALUES ('NLP2011', 'NLP2011', 'Foie gras frozen fresh', 'Foie gras frozen fresh', 'Foie gras frozen fresh', '7f22ca72-c04e-5a95-a1b9-64c4e573cb76', 'KG', 'G', 1000, 0, 2.0, 1690000.0, 1690000.0, 100.0, 15.0, 50.0, 10.0, true, true, false, 'AUTO_PO', true) ON CONFLICT (id) DO UPDATE SET wac_price = EXCLUDED.wac_price, standard_price = EXCLUDED.standard_price, yield_rate = EXCLUDED.yield_rate;
INSERT INTO ingredients (id, code, nom_fr, ten_vi, name_en, purchase_category_id, stock_uom, recipe_uom, stock_to_recipe_factor, tare_weight_grams, tolerance_percent, wac_price, standard_price, yield_rate, min_stock, max_stock, safety_stock, is_import, track_lot, is_beverage, auto_po_group, is_active) VALUES ('NLP3008', 'NLP3008', 'Anchor Unsalted creamy butter (4x5kg)', 'Anchor Unsalted creamy butter (4x5kg)', 'Anchor Unsalted creamy butter (4x5kg)', '2cca3ed1-29e5-51f3-be0a-3037c3e177fd', 'KG', 'G', 1000, 0, 2.0, 249736.0, 249736.0, 100.0, 15.0, 50.0, 10.0, true, true, false, 'AUTO_PO', true) ON CONFLICT (id) DO UPDATE SET wac_price = EXCLUDED.wac_price, standard_price = EXCLUDED.standard_price, yield_rate = EXCLUDED.yield_rate;
INSERT INTO ingredients (id, code, nom_fr, ten_vi, name_en, purchase_category_id, stock_uom, recipe_uom, stock_to_recipe_factor, tare_weight_grams, tolerance_percent, wac_price, standard_price, yield_rate, min_stock, max_stock, safety_stock, is_import, track_lot, is_beverage, auto_po_group, is_active) VALUES ('NLP3015', 'NLP3015', 'Kem sữa Tatua 1L ( Tatua Whipping cream )', 'Kem sữa Tatua 1L ( Tatua Whipping cream )', 'Kem sữa Tatua 1L ( Tatua Whipping cream )', '2cca3ed1-29e5-51f3-be0a-3037c3e177fd', 'BOX', 'G', 1000, 0, 2.0, 135000.0, 135000.0, 100.0, 15.0, 50.0, 10.0, true, true, false, 'AUTO_PO', true) ON CONFLICT (id) DO UPDATE SET wac_price = EXCLUDED.wac_price, standard_price = EXCLUDED.standard_price, yield_rate = EXCLUDED.yield_rate;
INSERT INTO ingredients (id, code, nom_fr, ten_vi, name_en, purchase_category_id, stock_uom, recipe_uom, stock_to_recipe_factor, tare_weight_grams, tolerance_percent, wac_price, standard_price, yield_rate, min_stock, max_stock, safety_stock, is_import, track_lot, is_beverage, auto_po_group, is_active) VALUES ('NLP4002', 'NLP4002', 'Dark Chocolate', 'Dark Chocolate', 'Dark Chocolate', 'bf200869-b2aa-5a0e-a314-0e8521a1a74d', 'KG', 'G', 1000, 0, 2.0, 197000.0, 197000.0, 100.0, 15.0, 50.0, 10.0, true, true, false, 'AUTO_PO', true) ON CONFLICT (id) DO UPDATE SET wac_price = EXCLUDED.wac_price, standard_price = EXCLUDED.standard_price, yield_rate = EXCLUDED.yield_rate;
INSERT INTO ingredients (id, code, nom_fr, ten_vi, name_en, purchase_category_id, stock_uom, recipe_uom, stock_to_recipe_factor, tare_weight_grams, tolerance_percent, wac_price, standard_price, yield_rate, min_stock, max_stock, safety_stock, is_import, track_lot, is_beverage, auto_po_group, is_active) VALUES ('NVLC10011', 'NVLC10011', 'Beef Tenderloin (Australia)', 'Beef Tenderloin (Australia)', 'Beef Tenderloin (Australia)', '7f22ca72-c04e-5a95-a1b9-64c4e573cb76', 'KG', 'G', 1000, 0, 2.0, 609000.0, 609000.0, 100.0, 15.0, 50.0, 10.0, true, true, false, 'AUTO_PO', true) ON CONFLICT (id) DO UPDATE SET wac_price = EXCLUDED.wac_price, standard_price = EXCLUDED.standard_price, yield_rate = EXCLUDED.yield_rate;
INSERT INTO ingredients (id, code, nom_fr, ten_vi, name_en, purchase_category_id, stock_uom, recipe_uom, stock_to_recipe_factor, tare_weight_grams, tolerance_percent, wac_price, standard_price, yield_rate, min_stock, max_stock, safety_stock, is_import, track_lot, is_beverage, auto_po_group, is_active) VALUES ('NVLC10024', 'NVLC10024', 'Rib eye Wagyu', 'Rib eye Wagyu', 'Rib eye Wagyu', '7f22ca72-c04e-5a95-a1b9-64c4e573cb76', 'KG', 'G', 1000, 0, 2.0, 2128000.0, 2128000.0, 100.0, 15.0, 50.0, 10.0, true, true, false, 'AUTO_PO', true) ON CONFLICT (id) DO UPDATE SET wac_price = EXCLUDED.wac_price, standard_price = EXCLUDED.standard_price, yield_rate = EXCLUDED.yield_rate;
INSERT INTO ingredients (id, code, nom_fr, ten_vi, name_en, purchase_category_id, stock_uom, recipe_uom, stock_to_recipe_factor, tare_weight_grams, tolerance_percent, wac_price, standard_price, yield_rate, min_stock, max_stock, safety_stock, is_import, track_lot, is_beverage, auto_po_group, is_active) VALUES ('NVLC10025', 'NVLC10025', 'Ribeye Angus', 'Ribeye Angus', 'Ribeye Angus', '7f22ca72-c04e-5a95-a1b9-64c4e573cb76', 'KG', 'G', 1000, 0, 2.0, 1113000.0, 1113000.0, 100.0, 15.0, 50.0, 10.0, true, true, false, 'AUTO_PO', true) ON CONFLICT (id) DO UPDATE SET wac_price = EXCLUDED.wac_price, standard_price = EXCLUDED.standard_price, yield_rate = EXCLUDED.yield_rate;
INSERT INTO ingredients (id, code, nom_fr, ten_vi, name_en, purchase_category_id, stock_uom, recipe_uom, stock_to_recipe_factor, tare_weight_grams, tolerance_percent, wac_price, standard_price, yield_rate, min_stock, max_stock, safety_stock, is_import, track_lot, is_beverage, auto_po_group, is_active) VALUES ('NVLC1003', 'NVLC1003', 'Rib eye (Australia)', 'Rib eye (Australia)', 'Rib eye (Australia)', '7f22ca72-c04e-5a95-a1b9-64c4e573cb76', 'KG', 'G', 1000, 0, 2.0, 882000.0, 882000.0, 100.0, 15.0, 50.0, 10.0, true, true, false, 'AUTO_PO', true) ON CONFLICT (id) DO UPDATE SET wac_price = EXCLUDED.wac_price, standard_price = EXCLUDED.standard_price, yield_rate = EXCLUDED.yield_rate;
INSERT INTO ingredients (id, code, nom_fr, ten_vi, name_en, purchase_category_id, stock_uom, recipe_uom, stock_to_recipe_factor, tare_weight_grams, tolerance_percent, wac_price, standard_price, yield_rate, min_stock, max_stock, safety_stock, is_import, track_lot, is_beverage, auto_po_group, is_active) VALUES ('NVLC1019', 'NVLC1019', 'Beef Cheek - Má bò', 'Beef Cheek - Má bò', 'Beef Cheek - Má bò', '7f22ca72-c04e-5a95-a1b9-64c4e573cb76', 'KG', 'G', 1000, 0, 2.0, 371280.0, 371280.0, 100.0, 15.0, 50.0, 10.0, false, true, false, 'AUTO_PO', true) ON CONFLICT (id) DO UPDATE SET wac_price = EXCLUDED.wac_price, standard_price = EXCLUDED.standard_price, yield_rate = EXCLUDED.yield_rate;
INSERT INTO ingredients (id, code, nom_fr, ten_vi, name_en, purchase_category_id, stock_uom, recipe_uom, stock_to_recipe_factor, tare_weight_grams, tolerance_percent, wac_price, standard_price, yield_rate, min_stock, max_stock, safety_stock, is_import, track_lot, is_beverage, auto_po_group, is_active) VALUES ('NVLC3001', 'NVLC3001', 'Pork shoulder', 'Pork shoulder', 'Pork shoulder', '7f22ca72-c04e-5a95-a1b9-64c4e573cb76', 'KG', 'G', 1000, 0, 2.0, 101850.0, 101850.0, 100.0, 15.0, 50.0, 10.0, false, true, false, 'AUTO_PO', true) ON CONFLICT (id) DO UPDATE SET wac_price = EXCLUDED.wac_price, standard_price = EXCLUDED.standard_price, yield_rate = EXCLUDED.yield_rate;
INSERT INTO ingredients (id, code, nom_fr, ten_vi, name_en, purchase_category_id, stock_uom, recipe_uom, stock_to_recipe_factor, tare_weight_grams, tolerance_percent, wac_price, standard_price, yield_rate, min_stock, max_stock, safety_stock, is_import, track_lot, is_beverage, auto_po_group, is_active) VALUES ('NVLC4002', 'NVLC4002', 'Duck breast', 'Duck breast', 'Duck breast', '7f22ca72-c04e-5a95-a1b9-64c4e573cb76', 'KG', 'G', 1000, 0, 2.0, 260000.0, 260000.0, 100.0, 15.0, 50.0, 10.0, false, true, false, 'AUTO_PO', true) ON CONFLICT (id) DO UPDATE SET wac_price = EXCLUDED.wac_price, standard_price = EXCLUDED.standard_price, yield_rate = EXCLUDED.yield_rate;
INSERT INTO ingredients (id, code, nom_fr, ten_vi, name_en, purchase_category_id, stock_uom, recipe_uom, stock_to_recipe_factor, tare_weight_grams, tolerance_percent, wac_price, standard_price, yield_rate, min_stock, max_stock, safety_stock, is_import, track_lot, is_beverage, auto_po_group, is_active) VALUES ('NVLC4010', 'NVLC4010', 'Chicken leg', 'Chicken leg', 'Chicken leg', '7f22ca72-c04e-5a95-a1b9-64c4e573cb76', 'KG', 'G', 1000, 0, 2.0, 85000.0, 85000.0, 100.0, 15.0, 50.0, 10.0, false, true, false, 'AUTO_PO', true) ON CONFLICT (id) DO UPDATE SET wac_price = EXCLUDED.wac_price, standard_price = EXCLUDED.standard_price, yield_rate = EXCLUDED.yield_rate;
INSERT INTO ingredients (id, code, nom_fr, ten_vi, name_en, purchase_category_id, stock_uom, recipe_uom, stock_to_recipe_factor, tare_weight_grams, tolerance_percent, wac_price, standard_price, yield_rate, min_stock, max_stock, safety_stock, is_import, track_lot, is_beverage, auto_po_group, is_active) VALUES ('NVLC5001', 'NVLC5001', 'Salmon fillet', 'Salmon fillet', 'Salmon fillet', '30c427bf-d412-516b-b5dc-7022fe29971a', 'KG', 'G', 1000, 0, 2.0, 550000.0, 550000.0, 100.0, 15.0, 50.0, 10.0, true, true, false, 'AUTO_PO', true) ON CONFLICT (id) DO UPDATE SET wac_price = EXCLUDED.wac_price, standard_price = EXCLUDED.standard_price, yield_rate = EXCLUDED.yield_rate;
INSERT INTO ingredients (id, code, nom_fr, ten_vi, name_en, purchase_category_id, stock_uom, recipe_uom, stock_to_recipe_factor, tare_weight_grams, tolerance_percent, wac_price, standard_price, yield_rate, min_stock, max_stock, safety_stock, is_import, track_lot, is_beverage, auto_po_group, is_active) VALUES ('NVLC5005', 'NVLC5005', 'Sea bass fillet', 'Sea bass fillet', 'Sea bass fillet', '30c427bf-d412-516b-b5dc-7022fe29971a', 'KG', 'G', 1000, 0, 2.0, 300000.0, 300000.0, 100.0, 15.0, 50.0, 10.0, false, true, false, 'AUTO_PO', true) ON CONFLICT (id) DO UPDATE SET wac_price = EXCLUDED.wac_price, standard_price = EXCLUDED.standard_price, yield_rate = EXCLUDED.yield_rate;
INSERT INTO ingredients (id, code, nom_fr, ten_vi, name_en, purchase_category_id, stock_uom, recipe_uom, stock_to_recipe_factor, tare_weight_grams, tolerance_percent, wac_price, standard_price, yield_rate, min_stock, max_stock, safety_stock, is_import, track_lot, is_beverage, auto_po_group, is_active) VALUES ('NVLC5015', 'NVLC5015', 'Ca Tra fillet', 'Ca Tra fillet', 'Ca Tra fillet', '30c427bf-d412-516b-b5dc-7022fe29971a', 'KG', 'G', 1000, 0, 2.0, 126500.0, 126500.0, 100.0, 15.0, 50.0, 10.0, false, true, false, 'AUTO_PO', true) ON CONFLICT (id) DO UPDATE SET wac_price = EXCLUDED.wac_price, standard_price = EXCLUDED.standard_price, yield_rate = EXCLUDED.yield_rate;
INSERT INTO ingredients (id, code, nom_fr, ten_vi, name_en, purchase_category_id, stock_uom, recipe_uom, stock_to_recipe_factor, tare_weight_grams, tolerance_percent, wac_price, standard_price, yield_rate, min_stock, max_stock, safety_stock, is_import, track_lot, is_beverage, auto_po_group, is_active) VALUES ('NVLC5020', 'NVLC5020', 'Cod fish', 'Cod fish', 'Cod fish', '30c427bf-d412-516b-b5dc-7022fe29971a', 'KG', 'G', 1000, 0, 2.0, 1207500.0, 1207500.0, 100.0, 15.0, 50.0, 10.0, true, true, false, 'AUTO_PO', true) ON CONFLICT (id) DO UPDATE SET wac_price = EXCLUDED.wac_price, standard_price = EXCLUDED.standard_price, yield_rate = EXCLUDED.yield_rate;
INSERT INTO ingredients (id, code, nom_fr, ten_vi, name_en, purchase_category_id, stock_uom, recipe_uom, stock_to_recipe_factor, tare_weight_grams, tolerance_percent, wac_price, standard_price, yield_rate, min_stock, max_stock, safety_stock, is_import, track_lot, is_beverage, auto_po_group, is_active) VALUES ('NVLC5022', 'NVLC5022', 'Tuna Fillet', 'Tuna Fillet', 'Tuna Fillet', '30c427bf-d412-516b-b5dc-7022fe29971a', 'KG', 'G', 1000, 0, 2.0, 580000.0, 580000.0, 100.0, 15.0, 50.0, 10.0, false, true, false, 'AUTO_PO', true) ON CONFLICT (id) DO UPDATE SET wac_price = EXCLUDED.wac_price, standard_price = EXCLUDED.standard_price, yield_rate = EXCLUDED.yield_rate;
INSERT INTO ingredients (id, code, nom_fr, ten_vi, name_en, purchase_category_id, stock_uom, recipe_uom, stock_to_recipe_factor, tare_weight_grams, tolerance_percent, wac_price, standard_price, yield_rate, min_stock, max_stock, safety_stock, is_import, track_lot, is_beverage, auto_po_group, is_active) VALUES ('NVLC60021', 'NVLC60021', 'Scallope (10)', 'Scallope (10)', 'Scallope (10)', '30c427bf-d412-516b-b5dc-7022fe29971a', 'KG', 'G', 1000, 0, 2.0, 840000.0, 840000.0, 100.0, 15.0, 50.0, 10.0, true, true, false, 'AUTO_PO', true) ON CONFLICT (id) DO UPDATE SET wac_price = EXCLUDED.wac_price, standard_price = EXCLUDED.standard_price, yield_rate = EXCLUDED.yield_rate;
INSERT INTO ingredients (id, code, nom_fr, ten_vi, name_en, purchase_category_id, stock_uom, recipe_uom, stock_to_recipe_factor, tare_weight_grams, tolerance_percent, wac_price, standard_price, yield_rate, min_stock, max_stock, safety_stock, is_import, track_lot, is_beverage, auto_po_group, is_active) VALUES ('NVLC6005', 'NVLC6005', 'Prawn 31-40 (425g/ túi)', 'Prawn 31-40 (425g/ túi)', 'Prawn 31-40 (425g/ túi)', '30c427bf-d412-516b-b5dc-7022fe29971a', 'KG', 'G', 1000, 0, 2.0, 200000.0, 200000.0, 100.0, 15.0, 50.0, 10.0, false, true, false, 'AUTO_PO', true) ON CONFLICT (id) DO UPDATE SET wac_price = EXCLUDED.wac_price, standard_price = EXCLUDED.standard_price, yield_rate = EXCLUDED.yield_rate;
INSERT INTO ingredients (id, code, nom_fr, ten_vi, name_en, purchase_category_id, stock_uom, recipe_uom, stock_to_recipe_factor, tare_weight_grams, tolerance_percent, wac_price, standard_price, yield_rate, min_stock, max_stock, safety_stock, is_import, track_lot, is_beverage, auto_po_group, is_active) VALUES ('NVLC6007', 'NVLC6007', 'Escargot in tin 800gr', 'Escargot in tin 800gr', 'Escargot in tin 800gr', '30c427bf-d412-516b-b5dc-7022fe29971a', 'BOX', 'G', 800, 0, 2.0, 547800.0, 547800.0, 100.0, 15.0, 50.0, 10.0, true, true, false, 'AUTO_PO', true) ON CONFLICT (id) DO UPDATE SET wac_price = EXCLUDED.wac_price, standard_price = EXCLUDED.standard_price, yield_rate = EXCLUDED.yield_rate;
INSERT INTO ingredients (id, code, nom_fr, ten_vi, name_en, purchase_category_id, stock_uom, recipe_uom, stock_to_recipe_factor, tare_weight_grams, tolerance_percent, wac_price, standard_price, yield_rate, min_stock, max_stock, safety_stock, is_import, track_lot, is_beverage, auto_po_group, is_active) VALUES ('NVLC6017', 'NVLC6017', 'Octopus', 'Octopus', 'Octopus', '30c427bf-d412-516b-b5dc-7022fe29971a', 'KG', 'G', 1000, 0, 2.0, 250000.0, 250000.0, 100.0, 15.0, 50.0, 10.0, false, true, false, 'AUTO_PO', true) ON CONFLICT (id) DO UPDATE SET wac_price = EXCLUDED.wac_price, standard_price = EXCLUDED.standard_price, yield_rate = EXCLUDED.yield_rate;
INSERT INTO ingredients (id, code, nom_fr, ten_vi, name_en, purchase_category_id, stock_uom, recipe_uom, stock_to_recipe_factor, tare_weight_grams, tolerance_percent, wac_price, standard_price, yield_rate, min_stock, max_stock, safety_stock, is_import, track_lot, is_beverage, auto_po_group, is_active) VALUES ('NVLC6030', 'NVLC6030', 'Escargots Bourgogne', 'Escargots Bourgogne', 'Escargots Bourgogne', '30c427bf-d412-516b-b5dc-7022fe29971a', 'KG', 'G', 1000, 0, 2.0, 650000.0, 650000.0, 100.0, 15.0, 50.0, 10.0, true, true, false, 'AUTO_PO', true) ON CONFLICT (id) DO UPDATE SET wac_price = EXCLUDED.wac_price, standard_price = EXCLUDED.standard_price, yield_rate = EXCLUDED.yield_rate;

-- 6. Seed Supplier Ingredients (Price list)

-- 5b. Seeding missing ingredients added from physical opening count 01/06/2026
INSERT INTO ingredients (id, code, nom_fr, ten_vi, name_en, purchase_category_id, stock_uom, recipe_uom, stock_to_recipe_factor, tare_weight_grams, tolerance_percent, wac_price, standard_price, yield_rate, min_stock, max_stock, safety_stock, is_import, track_lot, is_beverage, auto_po_group, is_active) VALUES ('NVLC1001', 'NVLC1001', 'Beef Tenderloin', 'Beef Tenderloin', 'Beef Tenderloin', (SELECT id FROM purchase_categories WHERE code = 'MEAT' LIMIT 1), 'KG', 'G', 1000, 0, 5.0, 0.0, 0.0, 100.0, 0.0, 0.0, 0.0, false, false, false, 'AUTO_PO', true) ON CONFLICT (id) DO NOTHING;
INSERT INTO ingredients (id, code, nom_fr, ten_vi, name_en, purchase_category_id, stock_uom, recipe_uom, stock_to_recipe_factor, tare_weight_grams, tolerance_percent, wac_price, standard_price, yield_rate, min_stock, max_stock, safety_stock, is_import, track_lot, is_beverage, auto_po_group, is_active) VALUES ('NVLC1002', 'NVLC1002', 'Rib eye (USA)', 'Rib eye (USA)', 'Rib eye (USA)', (SELECT id FROM purchase_categories WHERE code = 'MEAT' LIMIT 1), 'KG', 'G', 1000, 0, 5.0, 700000.0, 700000.0, 100.0, 0.0, 0.0, 0.0, false, false, false, 'AUTO_PO', true) ON CONFLICT (id) DO NOTHING;
INSERT INTO ingredients (id, code, nom_fr, ten_vi, name_en, purchase_category_id, stock_uom, recipe_uom, stock_to_recipe_factor, tare_weight_grams, tolerance_percent, wac_price, standard_price, yield_rate, min_stock, max_stock, safety_stock, is_import, track_lot, is_beverage, auto_po_group, is_active) VALUES ('NVLC10021', 'NVLC10021', 'Beef steak fuji', 'Beef steak fuji', 'Beef steak fuji', (SELECT id FROM purchase_categories WHERE code = 'MEAT' LIMIT 1), 'KG', 'G', 1000, 0, 5.0, 0.0, 0.0, 100.0, 0.0, 0.0, 0.0, false, false, false, 'AUTO_PO', true) ON CONFLICT (id) DO NOTHING;
INSERT INTO ingredients (id, code, nom_fr, ten_vi, name_en, purchase_category_id, stock_uom, recipe_uom, stock_to_recipe_factor, tare_weight_grams, tolerance_percent, wac_price, standard_price, yield_rate, min_stock, max_stock, safety_stock, is_import, track_lot, is_beverage, auto_po_group, is_active) VALUES ('NVLC10022', 'NVLC10022', 'Knuckle Wagyu', 'Knuckle Wagyu', 'Knuckle Wagyu', (SELECT id FROM purchase_categories WHERE code = 'MEAT' LIMIT 1), 'KG', 'G', 1000, 0, 5.0, 371280.0, 371280.0, 100.0, 0.0, 0.0, 0.0, false, false, false, 'AUTO_PO', true) ON CONFLICT (id) DO NOTHING;
INSERT INTO ingredients (id, code, nom_fr, ten_vi, name_en, purchase_category_id, stock_uom, recipe_uom, stock_to_recipe_factor, tare_weight_grams, tolerance_percent, wac_price, standard_price, yield_rate, min_stock, max_stock, safety_stock, is_import, track_lot, is_beverage, auto_po_group, is_active) VALUES ('NVLC10023', 'NVLC10023', 'US Striploin', 'US Striploin', 'US Striploin', (SELECT id FROM purchase_categories WHERE code = 'MEAT' LIMIT 1), 'KG', 'G', 1000, 0, 5.0, 480000.0, 480000.0, 100.0, 0.0, 0.0, 0.0, false, false, false, 'AUTO_PO', true) ON CONFLICT (id) DO NOTHING;
INSERT INTO ingredients (id, code, nom_fr, ten_vi, name_en, purchase_category_id, stock_uom, recipe_uom, stock_to_recipe_factor, tare_weight_grams, tolerance_percent, wac_price, standard_price, yield_rate, min_stock, max_stock, safety_stock, is_import, track_lot, is_beverage, auto_po_group, is_active) VALUES ('NVLC1004', 'NVLC1004', 'Rib eye (Newzeland)', 'Rib eye (Newzeland)', 'Rib eye (Newzeland)', (SELECT id FROM purchase_categories WHERE code = 'MEAT' LIMIT 1), 'KG', 'G', 1000, 0, 5.0, 278000.0, 278000.0, 100.0, 0.0, 0.0, 0.0, false, false, false, 'AUTO_PO', true) ON CONFLICT (id) DO NOTHING;
INSERT INTO ingredients (id, code, nom_fr, ten_vi, name_en, purchase_category_id, stock_uom, recipe_uom, stock_to_recipe_factor, tare_weight_grams, tolerance_percent, wac_price, standard_price, yield_rate, min_stock, max_stock, safety_stock, is_import, track_lot, is_beverage, auto_po_group, is_active) VALUES ('NVLC10041', 'NVLC10041', 'Beef op rib', 'Beef op rib', 'Beef op rib', (SELECT id FROM purchase_categories WHERE code = 'MEAT' LIMIT 1), 'KG', 'G', 1000, 0, 5.0, 651333.0, 651333.0, 100.0, 0.0, 0.0, 0.0, false, false, false, 'AUTO_PO', true) ON CONFLICT (id) DO NOTHING;
INSERT INTO ingredients (id, code, nom_fr, ten_vi, name_en, purchase_category_id, stock_uom, recipe_uom, stock_to_recipe_factor, tare_weight_grams, tolerance_percent, wac_price, standard_price, yield_rate, min_stock, max_stock, safety_stock, is_import, track_lot, is_beverage, auto_po_group, is_active) VALUES ('NVLC1010', 'NVLC1010', 'T bone', 'T bone', 'T bone', (SELECT id FROM purchase_categories WHERE code = 'MEAT' LIMIT 1), 'KG', 'G', 1000, 0, 5.0, 720000.0, 720000.0, 100.0, 0.0, 0.0, 0.0, false, false, false, 'AUTO_PO', true) ON CONFLICT (id) DO NOTHING;
INSERT INTO ingredients (id, code, nom_fr, ten_vi, name_en, purchase_category_id, stock_uom, recipe_uom, stock_to_recipe_factor, tare_weight_grams, tolerance_percent, wac_price, standard_price, yield_rate, min_stock, max_stock, safety_stock, is_import, track_lot, is_beverage, auto_po_group, is_active) VALUES ('NVLC1011', 'NVLC1011', 'Top Blade', 'Top Blade', 'Top Blade', (SELECT id FROM purchase_categories WHERE code = 'MEAT' LIMIT 1), 'KG', 'G', 1000, 0, 5.0, 300000.0, 300000.0, 100.0, 0.0, 0.0, 0.0, false, false, false, 'AUTO_PO', true) ON CONFLICT (id) DO NOTHING;
INSERT INTO ingredients (id, code, nom_fr, ten_vi, name_en, purchase_category_id, stock_uom, recipe_uom, stock_to_recipe_factor, tare_weight_grams, tolerance_percent, wac_price, standard_price, yield_rate, min_stock, max_stock, safety_stock, is_import, track_lot, is_beverage, auto_po_group, is_active) VALUES ('NVLC1012', 'NVLC1012', 'Short rib', 'Short rib', 'Short rib', (SELECT id FROM purchase_categories WHERE code = 'MEAT' LIMIT 1), 'KG', 'G', 1000, 0, 5.0, 535500.0, 535500.0, 100.0, 0.0, 0.0, 0.0, false, false, false, 'AUTO_PO', true) ON CONFLICT (id) DO NOTHING;
INSERT INTO ingredients (id, code, nom_fr, ten_vi, name_en, purchase_category_id, stock_uom, recipe_uom, stock_to_recipe_factor, tare_weight_grams, tolerance_percent, wac_price, standard_price, yield_rate, min_stock, max_stock, safety_stock, is_import, track_lot, is_beverage, auto_po_group, is_active) VALUES ('NVLC10121', 'NVLC10121', 'Short rib boneless', 'Short rib boneless', 'Short rib boneless', (SELECT id FROM purchase_categories WHERE code = 'MEAT' LIMIT 1), 'KG', 'G', 1000, 0, 5.0, 950000.0, 950000.0, 100.0, 0.0, 0.0, 0.0, false, false, false, 'AUTO_PO', true) ON CONFLICT (id) DO NOTHING;
INSERT INTO ingredients (id, code, nom_fr, ten_vi, name_en, purchase_category_id, stock_uom, recipe_uom, stock_to_recipe_factor, tare_weight_grams, tolerance_percent, wac_price, standard_price, yield_rate, min_stock, max_stock, safety_stock, is_import, track_lot, is_beverage, auto_po_group, is_active) VALUES ('NVLC1016', 'NVLC1016', 'Chuck roll US', 'Chuck roll US', 'Chuck roll US', (SELECT id FROM purchase_categories WHERE code = 'MEAT' LIMIT 1), 'KG', 'G', 1000, 0, 5.0, 340000.0, 340000.0, 100.0, 0.0, 0.0, 0.0, false, false, false, 'AUTO_PO', true) ON CONFLICT (id) DO NOTHING;
INSERT INTO ingredients (id, code, nom_fr, ten_vi, name_en, purchase_category_id, stock_uom, recipe_uom, stock_to_recipe_factor, tare_weight_grams, tolerance_percent, wac_price, standard_price, yield_rate, min_stock, max_stock, safety_stock, is_import, track_lot, is_beverage, auto_po_group, is_active) VALUES ('NVLC1018', 'NVLC1018', 'T-bone', 'T-bone', 'T-bone', (SELECT id FROM purchase_categories WHERE code = 'MEAT' LIMIT 1), 'KG', 'G', 1000, 0, 5.0, 176000.0, 176000.0, 100.0, 0.0, 0.0, 0.0, false, false, false, 'AUTO_PO', true) ON CONFLICT (id) DO NOTHING;
INSERT INTO ingredients (id, code, nom_fr, ten_vi, name_en, purchase_category_id, stock_uom, recipe_uom, stock_to_recipe_factor, tare_weight_grams, tolerance_percent, wac_price, standard_price, yield_rate, min_stock, max_stock, safety_stock, is_import, track_lot, is_beverage, auto_po_group, is_active) VALUES ('NVLC1020', 'NVLC1020', 'Tomahawk - Sườn bò', 'Tomahawk - Sườn bò', 'Tomahawk - Sườn bò', (SELECT id FROM purchase_categories WHERE code = 'MEAT' LIMIT 1), 'KG', 'G', 1000, 0, 5.0, 810000.0, 810000.0, 100.0, 0.0, 0.0, 0.0, false, false, false, 'AUTO_PO', true) ON CONFLICT (id) DO NOTHING;
INSERT INTO ingredients (id, code, nom_fr, ten_vi, name_en, purchase_category_id, stock_uom, recipe_uom, stock_to_recipe_factor, tare_weight_grams, tolerance_percent, wac_price, standard_price, yield_rate, min_stock, max_stock, safety_stock, is_import, track_lot, is_beverage, auto_po_group, is_active) VALUES ('NVLC2001', 'NVLC2001', 'Lamb rack', 'Lamb rack', 'Lamb rack', (SELECT id FROM purchase_categories WHERE code = 'MEAT' LIMIT 1), 'KG', 'G', 1000, 0, 5.0, 835000.0, 835000.0, 100.0, 0.0, 0.0, 0.0, false, false, false, 'AUTO_PO', true) ON CONFLICT (id) DO NOTHING;
INSERT INTO ingredients (id, code, nom_fr, ten_vi, name_en, purchase_category_id, stock_uom, recipe_uom, stock_to_recipe_factor, tare_weight_grams, tolerance_percent, wac_price, standard_price, yield_rate, min_stock, max_stock, safety_stock, is_import, track_lot, is_beverage, auto_po_group, is_active) VALUES ('NVLC2002', 'NVLC2002', 'Lamb shanks', 'Lamb shanks', 'Lamb shanks', (SELECT id FROM purchase_categories WHERE code = 'MEAT' LIMIT 1), 'PIECE', 'PIECE', 1, 0, 5.0, 107625.0, 107625.0, 100.0, 0.0, 0.0, 0.0, false, false, false, 'AUTO_PO', true) ON CONFLICT (id) DO NOTHING;
INSERT INTO ingredients (id, code, nom_fr, ten_vi, name_en, purchase_category_id, stock_uom, recipe_uom, stock_to_recipe_factor, tare_weight_grams, tolerance_percent, wac_price, standard_price, yield_rate, min_stock, max_stock, safety_stock, is_import, track_lot, is_beverage, auto_po_group, is_active) VALUES ('NVLC2003', 'NVLC2003', 'Lamb leg boneless', 'Lamb leg boneless', 'Lamb leg boneless', (SELECT id FROM purchase_categories WHERE code = 'MEAT' LIMIT 1), 'KG', 'G', 1000, 0, 5.0, 360000.0, 360000.0, 100.0, 0.0, 0.0, 0.0, false, false, false, 'AUTO_PO', true) ON CONFLICT (id) DO NOTHING;
INSERT INTO ingredients (id, code, nom_fr, ten_vi, name_en, purchase_category_id, stock_uom, recipe_uom, stock_to_recipe_factor, tare_weight_grams, tolerance_percent, wac_price, standard_price, yield_rate, min_stock, max_stock, safety_stock, is_import, track_lot, is_beverage, auto_po_group, is_active) VALUES ('NVLC20031', 'NVLC20031', 'Lamb leg', 'Lamb leg', 'Lamb leg', (SELECT id FROM purchase_categories WHERE code = 'MEAT' LIMIT 1), 'KG', 'G', 1000, 0, 5.0, 220000.0, 220000.0, 100.0, 0.0, 0.0, 0.0, false, false, false, 'AUTO_PO', true) ON CONFLICT (id) DO NOTHING;
INSERT INTO ingredients (id, code, nom_fr, ten_vi, name_en, purchase_category_id, stock_uom, recipe_uom, stock_to_recipe_factor, tare_weight_grams, tolerance_percent, wac_price, standard_price, yield_rate, min_stock, max_stock, safety_stock, is_import, track_lot, is_beverage, auto_po_group, is_active) VALUES ('NVLC2004', 'NVLC2004', 'Lamb tenderloin', 'Lamb tenderloin', 'Lamb tenderloin', (SELECT id FROM purchase_categories WHERE code = 'MEAT' LIMIT 1), 'KG', 'G', 1000, 0, 5.0, 520000.0, 520000.0, 100.0, 0.0, 0.0, 0.0, false, false, false, 'AUTO_PO', true) ON CONFLICT (id) DO NOTHING;
INSERT INTO ingredients (id, code, nom_fr, ten_vi, name_en, purchase_category_id, stock_uom, recipe_uom, stock_to_recipe_factor, tare_weight_grams, tolerance_percent, wac_price, standard_price, yield_rate, min_stock, max_stock, safety_stock, is_import, track_lot, is_beverage, auto_po_group, is_active) VALUES ('NVLC3002', 'NVLC3002', 'Pork Loin', 'Pork Loin', 'Pork Loin', (SELECT id FROM purchase_categories WHERE code = 'MEAT' LIMIT 1), 'KG', 'G', 1000, 0, 5.0, 150000.0, 150000.0, 100.0, 0.0, 0.0, 0.0, false, false, false, 'AUTO_PO', true) ON CONFLICT (id) DO NOTHING;
INSERT INTO ingredients (id, code, nom_fr, ten_vi, name_en, purchase_category_id, stock_uom, recipe_uom, stock_to_recipe_factor, tare_weight_grams, tolerance_percent, wac_price, standard_price, yield_rate, min_stock, max_stock, safety_stock, is_import, track_lot, is_beverage, auto_po_group, is_active) VALUES ('NVLC3003', 'NVLC3003', 'Pork belly', 'Pork belly', 'Pork belly', (SELECT id FROM purchase_categories WHERE code = 'MEAT' LIMIT 1), 'KG', 'G', 1000, 0, 5.0, 150000.0, 150000.0, 100.0, 0.0, 0.0, 0.0, false, false, false, 'AUTO_PO', true) ON CONFLICT (id) DO NOTHING;
INSERT INTO ingredients (id, code, nom_fr, ten_vi, name_en, purchase_category_id, stock_uom, recipe_uom, stock_to_recipe_factor, tare_weight_grams, tolerance_percent, wac_price, standard_price, yield_rate, min_stock, max_stock, safety_stock, is_import, track_lot, is_beverage, auto_po_group, is_active) VALUES ('NVLC3006', 'NVLC3006', 'Pork Rib', 'Pork Rib', 'Pork Rib', (SELECT id FROM purchase_categories WHERE code = 'MEAT' LIMIT 1), 'KG', 'G', 1000, 0, 5.0, 100000.0, 100000.0, 100.0, 0.0, 0.0, 0.0, false, false, false, 'AUTO_PO', true) ON CONFLICT (id) DO NOTHING;
INSERT INTO ingredients (id, code, nom_fr, ten_vi, name_en, purchase_category_id, stock_uom, recipe_uom, stock_to_recipe_factor, tare_weight_grams, tolerance_percent, wac_price, standard_price, yield_rate, min_stock, max_stock, safety_stock, is_import, track_lot, is_beverage, auto_po_group, is_active) VALUES ('NVLC3008', 'NVLC3008', 'Iberico Pork Fillet', 'Iberico Pork Fillet', 'Iberico Pork Fillet', (SELECT id FROM purchase_categories WHERE code = 'MEAT' LIMIT 1), 'KG', 'G', 1000, 0, 5.0, 657000.0, 657000.0, 100.0, 0.0, 0.0, 0.0, false, false, false, 'AUTO_PO', true) ON CONFLICT (id) DO NOTHING;
INSERT INTO ingredients (id, code, nom_fr, ten_vi, name_en, purchase_category_id, stock_uom, recipe_uom, stock_to_recipe_factor, tare_weight_grams, tolerance_percent, wac_price, standard_price, yield_rate, min_stock, max_stock, safety_stock, is_import, track_lot, is_beverage, auto_po_group, is_active) VALUES ('NVLC4001', 'NVLC4001', 'Duck leg', 'Duck leg', 'Duck leg', (SELECT id FROM purchase_categories WHERE code = 'MEAT' LIMIT 1), 'KG', 'G', 1000, 0, 5.0, 125000.0, 125000.0, 100.0, 0.0, 0.0, 0.0, false, false, false, 'AUTO_PO', true) ON CONFLICT (id) DO NOTHING;
INSERT INTO ingredients (id, code, nom_fr, ten_vi, name_en, purchase_category_id, stock_uom, recipe_uom, stock_to_recipe_factor, tare_weight_grams, tolerance_percent, wac_price, standard_price, yield_rate, min_stock, max_stock, safety_stock, is_import, track_lot, is_beverage, auto_po_group, is_active) VALUES ('NVLC4003', 'NVLC4003', 'French Duck Breast', 'French Duck Breast', 'French Duck Breast', (SELECT id FROM purchase_categories WHERE code = 'MEAT' LIMIT 1), 'KG', 'G', 1000, 0, 5.0, 850000.0, 850000.0, 100.0, 0.0, 0.0, 0.0, false, false, false, 'AUTO_PO', true) ON CONFLICT (id) DO NOTHING;
INSERT INTO ingredients (id, code, nom_fr, ten_vi, name_en, purchase_category_id, stock_uom, recipe_uom, stock_to_recipe_factor, tare_weight_grams, tolerance_percent, wac_price, standard_price, yield_rate, min_stock, max_stock, safety_stock, is_import, track_lot, is_beverage, auto_po_group, is_active) VALUES ('NVLC4011', 'NVLC4011', 'Chicken breast', 'Chicken breast', 'Chicken breast', (SELECT id FROM purchase_categories WHERE code = 'MEAT' LIMIT 1), 'KG', 'G', 1000, 0, 5.0, 75000.0, 75000.0, 100.0, 0.0, 0.0, 0.0, false, false, false, 'AUTO_PO', true) ON CONFLICT (id) DO NOTHING;
INSERT INTO ingredients (id, code, nom_fr, ten_vi, name_en, purchase_category_id, stock_uom, recipe_uom, stock_to_recipe_factor, tare_weight_grams, tolerance_percent, wac_price, standard_price, yield_rate, min_stock, max_stock, safety_stock, is_import, track_lot, is_beverage, auto_po_group, is_active) VALUES ('NVLC4012', 'NVLC4012', 'Whole chicken', 'Whole chicken', 'Whole chicken', (SELECT id FROM purchase_categories WHERE code = 'MEAT' LIMIT 1), 'KG', 'G', 1000, 0, 5.0, 127800.0, 127800.0, 100.0, 0.0, 0.0, 0.0, false, false, false, 'AUTO_PO', true) ON CONFLICT (id) DO NOTHING;
INSERT INTO ingredients (id, code, nom_fr, ten_vi, name_en, purchase_category_id, stock_uom, recipe_uom, stock_to_recipe_factor, tare_weight_grams, tolerance_percent, wac_price, standard_price, yield_rate, min_stock, max_stock, safety_stock, is_import, track_lot, is_beverage, auto_po_group, is_active) VALUES ('NVLC5010', 'NVLC5010', 'Tilapia fillet', 'Tilapia fillet', 'Tilapia fillet', (SELECT id FROM purchase_categories WHERE code = 'SEAFOOD' LIMIT 1), 'KG', 'G', 1000, 0, 5.0, 0.0, 0.0, 100.0, 0.0, 0.0, 0.0, false, false, false, 'AUTO_PO', true) ON CONFLICT (id) DO NOTHING;
INSERT INTO ingredients (id, code, nom_fr, ten_vi, name_en, purchase_category_id, stock_uom, recipe_uom, stock_to_recipe_factor, tare_weight_grams, tolerance_percent, wac_price, standard_price, yield_rate, min_stock, max_stock, safety_stock, is_import, track_lot, is_beverage, auto_po_group, is_active) VALUES ('NVLC5026', 'NVLC5026', 'Frozen NZ Sole whole fish gutted 225-325g', 'Frozen NZ Sole whole fish gutted 225-325g', 'Frozen NZ Sole whole fish gutted 225-325g', (SELECT id FROM purchase_categories WHERE code = 'SEAFOOD' LIMIT 1), 'KG', 'G', 1000, 0, 5.0, 636300.0, 636300.0, 100.0, 0.0, 0.0, 0.0, false, false, false, 'AUTO_PO', true) ON CONFLICT (id) DO NOTHING;
INSERT INTO ingredients (id, code, nom_fr, ten_vi, name_en, purchase_category_id, stock_uom, recipe_uom, stock_to_recipe_factor, tare_weight_grams, tolerance_percent, wac_price, standard_price, yield_rate, min_stock, max_stock, safety_stock, is_import, track_lot, is_beverage, auto_po_group, is_active) VALUES ('NVLC5027', 'NVLC5027', 'Squid ( Mực )', 'Squid ( Mực )', 'Squid ( Mực )', (SELECT id FROM purchase_categories WHERE code = 'SEAFOOD' LIMIT 1), 'KG', 'G', 1000, 0, 5.0, 250000.0, 250000.0, 100.0, 0.0, 0.0, 0.0, false, false, false, 'AUTO_PO', true) ON CONFLICT (id) DO NOTHING;
INSERT INTO ingredients (id, code, nom_fr, ten_vi, name_en, purchase_category_id, stock_uom, recipe_uom, stock_to_recipe_factor, tare_weight_grams, tolerance_percent, wac_price, standard_price, yield_rate, min_stock, max_stock, safety_stock, is_import, track_lot, is_beverage, auto_po_group, is_active) VALUES ('NVLC6001', 'NVLC6001', 'Lobster', 'Lobster', 'Lobster', (SELECT id FROM purchase_categories WHERE code = 'SEAFOOD' LIMIT 1), 'KG', 'G', 1000, 0, 5.0, 700000.0, 700000.0, 100.0, 0.0, 0.0, 0.0, false, false, false, 'AUTO_PO', true) ON CONFLICT (id) DO NOTHING;
INSERT INTO ingredients (id, code, nom_fr, ten_vi, name_en, purchase_category_id, stock_uom, recipe_uom, stock_to_recipe_factor, tare_weight_grams, tolerance_percent, wac_price, standard_price, yield_rate, min_stock, max_stock, safety_stock, is_import, track_lot, is_beverage, auto_po_group, is_active) VALUES ('NVLC6006', 'NVLC6006', 'Mussell meat', 'Mussell meat', 'Mussell meat', (SELECT id FROM purchase_categories WHERE code = 'SEAFOOD' LIMIT 1), 'KG', 'G', 1000, 0, 5.0, 258000.0, 258000.0, 100.0, 0.0, 0.0, 0.0, false, false, false, 'AUTO_PO', true) ON CONFLICT (id) DO NOTHING;
INSERT INTO ingredients (id, code, nom_fr, ten_vi, name_en, purchase_category_id, stock_uom, recipe_uom, stock_to_recipe_factor, tare_weight_grams, tolerance_percent, wac_price, standard_price, yield_rate, min_stock, max_stock, safety_stock, is_import, track_lot, is_beverage, auto_po_group, is_active) VALUES ('NVLC60111', 'NVLC60111', 'Tôm Bắc Cực', 'Tôm Bắc Cực', 'Tôm Bắc Cực', (SELECT id FROM purchase_categories WHERE code = 'SEAFOOD' LIMIT 1), 'KG', 'G', 1000, 0, 5.0, 392000.0, 392000.0, 100.0, 0.0, 0.0, 0.0, false, false, false, 'AUTO_PO', true) ON CONFLICT (id) DO NOTHING;
INSERT INTO ingredients (id, code, nom_fr, ten_vi, name_en, purchase_category_id, stock_uom, recipe_uom, stock_to_recipe_factor, tare_weight_grams, tolerance_percent, wac_price, standard_price, yield_rate, min_stock, max_stock, safety_stock, is_import, track_lot, is_beverage, auto_po_group, is_active) VALUES ('NVLC6012', 'NVLC6012', 'Vẹm nguyên con Chile', 'Vẹm nguyên con Chile', 'Vẹm nguyên con Chile', (SELECT id FROM purchase_categories WHERE code = 'SEAFOOD' LIMIT 1), 'KG', 'G', 1000, 0, 5.0, 184500.0, 184500.0, 100.0, 0.0, 0.0, 0.0, false, false, false, 'AUTO_PO', true) ON CONFLICT (id) DO NOTHING;
INSERT INTO ingredients (id, code, nom_fr, ten_vi, name_en, purchase_category_id, stock_uom, recipe_uom, stock_to_recipe_factor, tare_weight_grams, tolerance_percent, wac_price, standard_price, yield_rate, min_stock, max_stock, safety_stock, is_import, track_lot, is_beverage, auto_po_group, is_active) VALUES ('NVLC6013', 'NVLC6013', 'Ốc Bulot', 'Ốc Bulot', 'Ốc Bulot', (SELECT id FROM purchase_categories WHERE code = 'SEAFOOD' LIMIT 1), 'KG', 'G', 1000, 0, 5.0, 247500.0, 247500.0, 100.0, 0.0, 0.0, 0.0, false, false, false, 'AUTO_PO', true) ON CONFLICT (id) DO NOTHING;
INSERT INTO ingredients (id, code, nom_fr, ten_vi, name_en, purchase_category_id, stock_uom, recipe_uom, stock_to_recipe_factor, tare_weight_grams, tolerance_percent, wac_price, standard_price, yield_rate, min_stock, max_stock, safety_stock, is_import, track_lot, is_beverage, auto_po_group, is_active) VALUES ('NVLC60141', 'NVLC60141', 'Fresh Oyster - Hàu nhật size M (9-11pcs/kg)', 'Fresh Oyster - Hàu nhật size M (9-11pcs/kg)', 'Fresh Oyster - Hàu nhật size M (9-11pcs/kg)', (SELECT id FROM purchase_categories WHERE code = 'SEAFOOD' LIMIT 1), 'KG', 'G', 1000, 0, 5.0, 279200.0, 279200.0, 100.0, 0.0, 0.0, 0.0, false, false, false, 'AUTO_PO', true) ON CONFLICT (id) DO NOTHING;
INSERT INTO ingredients (id, code, nom_fr, ten_vi, name_en, purchase_category_id, stock_uom, recipe_uom, stock_to_recipe_factor, tare_weight_grams, tolerance_percent, wac_price, standard_price, yield_rate, min_stock, max_stock, safety_stock, is_import, track_lot, is_beverage, auto_po_group, is_active) VALUES ('NVLC6020', 'NVLC6020', 'Prawn (8)', 'Prawn (8)', 'Prawn (8)', (SELECT id FROM purchase_categories WHERE code = 'SEAFOOD' LIMIT 1), 'KG', 'G', 1000, 0, 5.0, 270000.0, 270000.0, 100.0, 0.0, 0.0, 0.0, false, false, false, 'AUTO_PO', true) ON CONFLICT (id) DO NOTHING;
INSERT INTO ingredients (id, code, nom_fr, ten_vi, name_en, purchase_category_id, stock_uom, recipe_uom, stock_to_recipe_factor, tare_weight_grams, tolerance_percent, wac_price, standard_price, yield_rate, min_stock, max_stock, safety_stock, is_import, track_lot, is_beverage, auto_po_group, is_active) VALUES ('NVLC60201', 'NVLC60201', 'Tôm dảo sz 25', 'Tôm dảo sz 25', 'Tôm dảo sz 25', (SELECT id FROM purchase_categories WHERE code = 'SEAFOOD' LIMIT 1), 'KG', 'G', 1000, 0, 5.0, 300000.0, 300000.0, 100.0, 0.0, 0.0, 0.0, false, false, false, 'AUTO_PO', true) ON CONFLICT (id) DO NOTHING;
INSERT INTO ingredients (id, code, nom_fr, ten_vi, name_en, purchase_category_id, stock_uom, recipe_uom, stock_to_recipe_factor, tare_weight_grams, tolerance_percent, wac_price, standard_price, yield_rate, min_stock, max_stock, safety_stock, is_import, track_lot, is_beverage, auto_po_group, is_active) VALUES ('NVLC6022', 'NVLC6022', 'Rabbit Whole', 'Rabbit Whole', 'Rabbit Whole', (SELECT id FROM purchase_categories WHERE code = 'SEAFOOD' LIMIT 1), 'KG', 'G', 1000, 0, 5.0, 213200.0, 213200.0, 100.0, 0.0, 0.0, 0.0, false, false, false, 'AUTO_PO', true) ON CONFLICT (id) DO NOTHING;
INSERT INTO ingredients (id, code, nom_fr, ten_vi, name_en, purchase_category_id, stock_uom, recipe_uom, stock_to_recipe_factor, tare_weight_grams, tolerance_percent, wac_price, standard_price, yield_rate, min_stock, max_stock, safety_stock, is_import, track_lot, is_beverage, auto_po_group, is_active) VALUES ('NVLC6024', 'NVLC6024', 'Pigeon meat', 'Pigeon meat', 'Pigeon meat', (SELECT id FROM purchase_categories WHERE code = 'SEAFOOD' LIMIT 1), 'PIECE', 'PIECE', 1, 0, 5.0, 90000.0, 90000.0, 100.0, 0.0, 0.0, 0.0, false, false, false, 'AUTO_PO', true) ON CONFLICT (id) DO NOTHING;
INSERT INTO ingredients (id, code, nom_fr, ten_vi, name_en, purchase_category_id, stock_uom, recipe_uom, stock_to_recipe_factor, tare_weight_grams, tolerance_percent, wac_price, standard_price, yield_rate, min_stock, max_stock, safety_stock, is_import, track_lot, is_beverage, auto_po_group, is_active) VALUES ('NVLC7001', 'NVLC7001', 'Veal tenderloin', 'Veal tenderloin', 'Veal tenderloin', (SELECT id FROM purchase_categories WHERE code = 'CONDIMENT' LIMIT 1), 'KG', 'G', 1000, 0, 5.0, 480000.0, 480000.0, 100.0, 0.0, 0.0, 0.0, false, false, false, 'AUTO_PO', true) ON CONFLICT (id) DO NOTHING;
INSERT INTO ingredients (id, code, nom_fr, ten_vi, name_en, purchase_category_id, stock_uom, recipe_uom, stock_to_recipe_factor, tare_weight_grams, tolerance_percent, wac_price, standard_price, yield_rate, min_stock, max_stock, safety_stock, is_import, track_lot, is_beverage, auto_po_group, is_active) VALUES ('NLP1001', 'NLP1001', 'Gouda', 'Gouda', 'Gouda', (SELECT id FROM purchase_categories WHERE code = 'DAIRY' LIMIT 1), 'KG', 'G', 1000, 0, 5.0, 228800.0, 228800.0, 100.0, 0.0, 0.0, 0.0, false, false, false, 'AUTO_PO', true) ON CONFLICT (id) DO NOTHING;
INSERT INTO ingredients (id, code, nom_fr, ten_vi, name_en, purchase_category_id, stock_uom, recipe_uom, stock_to_recipe_factor, tare_weight_grams, tolerance_percent, wac_price, standard_price, yield_rate, min_stock, max_stock, safety_stock, is_import, track_lot, is_beverage, auto_po_group, is_active) VALUES ('NLP1003', 'NLP1003', 'Goat cheese saint maure 200gr', 'Goat cheese saint maure 200gr', 'Goat cheese saint maure 200gr', (SELECT id FROM purchase_categories WHERE code = 'DAIRY' LIMIT 1), 'KG', 'G', 1000, 0, 5.0, 1237500.0, 1237500.0, 100.0, 0.0, 0.0, 0.0, false, false, false, 'AUTO_PO', true) ON CONFLICT (id) DO NOTHING;
INSERT INTO ingredients (id, code, nom_fr, ten_vi, name_en, purchase_category_id, stock_uom, recipe_uom, stock_to_recipe_factor, tare_weight_grams, tolerance_percent, wac_price, standard_price, yield_rate, min_stock, max_stock, safety_stock, is_import, track_lot, is_beverage, auto_po_group, is_active) VALUES ('NLP1005', 'NLP1005', 'Pho mát Gruyere', 'Pho mát Gruyere', 'Pho mát Gruyere', (SELECT id FROM purchase_categories WHERE code = 'DAIRY' LIMIT 1), 'KG', 'G', 1000, 0, 5.0, 651200.0, 651200.0, 100.0, 0.0, 0.0, 0.0, false, false, false, 'AUTO_PO', true) ON CONFLICT (id) DO NOTHING;
INSERT INTO ingredients (id, code, nom_fr, ten_vi, name_en, purchase_category_id, stock_uom, recipe_uom, stock_to_recipe_factor, tare_weight_grams, tolerance_percent, wac_price, standard_price, yield_rate, min_stock, max_stock, safety_stock, is_import, track_lot, is_beverage, auto_po_group, is_active) VALUES ('NLP1007', 'NLP1007', 'Camembert 250g Presiden', 'Camembert 250g Presiden', 'Camembert 250g Presiden', (SELECT id FROM purchase_categories WHERE code = 'DAIRY' LIMIT 1), 'PACK', 'PACK', 1, 0, 5.0, 167200.0, 167200.0, 100.0, 0.0, 0.0, 0.0, false, false, false, 'AUTO_PO', true) ON CONFLICT (id) DO NOTHING;
INSERT INTO ingredients (id, code, nom_fr, ten_vi, name_en, purchase_category_id, stock_uom, recipe_uom, stock_to_recipe_factor, tare_weight_grams, tolerance_percent, wac_price, standard_price, yield_rate, min_stock, max_stock, safety_stock, is_import, track_lot, is_beverage, auto_po_group, is_active) VALUES ('NLP10091', 'NLP10091', 'Blue d''auvergne', 'Blue d''auvergne', 'Blue d''auvergne', (SELECT id FROM purchase_categories WHERE code = 'DAIRY' LIMIT 1), 'KG', 'G', 1000, 0, 5.0, 540100.0, 540100.0, 100.0, 0.0, 0.0, 0.0, false, false, false, 'AUTO_PO', true) ON CONFLICT (id) DO NOTHING;
INSERT INTO ingredients (id, code, nom_fr, ten_vi, name_en, purchase_category_id, stock_uom, recipe_uom, stock_to_recipe_factor, tare_weight_grams, tolerance_percent, wac_price, standard_price, yield_rate, min_stock, max_stock, safety_stock, is_import, track_lot, is_beverage, auto_po_group, is_active) VALUES ('NLP1012', 'NLP1012', 'Mozzazella galbani cheese', 'Mozzazella galbani cheese', 'Mozzazella galbani cheese', (SELECT id FROM purchase_categories WHERE code = 'DAIRY' LIMIT 1), 'KG', 'G', 1000, 0, 5.0, 204120.0, 204120.0, 100.0, 0.0, 0.0, 0.0, false, false, false, 'AUTO_PO', true) ON CONFLICT (id) DO NOTHING;
INSERT INTO ingredients (id, code, nom_fr, ten_vi, name_en, purchase_category_id, stock_uom, recipe_uom, stock_to_recipe_factor, tare_weight_grams, tolerance_percent, wac_price, standard_price, yield_rate, min_stock, max_stock, safety_stock, is_import, track_lot, is_beverage, auto_po_group, is_active) VALUES ('NLP20021', 'NLP20021', 'Parma Ham', 'Parma Ham', 'Parma Ham', (SELECT id FROM purchase_categories WHERE code = 'MEAT' LIMIT 1), 'KG', 'G', 1000, 0, 5.0, 685300.0, 685300.0, 100.0, 0.0, 0.0, 0.0, false, false, false, 'AUTO_PO', true) ON CONFLICT (id) DO NOTHING;
INSERT INTO ingredients (id, code, nom_fr, ten_vi, name_en, purchase_category_id, stock_uom, recipe_uom, stock_to_recipe_factor, tare_weight_grams, tolerance_percent, wac_price, standard_price, yield_rate, min_stock, max_stock, safety_stock, is_import, track_lot, is_beverage, auto_po_group, is_active) VALUES ('NLP2003', 'NLP2003', 'Cook ham - Square ham, torchon ham', 'Cook ham - Square ham, torchon ham', 'Cook ham - Square ham, torchon ham', (SELECT id FROM purchase_categories WHERE code = 'MEAT' LIMIT 1), 'KG', 'G', 1000, 0, 5.0, 179280.0, 179280.0, 100.0, 0.0, 0.0, 0.0, false, false, false, 'AUTO_PO', true) ON CONFLICT (id) DO NOTHING;
INSERT INTO ingredients (id, code, nom_fr, ten_vi, name_en, purchase_category_id, stock_uom, recipe_uom, stock_to_recipe_factor, tare_weight_grams, tolerance_percent, wac_price, standard_price, yield_rate, min_stock, max_stock, safety_stock, is_import, track_lot, is_beverage, auto_po_group, is_active) VALUES ('NLP20031', 'NLP20031', 'Dăm bông giò heo Bakery', 'Dăm bông giò heo Bakery', 'Dăm bông giò heo Bakery', (SELECT id FROM purchase_categories WHERE code = 'MEAT' LIMIT 1), 'KG', 'G', 1000, 0, 5.0, 159500.0, 159500.0, 100.0, 0.0, 0.0, 0.0, false, false, false, 'AUTO_PO', true) ON CONFLICT (id) DO NOTHING;
INSERT INTO ingredients (id, code, nom_fr, ten_vi, name_en, purchase_category_id, stock_uom, recipe_uom, stock_to_recipe_factor, tare_weight_grams, tolerance_percent, wac_price, standard_price, yield_rate, min_stock, max_stock, safety_stock, is_import, track_lot, is_beverage, auto_po_group, is_active) VALUES ('NLP20033', 'NLP20033', 'Rosette (xúc xích khô)', 'Rosette (xúc xích khô)', 'Rosette (xúc xích khô)', (SELECT id FROM purchase_categories WHERE code = 'MEAT' LIMIT 1), 'KG', 'G', 1000, 0, 5.0, 368500.0, 368500.0, 100.0, 0.0, 0.0, 0.0, false, false, false, 'AUTO_PO', true) ON CONFLICT (id) DO NOTHING;
INSERT INTO ingredients (id, code, nom_fr, ten_vi, name_en, purchase_category_id, stock_uom, recipe_uom, stock_to_recipe_factor, tare_weight_grams, tolerance_percent, wac_price, standard_price, yield_rate, min_stock, max_stock, safety_stock, is_import, track_lot, is_beverage, auto_po_group, is_active) VALUES ('NLP2004', 'NLP2004', 'Bacon', 'Bacon', 'Bacon', (SELECT id FROM purchase_categories WHERE code = 'MEAT' LIMIT 1), 'KG', 'G', 1000, 0, 5.0, 170640.0, 170640.0, 100.0, 0.0, 0.0, 0.0, false, false, false, 'AUTO_PO', true) ON CONFLICT (id) DO NOTHING;
INSERT INTO ingredients (id, code, nom_fr, ten_vi, name_en, purchase_category_id, stock_uom, recipe_uom, stock_to_recipe_factor, tare_weight_grams, tolerance_percent, wac_price, standard_price, yield_rate, min_stock, max_stock, safety_stock, is_import, track_lot, is_beverage, auto_po_group, is_active) VALUES ('NLP2008', 'NLP2008', 'Dry sausage 300g', 'Dry sausage 300g', 'Dry sausage 300g', (SELECT id FROM purchase_categories WHERE code = 'MEAT' LIMIT 1), 'KG', 'G', 1000, 0, 5.0, 979000.0, 979000.0, 100.0, 0.0, 0.0, 0.0, false, false, false, 'AUTO_PO', true) ON CONFLICT (id) DO NOTHING;
INSERT INTO ingredients (id, code, nom_fr, ten_vi, name_en, purchase_category_id, stock_uom, recipe_uom, stock_to_recipe_factor, tare_weight_grams, tolerance_percent, wac_price, standard_price, yield_rate, min_stock, max_stock, safety_stock, is_import, track_lot, is_beverage, auto_po_group, is_active) VALUES ('NLP20083', 'NLP20083', 'Iberico Chorizo', 'Iberico Chorizo', 'Iberico Chorizo', (SELECT id FROM purchase_categories WHERE code = 'MEAT' LIMIT 1), 'KG', 'G', 1000, 0, 5.0, 605000.0, 605000.0, 100.0, 0.0, 0.0, 0.0, false, false, false, 'AUTO_PO', true) ON CONFLICT (id) DO NOTHING;
INSERT INTO ingredients (id, code, nom_fr, ten_vi, name_en, purchase_category_id, stock_uom, recipe_uom, stock_to_recipe_factor, tare_weight_grams, tolerance_percent, wac_price, standard_price, yield_rate, min_stock, max_stock, safety_stock, is_import, track_lot, is_beverage, auto_po_group, is_active) VALUES ('NLP2014', 'NLP2014', 'Smoke chicken breast', 'Smoke chicken breast', 'Smoke chicken breast', (SELECT id FROM purchase_categories WHERE code = 'MEAT' LIMIT 1), 'KG', 'G', 1000, 0, 5.0, 313200.0, 313200.0, 100.0, 0.0, 0.0, 0.0, false, false, false, 'AUTO_PO', true) ON CONFLICT (id) DO NOTHING;
INSERT INTO ingredients (id, code, nom_fr, ten_vi, name_en, purchase_category_id, stock_uom, recipe_uom, stock_to_recipe_factor, tare_weight_grams, tolerance_percent, wac_price, standard_price, yield_rate, min_stock, max_stock, safety_stock, is_import, track_lot, is_beverage, auto_po_group, is_active) VALUES ('NLP2021', 'NLP2021', 'Egg', 'Egg', 'Egg', (SELECT id FROM purchase_categories WHERE code = 'MEAT' LIMIT 1), 'PIECE', 'PIECE', 1, 0, 5.0, 3200.0, 3200.0, 100.0, 0.0, 0.0, 0.0, false, false, false, 'AUTO_PO', true) ON CONFLICT (id) DO NOTHING;
INSERT INTO ingredients (id, code, nom_fr, ten_vi, name_en, purchase_category_id, stock_uom, recipe_uom, stock_to_recipe_factor, tare_weight_grams, tolerance_percent, wac_price, standard_price, yield_rate, min_stock, max_stock, safety_stock, is_import, track_lot, is_beverage, auto_po_group, is_active) VALUES ('NLP3010', 'NLP3010', 'Bơ thực vật lạt 15kg (Margarine Palffy unsalted)', 'Bơ thực vật lạt 15kg (Margarine Palffy unsalted)', 'Bơ thực vật lạt 15kg (Margarine Palffy unsalted)', (SELECT id FROM purchase_categories WHERE code = 'DAIRY' LIMIT 1), 'KG', 'G', 1000, 0, 5.0, 79380.0, 79380.0, 100.0, 0.0, 0.0, 0.0, false, false, false, 'AUTO_PO', true) ON CONFLICT (id) DO NOTHING;
INSERT INTO ingredients (id, code, nom_fr, ten_vi, name_en, purchase_category_id, stock_uom, recipe_uom, stock_to_recipe_factor, tare_weight_grams, tolerance_percent, wac_price, standard_price, yield_rate, min_stock, max_stock, safety_stock, is_import, track_lot, is_beverage, auto_po_group, is_active) VALUES ('NLP3017', 'NLP3017', 'Bạt min - súp sò', 'Bạt min - súp sò', 'Bạt min - súp sò', (SELECT id FROM purchase_categories WHERE code = 'PASTRY' LIMIT 1), 'KG', 'G', 1000, 0, 5.0, 91800.0, 91800.0, 100.0, 0.0, 0.0, 0.0, false, false, false, 'AUTO_PO', true) ON CONFLICT (id) DO NOTHING;
INSERT INTO ingredients (id, code, nom_fr, ten_vi, name_en, purchase_category_id, stock_uom, recipe_uom, stock_to_recipe_factor, tare_weight_grams, tolerance_percent, wac_price, standard_price, yield_rate, min_stock, max_stock, safety_stock, is_import, track_lot, is_beverage, auto_po_group, is_active) VALUES ('NLP3018', 'NLP3018', 'Icing sugar', 'Icing sugar', 'Icing sugar', (SELECT id FROM purchase_categories WHERE code = 'GRAIN' LIMIT 1), 'KG', 'G', 1000, 0, 5.0, 40000.0, 40000.0, 100.0, 0.0, 0.0, 0.0, false, false, false, 'AUTO_PO', true) ON CONFLICT (id) DO NOTHING;
INSERT INTO ingredients (id, code, nom_fr, ten_vi, name_en, purchase_category_id, stock_uom, recipe_uom, stock_to_recipe_factor, tare_weight_grams, tolerance_percent, wac_price, standard_price, yield_rate, min_stock, max_stock, safety_stock, is_import, track_lot, is_beverage, auto_po_group, is_active) VALUES ('NLP3019', 'NLP3019', 'Sugar', 'Sugar', 'Sugar', (SELECT id FROM purchase_categories WHERE code = 'GRAIN' LIMIT 1), 'KG', 'G', 1000, 0, 5.0, 25000.0, 25000.0, 100.0, 0.0, 0.0, 0.0, false, false, false, 'AUTO_PO', true) ON CONFLICT (id) DO NOTHING;
INSERT INTO ingredients (id, code, nom_fr, ten_vi, name_en, purchase_category_id, stock_uom, recipe_uom, stock_to_recipe_factor, tare_weight_grams, tolerance_percent, wac_price, standard_price, yield_rate, min_stock, max_stock, safety_stock, is_import, track_lot, is_beverage, auto_po_group, is_active) VALUES ('NLP3024', 'NLP3024', 'Glucose Syrup', 'Glucose Syrup', 'Glucose Syrup', (SELECT id FROM purchase_categories WHERE code = 'GRAIN' LIMIT 1), 'KG', 'G', 1000, 0, 5.0, 162000.0, 162000.0, 100.0, 0.0, 0.0, 0.0, false, false, false, 'AUTO_PO', true) ON CONFLICT (id) DO NOTHING;
INSERT INTO ingredients (id, code, nom_fr, ten_vi, name_en, purchase_category_id, stock_uom, recipe_uom, stock_to_recipe_factor, tare_weight_grams, tolerance_percent, wac_price, standard_price, yield_rate, min_stock, max_stock, safety_stock, is_import, track_lot, is_beverage, auto_po_group, is_active) VALUES ('NLP3026', 'NLP3026', 'Nguyên liệu làm kem Louis Francois Stab 2000 1kg', 'Nguyên liệu làm kem Louis Francois Stab 2000 1kg', 'Nguyên liệu làm kem Louis Francois Stab 2000 1kg', (SELECT id FROM purchase_categories WHERE code = 'PASTRY' LIMIT 1), 'KG', 'G', 1000, 0, 5.0, 2592000.0, 2592000.0, 100.0, 0.0, 0.0, 0.0, false, false, false, 'AUTO_PO', true) ON CONFLICT (id) DO NOTHING;
INSERT INTO ingredients (id, code, nom_fr, ten_vi, name_en, purchase_category_id, stock_uom, recipe_uom, stock_to_recipe_factor, tare_weight_grams, tolerance_percent, wac_price, standard_price, yield_rate, min_stock, max_stock, safety_stock, is_import, track_lot, is_beverage, auto_po_group, is_active) VALUES ('NLP3027', 'NLP3027', 'Bột làm kem trái cây ( bột nền perfeta )', 'Bột làm kem trái cây ( bột nền perfeta )', 'Bột làm kem trái cây ( bột nền perfeta )', (SELECT id FROM purchase_categories WHERE code = 'PASTRY' LIMIT 1), 'KG', 'G', 1000, 0, 5.0, 396000.0, 396000.0, 100.0, 0.0, 0.0, 0.0, false, false, false, 'AUTO_PO', true) ON CONFLICT (id) DO NOTHING;
INSERT INTO ingredients (id, code, nom_fr, ten_vi, name_en, purchase_category_id, stock_uom, recipe_uom, stock_to_recipe_factor, tare_weight_grams, tolerance_percent, wac_price, standard_price, yield_rate, min_stock, max_stock, safety_stock, is_import, track_lot, is_beverage, auto_po_group, is_active) VALUES ('NLP3029', 'NLP3029', 'Sữa chua Hy Lạp ( Farmers Greek Union )', 'Sữa chua Hy Lạp ( Farmers Greek Union )', 'Sữa chua Hy Lạp ( Farmers Greek Union )', (SELECT id FROM purchase_categories WHERE code = 'DAIRY' LIMIT 1), 'BOX', 'BOX', 1, 0, 5.0, 227160.0, 227160.0, 100.0, 0.0, 0.0, 0.0, false, false, false, 'AUTO_PO', true) ON CONFLICT (id) DO NOTHING;
INSERT INTO ingredients (id, code, nom_fr, ten_vi, name_en, purchase_category_id, stock_uom, recipe_uom, stock_to_recipe_factor, tare_weight_grams, tolerance_percent, wac_price, standard_price, yield_rate, min_stock, max_stock, safety_stock, is_import, track_lot, is_beverage, auto_po_group, is_active) VALUES ('NLP4001', 'NLP4001', 'White Chocolate', 'White Chocolate', 'White Chocolate', (SELECT id FROM purchase_categories WHERE code = 'PASTRY' LIMIT 1), 'KG', 'G', 1000, 0, 5.0, 126000.0, 126000.0, 100.0, 0.0, 0.0, 0.0, false, false, false, 'AUTO_PO', true) ON CONFLICT (id) DO NOTHING;
INSERT INTO ingredients (id, code, nom_fr, ten_vi, name_en, purchase_category_id, stock_uom, recipe_uom, stock_to_recipe_factor, tare_weight_grams, tolerance_percent, wac_price, standard_price, yield_rate, min_stock, max_stock, safety_stock, is_import, track_lot, is_beverage, auto_po_group, is_active) VALUES ('NLP4004', 'NLP4004', 'Dark chocolate 72% - socola hạt nút đen', 'Dark chocolate 72% - socola hạt nút đen', 'Dark chocolate 72% - socola hạt nút đen', (SELECT id FROM purchase_categories WHERE code = 'PASTRY' LIMIT 1), 'KG', 'G', 1000, 0, 5.0, 272000.0, 272000.0, 100.0, 0.0, 0.0, 0.0, false, false, false, 'AUTO_PO', true) ON CONFLICT (id) DO NOTHING;
INSERT INTO ingredients (id, code, nom_fr, ten_vi, name_en, purchase_category_id, stock_uom, recipe_uom, stock_to_recipe_factor, tare_weight_grams, tolerance_percent, wac_price, standard_price, yield_rate, min_stock, max_stock, safety_stock, is_import, track_lot, is_beverage, auto_po_group, is_active) VALUES ('NLP5001', 'NLP5001', 'Xốt nâu Demi Glace Knorr', 'Xốt nâu Demi Glace Knorr', 'Xốt nâu Demi Glace Knorr', (SELECT id FROM purchase_categories WHERE code = 'CONDIMENT' LIMIT 1), 'BOX', 'BOX', 1, 0, 5.0, 229000.0, 229000.0, 100.0, 0.0, 0.0, 0.0, false, false, false, 'AUTO_PO', true) ON CONFLICT (id) DO NOTHING;
INSERT INTO ingredients (id, code, nom_fr, ten_vi, name_en, purchase_category_id, stock_uom, recipe_uom, stock_to_recipe_factor, tare_weight_grams, tolerance_percent, wac_price, standard_price, yield_rate, min_stock, max_stock, safety_stock, is_import, track_lot, is_beverage, auto_po_group, is_active) VALUES ('NLP5002', 'NLP5002', 'Seafood powder', 'Seafood powder', 'Seafood powder', (SELECT id FROM purchase_categories WHERE code = 'CONDIMENT' LIMIT 1), 'BOX', 'BOX', 1, 0, 5.0, 130000.0, 130000.0, 100.0, 0.0, 0.0, 0.0, false, false, false, 'AUTO_PO', true) ON CONFLICT (id) DO NOTHING;
INSERT INTO ingredients (id, code, nom_fr, ten_vi, name_en, purchase_category_id, stock_uom, recipe_uom, stock_to_recipe_factor, tare_weight_grams, tolerance_percent, wac_price, standard_price, yield_rate, min_stock, max_stock, safety_stock, is_import, track_lot, is_beverage, auto_po_group, is_active) VALUES ('NLP50022', 'NLP50022', 'Garlic powder 250g/ lọ (bột tỏi)', 'Garlic powder 250g/ lọ (bột tỏi)', 'Garlic powder 250g/ lọ (bột tỏi)', (SELECT id FROM purchase_categories WHERE code = 'CONDIMENT' LIMIT 1), 'KG', 'G', 1000, 0, 5.0, 675262.0, 675262.0, 100.0, 0.0, 0.0, 0.0, false, false, false, 'AUTO_PO', true) ON CONFLICT (id) DO NOTHING;
INSERT INTO ingredients (id, code, nom_fr, ten_vi, name_en, purchase_category_id, stock_uom, recipe_uom, stock_to_recipe_factor, tare_weight_grams, tolerance_percent, wac_price, standard_price, yield_rate, min_stock, max_stock, safety_stock, is_import, track_lot, is_beverage, auto_po_group, is_active) VALUES ('NLP50024', 'NLP50024', 'Hạnh nhân nghiền', 'Hạnh nhân nghiền', 'Hạnh nhân nghiền', (SELECT id FROM purchase_categories WHERE code = 'CONDIMENT' LIMIT 1), 'KG', 'G', 1000, 0, 5.0, 280000.0, 280000.0, 100.0, 0.0, 0.0, 0.0, false, false, false, 'AUTO_PO', true) ON CONFLICT (id) DO NOTHING;
INSERT INTO ingredients (id, code, nom_fr, ten_vi, name_en, purchase_category_id, stock_uom, recipe_uom, stock_to_recipe_factor, tare_weight_grams, tolerance_percent, wac_price, standard_price, yield_rate, min_stock, max_stock, safety_stock, is_import, track_lot, is_beverage, auto_po_group, is_active) VALUES ('NLP50025', 'NLP50025', 'Hạt phỉ nghiền nhão - Hazelnut paste', 'Hạt phỉ nghiền nhão - Hazelnut paste', 'Hạt phỉ nghiền nhão - Hazelnut paste', (SELECT id FROM purchase_categories WHERE code = 'CONDIMENT' LIMIT 1), 'KG', 'G', 1000, 0, 5.0, 1101600.0, 1101600.0, 100.0, 0.0, 0.0, 0.0, false, false, false, 'AUTO_PO', true) ON CONFLICT (id) DO NOTHING;
INSERT INTO ingredients (id, code, nom_fr, ten_vi, name_en, purchase_category_id, stock_uom, recipe_uom, stock_to_recipe_factor, tare_weight_grams, tolerance_percent, wac_price, standard_price, yield_rate, min_stock, max_stock, safety_stock, is_import, track_lot, is_beverage, auto_po_group, is_active) VALUES ('NLP5003', 'NLP5003', 'Chicken powder', 'Chicken powder', 'Chicken powder', (SELECT id FROM purchase_categories WHERE code = 'CONDIMENT' LIMIT 1), 'BOX', 'BOX', 1, 0, 5.0, 107100.0, 107100.0, 100.0, 0.0, 0.0, 0.0, false, false, false, 'AUTO_PO', true) ON CONFLICT (id) DO NOTHING;
INSERT INTO ingredients (id, code, nom_fr, ten_vi, name_en, purchase_category_id, stock_uom, recipe_uom, stock_to_recipe_factor, tare_weight_grams, tolerance_percent, wac_price, standard_price, yield_rate, min_stock, max_stock, safety_stock, is_import, track_lot, is_beverage, auto_po_group, is_active) VALUES ('NLP5004', 'NLP5004', 'Dalat Red Wine 3L', 'Dalat Red Wine 3L', 'Dalat Red Wine 3L', (SELECT id FROM purchase_categories WHERE code = 'CONDIMENT' LIMIT 1), 'CAN', 'CAN', 1, 0, 5.0, 217000.0, 217000.0, 100.0, 0.0, 0.0, 0.0, false, false, false, 'AUTO_PO', true) ON CONFLICT (id) DO NOTHING;
INSERT INTO ingredients (id, code, nom_fr, ten_vi, name_en, purchase_category_id, stock_uom, recipe_uom, stock_to_recipe_factor, tare_weight_grams, tolerance_percent, wac_price, standard_price, yield_rate, min_stock, max_stock, safety_stock, is_import, track_lot, is_beverage, auto_po_group, is_active) VALUES ('NLP5005', 'NLP5005', 'Dalat White Wine 3L', 'Dalat White Wine 3L', 'Dalat White Wine 3L', (SELECT id FROM purchase_categories WHERE code = 'CONDIMENT' LIMIT 1), 'CAN', 'CAN', 1, 0, 5.0, 217000.0, 217000.0, 100.0, 0.0, 0.0, 0.0, false, false, false, 'AUTO_PO', true) ON CONFLICT (id) DO NOTHING;
INSERT INTO ingredients (id, code, nom_fr, ten_vi, name_en, purchase_category_id, stock_uom, recipe_uom, stock_to_recipe_factor, tare_weight_grams, tolerance_percent, wac_price, standard_price, yield_rate, min_stock, max_stock, safety_stock, is_import, track_lot, is_beverage, auto_po_group, is_active) VALUES ('NLP500612', 'NLP500612', 'GDO EV Olive Oil Organic 750ml', 'GDO EV Olive Oil Organic 750ml', 'GDO EV Olive Oil Organic 750ml', (SELECT id FROM purchase_categories WHERE code = 'CONDIMENT' LIMIT 1), 'BOTTLE', 'ML', 750, 0, 5.0, 1195344.0, 1195344.0, 100.0, 0.0, 0.0, 0.0, false, false, false, 'AUTO_PO', true) ON CONFLICT (id) DO NOTHING;
INSERT INTO ingredients (id, code, nom_fr, ten_vi, name_en, purchase_category_id, stock_uom, recipe_uom, stock_to_recipe_factor, tare_weight_grams, tolerance_percent, wac_price, standard_price, yield_rate, min_stock, max_stock, safety_stock, is_import, track_lot, is_beverage, auto_po_group, is_active) VALUES ('NLP50063', 'NLP50063', 'Pomace Olive Oil 5L', 'Pomace Olive Oil 5L', 'Pomace Olive Oil 5L', (SELECT id FROM purchase_categories WHERE code = 'CONDIMENT' LIMIT 1), 'CAN', 'CAN', 1, 0, 5.0, 605000.0, 605000.0, 100.0, 0.0, 0.0, 0.0, false, false, false, 'AUTO_PO', true) ON CONFLICT (id) DO NOTHING;
INSERT INTO ingredients (id, code, nom_fr, ten_vi, name_en, purchase_category_id, stock_uom, recipe_uom, stock_to_recipe_factor, tare_weight_grams, tolerance_percent, wac_price, standard_price, yield_rate, min_stock, max_stock, safety_stock, is_import, track_lot, is_beverage, auto_po_group, is_active) VALUES ('NLP5007', 'NLP5007', 'Neptune oil 10L', 'Neptune oil 10L', 'Neptune oil 10L', (SELECT id FROM purchase_categories WHERE code = 'CONDIMENT' LIMIT 1), 'CAN', 'CAN', 1, 0, 5.0, 563580.0, 563580.0, 100.0, 0.0, 0.0, 0.0, false, false, false, 'AUTO_PO', true) ON CONFLICT (id) DO NOTHING;
INSERT INTO ingredients (id, code, nom_fr, ten_vi, name_en, purchase_category_id, stock_uom, recipe_uom, stock_to_recipe_factor, tare_weight_grams, tolerance_percent, wac_price, standard_price, yield_rate, min_stock, max_stock, safety_stock, is_import, track_lot, is_beverage, auto_po_group, is_active) VALUES ('NLP5009', 'NLP5009', 'White truffle oil 250ml (dầu oliu vị nấm truffle)', 'White truffle oil 250ml (dầu oliu vị nấm truffle)', 'White truffle oil 250ml (dầu oliu vị nấm truffle)', (SELECT id FROM purchase_categories WHERE code = 'CONDIMENT' LIMIT 1), 'PIECE', 'PIECE', 1, 0, 5.0, 757900.0, 757900.0, 100.0, 0.0, 0.0, 0.0, false, false, false, 'AUTO_PO', true) ON CONFLICT (id) DO NOTHING;
INSERT INTO ingredients (id, code, nom_fr, ten_vi, name_en, purchase_category_id, stock_uom, recipe_uom, stock_to_recipe_factor, tare_weight_grams, tolerance_percent, wac_price, standard_price, yield_rate, min_stock, max_stock, safety_stock, is_import, track_lot, is_beverage, auto_po_group, is_active) VALUES ('NLP5011', 'NLP5011', 'Barilla Pasta Spaghetti N.5 - 500g', 'Barilla Pasta Spaghetti N.5 - 500g', 'Barilla Pasta Spaghetti N.5 - 500g', (SELECT id FROM purchase_categories WHERE code = 'CONDIMENT' LIMIT 1), 'PACK', 'PACK', 1, 0, 5.0, 51700.0, 51700.0, 100.0, 0.0, 0.0, 0.0, false, false, false, 'AUTO_PO', true) ON CONFLICT (id) DO NOTHING;
INSERT INTO ingredients (id, code, nom_fr, ten_vi, name_en, purchase_category_id, stock_uom, recipe_uom, stock_to_recipe_factor, tare_weight_grams, tolerance_percent, wac_price, standard_price, yield_rate, min_stock, max_stock, safety_stock, is_import, track_lot, is_beverage, auto_po_group, is_active) VALUES ('NLP5014', 'NLP5014', 'Cous cous', 'Cous cous', 'Cous cous', (SELECT id FROM purchase_categories WHERE code = 'CONDIMENT' LIMIT 1), 'KG', 'G', 1000, 0, 5.0, 112860.0, 112860.0, 100.0, 0.0, 0.0, 0.0, false, false, false, 'AUTO_PO', true) ON CONFLICT (id) DO NOTHING;
INSERT INTO ingredients (id, code, nom_fr, ten_vi, name_en, purchase_category_id, stock_uom, recipe_uom, stock_to_recipe_factor, tare_weight_grams, tolerance_percent, wac_price, standard_price, yield_rate, min_stock, max_stock, safety_stock, is_import, track_lot, is_beverage, auto_po_group, is_active) VALUES ('NLP501511', 'NLP501511', 'Oliu đen tách hạt 920gr', 'Oliu đen tách hạt 920gr', 'Oliu đen tách hạt 920gr', (SELECT id FROM purchase_categories WHERE code = 'CONDIMENT' LIMIT 1), 'PIECE', 'PIECE', 1, 0, 5.0, 107800.0, 107800.0, 100.0, 0.0, 0.0, 0.0, false, false, false, 'AUTO_PO', true) ON CONFLICT (id) DO NOTHING;
INSERT INTO ingredients (id, code, nom_fr, ten_vi, name_en, purchase_category_id, stock_uom, recipe_uom, stock_to_recipe_factor, tare_weight_grams, tolerance_percent, wac_price, standard_price, yield_rate, min_stock, max_stock, safety_stock, is_import, track_lot, is_beverage, auto_po_group, is_active) VALUES ('NLP501512', 'NLP501512', 'Oliu xanh tách hạt 920 Gr', 'Oliu xanh tách hạt 920 Gr', 'Oliu xanh tách hạt 920 Gr', (SELECT id FROM purchase_categories WHERE code = 'CONDIMENT' LIMIT 1), 'PIECE', 'PIECE', 1, 0, 5.0, 107800.0, 107800.0, 100.0, 0.0, 0.0, 0.0, false, false, false, 'AUTO_PO', true) ON CONFLICT (id) DO NOTHING;
INSERT INTO ingredients (id, code, nom_fr, ten_vi, name_en, purchase_category_id, stock_uom, recipe_uom, stock_to_recipe_factor, tare_weight_grams, tolerance_percent, wac_price, standard_price, yield_rate, min_stock, max_stock, safety_stock, is_import, track_lot, is_beverage, auto_po_group, is_active) VALUES ('NLP50182', 'NLP50182', 'Atiso đông lạnh 2.5kg', 'Atiso đông lạnh 2.5kg', 'Atiso đông lạnh 2.5kg', (SELECT id FROM purchase_categories WHERE code = 'CONDIMENT' LIMIT 1), 'KG', 'G', 1000, 0, 5.0, 382752.0, 382752.0, 100.0, 0.0, 0.0, 0.0, false, false, false, 'AUTO_PO', true) ON CONFLICT (id) DO NOTHING;
INSERT INTO ingredients (id, code, nom_fr, ten_vi, name_en, purchase_category_id, stock_uom, recipe_uom, stock_to_recipe_factor, tare_weight_grams, tolerance_percent, wac_price, standard_price, yield_rate, min_stock, max_stock, safety_stock, is_import, track_lot, is_beverage, auto_po_group, is_active) VALUES ('NLP50212', 'NLP50212', 'Gelatin Silver - lá kết đông', 'Gelatin Silver - lá kết đông', 'Gelatin Silver - lá kết đông', (SELECT id FROM purchase_categories WHERE code = 'CONDIMENT' LIMIT 1), 'KG', 'G', 1000, 0, 5.0, 752400.0, 752400.0, 100.0, 0.0, 0.0, 0.0, false, false, false, 'AUTO_PO', true) ON CONFLICT (id) DO NOTHING;
INSERT INTO ingredients (id, code, nom_fr, ten_vi, name_en, purchase_category_id, stock_uom, recipe_uom, stock_to_recipe_factor, tare_weight_grams, tolerance_percent, wac_price, standard_price, yield_rate, min_stock, max_stock, safety_stock, is_import, track_lot, is_beverage, auto_po_group, is_active) VALUES ('NLP50215', 'NLP50215', 'Hạt óc chó', 'Hạt óc chó', 'Hạt óc chó', (SELECT id FROM purchase_categories WHERE code = 'CONDIMENT' LIMIT 1), 'KG', 'G', 1000, 0, 5.0, 380000.0, 380000.0, 100.0, 0.0, 0.0, 0.0, false, false, false, 'AUTO_PO', true) ON CONFLICT (id) DO NOTHING;
INSERT INTO ingredients (id, code, nom_fr, ten_vi, name_en, purchase_category_id, stock_uom, recipe_uom, stock_to_recipe_factor, tare_weight_grams, tolerance_percent, wac_price, standard_price, yield_rate, min_stock, max_stock, safety_stock, is_import, track_lot, is_beverage, auto_po_group, is_active) VALUES ('NLP502171', 'NLP502171', 'Bột ớt cựa gà paprika 510g', 'Bột ớt cựa gà paprika 510g', 'Bột ớt cựa gà paprika 510g', (SELECT id FROM purchase_categories WHERE code = 'CONDIMENT' LIMIT 1), 'PIECE', 'PIECE', 1, 0, 5.0, 328900.0, 328900.0, 100.0, 0.0, 0.0, 0.0, false, false, false, 'AUTO_PO', true) ON CONFLICT (id) DO NOTHING;
INSERT INTO ingredients (id, code, nom_fr, ten_vi, name_en, purchase_category_id, stock_uom, recipe_uom, stock_to_recipe_factor, tare_weight_grams, tolerance_percent, wac_price, standard_price, yield_rate, min_stock, max_stock, safety_stock, is_import, track_lot, is_beverage, auto_po_group, is_active) VALUES ('NLP50218', 'NLP50218', 'Hạt thông', 'Hạt thông', 'Hạt thông', (SELECT id FROM purchase_categories WHERE code = 'CONDIMENT' LIMIT 1), 'KG', 'G', 1000, 0, 5.0, 900000.0, 900000.0, 100.0, 0.0, 0.0, 0.0, false, false, false, 'AUTO_PO', true) ON CONFLICT (id) DO NOTHING;
INSERT INTO ingredients (id, code, nom_fr, ten_vi, name_en, purchase_category_id, stock_uom, recipe_uom, stock_to_recipe_factor, tare_weight_grams, tolerance_percent, wac_price, standard_price, yield_rate, min_stock, max_stock, safety_stock, is_import, track_lot, is_beverage, auto_po_group, is_active) VALUES ('NLP5024', 'NLP5024', 'Nấm rừng khô - Dry Mix forest mushroom 500g', 'Nấm rừng khô - Dry Mix forest mushroom 500g', 'Nấm rừng khô - Dry Mix forest mushroom 500g', (SELECT id FROM purchase_categories WHERE code = 'CONDIMENT' LIMIT 1), 'G', 'G', 1, 0, 5.0, 1241.1, 1241.1, 100.0, 0.0, 0.0, 0.0, false, false, false, 'AUTO_PO', true) ON CONFLICT (id) DO NOTHING;
INSERT INTO ingredients (id, code, nom_fr, ten_vi, name_en, purchase_category_id, stock_uom, recipe_uom, stock_to_recipe_factor, tare_weight_grams, tolerance_percent, wac_price, standard_price, yield_rate, min_stock, max_stock, safety_stock, is_import, track_lot, is_beverage, auto_po_group, is_active) VALUES ('NLP50243', 'NLP50243', 'Sốt nấm - Tartufi Morra 200g', 'Sốt nấm - Tartufi Morra 200g', 'Sốt nấm - Tartufi Morra 200g', (SELECT id FROM purchase_categories WHERE code = 'CONDIMENT' LIMIT 1), 'PIECE', 'PIECE', 1, 0, 5.0, 245600.0, 245600.0, 100.0, 0.0, 0.0, 0.0, false, false, false, 'AUTO_PO', true) ON CONFLICT (id) DO NOTHING;
INSERT INTO ingredients (id, code, nom_fr, ten_vi, name_en, purchase_category_id, stock_uom, recipe_uom, stock_to_recipe_factor, tare_weight_grams, tolerance_percent, wac_price, standard_price, yield_rate, min_stock, max_stock, safety_stock, is_import, track_lot, is_beverage, auto_po_group, is_active) VALUES ('NLP50244', 'NLP50244', 'Nước xốt - Yamasa Yuzu Ponzu 1L', 'Nước xốt - Yamasa Yuzu Ponzu 1L', 'Nước xốt - Yamasa Yuzu Ponzu 1L', (SELECT id FROM purchase_categories WHERE code = 'CONDIMENT' LIMIT 1), 'BOTTLE', 'ML', 750, 0, 5.0, 185760.0, 185760.0, 100.0, 0.0, 0.0, 0.0, false, false, false, 'AUTO_PO', true) ON CONFLICT (id) DO NOTHING;
INSERT INTO ingredients (id, code, nom_fr, ten_vi, name_en, purchase_category_id, stock_uom, recipe_uom, stock_to_recipe_factor, tare_weight_grams, tolerance_percent, wac_price, standard_price, yield_rate, min_stock, max_stock, safety_stock, is_import, track_lot, is_beverage, auto_po_group, is_active) VALUES ('NLP5025', 'NLP5025', 'Oregano', 'Oregano', 'Oregano', (SELECT id FROM purchase_categories WHERE code = 'CONDIMENT' LIMIT 1), 'G', 'G', 1, 0, 5.0, 800.0, 800.0, 100.0, 0.0, 0.0, 0.0, false, false, false, 'AUTO_PO', true) ON CONFLICT (id) DO NOTHING;
INSERT INTO ingredients (id, code, nom_fr, ten_vi, name_en, purchase_category_id, stock_uom, recipe_uom, stock_to_recipe_factor, tare_weight_grams, tolerance_percent, wac_price, standard_price, yield_rate, min_stock, max_stock, safety_stock, is_import, track_lot, is_beverage, auto_po_group, is_active) VALUES ('NLP5030', 'NLP5030', 'Balsamic vinergar 5L', 'Balsamic vinergar 5L', 'Balsamic vinergar 5L', (SELECT id FROM purchase_categories WHERE code = 'CONDIMENT' LIMIT 1), 'BOTTLE', 'ML', 750, 0, 5.0, 663300.0, 663300.0, 100.0, 0.0, 0.0, 0.0, false, false, false, 'AUTO_PO', true) ON CONFLICT (id) DO NOTHING;
INSERT INTO ingredients (id, code, nom_fr, ten_vi, name_en, purchase_category_id, stock_uom, recipe_uom, stock_to_recipe_factor, tare_weight_grams, tolerance_percent, wac_price, standard_price, yield_rate, min_stock, max_stock, safety_stock, is_import, track_lot, is_beverage, auto_po_group, is_active) VALUES ('NLP50312', 'NLP50312', 'Mustard Dijon 4kg - Clovis', 'Mustard Dijon 4kg - Clovis', 'Mustard Dijon 4kg - Clovis', (SELECT id FROM purchase_categories WHERE code = 'CONDIMENT' LIMIT 1), 'BOX', 'BOX', 1, 0, 5.0, 543400.0, 543400.0, 100.0, 0.0, 0.0, 0.0, false, false, false, 'AUTO_PO', true) ON CONFLICT (id) DO NOTHING;
INSERT INTO ingredients (id, code, nom_fr, ten_vi, name_en, purchase_category_id, stock_uom, recipe_uom, stock_to_recipe_factor, tare_weight_grams, tolerance_percent, wac_price, standard_price, yield_rate, min_stock, max_stock, safety_stock, is_import, track_lot, is_beverage, auto_po_group, is_active) VALUES ('NLP5033', 'NLP5033', 'Whole peeled tomato - cà bóc vỏ nguyên trái', 'Whole peeled tomato - cà bóc vỏ nguyên trái', 'Whole peeled tomato - cà bóc vỏ nguyên trái', (SELECT id FROM purchase_categories WHERE code = 'CONDIMENT' LIMIT 1), 'BOX', 'BOX', 1, 0, 5.0, 85000.0, 85000.0, 100.0, 0.0, 0.0, 0.0, false, false, false, 'AUTO_PO', true) ON CONFLICT (id) DO NOTHING;
INSERT INTO ingredients (id, code, nom_fr, ten_vi, name_en, purchase_category_id, stock_uom, recipe_uom, stock_to_recipe_factor, tare_weight_grams, tolerance_percent, wac_price, standard_price, yield_rate, min_stock, max_stock, safety_stock, is_import, track_lot, is_beverage, auto_po_group, is_active) VALUES ('NLP50351', 'NLP50351', 'Heinz Tomato Paste 3.15 kg', 'Heinz Tomato Paste 3.15 kg', 'Heinz Tomato Paste 3.15 kg', (SELECT id FROM purchase_categories WHERE code = 'CONDIMENT' LIMIT 1), 'BOX', 'BOX', 1, 0, 5.0, 343000.0, 343000.0, 100.0, 0.0, 0.0, 0.0, false, false, false, 'AUTO_PO', true) ON CONFLICT (id) DO NOTHING;
INSERT INTO ingredients (id, code, nom_fr, ten_vi, name_en, purchase_category_id, stock_uom, recipe_uom, stock_to_recipe_factor, tare_weight_grams, tolerance_percent, wac_price, standard_price, yield_rate, min_stock, max_stock, safety_stock, is_import, track_lot, is_beverage, auto_po_group, is_active) VALUES ('NLP5036', 'NLP5036', 'Mật ong', 'Mật ong', 'Mật ong', (SELECT id FROM purchase_categories WHERE code = 'CONDIMENT' LIMIT 1), 'BOTTLE', 'ML', 750, 0, 5.0, 32000.0, 32000.0, 100.0, 0.0, 0.0, 0.0, false, false, false, 'AUTO_PO', true) ON CONFLICT (id) DO NOTHING;
INSERT INTO ingredients (id, code, nom_fr, ten_vi, name_en, purchase_category_id, stock_uom, recipe_uom, stock_to_recipe_factor, tare_weight_grams, tolerance_percent, wac_price, standard_price, yield_rate, min_stock, max_stock, safety_stock, is_import, track_lot, is_beverage, auto_po_group, is_active) VALUES ('NLP5041', 'NLP5041', 'Rượu Mirin', 'Rượu Mirin', 'Rượu Mirin', (SELECT id FROM purchase_categories WHERE code = 'CONDIMENT' LIMIT 1), 'L', 'ML', 1000, 0, 5.0, 105555.0, 105555.0, 100.0, 0.0, 0.0, 0.0, false, false, false, 'AUTO_PO', true) ON CONFLICT (id) DO NOTHING;
INSERT INTO ingredients (id, code, nom_fr, ten_vi, name_en, purchase_category_id, stock_uom, recipe_uom, stock_to_recipe_factor, tare_weight_grams, tolerance_percent, wac_price, standard_price, yield_rate, min_stock, max_stock, safety_stock, is_import, track_lot, is_beverage, auto_po_group, is_active) VALUES ('NLP5042', 'NLP5042', 'Rượu Sake nấu ăn', 'Rượu Sake nấu ăn', 'Rượu Sake nấu ăn', (SELECT id FROM purchase_categories WHERE code = 'CONDIMENT' LIMIT 1), 'L', 'ML', 1000, 0, 5.0, 105555.0, 105555.0, 100.0, 0.0, 0.0, 0.0, false, false, false, 'AUTO_PO', true) ON CONFLICT (id) DO NOTHING;
INSERT INTO ingredients (id, code, nom_fr, ten_vi, name_en, purchase_category_id, stock_uom, recipe_uom, stock_to_recipe_factor, tare_weight_grams, tolerance_percent, wac_price, standard_price, yield_rate, min_stock, max_stock, safety_stock, is_import, track_lot, is_beverage, auto_po_group, is_active) VALUES ('NLP5043', 'NLP5043', 'Rượu táo - Giffard Apple', 'Rượu táo - Giffard Apple', 'Rượu táo - Giffard Apple', (SELECT id FROM purchase_categories WHERE code = 'CONDIMENT' LIMIT 1), 'BOTTLE', 'ML', 750, 0, 5.0, 420000.0, 420000.0, 100.0, 0.0, 0.0, 0.0, false, false, false, 'AUTO_PO', true) ON CONFLICT (id) DO NOTHING;
INSERT INTO ingredients (id, code, nom_fr, ten_vi, name_en, purchase_category_id, stock_uom, recipe_uom, stock_to_recipe_factor, tare_weight_grams, tolerance_percent, wac_price, standard_price, yield_rate, min_stock, max_stock, safety_stock, is_import, track_lot, is_beverage, auto_po_group, is_active) VALUES ('NLP5051', 'NLP5051', 'Sốt Mayonaise 3kg', 'Sốt Mayonaise 3kg', 'Sốt Mayonaise 3kg', (SELECT id FROM purchase_categories WHERE code = 'CONDIMENT' LIMIT 1), 'BOX', 'BOX', 1, 0, 5.0, 243500.0, 243500.0, 100.0, 0.0, 0.0, 0.0, false, false, false, 'AUTO_PO', true) ON CONFLICT (id) DO NOTHING;
INSERT INTO ingredients (id, code, nom_fr, ten_vi, name_en, purchase_category_id, stock_uom, recipe_uom, stock_to_recipe_factor, tare_weight_grams, tolerance_percent, wac_price, standard_price, yield_rate, min_stock, max_stock, safety_stock, is_import, track_lot, is_beverage, auto_po_group, is_active) VALUES ('NLP5055', 'NLP5055', 'Dầu vani 500ml', 'Dầu vani 500ml', 'Dầu vani 500ml', (SELECT id FROM purchase_categories WHERE code = 'CONDIMENT' LIMIT 1), 'BOTTLE', 'ML', 750, 0, 5.0, 320000.0, 320000.0, 100.0, 0.0, 0.0, 0.0, false, false, false, 'AUTO_PO', true) ON CONFLICT (id) DO NOTHING;
INSERT INTO ingredients (id, code, nom_fr, ten_vi, name_en, purchase_category_id, stock_uom, recipe_uom, stock_to_recipe_factor, tare_weight_grams, tolerance_percent, wac_price, standard_price, yield_rate, min_stock, max_stock, safety_stock, is_import, track_lot, is_beverage, auto_po_group, is_active) VALUES ('NLP5057', 'NLP5057', 'Riso Gallo Long Grain ( Gạo Nhật 1kg)', 'Riso Gallo Long Grain ( Gạo Nhật 1kg)', 'Riso Gallo Long Grain ( Gạo Nhật 1kg)', (SELECT id FROM purchase_categories WHERE code = 'CONDIMENT' LIMIT 1), 'KG', 'G', 1000, 0, 5.0, 157815.0, 157815.0, 100.0, 0.0, 0.0, 0.0, false, false, false, 'AUTO_PO', true) ON CONFLICT (id) DO NOTHING;
INSERT INTO ingredients (id, code, nom_fr, ten_vi, name_en, purchase_category_id, stock_uom, recipe_uom, stock_to_recipe_factor, tare_weight_grams, tolerance_percent, wac_price, standard_price, yield_rate, min_stock, max_stock, safety_stock, is_import, track_lot, is_beverage, auto_po_group, is_active) VALUES ('NLP5061', 'NLP5061', 'Miso Paste', 'Miso Paste', 'Miso Paste', (SELECT id FROM purchase_categories WHERE code = 'CONDIMENT' LIMIT 1), 'KG', 'G', 1000, 0, 5.0, 135000.0, 135000.0, 100.0, 0.0, 0.0, 0.0, false, false, false, 'AUTO_PO', true) ON CONFLICT (id) DO NOTHING;
INSERT INTO ingredients (id, code, nom_fr, ten_vi, name_en, purchase_category_id, stock_uom, recipe_uom, stock_to_recipe_factor, tare_weight_grams, tolerance_percent, wac_price, standard_price, yield_rate, min_stock, max_stock, safety_stock, is_import, track_lot, is_beverage, auto_po_group, is_active) VALUES ('NLP5071', 'NLP5071', 'Mơ khô sấy- Dry Apricot', 'Mơ khô sấy- Dry Apricot', 'Mơ khô sấy- Dry Apricot', (SELECT id FROM purchase_categories WHERE code = 'CONDIMENT' LIMIT 1), 'KG', 'G', 1000, 0, 5.0, 319000.0, 319000.0, 100.0, 0.0, 0.0, 0.0, false, false, false, 'AUTO_PO', true) ON CONFLICT (id) DO NOTHING;
INSERT INTO ingredients (id, code, nom_fr, ten_vi, name_en, purchase_category_id, stock_uom, recipe_uom, stock_to_recipe_factor, tare_weight_grams, tolerance_percent, wac_price, standard_price, yield_rate, min_stock, max_stock, safety_stock, is_import, track_lot, is_beverage, auto_po_group, is_active) VALUES ('NLP5074', 'NLP5074', 'Tagliatelle a nido ( Organic ) 250g', 'Tagliatelle a nido ( Organic ) 250g', 'Tagliatelle a nido ( Organic ) 250g', (SELECT id FROM purchase_categories WHERE code = 'CONDIMENT' LIMIT 1), 'PACK', 'PACK', 1, 0, 5.0, 62640.0, 62640.0, 100.0, 0.0, 0.0, 0.0, false, false, false, 'AUTO_PO', true) ON CONFLICT (id) DO NOTHING;
INSERT INTO ingredients (id, code, nom_fr, ten_vi, name_en, purchase_category_id, stock_uom, recipe_uom, stock_to_recipe_factor, tare_weight_grams, tolerance_percent, wac_price, standard_price, yield_rate, min_stock, max_stock, safety_stock, is_import, track_lot, is_beverage, auto_po_group, is_active) VALUES ('NLP5076', 'NLP5076', 'Penne Rigate ( Organic ) 500g', 'Penne Rigate ( Organic ) 500g', 'Penne Rigate ( Organic ) 500g', (SELECT id FROM purchase_categories WHERE code = 'CONDIMENT' LIMIT 1), 'PACK', 'PACK', 1, 0, 5.0, 96120.0, 96120.0, 100.0, 0.0, 0.0, 0.0, false, false, false, 'AUTO_PO', true) ON CONFLICT (id) DO NOTHING;
INSERT INTO ingredients (id, code, nom_fr, ten_vi, name_en, purchase_category_id, stock_uom, recipe_uom, stock_to_recipe_factor, tare_weight_grams, tolerance_percent, wac_price, standard_price, yield_rate, min_stock, max_stock, safety_stock, is_import, track_lot, is_beverage, auto_po_group, is_active) VALUES ('NLP60049', 'NLP60049', 'Dâu tây đông lạnh', 'Dâu tây đông lạnh', 'Dâu tây đông lạnh', (SELECT id FROM purchase_categories WHERE code = 'FRUIT' LIMIT 1), 'BOX', 'BOX', 1, 0, 5.0, 100300.0, 100300.0, 100.0, 0.0, 0.0, 0.0, false, false, false, 'AUTO_PO', true) ON CONFLICT (id) DO NOTHING;
INSERT INTO ingredients (id, code, nom_fr, ten_vi, name_en, purchase_category_id, stock_uom, recipe_uom, stock_to_recipe_factor, tare_weight_grams, tolerance_percent, wac_price, standard_price, yield_rate, min_stock, max_stock, safety_stock, is_import, track_lot, is_beverage, auto_po_group, is_active) VALUES ('NLP60050', 'NLP60050', 'Nước cốt dừa', 'Nước cốt dừa', 'Nước cốt dừa', (SELECT id FROM purchase_categories WHERE code = 'VEGETABLE' LIMIT 1), 'BOX', 'BOX', 1, 0, 5.0, 25560.0, 25560.0, 100.0, 0.0, 0.0, 0.0, false, false, false, 'AUTO_PO', true) ON CONFLICT (id) DO NOTHING;
INSERT INTO ingredients (id, code, nom_fr, ten_vi, name_en, purchase_category_id, stock_uom, recipe_uom, stock_to_recipe_factor, tare_weight_grams, tolerance_percent, wac_price, standard_price, yield_rate, min_stock, max_stock, safety_stock, is_import, track_lot, is_beverage, auto_po_group, is_active) VALUES ('NLP60054', 'NLP60054', 'Khoai tây sợi 7/7mm Premium', 'Khoai tây sợi 7/7mm Premium', 'Khoai tây sợi 7/7mm Premium', (SELECT id FROM purchase_categories WHERE code = 'VEGETABLE' LIMIT 1), 'KG', 'G', 1000, 0, 5.0, 60000.0, 60000.0, 100.0, 0.0, 0.0, 0.0, false, false, false, 'AUTO_PO', true) ON CONFLICT (id) DO NOTHING;
INSERT INTO ingredients (id, code, nom_fr, ten_vi, name_en, purchase_category_id, stock_uom, recipe_uom, stock_to_recipe_factor, tare_weight_grams, tolerance_percent, wac_price, standard_price, yield_rate, min_stock, max_stock, safety_stock, is_import, track_lot, is_beverage, auto_po_group, is_active) VALUES ('NLP60056', 'NLP60056', 'Quả mâm xôi đen đông lạnh - Blackberry', 'Quả mâm xôi đen đông lạnh - Blackberry', 'Quả mâm xôi đen đông lạnh - Blackberry', (SELECT id FROM purchase_categories WHERE code = 'FRUIT' LIMIT 1), 'KG', 'G', 1000, 0, 5.0, 60950.0, 60950.0, 100.0, 0.0, 0.0, 0.0, false, false, false, 'AUTO_PO', true) ON CONFLICT (id) DO NOTHING;
INSERT INTO ingredients (id, code, nom_fr, ten_vi, name_en, purchase_category_id, stock_uom, recipe_uom, stock_to_recipe_factor, tare_weight_grams, tolerance_percent, wac_price, standard_price, yield_rate, min_stock, max_stock, safety_stock, is_import, track_lot, is_beverage, auto_po_group, is_active) VALUES ('NLP8001', 'NLP8001', 'Men nở', 'Men nở', 'Men nở', (SELECT id FROM purchase_categories WHERE code = 'GRAIN' LIMIT 1), 'KG', 'G', 1000, 0, 5.0, 105000.0, 105000.0, 100.0, 0.0, 0.0, 0.0, false, false, false, 'AUTO_PO', true) ON CONFLICT (id) DO NOTHING;
INSERT INTO ingredients (id, code, nom_fr, ten_vi, name_en, purchase_category_id, stock_uom, recipe_uom, stock_to_recipe_factor, tare_weight_grams, tolerance_percent, wac_price, standard_price, yield_rate, min_stock, max_stock, safety_stock, is_import, track_lot, is_beverage, auto_po_group, is_active) VALUES ('NLP8002', 'NLP8002', 'Flour - Bột mỳ', 'Flour - Bột mỳ', 'Flour - Bột mỳ', (SELECT id FROM purchase_categories WHERE code = 'GRAIN' LIMIT 1), 'KG', 'G', 1000, 0, 5.0, 15800.0, 15800.0, 100.0, 0.0, 0.0, 0.0, false, false, false, 'AUTO_PO', true) ON CONFLICT (id) DO NOTHING;
INSERT INTO ingredients (id, code, nom_fr, ten_vi, name_en, purchase_category_id, stock_uom, recipe_uom, stock_to_recipe_factor, tare_weight_grams, tolerance_percent, wac_price, standard_price, yield_rate, min_stock, max_stock, safety_stock, is_import, track_lot, is_beverage, auto_po_group, is_active) VALUES ('NLP80021', 'NLP80021', 'Dark rye flour', 'Dark rye flour', 'Dark rye flour', (SELECT id FROM purchase_categories WHERE code = 'GRAIN' LIMIT 1), 'KG', 'G', 1000, 0, 5.0, 100000.0, 100000.0, 100.0, 0.0, 0.0, 0.0, false, false, false, 'AUTO_PO', true) ON CONFLICT (id) DO NOTHING;
INSERT INTO ingredients (id, code, nom_fr, ten_vi, name_en, purchase_category_id, stock_uom, recipe_uom, stock_to_recipe_factor, tare_weight_grams, tolerance_percent, wac_price, standard_price, yield_rate, min_stock, max_stock, safety_stock, is_import, track_lot, is_beverage, auto_po_group, is_active) VALUES ('NLP80053', 'NLP80053', 'Khoai tây Spicy Wedges bổ múi cau 1kg', 'Khoai tây Spicy Wedges bổ múi cau 1kg', 'Khoai tây Spicy Wedges bổ múi cau 1kg', (SELECT id FROM purchase_categories WHERE code = 'GRAIN' LIMIT 1), 'KG', 'G', 1000, 0, 5.0, 40000.0, 40000.0, 100.0, 0.0, 0.0, 0.0, false, false, false, 'AUTO_PO', true) ON CONFLICT (id) DO NOTHING;
INSERT INTO ingredients (id, code, nom_fr, ten_vi, name_en, purchase_category_id, stock_uom, recipe_uom, stock_to_recipe_factor, tare_weight_grams, tolerance_percent, wac_price, standard_price, yield_rate, min_stock, max_stock, safety_stock, is_import, track_lot, is_beverage, auto_po_group, is_active) VALUES ('NLP80071', 'NLP80071', 'Hạt tiêu hồng- Pink pepercon', 'Hạt tiêu hồng- Pink pepercon', 'Hạt tiêu hồng- Pink pepercon', (SELECT id FROM purchase_categories WHERE code = 'GRAIN' LIMIT 1), 'KG', 'G', 1000, 0, 5.0, 3780000.0, 3780000.0, 100.0, 0.0, 0.0, 0.0, false, false, false, 'AUTO_PO', true) ON CONFLICT (id) DO NOTHING;
INSERT INTO ingredients (id, code, nom_fr, ten_vi, name_en, purchase_category_id, stock_uom, recipe_uom, stock_to_recipe_factor, tare_weight_grams, tolerance_percent, wac_price, standard_price, yield_rate, min_stock, max_stock, safety_stock, is_import, track_lot, is_beverage, auto_po_group, is_active) VALUES ('NLP80074', 'NLP80074', 'Hạt diêm mạch - Quinoa', 'Hạt diêm mạch - Quinoa', 'Hạt diêm mạch - Quinoa', (SELECT id FROM purchase_categories WHERE code = 'GRAIN' LIMIT 1), 'KG', 'G', 1000, 0, 5.0, 302000.0, 302000.0, 100.0, 0.0, 0.0, 0.0, false, false, false, 'AUTO_PO', true) ON CONFLICT (id) DO NOTHING;
INSERT INTO ingredients (id, code, nom_fr, ten_vi, name_en, purchase_category_id, stock_uom, recipe_uom, stock_to_recipe_factor, tare_weight_grams, tolerance_percent, wac_price, standard_price, yield_rate, min_stock, max_stock, safety_stock, is_import, track_lot, is_beverage, auto_po_group, is_active) VALUES ('NLP8015', 'NLP8015', 'Trứng cá đen (hộp)', 'Trứng cá đen (hộp)', 'Trứng cá đen (hộp)', (SELECT id FROM purchase_categories WHERE code = 'SEAFOOD' LIMIT 1), 'BOX', 'BOX', 1, 0, 5.0, 200000.0, 200000.0, 100.0, 0.0, 0.0, 0.0, false, false, false, 'AUTO_PO', true) ON CONFLICT (id) DO NOTHING;
INSERT INTO ingredients (id, code, nom_fr, ten_vi, name_en, purchase_category_id, stock_uom, recipe_uom, stock_to_recipe_factor, tare_weight_grams, tolerance_percent, wac_price, standard_price, yield_rate, min_stock, max_stock, safety_stock, is_import, track_lot, is_beverage, auto_po_group, is_active) VALUES ('NLP8016', 'NLP8016', 'Frozen whole IQF Fig (quả sung đông lạnh)', 'Frozen whole IQF Fig (quả sung đông lạnh)', 'Frozen whole IQF Fig (quả sung đông lạnh)', (SELECT id FROM purchase_categories WHERE code = 'GRAIN' LIMIT 1), 'KG', 'G', 1000, 0, 5.0, 367500.0, 367500.0, 100.0, 0.0, 0.0, 0.0, false, false, false, 'AUTO_PO', true) ON CONFLICT (id) DO NOTHING;
INSERT INTO ingredients (id, code, nom_fr, ten_vi, name_en, purchase_category_id, stock_uom, recipe_uom, stock_to_recipe_factor, tare_weight_grams, tolerance_percent, wac_price, standard_price, yield_rate, min_stock, max_stock, safety_stock, is_import, track_lot, is_beverage, auto_po_group, is_active) VALUES ('NLP8017', 'NLP8017', 'Safran whole 10g (nhụy hoa nghệ tây)', 'Safran whole 10g (nhụy hoa nghệ tây)', 'Safran whole 10g (nhụy hoa nghệ tây)', (SELECT id FROM purchase_categories WHERE code = 'GRAIN' LIMIT 1), 'G', 'G', 1, 0, 5.0, 233530.0, 233530.0, 100.0, 0.0, 0.0, 0.0, false, false, false, 'AUTO_PO', true) ON CONFLICT (id) DO NOTHING;
INSERT INTO ingredients (id, code, nom_fr, ten_vi, name_en, purchase_category_id, stock_uom, recipe_uom, stock_to_recipe_factor, tare_weight_grams, tolerance_percent, wac_price, standard_price, yield_rate, min_stock, max_stock, safety_stock, is_import, track_lot, is_beverage, auto_po_group, is_active) VALUES ('NLP60036', 'NLP60036', 'Bưởi xanh', 'Bưởi xanh', 'Bưởi xanh', (SELECT id FROM purchase_categories WHERE code = 'FRUIT' LIMIT 1), 'PIECE', 'PIECE', 1, 0, 5.0, 100000.0, 100000.0, 100.0, 0.0, 0.0, 0.0, false, false, false, 'AUTO_PO', true) ON CONFLICT (id) DO NOTHING;
INSERT INTO ingredients (id, code, nom_fr, ten_vi, name_en, purchase_category_id, stock_uom, recipe_uom, stock_to_recipe_factor, tare_weight_grams, tolerance_percent, wac_price, standard_price, yield_rate, min_stock, max_stock, safety_stock, is_import, track_lot, is_beverage, auto_po_group, is_active) VALUES ('NLP60037', 'NLP60037', 'Táo', 'Táo', 'Táo', (SELECT id FROM purchase_categories WHERE code = 'FRUIT' LIMIT 1), 'KG', 'G', 1000, 0, 5.0, 50000.0, 50000.0, 100.0, 0.0, 0.0, 0.0, false, false, false, 'AUTO_PO', true) ON CONFLICT (id) DO NOTHING;
INSERT INTO ingredients (id, code, nom_fr, ten_vi, name_en, purchase_category_id, stock_uom, recipe_uom, stock_to_recipe_factor, tare_weight_grams, tolerance_percent, wac_price, standard_price, yield_rate, min_stock, max_stock, safety_stock, is_import, track_lot, is_beverage, auto_po_group, is_active) VALUES ('NLP600381', 'NLP600381', 'Chanh vàng', 'Chanh vàng', 'Chanh vàng', (SELECT id FROM purchase_categories WHERE code = 'FRUIT' LIMIT 1), 'KG', 'G', 1000, 0, 5.0, 50000.0, 50000.0, 100.0, 0.0, 0.0, 0.0, false, false, false, 'AUTO_PO', true) ON CONFLICT (id) DO NOTHING;
INSERT INTO ingredients (id, code, nom_fr, ten_vi, name_en, purchase_category_id, stock_uom, recipe_uom, stock_to_recipe_factor, tare_weight_grams, tolerance_percent, wac_price, standard_price, yield_rate, min_stock, max_stock, safety_stock, is_import, track_lot, is_beverage, auto_po_group, is_active) VALUES ('NLP60039', 'NLP60039', 'Dâu tây', 'Dâu tây', 'Dâu tây', (SELECT id FROM purchase_categories WHERE code = 'FRUIT' LIMIT 1), 'KG', 'G', 1000, 0, 5.0, 100000.0, 100000.0, 100.0, 0.0, 0.0, 0.0, false, false, false, 'AUTO_PO', true) ON CONFLICT (id) DO NOTHING;
INSERT INTO ingredients (id, code, nom_fr, ten_vi, name_en, purchase_category_id, stock_uom, recipe_uom, stock_to_recipe_factor, tare_weight_grams, tolerance_percent, wac_price, standard_price, yield_rate, min_stock, max_stock, safety_stock, is_import, track_lot, is_beverage, auto_po_group, is_active) VALUES ('NLP60040', 'NLP60040', 'Bơ sáp', 'Bơ sáp', 'Bơ sáp', (SELECT id FROM purchase_categories WHERE code = 'VEGETABLE' LIMIT 1), 'KG', 'G', 1000, 0, 5.0, 50000.0, 50000.0, 100.0, 0.0, 0.0, 0.0, false, false, false, 'AUTO_PO', true) ON CONFLICT (id) DO NOTHING;
INSERT INTO ingredients (id, code, nom_fr, ten_vi, name_en, purchase_category_id, stock_uom, recipe_uom, stock_to_recipe_factor, tare_weight_grams, tolerance_percent, wac_price, standard_price, yield_rate, min_stock, max_stock, safety_stock, is_import, track_lot, is_beverage, auto_po_group, is_active) VALUES ('NLP60043', 'NLP60043', 'Thanh long trắng', 'Thanh long trắng', 'Thanh long trắng', (SELECT id FROM purchase_categories WHERE code = 'VEGETABLE' LIMIT 1), 'KG', 'G', 1000, 0, 5.0, 45000.0, 45000.0, 100.0, 0.0, 0.0, 0.0, false, false, false, 'AUTO_PO', true) ON CONFLICT (id) DO NOTHING;
INSERT INTO ingredients (id, code, nom_fr, ten_vi, name_en, purchase_category_id, stock_uom, recipe_uom, stock_to_recipe_factor, tare_weight_grams, tolerance_percent, wac_price, standard_price, yield_rate, min_stock, max_stock, safety_stock, is_import, track_lot, is_beverage, auto_po_group, is_active) VALUES ('NLP60045', 'NLP60045', 'Dưa vàng', 'Dưa vàng', 'Dưa vàng', (SELECT id FROM purchase_categories WHERE code = 'FRUIT' LIMIT 1), 'KG', 'G', 1000, 0, 5.0, 30000.0, 30000.0, 100.0, 0.0, 0.0, 0.0, false, false, false, 'AUTO_PO', true) ON CONFLICT (id) DO NOTHING;
INSERT INTO ingredients (id, code, nom_fr, ten_vi, name_en, purchase_category_id, stock_uom, recipe_uom, stock_to_recipe_factor, tare_weight_grams, tolerance_percent, wac_price, standard_price, yield_rate, min_stock, max_stock, safety_stock, is_import, track_lot, is_beverage, auto_po_group, is_active) VALUES ('NLP60047', 'NLP60047', 'Kiwi', 'Kiwi', 'Kiwi', (SELECT id FROM purchase_categories WHERE code = 'FRUIT' LIMIT 1), 'KG', 'G', 1000, 0, 5.0, 100000.0, 100000.0, 100.0, 0.0, 0.0, 0.0, false, false, false, 'AUTO_PO', true) ON CONFLICT (id) DO NOTHING;
INSERT INTO ingredients (id, code, nom_fr, ten_vi, name_en, purchase_category_id, stock_uom, recipe_uom, stock_to_recipe_factor, tare_weight_grams, tolerance_percent, wac_price, standard_price, yield_rate, min_stock, max_stock, safety_stock, is_import, track_lot, is_beverage, auto_po_group, is_active) VALUES ('NLP60052', 'NLP60052', 'Cam vàng', 'Cam vàng', 'Cam vàng', (SELECT id FROM purchase_categories WHERE code = 'FRUIT' LIMIT 1), 'KG', 'G', 1000, 0, 5.0, 95000.0, 95000.0, 100.0, 0.0, 0.0, 0.0, false, false, false, 'AUTO_PO', true) ON CONFLICT (id) DO NOTHING;
INSERT INTO ingredients (id, code, nom_fr, ten_vi, name_en, purchase_category_id, stock_uom, recipe_uom, stock_to_recipe_factor, tare_weight_grams, tolerance_percent, wac_price, standard_price, yield_rate, min_stock, max_stock, safety_stock, is_import, track_lot, is_beverage, auto_po_group, is_active) VALUES ('NLP60053', 'NLP60053', 'Chuối chín', 'Chuối chín', 'Chuối chín', (SELECT id FROM purchase_categories WHERE code = 'VEGETABLE' LIMIT 1), 'PIECE', 'PIECE', 1, 0, 5.0, 30000.0, 30000.0, 100.0, 0.0, 0.0, 0.0, false, false, false, 'AUTO_PO', true) ON CONFLICT (id) DO NOTHING;

INSERT INTO supplier_ingredients (supplier_id, ingredient_id, purchase_uom, pack_size, moq, last_price_fx, currency, is_preferred) VALUES ('90000000-0000-0000-0000-000000000001', 'ING-001', 'CASE', 10, 1, 5800000.0, 'VND', true) ON CONFLICT DO NOTHING;
INSERT INTO supplier_ingredients (supplier_id, ingredient_id, purchase_uom, pack_size, moq, last_price_fx, currency, is_preferred) VALUES ('90000000-0000-0000-0000-000000000001', 'ING-002', 'CASE', 10, 1, 9500000.0, 'VND', true) ON CONFLICT DO NOTHING;
INSERT INTO supplier_ingredients (supplier_id, ingredient_id, purchase_uom, pack_size, moq, last_price_fx, currency, is_preferred) VALUES ('90000000-0000-0000-0000-000000000001', 'ING-003', 'CASE', 10, 1, 14000000.0, 'VND', true) ON CONFLICT DO NOTHING;
INSERT INTO supplier_ingredients (supplier_id, ingredient_id, purchase_uom, pack_size, moq, last_price_fx, currency, is_preferred) VALUES ('90000000-0000-0000-0000-000000000001', 'ING-004', 'CASE', 10, 1, 3000000.0, 'VND', true) ON CONFLICT DO NOTHING;
INSERT INTO supplier_ingredients (supplier_id, ingredient_id, purchase_uom, pack_size, moq, last_price_fx, currency, is_preferred) VALUES ('90000000-0000-0000-0000-000000000001', 'ING-005', 'CASE', 10, 1, 7500000.0, 'VND', true) ON CONFLICT DO NOTHING;
INSERT INTO supplier_ingredients (supplier_id, ingredient_id, purchase_uom, pack_size, moq, last_price_fx, currency, is_preferred) VALUES ('90000000-0000-0000-0000-000000000001', 'ING-006', 'CASE', 10, 1, 3000000.0, 'VND', true) ON CONFLICT DO NOTHING;
INSERT INTO supplier_ingredients (supplier_id, ingredient_id, purchase_uom, pack_size, moq, last_price_fx, currency, is_preferred) VALUES ('90000000-0000-0000-0000-000000000001', 'ING-007', 'CASE', 10, 1, 5350000.0, 'VND', true) ON CONFLICT DO NOTHING;
INSERT INTO supplier_ingredients (supplier_id, ingredient_id, purchase_uom, pack_size, moq, last_price_fx, currency, is_preferred) VALUES ('90000000-0000-0000-0000-000000000001', 'ING-008', 'CASE', 10, 1, 9500000.0, 'VND', true) ON CONFLICT DO NOTHING;
INSERT INTO supplier_ingredients (supplier_id, ingredient_id, purchase_uom, pack_size, moq, last_price_fx, currency, is_preferred) VALUES ('90000000-0000-0000-0000-000000000001', 'ING-009', 'G', 1, 1, 6167.0, 'VND', true) ON CONFLICT DO NOTHING;
INSERT INTO supplier_ingredients (supplier_id, ingredient_id, purchase_uom, pack_size, moq, last_price_fx, currency, is_preferred) VALUES ('90000000-0000-0000-0000-000000000001', 'ING-010', 'CASE', 10, 1, 23500000.0, 'VND', true) ON CONFLICT DO NOTHING;
INSERT INTO supplier_ingredients (supplier_id, ingredient_id, purchase_uom, pack_size, moq, last_price_fx, currency, is_preferred) VALUES ('90000000-0000-0000-0000-000000000001', 'ING-011', 'CASE', 10, 1, 3500000.0, 'VND', true) ON CONFLICT DO NOTHING;
INSERT INTO supplier_ingredients (supplier_id, ingredient_id, purchase_uom, pack_size, moq, last_price_fx, currency, is_preferred) VALUES ('90000000-0000-0000-0000-000000000001', 'ING-012', 'CASE', 10, 1, 2500000.0, 'VND', true) ON CONFLICT DO NOTHING;
INSERT INTO supplier_ingredients (supplier_id, ingredient_id, purchase_uom, pack_size, moq, last_price_fx, currency, is_preferred) VALUES ('90000000-0000-0000-0000-000000000001', 'ING-013', 'CASE', 10, 1, 14175000.0, 'VND', true) ON CONFLICT DO NOTHING;
INSERT INTO supplier_ingredients (supplier_id, ingredient_id, purchase_uom, pack_size, moq, last_price_fx, currency, is_preferred) VALUES ('90000000-0000-0000-0000-000000000001', 'ING-014', 'CASE', 10, 1, 17780000.0, 'VND', true) ON CONFLICT DO NOTHING;
INSERT INTO supplier_ingredients (supplier_id, ingredient_id, purchase_uom, pack_size, moq, last_price_fx, currency, is_preferred) VALUES ('90000000-0000-0000-0000-000000000001', 'ING-014B', 'CASE', 10, 1, 12450000.0, 'VND', true) ON CONFLICT DO NOTHING;
INSERT INTO supplier_ingredients (supplier_id, ingredient_id, purchase_uom, pack_size, moq, last_price_fx, currency, is_preferred) VALUES ('90000000-0000-0000-0000-000000000001', 'ING-015', 'CASE', 10, 1, 1200000.0, 'VND', true) ON CONFLICT DO NOTHING;
INSERT INTO supplier_ingredients (supplier_id, ingredient_id, purchase_uom, pack_size, moq, last_price_fx, currency, is_preferred) VALUES ('90000000-0000-0000-0000-000000000001', 'ING-016', 'CASE', 10, 1, 8078400.0, 'VND', true) ON CONFLICT DO NOTHING;
INSERT INTO supplier_ingredients (supplier_id, ingredient_id, purchase_uom, pack_size, moq, last_price_fx, currency, is_preferred) VALUES ('90000000-0000-0000-0000-000000000001', 'ING-017', 'CASE', 10, 1, 7600000.0, 'VND', true) ON CONFLICT DO NOTHING;
INSERT INTO supplier_ingredients (supplier_id, ingredient_id, purchase_uom, pack_size, moq, last_price_fx, currency, is_preferred) VALUES ('90000000-0000-0000-0000-000000000001', 'ING-018', 'L', 1, 1, 115000.0, 'VND', true) ON CONFLICT DO NOTHING;
INSERT INTO supplier_ingredients (supplier_id, ingredient_id, purchase_uom, pack_size, moq, last_price_fx, currency, is_preferred) VALUES ('90000000-0000-0000-0000-000000000001', 'ING-019', 'L', 1, 1, 137160.0, 'VND', true) ON CONFLICT DO NOTHING;
INSERT INTO supplier_ingredients (supplier_id, ingredient_id, purchase_uom, pack_size, moq, last_price_fx, currency, is_preferred) VALUES ('90000000-0000-0000-0000-000000000001', 'ING-020', 'L', 1, 1, 38195.0, 'VND', true) ON CONFLICT DO NOTHING;
INSERT INTO supplier_ingredients (supplier_id, ingredient_id, purchase_uom, pack_size, moq, last_price_fx, currency, is_preferred) VALUES ('90000000-0000-0000-0000-000000000001', 'ING-021', 'CASE', 300, 1, 780000.0, 'VND', true) ON CONFLICT DO NOTHING;
INSERT INTO supplier_ingredients (supplier_id, ingredient_id, purchase_uom, pack_size, moq, last_price_fx, currency, is_preferred) VALUES ('90000000-0000-0000-0000-000000000001', 'ING-022', 'CASE', 10, 1, 2721600.0, 'VND', true) ON CONFLICT DO NOTHING;
INSERT INTO supplier_ingredients (supplier_id, ingredient_id, purchase_uom, pack_size, moq, last_price_fx, currency, is_preferred) VALUES ('90000000-0000-0000-0000-000000000001', 'ING-023', 'CASE', 10, 1, 13500000.0, 'VND', true) ON CONFLICT DO NOTHING;
INSERT INTO supplier_ingredients (supplier_id, ingredient_id, purchase_uom, pack_size, moq, last_price_fx, currency, is_preferred) VALUES ('90000000-0000-0000-0000-000000000002', 'ING-024', 'CASE', 10, 1, 400000.0, 'VND', true) ON CONFLICT DO NOTHING;
INSERT INTO supplier_ingredients (supplier_id, ingredient_id, purchase_uom, pack_size, moq, last_price_fx, currency, is_preferred) VALUES ('90000000-0000-0000-0000-000000000002', 'ING-025', 'CASE', 10, 1, 3500000.0, 'VND', true) ON CONFLICT DO NOTHING;
INSERT INTO supplier_ingredients (supplier_id, ingredient_id, purchase_uom, pack_size, moq, last_price_fx, currency, is_preferred) VALUES ('90000000-0000-0000-0000-000000000002', 'ING-026', 'CASE', 10, 1, 1200000.0, 'VND', true) ON CONFLICT DO NOTHING;
INSERT INTO supplier_ingredients (supplier_id, ingredient_id, purchase_uom, pack_size, moq, last_price_fx, currency, is_preferred) VALUES ('90000000-0000-0000-0000-000000000002', 'ING-027', 'CASE', 10, 1, 28000000.0, 'VND', true) ON CONFLICT DO NOTHING;
INSERT INTO supplier_ingredients (supplier_id, ingredient_id, purchase_uom, pack_size, moq, last_price_fx, currency, is_preferred) VALUES ('90000000-0000-0000-0000-000000000002', 'ING-028', 'CASE', 10, 1, 1532000.0, 'VND', true) ON CONFLICT DO NOTHING;
INSERT INTO supplier_ingredients (supplier_id, ingredient_id, purchase_uom, pack_size, moq, last_price_fx, currency, is_preferred) VALUES ('90000000-0000-0000-0000-000000000002', 'ING-029', 'CASE', 10, 1, 400000.0, 'VND', true) ON CONFLICT DO NOTHING;
INSERT INTO supplier_ingredients (supplier_id, ingredient_id, purchase_uom, pack_size, moq, last_price_fx, currency, is_preferred) VALUES ('90000000-0000-0000-0000-000000000002', 'ING-030', 'CASE', 10, 1, 600000.0, 'VND', true) ON CONFLICT DO NOTHING;
INSERT INTO supplier_ingredients (supplier_id, ingredient_id, purchase_uom, pack_size, moq, last_price_fx, currency, is_preferred) VALUES ('90000000-0000-0000-0000-000000000002', 'ING-031', 'CASE', 10, 1, 1300000.0, 'VND', true) ON CONFLICT DO NOTHING;
INSERT INTO supplier_ingredients (supplier_id, ingredient_id, purchase_uom, pack_size, moq, last_price_fx, currency, is_preferred) VALUES ('90000000-0000-0000-0000-000000000002', 'ING-032', 'CASE', 10, 1, 500000.0, 'VND', true) ON CONFLICT DO NOTHING;
INSERT INTO supplier_ingredients (supplier_id, ingredient_id, purchase_uom, pack_size, moq, last_price_fx, currency, is_preferred) VALUES ('90000000-0000-0000-0000-000000000002', 'ING-033', 'CASE', 10, 1, 8000000.0, 'VND', true) ON CONFLICT DO NOTHING;
INSERT INTO supplier_ingredients (supplier_id, ingredient_id, purchase_uom, pack_size, moq, last_price_fx, currency, is_preferred) VALUES ('90000000-0000-0000-0000-000000000002', 'ING-034', 'CASE', 10, 1, 1000000.0, 'VND', true) ON CONFLICT DO NOTHING;
INSERT INTO supplier_ingredients (supplier_id, ingredient_id, purchase_uom, pack_size, moq, last_price_fx, currency, is_preferred) VALUES ('90000000-0000-0000-0000-000000000002', 'ING-035', 'CASE', 10, 1, 1000000.0, 'VND', true) ON CONFLICT DO NOTHING;
INSERT INTO supplier_ingredients (supplier_id, ingredient_id, purchase_uom, pack_size, moq, last_price_fx, currency, is_preferred) VALUES ('90000000-0000-0000-0000-000000000002', 'ING-036', 'CASE', 10, 1, 450000.0, 'VND', true) ON CONFLICT DO NOTHING;
INSERT INTO supplier_ingredients (supplier_id, ingredient_id, purchase_uom, pack_size, moq, last_price_fx, currency, is_preferred) VALUES ('90000000-0000-0000-0000-000000000002', 'ING-037', 'CASE', 10, 1, 4000000.0, 'VND', true) ON CONFLICT DO NOTHING;
INSERT INTO supplier_ingredients (supplier_id, ingredient_id, purchase_uom, pack_size, moq, last_price_fx, currency, is_preferred) VALUES ('90000000-0000-0000-0000-000000000002', 'ING-038', 'CASE', 10, 1, 5000000.0, 'VND', true) ON CONFLICT DO NOTHING;
INSERT INTO supplier_ingredients (supplier_id, ingredient_id, purchase_uom, pack_size, moq, last_price_fx, currency, is_preferred) VALUES ('90000000-0000-0000-0000-000000000002', 'ING-039', 'CASE', 10, 1, 500000.0, 'VND', true) ON CONFLICT DO NOTHING;
INSERT INTO supplier_ingredients (supplier_id, ingredient_id, purchase_uom, pack_size, moq, last_price_fx, currency, is_preferred) VALUES ('90000000-0000-0000-0000-000000000002', 'ING-040', 'CASE', 10, 1, 1200000.0, 'VND', true) ON CONFLICT DO NOTHING;
INSERT INTO supplier_ingredients (supplier_id, ingredient_id, purchase_uom, pack_size, moq, last_price_fx, currency, is_preferred) VALUES ('90000000-0000-0000-0000-000000000002', 'ING-041', 'CASE', 10, 1, 5000000.0, 'VND', true) ON CONFLICT DO NOTHING;
INSERT INTO supplier_ingredients (supplier_id, ingredient_id, purchase_uom, pack_size, moq, last_price_fx, currency, is_preferred) VALUES ('90000000-0000-0000-0000-000000000002', 'ING-042', 'CASE', 10, 1, 400000.0, 'VND', true) ON CONFLICT DO NOTHING;
INSERT INTO supplier_ingredients (supplier_id, ingredient_id, purchase_uom, pack_size, moq, last_price_fx, currency, is_preferred) VALUES ('90000000-0000-0000-0000-000000000002', 'ING-043', 'CASE', 10, 1, 300000.0, 'VND', true) ON CONFLICT DO NOTHING;
INSERT INTO supplier_ingredients (supplier_id, ingredient_id, purchase_uom, pack_size, moq, last_price_fx, currency, is_preferred) VALUES ('90000000-0000-0000-0000-000000000002', 'ING-044', 'CASE', 10, 1, 30000000.0, 'VND', true) ON CONFLICT DO NOTHING;
INSERT INTO supplier_ingredients (supplier_id, ingredient_id, purchase_uom, pack_size, moq, last_price_fx, currency, is_preferred) VALUES ('90000000-0000-0000-0000-000000000002', 'ING-045', 'CASE', 10, 1, 575000.0, 'VND', true) ON CONFLICT DO NOTHING;
INSERT INTO supplier_ingredients (supplier_id, ingredient_id, purchase_uom, pack_size, moq, last_price_fx, currency, is_preferred) VALUES ('90000000-0000-0000-0000-000000000002', 'ING-046', 'CASE', 10, 1, 300000.0, 'VND', true) ON CONFLICT DO NOTHING;
INSERT INTO supplier_ingredients (supplier_id, ingredient_id, purchase_uom, pack_size, moq, last_price_fx, currency, is_preferred) VALUES ('90000000-0000-0000-0000-000000000002', 'ING-047', 'CASE', 10, 1, 850000.0, 'VND', true) ON CONFLICT DO NOTHING;
INSERT INTO supplier_ingredients (supplier_id, ingredient_id, purchase_uom, pack_size, moq, last_price_fx, currency, is_preferred) VALUES ('90000000-0000-0000-0000-000000000002', 'ING-048', 'CASE', 10, 1, 500000.0, 'VND', true) ON CONFLICT DO NOTHING;
INSERT INTO supplier_ingredients (supplier_id, ingredient_id, purchase_uom, pack_size, moq, last_price_fx, currency, is_preferred) VALUES ('90000000-0000-0000-0000-000000000002', 'ING-049', 'CASE', 10, 1, 800000.0, 'VND', true) ON CONFLICT DO NOTHING;
INSERT INTO supplier_ingredients (supplier_id, ingredient_id, purchase_uom, pack_size, moq, last_price_fx, currency, is_preferred) VALUES ('90000000-0000-0000-0000-000000000002', 'ING-050', 'CASE', 10, 1, 1000000.0, 'VND', true) ON CONFLICT DO NOTHING;
INSERT INTO supplier_ingredients (supplier_id, ingredient_id, purchase_uom, pack_size, moq, last_price_fx, currency, is_preferred) VALUES ('90000000-0000-0000-0000-000000000001', 'ING-051', 'CASE', 10, 1, 2000000.0, 'VND', true) ON CONFLICT DO NOTHING;
INSERT INTO supplier_ingredients (supplier_id, ingredient_id, purchase_uom, pack_size, moq, last_price_fx, currency, is_preferred) VALUES ('90000000-0000-0000-0000-000000000001', 'ING-052', 'CASE', 10, 1, 3500000.0, 'VND', true) ON CONFLICT DO NOTHING;
INSERT INTO supplier_ingredients (supplier_id, ingredient_id, purchase_uom, pack_size, moq, last_price_fx, currency, is_preferred) VALUES ('90000000-0000-0000-0000-000000000001', 'ING-053', 'CASE', 10, 1, 338000.0, 'VND', true) ON CONFLICT DO NOTHING;
INSERT INTO supplier_ingredients (supplier_id, ingredient_id, purchase_uom, pack_size, moq, last_price_fx, currency, is_preferred) VALUES ('90000000-0000-0000-0000-000000000001', 'ING-054', 'CASE', 10, 1, 250000.0, 'VND', true) ON CONFLICT DO NOTHING;
INSERT INTO supplier_ingredients (supplier_id, ingredient_id, purchase_uom, pack_size, moq, last_price_fx, currency, is_preferred) VALUES ('90000000-0000-0000-0000-000000000001', 'ING-055', 'CASE', 10, 1, 3500000.0, 'VND', true) ON CONFLICT DO NOTHING;
INSERT INTO supplier_ingredients (supplier_id, ingredient_id, purchase_uom, pack_size, moq, last_price_fx, currency, is_preferred) VALUES ('90000000-0000-0000-0000-000000000001', 'ING-056', 'L', 1, 1, 210000.0, 'VND', true) ON CONFLICT DO NOTHING;
INSERT INTO supplier_ingredients (supplier_id, ingredient_id, purchase_uom, pack_size, moq, last_price_fx, currency, is_preferred) VALUES ('90000000-0000-0000-0000-000000000001', 'ING-057', 'L', 1, 1, 110000.0, 'VND', true) ON CONFLICT DO NOTHING;
INSERT INTO supplier_ingredients (supplier_id, ingredient_id, purchase_uom, pack_size, moq, last_price_fx, currency, is_preferred) VALUES ('90000000-0000-0000-0000-000000000001', 'ING-058', 'L', 1, 1, 110000.0, 'VND', true) ON CONFLICT DO NOTHING;
INSERT INTO supplier_ingredients (supplier_id, ingredient_id, purchase_uom, pack_size, moq, last_price_fx, currency, is_preferred) VALUES ('90000000-0000-0000-0000-000000000001', 'ING-059', 'L', 1, 1, 162000.0, 'VND', true) ON CONFLICT DO NOTHING;
INSERT INTO supplier_ingredients (supplier_id, ingredient_id, purchase_uom, pack_size, moq, last_price_fx, currency, is_preferred) VALUES ('90000000-0000-0000-0000-000000000001', 'ING-060', 'L', 1, 1, 1456000.0, 'VND', true) ON CONFLICT DO NOTHING;
INSERT INTO supplier_ingredients (supplier_id, ingredient_id, purchase_uom, pack_size, moq, last_price_fx, currency, is_preferred) VALUES ('90000000-0000-0000-0000-000000000001', 'ING-061', 'L', 1, 1, 120000.0, 'VND', true) ON CONFLICT DO NOTHING;
INSERT INTO supplier_ingredients (supplier_id, ingredient_id, purchase_uom, pack_size, moq, last_price_fx, currency, is_preferred) VALUES ('90000000-0000-0000-0000-000000000001', 'ING-062', 'L', 1, 1, 480000.0, 'VND', true) ON CONFLICT DO NOTHING;
INSERT INTO supplier_ingredients (supplier_id, ingredient_id, purchase_uom, pack_size, moq, last_price_fx, currency, is_preferred) VALUES ('90000000-0000-0000-0000-000000000001', 'ING-063', 'L', 1, 1, 140400.0, 'VND', true) ON CONFLICT DO NOTHING;
INSERT INTO supplier_ingredients (supplier_id, ingredient_id, purchase_uom, pack_size, moq, last_price_fx, currency, is_preferred) VALUES ('90000000-0000-0000-0000-000000000001', 'ING-064', 'CASE', 10, 1, 150000.0, 'VND', true) ON CONFLICT DO NOTHING;
INSERT INTO supplier_ingredients (supplier_id, ingredient_id, purchase_uom, pack_size, moq, last_price_fx, currency, is_preferred) VALUES ('90000000-0000-0000-0000-000000000001', 'ING-065', 'CASE', 10, 1, 5000000.0, 'VND', true) ON CONFLICT DO NOTHING;
INSERT INTO supplier_ingredients (supplier_id, ingredient_id, purchase_uom, pack_size, moq, last_price_fx, currency, is_preferred) VALUES ('90000000-0000-0000-0000-000000000001', 'ING-066', 'CASE', 10, 1, 2300000.0, 'VND', true) ON CONFLICT DO NOTHING;
INSERT INTO supplier_ingredients (supplier_id, ingredient_id, purchase_uom, pack_size, moq, last_price_fx, currency, is_preferred) VALUES ('90000000-0000-0000-0000-000000000001', 'ING-067', 'CASE', 10, 1, 2500000.0, 'VND', true) ON CONFLICT DO NOTHING;
INSERT INTO supplier_ingredients (supplier_id, ingredient_id, purchase_uom, pack_size, moq, last_price_fx, currency, is_preferred) VALUES ('90000000-0000-0000-0000-000000000001', 'ING-068', 'G', 1, 1, 195000.0, 'VND', true) ON CONFLICT DO NOTHING;
INSERT INTO supplier_ingredients (supplier_id, ingredient_id, purchase_uom, pack_size, moq, last_price_fx, currency, is_preferred) VALUES ('90000000-0000-0000-0000-000000000003', 'ING-069', 'CASE', 6, 1, 2718000.0, 'VND', true) ON CONFLICT DO NOTHING;
INSERT INTO supplier_ingredients (supplier_id, ingredient_id, purchase_uom, pack_size, moq, last_price_fx, currency, is_preferred) VALUES ('90000000-0000-0000-0000-000000000003', 'ING-070', 'CASE', 6, 1, 516000.0, 'VND', true) ON CONFLICT DO NOTHING;
INSERT INTO supplier_ingredients (supplier_id, ingredient_id, purchase_uom, pack_size, moq, last_price_fx, currency, is_preferred) VALUES ('90000000-0000-0000-0000-000000000003', 'ING-071', 'CASE', 6, 1, 516000.0, 'VND', true) ON CONFLICT DO NOTHING;
INSERT INTO supplier_ingredients (supplier_id, ingredient_id, purchase_uom, pack_size, moq, last_price_fx, currency, is_preferred) VALUES ('90000000-0000-0000-0000-000000000003', 'ING-072', 'CASE', 6, 1, 1500000.0, 'VND', true) ON CONFLICT DO NOTHING;
INSERT INTO supplier_ingredients (supplier_id, ingredient_id, purchase_uom, pack_size, moq, last_price_fx, currency, is_preferred) VALUES ('90000000-0000-0000-0000-000000000003', 'ING-073', 'CASE', 6, 1, 5370000.0, 'VND', true) ON CONFLICT DO NOTHING;
INSERT INTO supplier_ingredients (supplier_id, ingredient_id, purchase_uom, pack_size, moq, last_price_fx, currency, is_preferred) VALUES ('90000000-0000-0000-0000-000000000003', 'ING-074', 'CASE', 6, 1, 4800000.0, 'VND', true) ON CONFLICT DO NOTHING;
INSERT INTO supplier_ingredients (supplier_id, ingredient_id, purchase_uom, pack_size, moq, last_price_fx, currency, is_preferred) VALUES ('90000000-0000-0000-0000-000000000001', 'ING-075', 'CASE', 10, 1, 3550000.0, 'VND', true) ON CONFLICT DO NOTHING;
INSERT INTO supplier_ingredients (supplier_id, ingredient_id, purchase_uom, pack_size, moq, last_price_fx, currency, is_preferred) VALUES ('90000000-0000-0000-0000-000000000001', 'ING-076', 'CASE', 10, 1, 1350000.0, 'VND', true) ON CONFLICT DO NOTHING;
INSERT INTO supplier_ingredients (supplier_id, ingredient_id, purchase_uom, pack_size, moq, last_price_fx, currency, is_preferred) VALUES ('90000000-0000-0000-0000-000000000001', 'ING-077', 'CASE', 10, 1, 7380000.0, 'VND', true) ON CONFLICT DO NOTHING;
INSERT INTO supplier_ingredients (supplier_id, ingredient_id, purchase_uom, pack_size, moq, last_price_fx, currency, is_preferred) VALUES ('90000000-0000-0000-0000-000000000001', 'ING-078', 'CASE', 10, 1, 8100000.0, 'VND', true) ON CONFLICT DO NOTHING;
INSERT INTO supplier_ingredients (supplier_id, ingredient_id, purchase_uom, pack_size, moq, last_price_fx, currency, is_preferred) VALUES ('90000000-0000-0000-0000-000000000001', 'ING-079', 'CASE', 10, 1, 1112400.0, 'VND', true) ON CONFLICT DO NOTHING;
INSERT INTO supplier_ingredients (supplier_id, ingredient_id, purchase_uom, pack_size, moq, last_price_fx, currency, is_preferred) VALUES ('90000000-0000-0000-0000-000000000001', 'ING-080', 'L', 1, 1, 92000.0, 'VND', true) ON CONFLICT DO NOTHING;
INSERT INTO supplier_ingredients (supplier_id, ingredient_id, purchase_uom, pack_size, moq, last_price_fx, currency, is_preferred) VALUES ('90000000-0000-0000-0000-000000000001', 'ING-081', 'L', 1, 1, 13800.0, 'VND', true) ON CONFLICT DO NOTHING;
INSERT INTO supplier_ingredients (supplier_id, ingredient_id, purchase_uom, pack_size, moq, last_price_fx, currency, is_preferred) VALUES ('90000000-0000-0000-0000-000000000001', 'ING-082', 'L', 1, 1, 10200.0, 'VND', true) ON CONFLICT DO NOTHING;
INSERT INTO supplier_ingredients (supplier_id, ingredient_id, purchase_uom, pack_size, moq, last_price_fx, currency, is_preferred) VALUES ('90000000-0000-0000-0000-000000000001', 'ING-083', 'L', 1, 1, 50000.0, 'VND', true) ON CONFLICT DO NOTHING;
INSERT INTO supplier_ingredients (supplier_id, ingredient_id, purchase_uom, pack_size, moq, last_price_fx, currency, is_preferred) VALUES ('90000000-0000-0000-0000-000000000001', 'ING-084', 'CASE', 10, 1, 3500000.0, 'VND', true) ON CONFLICT DO NOTHING;
INSERT INTO supplier_ingredients (supplier_id, ingredient_id, purchase_uom, pack_size, moq, last_price_fx, currency, is_preferred) VALUES ('90000000-0000-0000-0000-000000000001', 'ING-085', 'G', 1, 1, 2750.0, 'VND', true) ON CONFLICT DO NOTHING;
INSERT INTO supplier_ingredients (supplier_id, ingredient_id, purchase_uom, pack_size, moq, last_price_fx, currency, is_preferred) VALUES ('90000000-0000-0000-0000-000000000001', 'ING-086', 'CASE', 10, 1, 7100000.0, 'VND', true) ON CONFLICT DO NOTHING;
INSERT INTO supplier_ingredients (supplier_id, ingredient_id, purchase_uom, pack_size, moq, last_price_fx, currency, is_preferred) VALUES ('90000000-0000-0000-0000-000000000002', 'ING-087', 'G', 1, 1, 9304.0, 'VND', true) ON CONFLICT DO NOTHING;
INSERT INTO supplier_ingredients (supplier_id, ingredient_id, purchase_uom, pack_size, moq, last_price_fx, currency, is_preferred) VALUES ('90000000-0000-0000-0000-000000000001', 'ING-088', 'CASE', 10, 1, 9200000.0, 'VND', true) ON CONFLICT DO NOTHING;
INSERT INTO supplier_ingredients (supplier_id, ingredient_id, purchase_uom, pack_size, moq, last_price_fx, currency, is_preferred) VALUES ('90000000-0000-0000-0000-000000000001', 'ING-089', 'CASE', 10, 1, 2800000.0, 'VND', true) ON CONFLICT DO NOTHING;
INSERT INTO supplier_ingredients (supplier_id, ingredient_id, purchase_uom, pack_size, moq, last_price_fx, currency, is_preferred) VALUES ('90000000-0000-0000-0000-000000000001', 'ING-090', 'CASE', 10, 1, 6426000.0, 'VND', true) ON CONFLICT DO NOTHING;
INSERT INTO supplier_ingredients (supplier_id, ingredient_id, purchase_uom, pack_size, moq, last_price_fx, currency, is_preferred) VALUES ('90000000-0000-0000-0000-000000000001', 'ING-091', 'CASE', 10, 1, 400000.0, 'VND', true) ON CONFLICT DO NOTHING;
INSERT INTO supplier_ingredients (supplier_id, ingredient_id, purchase_uom, pack_size, moq, last_price_fx, currency, is_preferred) VALUES ('90000000-0000-0000-0000-000000000001', 'ING-092', 'CASE', 10, 1, 3240000.0, 'VND', true) ON CONFLICT DO NOTHING;
INSERT INTO supplier_ingredients (supplier_id, ingredient_id, purchase_uom, pack_size, moq, last_price_fx, currency, is_preferred) VALUES ('90000000-0000-0000-0000-000000000001', 'ING-094', 'CASE', 10, 1, 1792800.0, 'VND', true) ON CONFLICT DO NOTHING;
INSERT INTO supplier_ingredients (supplier_id, ingredient_id, purchase_uom, pack_size, moq, last_price_fx, currency, is_preferred) VALUES ('90000000-0000-0000-0000-000000000002', 'ING-100', 'CASE', 10, 1, 350000.0, 'VND', true) ON CONFLICT DO NOTHING;
INSERT INTO supplier_ingredients (supplier_id, ingredient_id, purchase_uom, pack_size, moq, last_price_fx, currency, is_preferred) VALUES ('90000000-0000-0000-0000-000000000001', 'ING-093', 'CASE', 10, 1, 11130000.0, 'VND', true) ON CONFLICT DO NOTHING;
INSERT INTO supplier_ingredients (supplier_id, ingredient_id, purchase_uom, pack_size, moq, last_price_fx, currency, is_preferred) VALUES ('90000000-0000-0000-0000-000000000001', 'ING-101', 'CASE', 6, 1, 210000.0, 'VND', true) ON CONFLICT DO NOTHING;
INSERT INTO supplier_ingredients (supplier_id, ingredient_id, purchase_uom, pack_size, moq, last_price_fx, currency, is_preferred) VALUES ('90000000-0000-0000-0000-000000000001', 'ING-102', 'CASE', 6, 1, 180000.0, 'VND', true) ON CONFLICT DO NOTHING;
INSERT INTO supplier_ingredients (supplier_id, ingredient_id, purchase_uom, pack_size, moq, last_price_fx, currency, is_preferred) VALUES ('90000000-0000-0000-0000-000000000001', 'ING-103', 'CASE', 6, 1, 150000.0, 'VND', true) ON CONFLICT DO NOTHING;
INSERT INTO supplier_ingredients (supplier_id, ingredient_id, purchase_uom, pack_size, moq, last_price_fx, currency, is_preferred) VALUES ('90000000-0000-0000-0000-000000000001', 'ING-104', 'CASE', 6, 1, 150000.0, 'VND', true) ON CONFLICT DO NOTHING;
INSERT INTO supplier_ingredients (supplier_id, ingredient_id, purchase_uom, pack_size, moq, last_price_fx, currency, is_preferred) VALUES ('90000000-0000-0000-0000-000000000001', 'ING-105', 'CASE', 6, 1, 192000.0, 'VND', true) ON CONFLICT DO NOTHING;
INSERT INTO supplier_ingredients (supplier_id, ingredient_id, purchase_uom, pack_size, moq, last_price_fx, currency, is_preferred) VALUES ('90000000-0000-0000-0000-000000000001', 'ING-106', 'CASE', 24, 1, 480000.0, 'VND', true) ON CONFLICT DO NOTHING;
INSERT INTO supplier_ingredients (supplier_id, ingredient_id, purchase_uom, pack_size, moq, last_price_fx, currency, is_preferred) VALUES ('90000000-0000-0000-0000-000000000001', 'ING-107', 'CASE', 24, 1, 480000.0, 'VND', true) ON CONFLICT DO NOTHING;
INSERT INTO supplier_ingredients (supplier_id, ingredient_id, purchase_uom, pack_size, moq, last_price_fx, currency, is_preferred) VALUES ('90000000-0000-0000-0000-000000000001', 'ING-108', 'CASE', 24, 1, 480000.0, 'VND', true) ON CONFLICT DO NOTHING;
INSERT INTO supplier_ingredients (supplier_id, ingredient_id, purchase_uom, pack_size, moq, last_price_fx, currency, is_preferred) VALUES ('90000000-0000-0000-0000-000000000001', 'ING-109', 'CASE', 24, 1, 432000.0, 'VND', true) ON CONFLICT DO NOTHING;
INSERT INTO supplier_ingredients (supplier_id, ingredient_id, purchase_uom, pack_size, moq, last_price_fx, currency, is_preferred) VALUES ('90000000-0000-0000-0000-000000000001', 'ING-110', 'L', 1, 1, 60000.0, 'VND', true) ON CONFLICT DO NOTHING;
INSERT INTO supplier_ingredients (supplier_id, ingredient_id, purchase_uom, pack_size, moq, last_price_fx, currency, is_preferred) VALUES ('90000000-0000-0000-0000-000000000001', 'ING-111', 'L', 1, 1, 50000.0, 'VND', true) ON CONFLICT DO NOTHING;
INSERT INTO supplier_ingredients (supplier_id, ingredient_id, purchase_uom, pack_size, moq, last_price_fx, currency, is_preferred) VALUES ('90000000-0000-0000-0000-000000000001', 'ING-112', 'L', 1, 1, 40000.0, 'VND', true) ON CONFLICT DO NOTHING;
INSERT INTO supplier_ingredients (supplier_id, ingredient_id, purchase_uom, pack_size, moq, last_price_fx, currency, is_preferred) VALUES ('90000000-0000-0000-0000-000000000001', 'ING-113', 'GLASS', 1, 1, 85000.0, 'VND', true) ON CONFLICT DO NOTHING;
INSERT INTO supplier_ingredients (supplier_id, ingredient_id, purchase_uom, pack_size, moq, last_price_fx, currency, is_preferred) VALUES ('90000000-0000-0000-0000-000000000001', 'ING-114', 'GLASS', 1, 1, 80000.0, 'VND', true) ON CONFLICT DO NOTHING;
INSERT INTO supplier_ingredients (supplier_id, ingredient_id, purchase_uom, pack_size, moq, last_price_fx, currency, is_preferred) VALUES ('90000000-0000-0000-0000-000000000003', 'ING-115', 'CASE', 6, 1, 720000.0, 'VND', true) ON CONFLICT DO NOTHING;
INSERT INTO supplier_ingredients (supplier_id, ingredient_id, purchase_uom, pack_size, moq, last_price_fx, currency, is_preferred) VALUES ('90000000-0000-0000-0000-000000000001', 'V8003', 'CASE', 6, 1, 3552000.0, 'VND', true) ON CONFLICT DO NOTHING;
INSERT INTO supplier_ingredients (supplier_id, ingredient_id, purchase_uom, pack_size, moq, last_price_fx, currency, is_preferred) VALUES ('90000000-0000-0000-0000-000000000001', 'V8004', 'CASE', 6, 1, 3084000.0, 'VND', true) ON CONFLICT DO NOTHING;
INSERT INTO supplier_ingredients (supplier_id, ingredient_id, purchase_uom, pack_size, moq, last_price_fx, currency, is_preferred) VALUES ('90000000-0000-0000-0000-000000000001', 'V9004', 'CASE', 6, 1, 2304000.0, 'VND', true) ON CONFLICT DO NOTHING;
INSERT INTO supplier_ingredients (supplier_id, ingredient_id, purchase_uom, pack_size, moq, last_price_fx, currency, is_preferred) VALUES ('90000000-0000-0000-0000-000000000001', 'V9005', 'CASE', 6, 1, 2304000.0, 'VND', true) ON CONFLICT DO NOTHING;
INSERT INTO supplier_ingredients (supplier_id, ingredient_id, purchase_uom, pack_size, moq, last_price_fx, currency, is_preferred) VALUES ('90000000-0000-0000-0000-000000000001', 'V9106', 'CASE', 6, 1, 1485000.0, 'VND', true) ON CONFLICT DO NOTHING;
INSERT INTO supplier_ingredients (supplier_id, ingredient_id, purchase_uom, pack_size, moq, last_price_fx, currency, is_preferred) VALUES ('90000000-0000-0000-0000-000000000001', 'B5001', 'CASE', 6, 1, 86250.0, 'VND', true) ON CONFLICT DO NOTHING;
INSERT INTO supplier_ingredients (supplier_id, ingredient_id, purchase_uom, pack_size, moq, last_price_fx, currency, is_preferred) VALUES ('90000000-0000-0000-0000-000000000001', 'B5002', 'CASE', 6, 1, 69750.0, 'VND', true) ON CONFLICT DO NOTHING;
INSERT INTO supplier_ingredients (supplier_id, ingredient_id, purchase_uom, pack_size, moq, last_price_fx, currency, is_preferred) VALUES ('90000000-0000-0000-0000-000000000001', 'B5004', 'CASE', 24, 1, 235008.0, 'VND', true) ON CONFLICT DO NOTHING;
INSERT INTO supplier_ingredients (supplier_id, ingredient_id, purchase_uom, pack_size, moq, last_price_fx, currency, is_preferred) VALUES ('90000000-0000-0000-0000-000000000001', 'B5005', 'CASE', 6, 1, 64500.0, 'VND', true) ON CONFLICT DO NOTHING;
INSERT INTO supplier_ingredients (supplier_id, ingredient_id, purchase_uom, pack_size, moq, last_price_fx, currency, is_preferred) VALUES ('90000000-0000-0000-0000-000000000001', 'B5007', 'GLASS', 1, 1, 16436.0, 'VND', true) ON CONFLICT DO NOTHING;
INSERT INTO supplier_ingredients (supplier_id, ingredient_id, purchase_uom, pack_size, moq, last_price_fx, currency, is_preferred) VALUES ('90000000-0000-0000-0000-000000000001', 'B5010', 'CASE', 6, 1, 58500.0, 'VND', true) ON CONFLICT DO NOTHING;
INSERT INTO supplier_ingredients (supplier_id, ingredient_id, purchase_uom, pack_size, moq, last_price_fx, currency, is_preferred) VALUES ('90000000-0000-0000-0000-000000000001', 'B5012', 'CASE', 24, 1, 235992.0, 'VND', true) ON CONFLICT DO NOTHING;
INSERT INTO supplier_ingredients (supplier_id, ingredient_id, purchase_uom, pack_size, moq, last_price_fx, currency, is_preferred) VALUES ('90000000-0000-0000-0000-000000000001', 'B5016', 'CASE', 6, 1, 137496.0, 'VND', true) ON CONFLICT DO NOTHING;
INSERT INTO supplier_ingredients (supplier_id, ingredient_id, purchase_uom, pack_size, moq, last_price_fx, currency, is_preferred) VALUES ('90000000-0000-0000-0000-000000000001', 'M9202', 'PACK', 1, 1, 36000.0, 'VND', true) ON CONFLICT DO NOTHING;
INSERT INTO supplier_ingredients (supplier_id, ingredient_id, purchase_uom, pack_size, moq, last_price_fx, currency, is_preferred) VALUES ('90000000-0000-0000-0000-000000000001', 'M9203', 'PACK', 1, 1, 300000.0, 'VND', true) ON CONFLICT DO NOTHING;
INSERT INTO supplier_ingredients (supplier_id, ingredient_id, purchase_uom, pack_size, moq, last_price_fx, currency, is_preferred) VALUES ('90000000-0000-0000-0000-000000000003', 'V2001', 'CASE', 6, 1, 1290000.0, 'VND', true) ON CONFLICT DO NOTHING;
INSERT INTO supplier_ingredients (supplier_id, ingredient_id, purchase_uom, pack_size, moq, last_price_fx, currency, is_preferred) VALUES ('90000000-0000-0000-0000-000000000003', 'V2002', 'CASE', 6, 1, 1884000.0, 'VND', true) ON CONFLICT DO NOTHING;
INSERT INTO supplier_ingredients (supplier_id, ingredient_id, purchase_uom, pack_size, moq, last_price_fx, currency, is_preferred) VALUES ('90000000-0000-0000-0000-000000000003', 'V2006', 'CASE', 6, 1, 10392000.0, 'VND', true) ON CONFLICT DO NOTHING;
INSERT INTO supplier_ingredients (supplier_id, ingredient_id, purchase_uom, pack_size, moq, last_price_fx, currency, is_preferred) VALUES ('90000000-0000-0000-0000-000000000003', 'V2009', 'CASE', 6, 1, 7560000.0, 'VND', true) ON CONFLICT DO NOTHING;
INSERT INTO supplier_ingredients (supplier_id, ingredient_id, purchase_uom, pack_size, moq, last_price_fx, currency, is_preferred) VALUES ('90000000-0000-0000-0000-000000000003', 'V2015', 'CASE', 6, 1, 6534000.0, 'VND', true) ON CONFLICT DO NOTHING;
INSERT INTO supplier_ingredients (supplier_id, ingredient_id, purchase_uom, pack_size, moq, last_price_fx, currency, is_preferred) VALUES ('90000000-0000-0000-0000-000000000003', 'V2016', 'CASE', 6, 1, 8580000.0, 'VND', true) ON CONFLICT DO NOTHING;
INSERT INTO supplier_ingredients (supplier_id, ingredient_id, purchase_uom, pack_size, moq, last_price_fx, currency, is_preferred) VALUES ('90000000-0000-0000-0000-000000000003', 'V2018', 'CASE', 6, 1, 4272000.0, 'VND', true) ON CONFLICT DO NOTHING;
INSERT INTO supplier_ingredients (supplier_id, ingredient_id, purchase_uom, pack_size, moq, last_price_fx, currency, is_preferred) VALUES ('90000000-0000-0000-0000-000000000001', 'V6026', 'CASE', 6, 1, 3864000.0, 'VND', true) ON CONFLICT DO NOTHING;
INSERT INTO supplier_ingredients (supplier_id, ingredient_id, purchase_uom, pack_size, moq, last_price_fx, currency, is_preferred) VALUES ('90000000-0000-0000-0000-000000000001', 'V60261', 'CASE', 6, 1, 3864000.0, 'VND', true) ON CONFLICT DO NOTHING;
INSERT INTO supplier_ingredients (supplier_id, ingredient_id, purchase_uom, pack_size, moq, last_price_fx, currency, is_preferred) VALUES ('90000000-0000-0000-0000-000000000001', 'V6027', 'CASE', 6, 1, 1050000.0, 'VND', true) ON CONFLICT DO NOTHING;
INSERT INTO supplier_ingredients (supplier_id, ingredient_id, purchase_uom, pack_size, moq, last_price_fx, currency, is_preferred) VALUES ('90000000-0000-0000-0000-000000000001', 'V6034', 'CASE', 6, 1, 1386000.0, 'VND', true) ON CONFLICT DO NOTHING;
INSERT INTO supplier_ingredients (supplier_id, ingredient_id, purchase_uom, pack_size, moq, last_price_fx, currency, is_preferred) VALUES ('90000000-0000-0000-0000-000000000001', 'V6035', 'CASE', 6, 1, 1386000.0, 'VND', true) ON CONFLICT DO NOTHING;
INSERT INTO supplier_ingredients (supplier_id, ingredient_id, purchase_uom, pack_size, moq, last_price_fx, currency, is_preferred) VALUES ('90000000-0000-0000-0000-000000000001', 'V6049', 'CASE', 6, 1, 1050000.0, 'VND', true) ON CONFLICT DO NOTHING;
INSERT INTO supplier_ingredients (supplier_id, ingredient_id, purchase_uom, pack_size, moq, last_price_fx, currency, is_preferred) VALUES ('90000000-0000-0000-0000-000000000001', 'V6053', 'CASE', 6, 1, 2358000.0, 'VND', true) ON CONFLICT DO NOTHING;
INSERT INTO supplier_ingredients (supplier_id, ingredient_id, purchase_uom, pack_size, moq, last_price_fx, currency, is_preferred) VALUES ('90000000-0000-0000-0000-000000000001', 'V6054', 'CASE', 6, 1, 2676000.0, 'VND', true) ON CONFLICT DO NOTHING;
INSERT INTO supplier_ingredients (supplier_id, ingredient_id, purchase_uom, pack_size, moq, last_price_fx, currency, is_preferred) VALUES ('90000000-0000-0000-0000-000000000001', 'V6056', 'CASE', 6, 1, 1095000.0, 'VND', true) ON CONFLICT DO NOTHING;
INSERT INTO supplier_ingredients (supplier_id, ingredient_id, purchase_uom, pack_size, moq, last_price_fx, currency, is_preferred) VALUES ('90000000-0000-0000-0000-000000000001', 'V6057', 'CASE', 6, 1, 1320000.0, 'VND', true) ON CONFLICT DO NOTHING;
INSERT INTO supplier_ingredients (supplier_id, ingredient_id, purchase_uom, pack_size, moq, last_price_fx, currency, is_preferred) VALUES ('90000000-0000-0000-0000-000000000001', 'V6058', 'CASE', 6, 1, 1320000.0, 'VND', true) ON CONFLICT DO NOTHING;
INSERT INTO supplier_ingredients (supplier_id, ingredient_id, purchase_uom, pack_size, moq, last_price_fx, currency, is_preferred) VALUES ('90000000-0000-0000-0000-000000000001', 'V6059', 'CASE', 6, 1, 2304000.0, 'VND', true) ON CONFLICT DO NOTHING;
INSERT INTO supplier_ingredients (supplier_id, ingredient_id, purchase_uom, pack_size, moq, last_price_fx, currency, is_preferred) VALUES ('90000000-0000-0000-0000-000000000001', 'V6060', 'CASE', 6, 1, 1260000.0, 'VND', true) ON CONFLICT DO NOTHING;
INSERT INTO supplier_ingredients (supplier_id, ingredient_id, purchase_uom, pack_size, moq, last_price_fx, currency, is_preferred) VALUES ('90000000-0000-0000-0000-000000000001', 'V6061', 'CASE', 6, 1, 1260000.0, 'VND', true) ON CONFLICT DO NOTHING;
INSERT INTO supplier_ingredients (supplier_id, ingredient_id, purchase_uom, pack_size, moq, last_price_fx, currency, is_preferred) VALUES ('90000000-0000-0000-0000-000000000001', 'V6062', 'CASE', 6, 1, 1260000.0, 'VND', true) ON CONFLICT DO NOTHING;
INSERT INTO supplier_ingredients (supplier_id, ingredient_id, purchase_uom, pack_size, moq, last_price_fx, currency, is_preferred) VALUES ('90000000-0000-0000-0000-000000000001', 'V6063', 'CASE', 6, 1, 3828000.0, 'VND', true) ON CONFLICT DO NOTHING;
INSERT INTO supplier_ingredients (supplier_id, ingredient_id, purchase_uom, pack_size, moq, last_price_fx, currency, is_preferred) VALUES ('90000000-0000-0000-0000-000000000001', 'V9501', 'CASE', 6, 1, 600000.0, 'VND', true) ON CONFLICT DO NOTHING;
INSERT INTO supplier_ingredients (supplier_id, ingredient_id, purchase_uom, pack_size, moq, last_price_fx, currency, is_preferred) VALUES ('90000000-0000-0000-0000-000000000001', 'V9502', 'CASE', 6, 1, 600000.0, 'VND', true) ON CONFLICT DO NOTHING;
INSERT INTO supplier_ingredients (supplier_id, ingredient_id, purchase_uom, pack_size, moq, last_price_fx, currency, is_preferred) VALUES ('90000000-0000-0000-0000-000000000001', 'V9504', 'CASE', 6, 1, 1074000.0, 'VND', true) ON CONFLICT DO NOTHING;
INSERT INTO supplier_ingredients (supplier_id, ingredient_id, purchase_uom, pack_size, moq, last_price_fx, currency, is_preferred) VALUES ('90000000-0000-0000-0000-000000000001', 'V9508', 'CASE', 6, 1, 1074000.0, 'VND', true) ON CONFLICT DO NOTHING;
INSERT INTO supplier_ingredients (supplier_id, ingredient_id, purchase_uom, pack_size, moq, last_price_fx, currency, is_preferred) VALUES ('90000000-0000-0000-0000-000000000001', 'V1001', 'CASE', 6, 1, 1908000.0, 'VND', true) ON CONFLICT DO NOTHING;
INSERT INTO supplier_ingredients (supplier_id, ingredient_id, purchase_uom, pack_size, moq, last_price_fx, currency, is_preferred) VALUES ('90000000-0000-0000-0000-000000000001', 'V1008', 'CASE', 6, 1, 742500.0, 'VND', true) ON CONFLICT DO NOTHING;
INSERT INTO supplier_ingredients (supplier_id, ingredient_id, purchase_uom, pack_size, moq, last_price_fx, currency, is_preferred) VALUES ('90000000-0000-0000-0000-000000000001', 'V7012', 'CASE', 6, 1, 5340000.0, 'VND', true) ON CONFLICT DO NOTHING;
INSERT INTO supplier_ingredients (supplier_id, ingredient_id, purchase_uom, pack_size, moq, last_price_fx, currency, is_preferred) VALUES ('90000000-0000-0000-0000-000000000001', 'V7015', 'CASE', 6, 1, 2280000.0, 'VND', true) ON CONFLICT DO NOTHING;
INSERT INTO supplier_ingredients (supplier_id, ingredient_id, purchase_uom, pack_size, moq, last_price_fx, currency, is_preferred) VALUES ('90000000-0000-0000-0000-000000000001', 'V7016', 'CASE', 6, 1, 2722500.0, 'VND', true) ON CONFLICT DO NOTHING;
INSERT INTO supplier_ingredients (supplier_id, ingredient_id, purchase_uom, pack_size, moq, last_price_fx, currency, is_preferred) VALUES ('90000000-0000-0000-0000-000000000001', 'V9201', 'CASE', 6, 1, 3348000.0, 'VND', true) ON CONFLICT DO NOTHING;
INSERT INTO supplier_ingredients (supplier_id, ingredient_id, purchase_uom, pack_size, moq, last_price_fx, currency, is_preferred) VALUES ('90000000-0000-0000-0000-000000000001', 'V9202', 'CASE', 6, 1, 3348000.0, 'VND', true) ON CONFLICT DO NOTHING;
INSERT INTO supplier_ingredients (supplier_id, ingredient_id, purchase_uom, pack_size, moq, last_price_fx, currency, is_preferred) VALUES ('90000000-0000-0000-0000-000000000001', 'V9203', 'CASE', 6, 1, 2475000.0, 'VND', true) ON CONFLICT DO NOTHING;
INSERT INTO supplier_ingredients (supplier_id, ingredient_id, purchase_uom, pack_size, moq, last_price_fx, currency, is_preferred) VALUES ('90000000-0000-0000-0000-000000000001', 'V9204', 'CASE', 6, 1, 2376000.0, 'VND', true) ON CONFLICT DO NOTHING;
INSERT INTO supplier_ingredients (supplier_id, ingredient_id, purchase_uom, pack_size, moq, last_price_fx, currency, is_preferred) VALUES ('90000000-0000-0000-0000-000000000003', 'V4008', 'CASE', 6, 1, 2376000.0, 'VND', true) ON CONFLICT DO NOTHING;
INSERT INTO supplier_ingredients (supplier_id, ingredient_id, purchase_uom, pack_size, moq, last_price_fx, currency, is_preferred) VALUES ('90000000-0000-0000-0000-000000000003', 'V4009', 'CASE', 6, 1, 2646000.0, 'VND', true) ON CONFLICT DO NOTHING;
INSERT INTO supplier_ingredients (supplier_id, ingredient_id, purchase_uom, pack_size, moq, last_price_fx, currency, is_preferred) VALUES ('90000000-0000-0000-0000-000000000003', 'V4014', 'CASE', 6, 1, 3600000.0, 'VND', true) ON CONFLICT DO NOTHING;
INSERT INTO supplier_ingredients (supplier_id, ingredient_id, purchase_uom, pack_size, moq, last_price_fx, currency, is_preferred) VALUES ('90000000-0000-0000-0000-000000000003', 'V4017', 'CASE', 6, 1, 5202000.0, 'VND', true) ON CONFLICT DO NOTHING;
INSERT INTO supplier_ingredients (supplier_id, ingredient_id, purchase_uom, pack_size, moq, last_price_fx, currency, is_preferred) VALUES ('90000000-0000-0000-0000-000000000003', 'V4045', 'CASE', 6, 1, 2700000.0, 'VND', true) ON CONFLICT DO NOTHING;
INSERT INTO supplier_ingredients (supplier_id, ingredient_id, purchase_uom, pack_size, moq, last_price_fx, currency, is_preferred) VALUES ('90000000-0000-0000-0000-000000000003', 'V4062', 'CASE', 6, 1, 1620000.0, 'VND', true) ON CONFLICT DO NOTHING;
INSERT INTO supplier_ingredients (supplier_id, ingredient_id, purchase_uom, pack_size, moq, last_price_fx, currency, is_preferred) VALUES ('90000000-0000-0000-0000-000000000003', 'V4063', 'CASE', 6, 1, 1374000.0, 'VND', true) ON CONFLICT DO NOTHING;
INSERT INTO supplier_ingredients (supplier_id, ingredient_id, purchase_uom, pack_size, moq, last_price_fx, currency, is_preferred) VALUES ('90000000-0000-0000-0000-000000000003', 'V4064', 'CASE', 6, 1, 2556000.0, 'VND', true) ON CONFLICT DO NOTHING;
INSERT INTO supplier_ingredients (supplier_id, ingredient_id, purchase_uom, pack_size, moq, last_price_fx, currency, is_preferred) VALUES ('90000000-0000-0000-0000-000000000003', 'V4065', 'CASE', 6, 1, 1544400.0, 'VND', true) ON CONFLICT DO NOTHING;
INSERT INTO supplier_ingredients (supplier_id, ingredient_id, purchase_uom, pack_size, moq, last_price_fx, currency, is_preferred) VALUES ('90000000-0000-0000-0000-000000000003', 'V4068', 'CASE', 6, 1, 5202000.0, 'VND', true) ON CONFLICT DO NOTHING;
INSERT INTO supplier_ingredients (supplier_id, ingredient_id, purchase_uom, pack_size, moq, last_price_fx, currency, is_preferred) VALUES ('90000000-0000-0000-0000-000000000003', 'V4069', 'CASE', 6, 1, 5280000.0, 'VND', true) ON CONFLICT DO NOTHING;
INSERT INTO supplier_ingredients (supplier_id, ingredient_id, purchase_uom, pack_size, moq, last_price_fx, currency, is_preferred) VALUES ('90000000-0000-0000-0000-000000000003', 'V4071', 'CASE', 6, 1, 6355800.0, 'VND', true) ON CONFLICT DO NOTHING;
INSERT INTO supplier_ingredients (supplier_id, ingredient_id, purchase_uom, pack_size, moq, last_price_fx, currency, is_preferred) VALUES ('90000000-0000-0000-0000-000000000003', 'V4072', 'CASE', 6, 1, 7068600.0, 'VND', true) ON CONFLICT DO NOTHING;
INSERT INTO supplier_ingredients (supplier_id, ingredient_id, purchase_uom, pack_size, moq, last_price_fx, currency, is_preferred) VALUES ('90000000-0000-0000-0000-000000000003', 'V4074', 'CASE', 6, 1, 1755000.0, 'VND', true) ON CONFLICT DO NOTHING;
INSERT INTO supplier_ingredients (supplier_id, ingredient_id, purchase_uom, pack_size, moq, last_price_fx, currency, is_preferred) VALUES ('90000000-0000-0000-0000-000000000003', 'V4075', 'CASE', 6, 1, 3375000.0, 'VND', true) ON CONFLICT DO NOTHING;
INSERT INTO supplier_ingredients (supplier_id, ingredient_id, purchase_uom, pack_size, moq, last_price_fx, currency, is_preferred) VALUES ('90000000-0000-0000-0000-000000000003', 'V4076', 'CASE', 6, 1, 3828000.0, 'VND', true) ON CONFLICT DO NOTHING;
INSERT INTO supplier_ingredients (supplier_id, ingredient_id, purchase_uom, pack_size, moq, last_price_fx, currency, is_preferred) VALUES ('90000000-0000-0000-0000-000000000003', 'V4077', 'CASE', 6, 1, 1218000.0, 'VND', true) ON CONFLICT DO NOTHING;
INSERT INTO supplier_ingredients (supplier_id, ingredient_id, purchase_uom, pack_size, moq, last_price_fx, currency, is_preferred) VALUES ('90000000-0000-0000-0000-000000000003', 'V4078', 'CASE', 6, 1, 4573800.0, 'VND', true) ON CONFLICT DO NOTHING;
INSERT INTO supplier_ingredients (supplier_id, ingredient_id, purchase_uom, pack_size, moq, last_price_fx, currency, is_preferred) VALUES ('90000000-0000-0000-0000-000000000003', 'V4081', 'CASE', 6, 1, 3861000.0, 'VND', true) ON CONFLICT DO NOTHING;
INSERT INTO supplier_ingredients (supplier_id, ingredient_id, purchase_uom, pack_size, moq, last_price_fx, currency, is_preferred) VALUES ('90000000-0000-0000-0000-000000000003', 'V4082', 'CASE', 6, 1, 4330260.0, 'VND', true) ON CONFLICT DO NOTHING;
INSERT INTO supplier_ingredients (supplier_id, ingredient_id, purchase_uom, pack_size, moq, last_price_fx, currency, is_preferred) VALUES ('90000000-0000-0000-0000-000000000003', 'V4083', 'CASE', 6, 1, 4692600.0, 'VND', true) ON CONFLICT DO NOTHING;
INSERT INTO supplier_ingredients (supplier_id, ingredient_id, purchase_uom, pack_size, moq, last_price_fx, currency, is_preferred) VALUES ('90000000-0000-0000-0000-000000000003', 'V4088', 'CASE', 6, 1, 1140000.0, 'VND', true) ON CONFLICT DO NOTHING;
INSERT INTO supplier_ingredients (supplier_id, ingredient_id, purchase_uom, pack_size, moq, last_price_fx, currency, is_preferred) VALUES ('90000000-0000-0000-0000-000000000003', 'V4089', 'CASE', 6, 1, 960000.0, 'VND', true) ON CONFLICT DO NOTHING;
INSERT INTO supplier_ingredients (supplier_id, ingredient_id, purchase_uom, pack_size, moq, last_price_fx, currency, is_preferred) VALUES ('90000000-0000-0000-0000-000000000003', 'V4090', 'CASE', 6, 1, 5643000.0, 'VND', true) ON CONFLICT DO NOTHING;
INSERT INTO supplier_ingredients (supplier_id, ingredient_id, purchase_uom, pack_size, moq, last_price_fx, currency, is_preferred) VALUES ('90000000-0000-0000-0000-000000000003', 'V4091', 'CASE', 6, 1, 3240000.0, 'VND', true) ON CONFLICT DO NOTHING;
INSERT INTO supplier_ingredients (supplier_id, ingredient_id, purchase_uom, pack_size, moq, last_price_fx, currency, is_preferred) VALUES ('90000000-0000-0000-0000-000000000003', 'V4092', 'CASE', 6, 1, 2352000.0, 'VND', true) ON CONFLICT DO NOTHING;
INSERT INTO supplier_ingredients (supplier_id, ingredient_id, purchase_uom, pack_size, moq, last_price_fx, currency, is_preferred) VALUES ('90000000-0000-0000-0000-000000000001', 'V9402', 'CASE', 6, 1, 2112000.0, 'VND', true) ON CONFLICT DO NOTHING;
INSERT INTO supplier_ingredients (supplier_id, ingredient_id, purchase_uom, pack_size, moq, last_price_fx, currency, is_preferred) VALUES ('90000000-0000-0000-0000-000000000001', 'V9408', 'BOTTLE', 1, 1, 322000.0, 'VND', true) ON CONFLICT DO NOTHING;
INSERT INTO supplier_ingredients (supplier_id, ingredient_id, purchase_uom, pack_size, moq, last_price_fx, currency, is_preferred) VALUES ('90000000-0000-0000-0000-000000000001', 'V9410', 'CASE', 6, 1, 1218000.0, 'VND', true) ON CONFLICT DO NOTHING;
INSERT INTO supplier_ingredients (supplier_id, ingredient_id, purchase_uom, pack_size, moq, last_price_fx, currency, is_preferred) VALUES ('90000000-0000-0000-0000-000000000001', 'V9411', 'CASE', 6, 1, 2346300.0, 'VND', true) ON CONFLICT DO NOTHING;
INSERT INTO supplier_ingredients (supplier_id, ingredient_id, purchase_uom, pack_size, moq, last_price_fx, currency, is_preferred) VALUES ('90000000-0000-0000-0000-000000000001', 'V9412', 'CASE', 6, 1, 2613600.0, 'VND', true) ON CONFLICT DO NOTHING;
INSERT INTO supplier_ingredients (supplier_id, ingredient_id, purchase_uom, pack_size, moq, last_price_fx, currency, is_preferred) VALUES ('90000000-0000-0000-0000-000000000001', 'M6001', 'CASE', 24, 1, 195000.0, 'VND', true) ON CONFLICT DO NOTHING;
INSERT INTO supplier_ingredients (supplier_id, ingredient_id, purchase_uom, pack_size, moq, last_price_fx, currency, is_preferred) VALUES ('90000000-0000-0000-0000-000000000001', 'M6002', 'CASE', 24, 1, 127296.0, 'VND', true) ON CONFLICT DO NOTHING;
INSERT INTO supplier_ingredients (supplier_id, ingredient_id, purchase_uom, pack_size, moq, last_price_fx, currency, is_preferred) VALUES ('90000000-0000-0000-0000-000000000001', 'M6003', 'CASE', 24, 1, 154272.0, 'VND', true) ON CONFLICT DO NOTHING;
INSERT INTO supplier_ingredients (supplier_id, ingredient_id, purchase_uom, pack_size, moq, last_price_fx, currency, is_preferred) VALUES ('90000000-0000-0000-0000-000000000001', 'M6004', 'CASE', 24, 1, 179088.0, 'VND', true) ON CONFLICT DO NOTHING;
INSERT INTO supplier_ingredients (supplier_id, ingredient_id, purchase_uom, pack_size, moq, last_price_fx, currency, is_preferred) VALUES ('90000000-0000-0000-0000-000000000001', 'M6005', 'CASE', 24, 1, 186744.0, 'VND', true) ON CONFLICT DO NOTHING;
INSERT INTO supplier_ingredients (supplier_id, ingredient_id, purchase_uom, pack_size, moq, last_price_fx, currency, is_preferred) VALUES ('90000000-0000-0000-0000-000000000001', 'M6006', 'CASE', 24, 1, 204984.0, 'VND', true) ON CONFLICT DO NOTHING;
INSERT INTO supplier_ingredients (supplier_id, ingredient_id, purchase_uom, pack_size, moq, last_price_fx, currency, is_preferred) VALUES ('90000000-0000-0000-0000-000000000001', 'M6008', 'CASE', 6, 1, 39996.0, 'VND', true) ON CONFLICT DO NOTHING;
INSERT INTO supplier_ingredients (supplier_id, ingredient_id, purchase_uom, pack_size, moq, last_price_fx, currency, is_preferred) VALUES ('90000000-0000-0000-0000-000000000001', 'M6009', 'CASE', 6, 1, 194700.0, 'VND', true) ON CONFLICT DO NOTHING;
INSERT INTO supplier_ingredients (supplier_id, ingredient_id, purchase_uom, pack_size, moq, last_price_fx, currency, is_preferred) VALUES ('90000000-0000-0000-0000-000000000001', 'M6010', 'CASE', 6, 1, 217800.0, 'VND', true) ON CONFLICT DO NOTHING;
INSERT INTO supplier_ingredients (supplier_id, ingredient_id, purchase_uom, pack_size, moq, last_price_fx, currency, is_preferred) VALUES ('90000000-0000-0000-0000-000000000001', 'M6014', 'CASE', 6, 1, 162360.0, 'VND', true) ON CONFLICT DO NOTHING;
INSERT INTO supplier_ingredients (supplier_id, ingredient_id, purchase_uom, pack_size, moq, last_price_fx, currency, is_preferred) VALUES ('90000000-0000-0000-0000-000000000001', 'M6020', 'CASE', 6, 1, 21371.04, 'VND', true) ON CONFLICT DO NOTHING;
INSERT INTO supplier_ingredients (supplier_id, ingredient_id, purchase_uom, pack_size, moq, last_price_fx, currency, is_preferred) VALUES ('90000000-0000-0000-0000-000000000001', 'V9301', 'CASE', 6, 1, 2250000.0, 'VND', true) ON CONFLICT DO NOTHING;
INSERT INTO supplier_ingredients (supplier_id, ingredient_id, purchase_uom, pack_size, moq, last_price_fx, currency, is_preferred) VALUES ('90000000-0000-0000-0000-000000000001', 'V9302', 'CASE', 6, 1, 2250000.0, 'VND', true) ON CONFLICT DO NOTHING;
INSERT INTO supplier_ingredients (supplier_id, ingredient_id, purchase_uom, pack_size, moq, last_price_fx, currency, is_preferred) VALUES ('90000000-0000-0000-0000-000000000001', 'V9304', 'CASE', 6, 1, 2851200.0, 'VND', true) ON CONFLICT DO NOTHING;
INSERT INTO supplier_ingredients (supplier_id, ingredient_id, purchase_uom, pack_size, moq, last_price_fx, currency, is_preferred) VALUES ('90000000-0000-0000-0000-000000000001', 'M9402', 'CASE', 6, 1, 2040000.0, 'VND', true) ON CONFLICT DO NOTHING;
INSERT INTO supplier_ingredients (supplier_id, ingredient_id, purchase_uom, pack_size, moq, last_price_fx, currency, is_preferred) VALUES ('90000000-0000-0000-0000-000000000001', 'M9403', 'CASE', 6, 1, 1980000.0, 'VND', true) ON CONFLICT DO NOTHING;
INSERT INTO supplier_ingredients (supplier_id, ingredient_id, purchase_uom, pack_size, moq, last_price_fx, currency, is_preferred) VALUES ('90000000-0000-0000-0000-000000000001', 'M9405', 'CASE', 6, 1, 2040000.0, 'VND', true) ON CONFLICT DO NOTHING;
INSERT INTO supplier_ingredients (supplier_id, ingredient_id, purchase_uom, pack_size, moq, last_price_fx, currency, is_preferred) VALUES ('90000000-0000-0000-0000-000000000001', 'M9406', 'CASE', 6, 1, 3600000.0, 'VND', true) ON CONFLICT DO NOTHING;
INSERT INTO supplier_ingredients (supplier_id, ingredient_id, purchase_uom, pack_size, moq, last_price_fx, currency, is_preferred) VALUES ('90000000-0000-0000-0000-000000000001', 'M9407', 'CASE', 6, 1, 1680000.0, 'VND', true) ON CONFLICT DO NOTHING;
INSERT INTO supplier_ingredients (supplier_id, ingredient_id, purchase_uom, pack_size, moq, last_price_fx, currency, is_preferred) VALUES ('90000000-0000-0000-0000-000000000001', 'M9408', 'CASE', 6, 1, 1680000.0, 'VND', true) ON CONFLICT DO NOTHING;
INSERT INTO supplier_ingredients (supplier_id, ingredient_id, purchase_uom, pack_size, moq, last_price_fx, currency, is_preferred) VALUES ('90000000-0000-0000-0000-000000000001', 'M9409', 'CASE', 6, 1, 1560000.0, 'VND', true) ON CONFLICT DO NOTHING;
INSERT INTO supplier_ingredients (supplier_id, ingredient_id, purchase_uom, pack_size, moq, last_price_fx, currency, is_preferred) VALUES ('90000000-0000-0000-0000-000000000001', 'M9410', 'CASE', 6, 1, 1680000.0, 'VND', true) ON CONFLICT DO NOTHING;
INSERT INTO supplier_ingredients (supplier_id, ingredient_id, purchase_uom, pack_size, moq, last_price_fx, currency, is_preferred) VALUES ('90000000-0000-0000-0000-000000000001', 'M9411', 'CASE', 6, 1, 1560000.0, 'VND', true) ON CONFLICT DO NOTHING;
INSERT INTO supplier_ingredients (supplier_id, ingredient_id, purchase_uom, pack_size, moq, last_price_fx, currency, is_preferred) VALUES ('90000000-0000-0000-0000-000000000001', 'M9413', 'CASE', 6, 1, 1980000.0, 'VND', true) ON CONFLICT DO NOTHING;
INSERT INTO supplier_ingredients (supplier_id, ingredient_id, purchase_uom, pack_size, moq, last_price_fx, currency, is_preferred) VALUES ('90000000-0000-0000-0000-000000000001', 'M9414', 'CASE', 6, 1, 1800000.0, 'VND', true) ON CONFLICT DO NOTHING;
INSERT INTO supplier_ingredients (supplier_id, ingredient_id, purchase_uom, pack_size, moq, last_price_fx, currency, is_preferred) VALUES ('90000000-0000-0000-0000-000000000001', 'M9507', 'CASE', 6, 1, 210000.0, 'VND', true) ON CONFLICT DO NOTHING;
INSERT INTO supplier_ingredients (supplier_id, ingredient_id, purchase_uom, pack_size, moq, last_price_fx, currency, is_preferred) VALUES ('90000000-0000-0000-0000-000000000001', 'M9508', 'CASE', 6, 1, 432000.0, 'VND', true) ON CONFLICT DO NOTHING;
INSERT INTO supplier_ingredients (supplier_id, ingredient_id, purchase_uom, pack_size, moq, last_price_fx, currency, is_preferred) VALUES ('90000000-0000-0000-0000-000000000001', 'M9512', 'CASE', 6, 1, 1260000.0, 'VND', true) ON CONFLICT DO NOTHING;
INSERT INTO supplier_ingredients (supplier_id, ingredient_id, purchase_uom, pack_size, moq, last_price_fx, currency, is_preferred) VALUES ('90000000-0000-0000-0000-000000000001', 'M9513', 'CASE', 6, 1, 240000.0, 'VND', true) ON CONFLICT DO NOTHING;
INSERT INTO supplier_ingredients (supplier_id, ingredient_id, purchase_uom, pack_size, moq, last_price_fx, currency, is_preferred) VALUES ('90000000-0000-0000-0000-000000000001', 'M9514', 'CASE', 6, 1, 366000.0, 'VND', true) ON CONFLICT DO NOTHING;
INSERT INTO supplier_ingredients (supplier_id, ingredient_id, purchase_uom, pack_size, moq, last_price_fx, currency, is_preferred) VALUES ('90000000-0000-0000-0000-000000000001', 'M9602', 'CASE', 6, 1, 3000000.0, 'VND', true) ON CONFLICT DO NOTHING;
INSERT INTO supplier_ingredients (supplier_id, ingredient_id, purchase_uom, pack_size, moq, last_price_fx, currency, is_preferred) VALUES ('90000000-0000-0000-0000-000000000001', 'M9603', 'CASE', 6, 1, 5700000.0, 'VND', true) ON CONFLICT DO NOTHING;
INSERT INTO supplier_ingredients (supplier_id, ingredient_id, purchase_uom, pack_size, moq, last_price_fx, currency, is_preferred) VALUES ('90000000-0000-0000-0000-000000000001', 'M9604', 'CASE', 6, 1, 9000000.0, 'VND', true) ON CONFLICT DO NOTHING;
INSERT INTO supplier_ingredients (supplier_id, ingredient_id, purchase_uom, pack_size, moq, last_price_fx, currency, is_preferred) VALUES ('90000000-0000-0000-0000-000000000001', 'M9606', 'CASE', 6, 1, 1680000.0, 'VND', true) ON CONFLICT DO NOTHING;
INSERT INTO supplier_ingredients (supplier_id, ingredient_id, purchase_uom, pack_size, moq, last_price_fx, currency, is_preferred) VALUES ('90000000-0000-0000-0000-000000000001', 'M9609', 'CASE', 6, 1, 3120000.0, 'VND', true) ON CONFLICT DO NOTHING;
INSERT INTO supplier_ingredients (supplier_id, ingredient_id, purchase_uom, pack_size, moq, last_price_fx, currency, is_preferred) VALUES ('90000000-0000-0000-0000-000000000001', 'M9611', 'CASE', 6, 1, 1500000.0, 'VND', true) ON CONFLICT DO NOTHING;
INSERT INTO supplier_ingredients (supplier_id, ingredient_id, purchase_uom, pack_size, moq, last_price_fx, currency, is_preferred) VALUES ('90000000-0000-0000-0000-000000000001', 'M9612', 'CASE', 6, 1, 1380000.0, 'VND', true) ON CONFLICT DO NOTHING;
INSERT INTO supplier_ingredients (supplier_id, ingredient_id, purchase_uom, pack_size, moq, last_price_fx, currency, is_preferred) VALUES ('90000000-0000-0000-0000-000000000001', 'M9620', 'CASE', 6, 1, 2220000.0, 'VND', true) ON CONFLICT DO NOTHING;
INSERT INTO supplier_ingredients (supplier_id, ingredient_id, purchase_uom, pack_size, moq, last_price_fx, currency, is_preferred) VALUES ('90000000-0000-0000-0000-000000000001', 'M9621', 'CASE', 6, 1, 2700000.0, 'VND', true) ON CONFLICT DO NOTHING;
INSERT INTO supplier_ingredients (supplier_id, ingredient_id, purchase_uom, pack_size, moq, last_price_fx, currency, is_preferred) VALUES ('90000000-0000-0000-0000-000000000001', 'M9623', 'CASE', 6, 1, 1380000.0, 'VND', true) ON CONFLICT DO NOTHING;
INSERT INTO supplier_ingredients (supplier_id, ingredient_id, purchase_uom, pack_size, moq, last_price_fx, currency, is_preferred) VALUES ('90000000-0000-0000-0000-000000000001', 'M9629', 'CASE', 6, 1, 1710000.0, 'VND', true) ON CONFLICT DO NOTHING;
INSERT INTO supplier_ingredients (supplier_id, ingredient_id, purchase_uom, pack_size, moq, last_price_fx, currency, is_preferred) VALUES ('90000000-0000-0000-0000-000000000001', 'M9632', 'CASE', 6, 1, 15900000.0, 'VND', true) ON CONFLICT DO NOTHING;
INSERT INTO supplier_ingredients (supplier_id, ingredient_id, purchase_uom, pack_size, moq, last_price_fx, currency, is_preferred) VALUES ('90000000-0000-0000-0000-000000000001', 'M9636', 'CASE', 6, 1, 12030000.0, 'VND', true) ON CONFLICT DO NOTHING;
INSERT INTO supplier_ingredients (supplier_id, ingredient_id, purchase_uom, pack_size, moq, last_price_fx, currency, is_preferred) VALUES ('90000000-0000-0000-0000-000000000001', 'M9642', 'CASE', 6, 1, 14700000.0, 'VND', true) ON CONFLICT DO NOTHING;
INSERT INTO supplier_ingredients (supplier_id, ingredient_id, purchase_uom, pack_size, moq, last_price_fx, currency, is_preferred) VALUES ('90000000-0000-0000-0000-000000000001', 'M9643', 'CASE', 6, 1, 13500000.0, 'VND', true) ON CONFLICT DO NOTHING;
INSERT INTO supplier_ingredients (supplier_id, ingredient_id, purchase_uom, pack_size, moq, last_price_fx, currency, is_preferred) VALUES ('90000000-0000-0000-0000-000000000001', 'M9644', 'CASE', 6, 1, 3000000.0, 'VND', true) ON CONFLICT DO NOTHING;
INSERT INTO supplier_ingredients (supplier_id, ingredient_id, purchase_uom, pack_size, moq, last_price_fx, currency, is_preferred) VALUES ('90000000-0000-0000-0000-000000000001', 'M9645', 'CASE', 6, 1, 6300000.0, 'VND', true) ON CONFLICT DO NOTHING;
INSERT INTO supplier_ingredients (supplier_id, ingredient_id, purchase_uom, pack_size, moq, last_price_fx, currency, is_preferred) VALUES ('90000000-0000-0000-0000-000000000001', 'M9702', 'CASE', 6, 1, 1440000.0, 'VND', true) ON CONFLICT DO NOTHING;
INSERT INTO supplier_ingredients (supplier_id, ingredient_id, purchase_uom, pack_size, moq, last_price_fx, currency, is_preferred) VALUES ('90000000-0000-0000-0000-000000000001', 'M9705', 'CASE', 6, 1, 2160000.0, 'VND', true) ON CONFLICT DO NOTHING;
INSERT INTO supplier_ingredients (supplier_id, ingredient_id, purchase_uom, pack_size, moq, last_price_fx, currency, is_preferred) VALUES ('90000000-0000-0000-0000-000000000001', 'M9801', 'CASE', 6, 1, 1710000.0, 'VND', true) ON CONFLICT DO NOTHING;
INSERT INTO supplier_ingredients (supplier_id, ingredient_id, purchase_uom, pack_size, moq, last_price_fx, currency, is_preferred) VALUES ('90000000-0000-0000-0000-000000000001', 'M9802', 'CASE', 6, 1, 4800000.0, 'VND', true) ON CONFLICT DO NOTHING;
INSERT INTO supplier_ingredients (supplier_id, ingredient_id, purchase_uom, pack_size, moq, last_price_fx, currency, is_preferred) VALUES ('90000000-0000-0000-0000-000000000001', 'M98021', 'CASE', 6, 1, 4800000.0, 'VND', true) ON CONFLICT DO NOTHING;
INSERT INTO supplier_ingredients (supplier_id, ingredient_id, purchase_uom, pack_size, moq, last_price_fx, currency, is_preferred) VALUES ('90000000-0000-0000-0000-000000000001', 'M9803', 'CASE', 6, 1, 6250200.0, 'VND', true) ON CONFLICT DO NOTHING;
INSERT INTO supplier_ingredients (supplier_id, ingredient_id, purchase_uom, pack_size, moq, last_price_fx, currency, is_preferred) VALUES ('90000000-0000-0000-0000-000000000001', 'M9804', 'CASE', 6, 1, 4779600.0, 'VND', true) ON CONFLICT DO NOTHING;
INSERT INTO supplier_ingredients (supplier_id, ingredient_id, purchase_uom, pack_size, moq, last_price_fx, currency, is_preferred) VALUES ('90000000-0000-0000-0000-000000000001', 'M9805', 'CASE', 6, 1, 8190000.0, 'VND', true) ON CONFLICT DO NOTHING;
INSERT INTO supplier_ingredients (supplier_id, ingredient_id, purchase_uom, pack_size, moq, last_price_fx, currency, is_preferred) VALUES ('90000000-0000-0000-0000-000000000001', 'M9806', 'CASE', 6, 1, 1200000.0, 'VND', true) ON CONFLICT DO NOTHING;
INSERT INTO supplier_ingredients (supplier_id, ingredient_id, purchase_uom, pack_size, moq, last_price_fx, currency, is_preferred) VALUES ('90000000-0000-0000-0000-000000000001', 'M9808', 'CASE', 6, 1, 5700000.0, 'VND', true) ON CONFLICT DO NOTHING;
INSERT INTO supplier_ingredients (supplier_id, ingredient_id, purchase_uom, pack_size, moq, last_price_fx, currency, is_preferred) VALUES ('90000000-0000-0000-0000-000000000001', 'M9809', 'CASE', 6, 1, 22200000.0, 'VND', true) ON CONFLICT DO NOTHING;
INSERT INTO supplier_ingredients (supplier_id, ingredient_id, purchase_uom, pack_size, moq, last_price_fx, currency, is_preferred) VALUES ('90000000-0000-0000-0000-000000000001', 'M9812', 'CASE', 6, 1, 5520000.0, 'VND', true) ON CONFLICT DO NOTHING;
INSERT INTO supplier_ingredients (supplier_id, ingredient_id, purchase_uom, pack_size, moq, last_price_fx, currency, is_preferred) VALUES ('90000000-0000-0000-0000-000000000003', 'V3002', 'CASE', 6, 1, 4352040.0, 'VND', true) ON CONFLICT DO NOTHING;
INSERT INTO supplier_ingredients (supplier_id, ingredient_id, purchase_uom, pack_size, moq, last_price_fx, currency, is_preferred) VALUES ('90000000-0000-0000-0000-000000000003', 'V3003', 'CASE', 6, 1, 8080380.0, 'VND', true) ON CONFLICT DO NOTHING;
INSERT INTO supplier_ingredients (supplier_id, ingredient_id, purchase_uom, pack_size, moq, last_price_fx, currency, is_preferred) VALUES ('90000000-0000-0000-0000-000000000001', 'S1003', 'CASE', 6, 1, 1200000.0, 'VND', true) ON CONFLICT DO NOTHING;
INSERT INTO supplier_ingredients (supplier_id, ingredient_id, purchase_uom, pack_size, moq, last_price_fx, currency, is_preferred) VALUES ('90000000-0000-0000-0000-000000000001', 'S1004', 'CASE', 6, 1, 1560000.0, 'VND', true) ON CONFLICT DO NOTHING;
INSERT INTO supplier_ingredients (supplier_id, ingredient_id, purchase_uom, pack_size, moq, last_price_fx, currency, is_preferred) VALUES ('90000000-0000-0000-0000-000000000003', 'V5004', 'CASE', 6, 1, 2646000.0, 'VND', true) ON CONFLICT DO NOTHING;
INSERT INTO supplier_ingredients (supplier_id, ingredient_id, purchase_uom, pack_size, moq, last_price_fx, currency, is_preferred) VALUES ('90000000-0000-0000-0000-000000000003', 'V5008', 'CASE', 6, 1, 3626700.0, 'VND', true) ON CONFLICT DO NOTHING;
INSERT INTO supplier_ingredients (supplier_id, ingredient_id, purchase_uom, pack_size, moq, last_price_fx, currency, is_preferred) VALUES ('90000000-0000-0000-0000-000000000003', 'V5027', 'CASE', 6, 1, 1374000.0, 'VND', true) ON CONFLICT DO NOTHING;
INSERT INTO supplier_ingredients (supplier_id, ingredient_id, purchase_uom, pack_size, moq, last_price_fx, currency, is_preferred) VALUES ('90000000-0000-0000-0000-000000000003', 'V5028', 'CASE', 6, 1, 2556000.0, 'VND', true) ON CONFLICT DO NOTHING;
INSERT INTO supplier_ingredients (supplier_id, ingredient_id, purchase_uom, pack_size, moq, last_price_fx, currency, is_preferred) VALUES ('90000000-0000-0000-0000-000000000003', 'V5029', 'CASE', 6, 1, 2988000.0, 'VND', true) ON CONFLICT DO NOTHING;
INSERT INTO supplier_ingredients (supplier_id, ingredient_id, purchase_uom, pack_size, moq, last_price_fx, currency, is_preferred) VALUES ('90000000-0000-0000-0000-000000000003', 'V5030', 'CASE', 6, 1, 4752000.0, 'VND', true) ON CONFLICT DO NOTHING;
INSERT INTO supplier_ingredients (supplier_id, ingredient_id, purchase_uom, pack_size, moq, last_price_fx, currency, is_preferred) VALUES ('90000000-0000-0000-0000-000000000003', 'V5032', 'CASE', 6, 1, 3960000.0, 'VND', true) ON CONFLICT DO NOTHING;
INSERT INTO supplier_ingredients (supplier_id, ingredient_id, purchase_uom, pack_size, moq, last_price_fx, currency, is_preferred) VALUES ('90000000-0000-0000-0000-000000000003', 'V5033', 'CASE', 6, 1, 4815000.0, 'VND', true) ON CONFLICT DO NOTHING;
INSERT INTO supplier_ingredients (supplier_id, ingredient_id, purchase_uom, pack_size, moq, last_price_fx, currency, is_preferred) VALUES ('90000000-0000-0000-0000-000000000003', 'V5034', 'CASE', 6, 1, 1218000.0, 'VND', true) ON CONFLICT DO NOTHING;
INSERT INTO supplier_ingredients (supplier_id, ingredient_id, purchase_uom, pack_size, moq, last_price_fx, currency, is_preferred) VALUES ('90000000-0000-0000-0000-000000000003', 'V5037', 'CASE', 6, 1, 3207600.0, 'VND', true) ON CONFLICT DO NOTHING;
INSERT INTO supplier_ingredients (supplier_id, ingredient_id, purchase_uom, pack_size, moq, last_price_fx, currency, is_preferred) VALUES ('90000000-0000-0000-0000-000000000003', 'V5038', 'CASE', 6, 1, 1140000.0, 'VND', true) ON CONFLICT DO NOTHING;
INSERT INTO supplier_ingredients (supplier_id, ingredient_id, purchase_uom, pack_size, moq, last_price_fx, currency, is_preferred) VALUES ('90000000-0000-0000-0000-000000000003', 'V5039', 'CASE', 6, 1, 2352000.0, 'VND', true) ON CONFLICT DO NOTHING;
INSERT INTO supplier_ingredients (supplier_id, ingredient_id, purchase_uom, pack_size, moq, last_price_fx, currency, is_preferred) VALUES ('90000000-0000-0000-0000-000000000003', 'V5040', 'CASE', 6, 1, 2702700.0, 'VND', true) ON CONFLICT DO NOTHING;
INSERT INTO supplier_ingredients (supplier_id, ingredient_id, purchase_uom, pack_size, moq, last_price_fx, currency, is_preferred) VALUES ('90000000-0000-0000-0000-000000000003', 'V5041', 'CASE', 6, 1, 3240000.0, 'VND', true) ON CONFLICT DO NOTHING;
INSERT INTO supplier_ingredients (supplier_id, ingredient_id, purchase_uom, pack_size, moq, last_price_fx, currency, is_preferred) VALUES ('90000000-0000-0000-0000-000000000003', 'V5042', 'CASE', 6, 1, 3623400.0, 'VND', true) ON CONFLICT DO NOTHING;
INSERT INTO supplier_ingredients (supplier_id, ingredient_id, purchase_uom, pack_size, moq, last_price_fx, currency, is_preferred) VALUES ('90000000-0000-0000-0000-000000000003', 'V5043', 'CASE', 6, 1, 4692600.0, 'VND', true) ON CONFLICT DO NOTHING;
INSERT INTO supplier_ingredients (supplier_id, ingredient_id, purchase_uom, pack_size, moq, last_price_fx, currency, is_preferred) VALUES ('90000000-0000-0000-0000-000000000001', 'NLP004', 'BAG', 1, 1, 74058.0, 'VND', true) ON CONFLICT DO NOTHING;
INSERT INTO supplier_ingredients (supplier_id, ingredient_id, purchase_uom, pack_size, moq, last_price_fx, currency, is_preferred) VALUES ('90000000-0000-0000-0000-000000000001', 'NLP3016', 'BOX', 1, 1, 30925.0, 'VND', true) ON CONFLICT DO NOTHING;
INSERT INTO supplier_ingredients (supplier_id, ingredient_id, purchase_uom, pack_size, moq, last_price_fx, currency, is_preferred) VALUES ('90000000-0000-0000-0000-000000000001', 'NLP3021', 'BOX', 1, 1, 33000.0, 'VND', true) ON CONFLICT DO NOTHING;
INSERT INTO supplier_ingredients (supplier_id, ingredient_id, purchase_uom, pack_size, moq, last_price_fx, currency, is_preferred) VALUES ('90000000-0000-0000-0000-000000000001', 'NLP30251', 'KG', 1, 1, 22400.0, 'VND', true) ON CONFLICT DO NOTHING;
INSERT INTO supplier_ingredients (supplier_id, ingredient_id, purchase_uom, pack_size, moq, last_price_fx, currency, is_preferred) VALUES ('90000000-0000-0000-0000-000000000001', 'NLP60031', 'PIECE', 1, 1, 30000.0, 'VND', true) ON CONFLICT DO NOTHING;
INSERT INTO supplier_ingredients (supplier_id, ingredient_id, purchase_uom, pack_size, moq, last_price_fx, currency, is_preferred) VALUES ('90000000-0000-0000-0000-000000000001', 'NLP60032', 'KG', 1, 1, 25000.0, 'VND', true) ON CONFLICT DO NOTHING;
INSERT INTO supplier_ingredients (supplier_id, ingredient_id, purchase_uom, pack_size, moq, last_price_fx, currency, is_preferred) VALUES ('90000000-0000-0000-0000-000000000001', 'NLP60033', 'KG', 1, 1, 35000.0, 'VND', true) ON CONFLICT DO NOTHING;
INSERT INTO supplier_ingredients (supplier_id, ingredient_id, purchase_uom, pack_size, moq, last_price_fx, currency, is_preferred) VALUES ('90000000-0000-0000-0000-000000000001', 'NLP60034', 'KG', 1, 1, 50000.0, 'VND', true) ON CONFLICT DO NOTHING;
INSERT INTO supplier_ingredients (supplier_id, ingredient_id, purchase_uom, pack_size, moq, last_price_fx, currency, is_preferred) VALUES ('90000000-0000-0000-0000-000000000001', 'NLP60035', 'KG', 1, 1, 20000.0, 'VND', true) ON CONFLICT DO NOTHING;
INSERT INTO supplier_ingredients (supplier_id, ingredient_id, purchase_uom, pack_size, moq, last_price_fx, currency, is_preferred) VALUES ('90000000-0000-0000-0000-000000000001', 'NLP600351', 'KG', 1, 1, 168000.0, 'VND', true) ON CONFLICT DO NOTHING;
INSERT INTO supplier_ingredients (supplier_id, ingredient_id, purchase_uom, pack_size, moq, last_price_fx, currency, is_preferred) VALUES ('90000000-0000-0000-0000-000000000001', 'NLP60038', 'KG', 1, 1, 30000.0, 'VND', true) ON CONFLICT DO NOTHING;
INSERT INTO supplier_ingredients (supplier_id, ingredient_id, purchase_uom, pack_size, moq, last_price_fx, currency, is_preferred) VALUES ('90000000-0000-0000-0000-000000000001', 'NLP60041', 'PIECE', 1, 1, 14000.0, 'VND', true) ON CONFLICT DO NOTHING;
INSERT INTO supplier_ingredients (supplier_id, ingredient_id, purchase_uom, pack_size, moq, last_price_fx, currency, is_preferred) VALUES ('90000000-0000-0000-0000-000000000001', 'NLP9001', 'KG', 1, 1, 153000.0, 'VND', true) ON CONFLICT DO NOTHING;
INSERT INTO supplier_ingredients (supplier_id, ingredient_id, purchase_uom, pack_size, moq, last_price_fx, currency, is_preferred) VALUES ('90000000-0000-0000-0000-000000000001', 'NLP9002', 'KG', 1, 1, 201800.0, 'VND', true) ON CONFLICT DO NOTHING;
INSERT INTO supplier_ingredients (supplier_id, ingredient_id, purchase_uom, pack_size, moq, last_price_fx, currency, is_preferred) VALUES ('90000000-0000-0000-0000-000000000001', 'NLP90023', 'KG', 1, 1, 308000.0, 'VND', true) ON CONFLICT DO NOTHING;
INSERT INTO supplier_ingredients (supplier_id, ingredient_id, purchase_uom, pack_size, moq, last_price_fx, currency, is_preferred) VALUES ('90000000-0000-0000-0000-000000000001', 'NLP9003', 'BOX', 1, 1, 35000.0, 'VND', true) ON CONFLICT DO NOTHING;
INSERT INTO supplier_ingredients (supplier_id, ingredient_id, purchase_uom, pack_size, moq, last_price_fx, currency, is_preferred) VALUES ('90000000-0000-0000-0000-000000000001', 'NLP9004', 'BOX', 1, 1, 25000.0, 'VND', true) ON CONFLICT DO NOTHING;
INSERT INTO supplier_ingredients (supplier_id, ingredient_id, purchase_uom, pack_size, moq, last_price_fx, currency, is_preferred) VALUES ('90000000-0000-0000-0000-000000000001', 'NLP9005', 'PACK', 1, 1, 13000.0, 'VND', true) ON CONFLICT DO NOTHING;
INSERT INTO supplier_ingredients (supplier_id, ingredient_id, purchase_uom, pack_size, moq, last_price_fx, currency, is_preferred) VALUES ('90000000-0000-0000-0000-000000000001', 'NLP9006', 'BOX', 1, 1, 17788.0, 'VND', true) ON CONFLICT DO NOTHING;
INSERT INTO supplier_ingredients (supplier_id, ingredient_id, purchase_uom, pack_size, moq, last_price_fx, currency, is_preferred) VALUES ('90000000-0000-0000-0000-000000000001', 'NLP9020', 'BOX', 1, 1, 38000.0, 'VND', true) ON CONFLICT DO NOTHING;
INSERT INTO supplier_ingredients (supplier_id, ingredient_id, purchase_uom, pack_size, moq, last_price_fx, currency, is_preferred) VALUES ('90000000-0000-0000-0000-000000000001', 'NLP9024', 'BOX', 1, 1, 45000.0, 'VND', true) ON CONFLICT DO NOTHING;
INSERT INTO supplier_ingredients (supplier_id, ingredient_id, purchase_uom, pack_size, moq, last_price_fx, currency, is_preferred) VALUES ('90000000-0000-0000-0000-000000000001', 'NLP9026', 'BOX', 1, 1, 110000.0, 'VND', true) ON CONFLICT DO NOTHING;
INSERT INTO supplier_ingredients (supplier_id, ingredient_id, purchase_uom, pack_size, moq, last_price_fx, currency, is_preferred) VALUES ('90000000-0000-0000-0000-000000000001', 'NLP2011', 'CASE', 10, 1, 16900000.0, 'VND', true) ON CONFLICT DO NOTHING;
INSERT INTO supplier_ingredients (supplier_id, ingredient_id, purchase_uom, pack_size, moq, last_price_fx, currency, is_preferred) VALUES ('90000000-0000-0000-0000-000000000001', 'NLP3008', 'CASE', 10, 1, 2497360.0, 'VND', true) ON CONFLICT DO NOTHING;
INSERT INTO supplier_ingredients (supplier_id, ingredient_id, purchase_uom, pack_size, moq, last_price_fx, currency, is_preferred) VALUES ('90000000-0000-0000-0000-000000000001', 'NLP3015', 'BOX', 1, 1, 135000.0, 'VND', true) ON CONFLICT DO NOTHING;
INSERT INTO supplier_ingredients (supplier_id, ingredient_id, purchase_uom, pack_size, moq, last_price_fx, currency, is_preferred) VALUES ('90000000-0000-0000-0000-000000000001', 'NLP4002', 'CASE', 10, 1, 1970000.0, 'VND', true) ON CONFLICT DO NOTHING;
INSERT INTO supplier_ingredients (supplier_id, ingredient_id, purchase_uom, pack_size, moq, last_price_fx, currency, is_preferred) VALUES ('90000000-0000-0000-0000-000000000001', 'NVLC10011', 'CASE', 10, 1, 6090000.0, 'VND', true) ON CONFLICT DO NOTHING;
INSERT INTO supplier_ingredients (supplier_id, ingredient_id, purchase_uom, pack_size, moq, last_price_fx, currency, is_preferred) VALUES ('90000000-0000-0000-0000-000000000001', 'NVLC10024', 'CASE', 10, 1, 21280000.0, 'VND', true) ON CONFLICT DO NOTHING;
INSERT INTO supplier_ingredients (supplier_id, ingredient_id, purchase_uom, pack_size, moq, last_price_fx, currency, is_preferred) VALUES ('90000000-0000-0000-0000-000000000001', 'NVLC10025', 'CASE', 10, 1, 11130000.0, 'VND', true) ON CONFLICT DO NOTHING;
INSERT INTO supplier_ingredients (supplier_id, ingredient_id, purchase_uom, pack_size, moq, last_price_fx, currency, is_preferred) VALUES ('90000000-0000-0000-0000-000000000001', 'NVLC1003', 'CASE', 10, 1, 8820000.0, 'VND', true) ON CONFLICT DO NOTHING;
INSERT INTO supplier_ingredients (supplier_id, ingredient_id, purchase_uom, pack_size, moq, last_price_fx, currency, is_preferred) VALUES ('90000000-0000-0000-0000-000000000001', 'NVLC1019', 'CASE', 10, 1, 3712800.0, 'VND', true) ON CONFLICT DO NOTHING;
INSERT INTO supplier_ingredients (supplier_id, ingredient_id, purchase_uom, pack_size, moq, last_price_fx, currency, is_preferred) VALUES ('90000000-0000-0000-0000-000000000001', 'NVLC3001', 'CASE', 10, 1, 1018500.0, 'VND', true) ON CONFLICT DO NOTHING;
INSERT INTO supplier_ingredients (supplier_id, ingredient_id, purchase_uom, pack_size, moq, last_price_fx, currency, is_preferred) VALUES ('90000000-0000-0000-0000-000000000001', 'NVLC4002', 'CASE', 10, 1, 2600000.0, 'VND', true) ON CONFLICT DO NOTHING;
INSERT INTO supplier_ingredients (supplier_id, ingredient_id, purchase_uom, pack_size, moq, last_price_fx, currency, is_preferred) VALUES ('90000000-0000-0000-0000-000000000001', 'NVLC4010', 'CASE', 10, 1, 850000.0, 'VND', true) ON CONFLICT DO NOTHING;
INSERT INTO supplier_ingredients (supplier_id, ingredient_id, purchase_uom, pack_size, moq, last_price_fx, currency, is_preferred) VALUES ('90000000-0000-0000-0000-000000000001', 'NVLC5001', 'CASE', 10, 1, 5500000.0, 'VND', true) ON CONFLICT DO NOTHING;
INSERT INTO supplier_ingredients (supplier_id, ingredient_id, purchase_uom, pack_size, moq, last_price_fx, currency, is_preferred) VALUES ('90000000-0000-0000-0000-000000000001', 'NVLC5005', 'CASE', 10, 1, 3000000.0, 'VND', true) ON CONFLICT DO NOTHING;
INSERT INTO supplier_ingredients (supplier_id, ingredient_id, purchase_uom, pack_size, moq, last_price_fx, currency, is_preferred) VALUES ('90000000-0000-0000-0000-000000000001', 'NVLC5015', 'CASE', 10, 1, 1265000.0, 'VND', true) ON CONFLICT DO NOTHING;
INSERT INTO supplier_ingredients (supplier_id, ingredient_id, purchase_uom, pack_size, moq, last_price_fx, currency, is_preferred) VALUES ('90000000-0000-0000-0000-000000000001', 'NVLC5020', 'CASE', 10, 1, 12075000.0, 'VND', true) ON CONFLICT DO NOTHING;
INSERT INTO supplier_ingredients (supplier_id, ingredient_id, purchase_uom, pack_size, moq, last_price_fx, currency, is_preferred) VALUES ('90000000-0000-0000-0000-000000000001', 'NVLC5022', 'CASE', 10, 1, 5800000.0, 'VND', true) ON CONFLICT DO NOTHING;
INSERT INTO supplier_ingredients (supplier_id, ingredient_id, purchase_uom, pack_size, moq, last_price_fx, currency, is_preferred) VALUES ('90000000-0000-0000-0000-000000000001', 'NVLC60021', 'CASE', 10, 1, 8400000.0, 'VND', true) ON CONFLICT DO NOTHING;
INSERT INTO supplier_ingredients (supplier_id, ingredient_id, purchase_uom, pack_size, moq, last_price_fx, currency, is_preferred) VALUES ('90000000-0000-0000-0000-000000000001', 'NVLC6005', 'CASE', 10, 1, 2000000.0, 'VND', true) ON CONFLICT DO NOTHING;
INSERT INTO supplier_ingredients (supplier_id, ingredient_id, purchase_uom, pack_size, moq, last_price_fx, currency, is_preferred) VALUES ('90000000-0000-0000-0000-000000000001', 'NVLC6007', 'BOX', 1, 1, 547800.0, 'VND', true) ON CONFLICT DO NOTHING;
INSERT INTO supplier_ingredients (supplier_id, ingredient_id, purchase_uom, pack_size, moq, last_price_fx, currency, is_preferred) VALUES ('90000000-0000-0000-0000-000000000001', 'NVLC6017', 'CASE', 10, 1, 2500000.0, 'VND', true) ON CONFLICT DO NOTHING;
INSERT INTO supplier_ingredients (supplier_id, ingredient_id, purchase_uom, pack_size, moq, last_price_fx, currency, is_preferred) VALUES ('90000000-0000-0000-0000-000000000001', 'NVLC6030', 'CASE', 10, 1, 6500000.0, 'VND', true) ON CONFLICT DO NOTHING;

-- 7. Seed Menu Items & Recipes
INSERT INTO menu_items (id, name, sale_price, is_set_menu) VALUES ('R-001', 'Carpaccio de Thon — Agrumes, Sel marin', 300000.0, false) ON CONFLICT (id) DO UPDATE SET sale_price = EXCLUDED.sale_price, is_set_menu = EXCLUDED.is_set_menu;
INSERT INTO recipes (menu_item_id, ingredient_id, qty_net, yield_pct, recipe_uom) VALUES ('R-001', 'ING-001', 0.08, 85.0, 'G') ON CONFLICT (menu_item_id, ingredient_id) DO NOTHING;
INSERT INTO recipes (menu_item_id, ingredient_id, qty_net, yield_pct, recipe_uom) VALUES ('R-001', 'ING-045', 0.01, 65.0, 'G') ON CONFLICT (menu_item_id, ingredient_id) DO NOTHING;
INSERT INTO recipes (menu_item_id, ingredient_id, qty_net, yield_pct, recipe_uom) VALUES ('R-001', 'ING-046', 0.01, 80.0, 'G') ON CONFLICT (menu_item_id, ingredient_id) DO NOTHING;
INSERT INTO recipes (menu_item_id, ingredient_id, qty_net, yield_pct, recipe_uom) VALUES ('R-001', 'ING-064', 0.001, 100.0, 'G') ON CONFLICT (menu_item_id, ingredient_id) DO NOTHING;
INSERT INTO recipes (menu_item_id, ingredient_id, qty_net, yield_pct, recipe_uom) VALUES ('R-001', 'ING-059', 0.008, 100.0, 'L') ON CONFLICT (menu_item_id, ingredient_id) DO NOTHING;
INSERT INTO recipes (menu_item_id, ingredient_id, qty_net, yield_pct, recipe_uom) VALUES ('R-001', 'ING-039', 0.002, 75.0, 'G') ON CONFLICT (menu_item_id, ingredient_id) DO NOTHING;
INSERT INTO recipes (menu_item_id, ingredient_id, qty_net, yield_pct, recipe_uom) VALUES ('R-001', 'ING-038', 0.0015, 60.0, 'G') ON CONFLICT (menu_item_id, ingredient_id) DO NOTHING;
INSERT INTO menu_items (id, name, sale_price, is_set_menu) VALUES ('R-002', 'Saumon Gravlax, Herbes du Vietnam', 300000.0, false) ON CONFLICT (id) DO UPDATE SET sale_price = EXCLUDED.sale_price, is_set_menu = EXCLUDED.is_set_menu;
INSERT INTO recipes (menu_item_id, ingredient_id, qty_net, yield_pct, recipe_uom) VALUES ('R-002', 'ING-007', 0.09, 70.0, 'G') ON CONFLICT (menu_item_id, ingredient_id) DO NOTHING;
INSERT INTO recipes (menu_item_id, ingredient_id, qty_net, yield_pct, recipe_uom) VALUES ('R-002', 'ING-054', 0.02, 100.0, 'G') ON CONFLICT (menu_item_id, ingredient_id) DO NOTHING;
INSERT INTO recipes (menu_item_id, ingredient_id, qty_net, yield_pct, recipe_uom) VALUES ('R-002', 'ING-064', 0.01, 100.0, 'G') ON CONFLICT (menu_item_id, ingredient_id) DO NOTHING;
INSERT INTO recipes (menu_item_id, ingredient_id, qty_net, yield_pct, recipe_uom) VALUES ('R-002', 'ING-042', 0.004, 80.0, 'G') ON CONFLICT (menu_item_id, ingredient_id) DO NOTHING;
INSERT INTO recipes (menu_item_id, ingredient_id, qty_net, yield_pct, recipe_uom) VALUES ('R-002', 'ING-043', 0.0025, 75.0, 'G') ON CONFLICT (menu_item_id, ingredient_id) DO NOTHING;
INSERT INTO recipes (menu_item_id, ingredient_id, qty_net, yield_pct, recipe_uom) VALUES ('R-002', 'ING-018', 0.015, 100.0, 'L') ON CONFLICT (menu_item_id, ingredient_id) DO NOTHING;
INSERT INTO recipes (menu_item_id, ingredient_id, qty_net, yield_pct, recipe_uom) VALUES ('R-002', 'ING-047', 0.005, 55.00000000000001, 'G') ON CONFLICT (menu_item_id, ingredient_id) DO NOTHING;
INSERT INTO recipes (menu_item_id, ingredient_id, qty_net, yield_pct, recipe_uom) VALUES ('R-002', 'ING-039', 0.002, 75.0, 'G') ON CONFLICT (menu_item_id, ingredient_id) DO NOTHING;
INSERT INTO menu_items (id, name, sale_price, is_set_menu) VALUES ('R-003', 'Salade de Crabe Royal, Agrumes et Avocat', 535000.0, false) ON CONFLICT (id) DO UPDATE SET sale_price = EXCLUDED.sale_price, is_set_menu = EXCLUDED.is_set_menu;
INSERT INTO recipes (menu_item_id, ingredient_id, qty_net, yield_pct, recipe_uom) VALUES ('R-003', 'ING-008', 0.08, 70.0, 'G') ON CONFLICT (menu_item_id, ingredient_id) DO NOTHING;
INSERT INTO recipes (menu_item_id, ingredient_id, qty_net, yield_pct, recipe_uom) VALUES ('R-003', 'ING-031', 0.045, 65.0, 'G') ON CONFLICT (menu_item_id, ingredient_id) DO NOTHING;
INSERT INTO recipes (menu_item_id, ingredient_id, qty_net, yield_pct, recipe_uom) VALUES ('R-003', 'ING-100', 0.05, 55.00000000000001, 'G') ON CONFLICT (menu_item_id, ingredient_id) DO NOTHING;
INSERT INTO recipes (menu_item_id, ingredient_id, qty_net, yield_pct, recipe_uom) VALUES ('R-003', 'ING-047', 0.015, 55.00000000000001, 'G') ON CONFLICT (menu_item_id, ingredient_id) DO NOTHING;
INSERT INTO recipes (menu_item_id, ingredient_id, qty_net, yield_pct, recipe_uom) VALUES ('R-003', 'ING-059', 0.01, 100.0, 'L') ON CONFLICT (menu_item_id, ingredient_id) DO NOTHING;
INSERT INTO recipes (menu_item_id, ingredient_id, qty_net, yield_pct, recipe_uom) VALUES ('R-003', 'ING-062', 0.005, 100.0, 'L') ON CONFLICT (menu_item_id, ingredient_id) DO NOTHING;
INSERT INTO recipes (menu_item_id, ingredient_id, qty_net, yield_pct, recipe_uom) VALUES ('R-003', 'ING-064', 0.001, 100.0, 'G') ON CONFLICT (menu_item_id, ingredient_id) DO NOTHING;
INSERT INTO recipes (menu_item_id, ingredient_id, qty_net, yield_pct, recipe_uom) VALUES ('R-003', 'ING-066', 0.0005, 100.0, 'G') ON CONFLICT (menu_item_id, ingredient_id) DO NOTHING;
INSERT INTO recipes (menu_item_id, ingredient_id, qty_net, yield_pct, recipe_uom) VALUES ('R-003', 'ING-039', 0.0025, 75.0, 'G') ON CONFLICT (menu_item_id, ingredient_id) DO NOTHING;
INSERT INTO menu_items (id, name, sale_price, is_set_menu) VALUES ('R-004', 'Tartare de Saint-Jacques — Caviar, Crème de Yuzu', 495000.0, false) ON CONFLICT (id) DO UPDATE SET sale_price = EXCLUDED.sale_price, is_set_menu = EXCLUDED.is_set_menu;
INSERT INTO recipes (menu_item_id, ingredient_id, qty_net, yield_pct, recipe_uom) VALUES ('R-004', 'ING-002', 0.06, 85.0, 'G') ON CONFLICT (menu_item_id, ingredient_id) DO NOTHING;
INSERT INTO recipes (menu_item_id, ingredient_id, qty_net, yield_pct, recipe_uom) VALUES ('R-004', 'ING-009', 7.5, 100.0, 'G') ON CONFLICT (menu_item_id, ingredient_id) DO NOTHING;
INSERT INTO recipes (menu_item_id, ingredient_id, qty_net, yield_pct, recipe_uom) VALUES ('R-004', 'ING-031', 0.03, 65.0, 'G') ON CONFLICT (menu_item_id, ingredient_id) DO NOTHING;
INSERT INTO recipes (menu_item_id, ingredient_id, qty_net, yield_pct, recipe_uom) VALUES ('R-004', 'ING-045', 0.01, 65.0, 'G') ON CONFLICT (menu_item_id, ingredient_id) DO NOTHING;
INSERT INTO recipes (menu_item_id, ingredient_id, qty_net, yield_pct, recipe_uom) VALUES ('R-004', 'ING-064', 0.0012, 100.0, 'G') ON CONFLICT (menu_item_id, ingredient_id) DO NOTHING;
INSERT INTO recipes (menu_item_id, ingredient_id, qty_net, yield_pct, recipe_uom) VALUES ('R-004', 'ING-039', 0.0025, 75.0, 'G') ON CONFLICT (menu_item_id, ingredient_id) DO NOTHING;
INSERT INTO recipes (menu_item_id, ingredient_id, qty_net, yield_pct, recipe_uom) VALUES ('R-004', 'ING-019', 0.01, 100.0, 'L') ON CONFLICT (menu_item_id, ingredient_id) DO NOTHING;
INSERT INTO menu_items (id, name, sale_price, is_set_menu) VALUES ('R-005', 'Légumes de Đà Lạt — Émulsion d''Herbes', 150000.0, false) ON CONFLICT (id) DO UPDATE SET sale_price = EXCLUDED.sale_price, is_set_menu = EXCLUDED.is_set_menu;
INSERT INTO recipes (menu_item_id, ingredient_id, qty_net, yield_pct, recipe_uom) VALUES ('R-005', 'ING-024', 0.075, 75.0, 'G') ON CONFLICT (menu_item_id, ingredient_id) DO NOTHING;
INSERT INTO recipes (menu_item_id, ingredient_id, qty_net, yield_pct, recipe_uom) VALUES ('R-005', 'ING-031', 0.04, 65.0, 'G') ON CONFLICT (menu_item_id, ingredient_id) DO NOTHING;
INSERT INTO recipes (menu_item_id, ingredient_id, qty_net, yield_pct, recipe_uom) VALUES ('R-005', 'ING-019', 0.015, 100.0, 'L') ON CONFLICT (menu_item_id, ingredient_id) DO NOTHING;
INSERT INTO recipes (menu_item_id, ingredient_id, qty_net, yield_pct, recipe_uom) VALUES ('R-005', 'ING-039', 0.003, 75.0, 'G') ON CONFLICT (menu_item_id, ingredient_id) DO NOTHING;
INSERT INTO recipes (menu_item_id, ingredient_id, qty_net, yield_pct, recipe_uom) VALUES ('R-005', 'ING-040', 0.004, 70.0, 'G') ON CONFLICT (menu_item_id, ingredient_id) DO NOTHING;
INSERT INTO recipes (menu_item_id, ingredient_id, qty_net, yield_pct, recipe_uom) VALUES ('R-005', 'ING-038', 0.002, 60.0, 'G') ON CONFLICT (menu_item_id, ingredient_id) DO NOTHING;
INSERT INTO recipes (menu_item_id, ingredient_id, qty_net, yield_pct, recipe_uom) VALUES ('R-005', 'ING-059', 0.008, 100.0, 'L') ON CONFLICT (menu_item_id, ingredient_id) DO NOTHING;
INSERT INTO recipes (menu_item_id, ingredient_id, qty_net, yield_pct, recipe_uom) VALUES ('R-005', 'ING-064', 0.001, 100.0, 'G') ON CONFLICT (menu_item_id, ingredient_id) DO NOTHING;
INSERT INTO menu_items (id, name, sale_price, is_set_menu) VALUES ('R-006', 'Soupe à l''Oignon — Fromage, Croûton', 225000.0, false) ON CONFLICT (id) DO UPDATE SET sale_price = EXCLUDED.sale_price, is_set_menu = EXCLUDED.is_set_menu;
INSERT INTO recipes (menu_item_id, ingredient_id, qty_net, yield_pct, recipe_uom) VALUES ('R-006', 'ING-032', 0.075, 85.0, 'G') ON CONFLICT (menu_item_id, ingredient_id) DO NOTHING;
INSERT INTO recipes (menu_item_id, ingredient_id, qty_net, yield_pct, recipe_uom) VALUES ('R-006', 'ING-017', 0.0125, 100.0, 'G') ON CONFLICT (menu_item_id, ingredient_id) DO NOTHING;
INSERT INTO recipes (menu_item_id, ingredient_id, qty_net, yield_pct, recipe_uom) VALUES ('R-006', 'ING-070', 0.025, 100.0, 'ML') ON CONFLICT (menu_item_id, ingredient_id) DO NOTHING;
INSERT INTO recipes (menu_item_id, ingredient_id, qty_net, yield_pct, recipe_uom) VALUES ('R-006', 'ING-081', 0.25, 100.0, 'L') ON CONFLICT (menu_item_id, ingredient_id) DO NOTHING;
INSERT INTO recipes (menu_item_id, ingredient_id, qty_net, yield_pct, recipe_uom) VALUES ('R-006', 'ING-023', 0.015, 95.0, 'G') ON CONFLICT (menu_item_id, ingredient_id) DO NOTHING;
INSERT INTO recipes (menu_item_id, ingredient_id, qty_net, yield_pct, recipe_uom) VALUES ('R-006', 'ING-079', 0.02, 100.0, 'G') ON CONFLICT (menu_item_id, ingredient_id) DO NOTHING;
INSERT INTO recipes (menu_item_id, ingredient_id, qty_net, yield_pct, recipe_uom) VALUES ('R-006', 'ING-066', 0.0004, 100.0, 'G') ON CONFLICT (menu_item_id, ingredient_id) DO NOTHING;
INSERT INTO recipes (menu_item_id, ingredient_id, qty_net, yield_pct, recipe_uom) VALUES ('R-006', 'ING-041', 0.0006, 55.00000000000001, 'G') ON CONFLICT (menu_item_id, ingredient_id) DO NOTHING;
INSERT INTO menu_items (id, name, sale_price, is_set_menu) VALUES ('R-007', 'Bisque de Crevettes de Nha Trang, Crème au Cognac', 265000.0, false) ON CONFLICT (id) DO UPDATE SET sale_price = EXCLUDED.sale_price, is_set_menu = EXCLUDED.is_set_menu;
INSERT INTO recipes (menu_item_id, ingredient_id, qty_net, yield_pct, recipe_uom) VALUES ('R-007', 'ING-006', 0.07, 55.00000000000001, 'G') ON CONFLICT (menu_item_id, ingredient_id) DO NOTHING;
INSERT INTO recipes (menu_item_id, ingredient_id, qty_net, yield_pct, recipe_uom) VALUES ('R-007', 'ING-018', 0.019, 100.0, 'L') ON CONFLICT (menu_item_id, ingredient_id) DO NOTHING;
INSERT INTO recipes (menu_item_id, ingredient_id, qty_net, yield_pct, recipe_uom) VALUES ('R-007', 'ING-019', 0.038, 100.0, 'L') ON CONFLICT (menu_item_id, ingredient_id) DO NOTHING;
INSERT INTO recipes (menu_item_id, ingredient_id, qty_net, yield_pct, recipe_uom) VALUES ('R-007', 'ING-072', 0.008, 100.0, 'ML') ON CONFLICT (menu_item_id, ingredient_id) DO NOTHING;
INSERT INTO recipes (menu_item_id, ingredient_id, qty_net, yield_pct, recipe_uom) VALUES ('R-007', 'ING-082', 0.19, 100.0, 'L') ON CONFLICT (menu_item_id, ingredient_id) DO NOTHING;
INSERT INTO recipes (menu_item_id, ingredient_id, qty_net, yield_pct, recipe_uom) VALUES ('R-007', 'ING-017', 0.01, 100.0, 'G') ON CONFLICT (menu_item_id, ingredient_id) DO NOTHING;
INSERT INTO recipes (menu_item_id, ingredient_id, qty_net, yield_pct, recipe_uom) VALUES ('R-007', 'ING-032', 0.012, 85.0, 'G') ON CONFLICT (menu_item_id, ingredient_id) DO NOTHING;
INSERT INTO recipes (menu_item_id, ingredient_id, qty_net, yield_pct, recipe_uom) VALUES ('R-007', 'ING-070', 0.019, 100.0, 'ML') ON CONFLICT (menu_item_id, ingredient_id) DO NOTHING;
INSERT INTO recipes (menu_item_id, ingredient_id, qty_net, yield_pct, recipe_uom) VALUES ('R-007', 'ING-064', 0.0006, 100.0, 'G') ON CONFLICT (menu_item_id, ingredient_id) DO NOTHING;
INSERT INTO recipes (menu_item_id, ingredient_id, qty_net, yield_pct, recipe_uom) VALUES ('R-007', 'ING-066', 0.0003, 100.0, 'G') ON CONFLICT (menu_item_id, ingredient_id) DO NOTHING;
INSERT INTO menu_items (id, name, sale_price, is_set_menu) VALUES ('R-008', 'Champignons de Tam Đảo — Infusion de Sous-bois', 235000.0, false) ON CONFLICT (id) DO UPDATE SET sale_price = EXCLUDED.sale_price, is_set_menu = EXCLUDED.is_set_menu;
INSERT INTO recipes (menu_item_id, ingredient_id, qty_net, yield_pct, recipe_uom) VALUES ('R-008', 'ING-025', 0.0525, 80.0, 'G') ON CONFLICT (menu_item_id, ingredient_id) DO NOTHING;
INSERT INTO recipes (menu_item_id, ingredient_id, qty_net, yield_pct, recipe_uom) VALUES ('R-008', 'ING-026', 0.028, 85.0, 'G') ON CONFLICT (menu_item_id, ingredient_id) DO NOTHING;
INSERT INTO recipes (menu_item_id, ingredient_id, qty_net, yield_pct, recipe_uom) VALUES ('R-008', 'ING-027', 0.002, 100.0, 'G') ON CONFLICT (menu_item_id, ingredient_id) DO NOTHING;
INSERT INTO recipes (menu_item_id, ingredient_id, qty_net, yield_pct, recipe_uom) VALUES ('R-008', 'ING-019', 0.05, 100.0, 'L') ON CONFLICT (menu_item_id, ingredient_id) DO NOTHING;
INSERT INTO recipes (menu_item_id, ingredient_id, qty_net, yield_pct, recipe_uom) VALUES ('R-008', 'ING-017', 0.015, 100.0, 'G') ON CONFLICT (menu_item_id, ingredient_id) DO NOTHING;
INSERT INTO recipes (menu_item_id, ingredient_id, qty_net, yield_pct, recipe_uom) VALUES ('R-008', 'ING-032', 0.015, 85.0, 'G') ON CONFLICT (menu_item_id, ingredient_id) DO NOTHING;
INSERT INTO recipes (menu_item_id, ingredient_id, qty_net, yield_pct, recipe_uom) VALUES ('R-008', 'ING-081', 0.15, 100.0, 'L') ON CONFLICT (menu_item_id, ingredient_id) DO NOTHING;
INSERT INTO recipes (menu_item_id, ingredient_id, qty_net, yield_pct, recipe_uom) VALUES ('R-008', 'ING-041', 0.0006, 55.00000000000001, 'G') ON CONFLICT (menu_item_id, ingredient_id) DO NOTHING;
INSERT INTO recipes (menu_item_id, ingredient_id, qty_net, yield_pct, recipe_uom) VALUES ('R-008', 'ING-074', 0.005, 100.0, 'ML') ON CONFLICT (menu_item_id, ingredient_id) DO NOTHING;
INSERT INTO menu_items (id, name, sale_price, is_set_menu) VALUES ('R-009', 'Escargots de Bourgogne au Beurre à l''Ail', 330000.0, false) ON CONFLICT (id) DO UPDATE SET sale_price = EXCLUDED.sale_price, is_set_menu = EXCLUDED.is_set_menu;
INSERT INTO recipes (menu_item_id, ingredient_id, qty_net, yield_pct, recipe_uom) VALUES ('R-009', 'ING-016', 0.05, 95.0, 'G') ON CONFLICT (menu_item_id, ingredient_id) DO NOTHING;
INSERT INTO recipes (menu_item_id, ingredient_id, qty_net, yield_pct, recipe_uom) VALUES ('R-009', 'ING-017', 0.038, 100.0, 'G') ON CONFLICT (menu_item_id, ingredient_id) DO NOTHING;
INSERT INTO recipes (menu_item_id, ingredient_id, qty_net, yield_pct, recipe_uom) VALUES ('R-009', 'ING-040', 0.0075, 70.0, 'G') ON CONFLICT (menu_item_id, ingredient_id) DO NOTHING;
INSERT INTO recipes (menu_item_id, ingredient_id, qty_net, yield_pct, recipe_uom) VALUES ('R-009', 'ING-033', 0.003, 95.0, 'G') ON CONFLICT (menu_item_id, ingredient_id) DO NOTHING;
INSERT INTO recipes (menu_item_id, ingredient_id, qty_net, yield_pct, recipe_uom) VALUES ('R-009', 'ING-064', 0.001, 100.0, 'G') ON CONFLICT (menu_item_id, ingredient_id) DO NOTHING;
INSERT INTO recipes (menu_item_id, ingredient_id, qty_net, yield_pct, recipe_uom) VALUES ('R-009', 'ING-053', 0.01, 100.0, 'G') ON CONFLICT (menu_item_id, ingredient_id) DO NOTHING;
INSERT INTO recipes (menu_item_id, ingredient_id, qty_net, yield_pct, recipe_uom) VALUES ('R-009', 'ING-066', 0.0008, 100.0, 'G') ON CONFLICT (menu_item_id, ingredient_id) DO NOTHING;
INSERT INTO menu_items (id, name, sale_price, is_set_menu) VALUES ('R-010', 'Foie Gras Poêlé — Fruit de Saison, Jus Réduit', 495000.0, false) ON CONFLICT (id) DO UPDATE SET sale_price = EXCLUDED.sale_price, is_set_menu = EXCLUDED.is_set_menu;
INSERT INTO recipes (menu_item_id, ingredient_id, qty_net, yield_pct, recipe_uom) VALUES ('R-010', 'ING-014', 0.05, 90.0, 'G') ON CONFLICT (menu_item_id, ingredient_id) DO NOTHING;
INSERT INTO recipes (menu_item_id, ingredient_id, qty_net, yield_pct, recipe_uom) VALUES ('R-010', 'ING-048', 0.03, 75.0, 'G') ON CONFLICT (menu_item_id, ingredient_id) DO NOTHING;
INSERT INTO recipes (menu_item_id, ingredient_id, qty_net, yield_pct, recipe_uom) VALUES ('R-010', 'ING-083', 0.038, 100.0, 'L') ON CONFLICT (menu_item_id, ingredient_id) DO NOTHING;
INSERT INTO recipes (menu_item_id, ingredient_id, qty_net, yield_pct, recipe_uom) VALUES ('R-010', 'ING-074', 0.01, 100.0, 'ML') ON CONFLICT (menu_item_id, ingredient_id) DO NOTHING;
INSERT INTO recipes (menu_item_id, ingredient_id, qty_net, yield_pct, recipe_uom) VALUES ('R-010', 'ING-063', 0.005, 100.0, 'L') ON CONFLICT (menu_item_id, ingredient_id) DO NOTHING;
INSERT INTO recipes (menu_item_id, ingredient_id, qty_net, yield_pct, recipe_uom) VALUES ('R-010', 'ING-064', 0.0008, 100.0, 'G') ON CONFLICT (menu_item_id, ingredient_id) DO NOTHING;
INSERT INTO recipes (menu_item_id, ingredient_id, qty_net, yield_pct, recipe_uom) VALUES ('R-010', 'ING-066', 0.0005, 100.0, 'G') ON CONFLICT (menu_item_id, ingredient_id) DO NOTHING;
INSERT INTO menu_items (id, name, sale_price, is_set_menu) VALUES ('R-011', 'Cabillaud au Miso — Légumes Verts', 855000.0, false) ON CONFLICT (id) DO UPDATE SET sale_price = EXCLUDED.sale_price, is_set_menu = EXCLUDED.is_set_menu;
INSERT INTO recipes (menu_item_id, ingredient_id, qty_net, yield_pct, recipe_uom) VALUES ('R-011', 'ING-003', 0.12, 80.0, 'G') ON CONFLICT (menu_item_id, ingredient_id) DO NOTHING;
INSERT INTO recipes (menu_item_id, ingredient_id, qty_net, yield_pct, recipe_uom) VALUES ('R-011', 'ING-055', 0.02, 100.0, 'G') ON CONFLICT (menu_item_id, ingredient_id) DO NOTHING;
INSERT INTO recipes (menu_item_id, ingredient_id, qty_net, yield_pct, recipe_uom) VALUES ('R-011', 'ING-057', 0.0075, 100.0, 'L') ON CONFLICT (menu_item_id, ingredient_id) DO NOTHING;
INSERT INTO recipes (menu_item_id, ingredient_id, qty_net, yield_pct, recipe_uom) VALUES ('R-011', 'ING-058', 0.0075, 100.0, 'L') ON CONFLICT (menu_item_id, ingredient_id) DO NOTHING;
INSERT INTO recipes (menu_item_id, ingredient_id, qty_net, yield_pct, recipe_uom) VALUES ('R-011', 'ING-054', 0.005, 100.0, 'G') ON CONFLICT (menu_item_id, ingredient_id) DO NOTHING;
INSERT INTO recipes (menu_item_id, ingredient_id, qty_net, yield_pct, recipe_uom) VALUES ('R-011', 'ING-024', 0.05, 75.0, 'G') ON CONFLICT (menu_item_id, ingredient_id) DO NOTHING;
INSERT INTO recipes (menu_item_id, ingredient_id, qty_net, yield_pct, recipe_uom) VALUES ('R-011', 'ING-035', 0.02, 92.0, 'G') ON CONFLICT (menu_item_id, ingredient_id) DO NOTHING;
INSERT INTO recipes (menu_item_id, ingredient_id, qty_net, yield_pct, recipe_uom) VALUES ('R-011', 'ING-086', 0.0025, 100.0, 'G') ON CONFLICT (menu_item_id, ingredient_id) DO NOTHING;
INSERT INTO recipes (menu_item_id, ingredient_id, qty_net, yield_pct, recipe_uom) VALUES ('R-011', 'ING-082', 0.05, 100.0, 'L') ON CONFLICT (menu_item_id, ingredient_id) DO NOTHING;
INSERT INTO recipes (menu_item_id, ingredient_id, qty_net, yield_pct, recipe_uom) VALUES ('R-011', 'ING-056', 0.005, 100.0, 'L') ON CONFLICT (menu_item_id, ingredient_id) DO NOTHING;
INSERT INTO recipes (menu_item_id, ingredient_id, qty_net, yield_pct, recipe_uom) VALUES ('R-011', 'ING-092', 0.01, 85.0, 'G') ON CONFLICT (menu_item_id, ingredient_id) DO NOTHING;
INSERT INTO menu_items (id, name, sale_price, is_set_menu) VALUES ('R-012', 'Wellington de Buffle — Champignons, Poivre Phú Quốc', 535000.0, false) ON CONFLICT (id) DO UPDATE SET sale_price = EXCLUDED.sale_price, is_set_menu = EXCLUDED.is_set_menu;
INSERT INTO recipes (menu_item_id, ingredient_id, qty_net, yield_pct, recipe_uom) VALUES ('R-012', 'ING-011', 0.16, 75.0, 'G') ON CONFLICT (menu_item_id, ingredient_id) DO NOTHING;
INSERT INTO recipes (menu_item_id, ingredient_id, qty_net, yield_pct, recipe_uom) VALUES ('R-012', 'ING-079', 0.075, 100.0, 'G') ON CONFLICT (menu_item_id, ingredient_id) DO NOTHING;
INSERT INTO recipes (menu_item_id, ingredient_id, qty_net, yield_pct, recipe_uom) VALUES ('R-012', 'ING-025', 0.05, 80.0, 'G') ON CONFLICT (menu_item_id, ingredient_id) DO NOTHING;
INSERT INTO recipes (menu_item_id, ingredient_id, qty_net, yield_pct, recipe_uom) VALUES ('R-012', 'ING-026', 0.025, 85.0, 'G') ON CONFLICT (menu_item_id, ingredient_id) DO NOTHING;
INSERT INTO recipes (menu_item_id, ingredient_id, qty_net, yield_pct, recipe_uom) VALUES ('R-012', 'ING-032', 0.015, 85.0, 'G') ON CONFLICT (menu_item_id, ingredient_id) DO NOTHING;
INSERT INTO recipes (menu_item_id, ingredient_id, qty_net, yield_pct, recipe_uom) VALUES ('R-012', 'ING-021', 0.25, 100.0, 'PIECE') ON CONFLICT (menu_item_id, ingredient_id) DO NOTHING;
INSERT INTO recipes (menu_item_id, ingredient_id, qty_net, yield_pct, recipe_uom) VALUES ('R-012', 'ING-083', 0.063, 100.0, 'L') ON CONFLICT (menu_item_id, ingredient_id) DO NOTHING;
INSERT INTO recipes (menu_item_id, ingredient_id, qty_net, yield_pct, recipe_uom) VALUES ('R-012', 'ING-066', 0.0025, 100.0, 'G') ON CONFLICT (menu_item_id, ingredient_id) DO NOTHING;
INSERT INTO recipes (menu_item_id, ingredient_id, qty_net, yield_pct, recipe_uom) VALUES ('R-012', 'ING-017', 0.01, 100.0, 'G') ON CONFLICT (menu_item_id, ingredient_id) DO NOTHING;
INSERT INTO recipes (menu_item_id, ingredient_id, qty_net, yield_pct, recipe_uom) VALUES ('R-012', 'ING-040', 0.0025, 70.0, 'G') ON CONFLICT (menu_item_id, ingredient_id) DO NOTHING;
INSERT INTO menu_items (id, name, sale_price, is_set_menu) VALUES ('R-013', 'Risotto — Truffe Noire, Champignons de Tam Đảo', 435000.0, false) ON CONFLICT (id) DO UPDATE SET sale_price = EXCLUDED.sale_price, is_set_menu = EXCLUDED.is_set_menu;
INSERT INTO recipes (menu_item_id, ingredient_id, qty_net, yield_pct, recipe_uom) VALUES ('R-013', 'ING-052', 0.07, 100.0, 'G') ON CONFLICT (menu_item_id, ingredient_id) DO NOTHING;
INSERT INTO recipes (menu_item_id, ingredient_id, qty_net, yield_pct, recipe_uom) VALUES ('R-013', 'ING-087', 2.0, 92.0, 'G') ON CONFLICT (menu_item_id, ingredient_id) DO NOTHING;
INSERT INTO recipes (menu_item_id, ingredient_id, qty_net, yield_pct, recipe_uom) VALUES ('R-013', 'ING-025', 0.05, 80.0, 'G') ON CONFLICT (menu_item_id, ingredient_id) DO NOTHING;
INSERT INTO recipes (menu_item_id, ingredient_id, qty_net, yield_pct, recipe_uom) VALUES ('R-013', 'ING-017', 0.025, 100.0, 'G') ON CONFLICT (menu_item_id, ingredient_id) DO NOTHING;
INSERT INTO recipes (menu_item_id, ingredient_id, qty_net, yield_pct, recipe_uom) VALUES ('R-013', 'ING-023', 0.01, 95.0, 'G') ON CONFLICT (menu_item_id, ingredient_id) DO NOTHING;
INSERT INTO recipes (menu_item_id, ingredient_id, qty_net, yield_pct, recipe_uom) VALUES ('R-013', 'ING-032', 0.015, 85.0, 'G') ON CONFLICT (menu_item_id, ingredient_id) DO NOTHING;
INSERT INTO recipes (menu_item_id, ingredient_id, qty_net, yield_pct, recipe_uom) VALUES ('R-013', 'ING-070', 0.03, 100.0, 'ML') ON CONFLICT (menu_item_id, ingredient_id) DO NOTHING;
INSERT INTO recipes (menu_item_id, ingredient_id, qty_net, yield_pct, recipe_uom) VALUES ('R-013', 'ING-081', 0.2, 100.0, 'L') ON CONFLICT (menu_item_id, ingredient_id) DO NOTHING;
INSERT INTO recipes (menu_item_id, ingredient_id, qty_net, yield_pct, recipe_uom) VALUES ('R-013', 'ING-064', 0.0008, 100.0, 'G') ON CONFLICT (menu_item_id, ingredient_id) DO NOTHING;
INSERT INTO menu_items (id, name, sale_price, is_set_menu) VALUES ('R-014', 'Langoustine Rôtie — Beurre Noisette', 990000.0, false) ON CONFLICT (id) DO UPDATE SET sale_price = EXCLUDED.sale_price, is_set_menu = EXCLUDED.is_set_menu;
INSERT INTO recipes (menu_item_id, ingredient_id, qty_net, yield_pct, recipe_uom) VALUES ('R-014', 'ING-005', 0.16, 50.0, 'G') ON CONFLICT (menu_item_id, ingredient_id) DO NOTHING;
INSERT INTO recipes (menu_item_id, ingredient_id, qty_net, yield_pct, recipe_uom) VALUES ('R-014', 'ING-092', 0.02, 85.0, 'G') ON CONFLICT (menu_item_id, ingredient_id) DO NOTHING;
INSERT INTO recipes (menu_item_id, ingredient_id, qty_net, yield_pct, recipe_uom) VALUES ('R-014', 'ING-038', 0.0025, 60.0, 'G') ON CONFLICT (menu_item_id, ingredient_id) DO NOTHING;
INSERT INTO recipes (menu_item_id, ingredient_id, qty_net, yield_pct, recipe_uom) VALUES ('R-014', 'ING-047', 0.005, 55.00000000000001, 'G') ON CONFLICT (menu_item_id, ingredient_id) DO NOTHING;
INSERT INTO recipes (menu_item_id, ingredient_id, qty_net, yield_pct, recipe_uom) VALUES ('R-014', 'ING-064', 0.0008, 100.0, 'G') ON CONFLICT (menu_item_id, ingredient_id) DO NOTHING;
INSERT INTO recipes (menu_item_id, ingredient_id, qty_net, yield_pct, recipe_uom) VALUES ('R-014', 'ING-066', 0.0005, 100.0, 'G') ON CONFLICT (menu_item_id, ingredient_id) DO NOTHING;
INSERT INTO recipes (menu_item_id, ingredient_id, qty_net, yield_pct, recipe_uom) VALUES ('R-014', 'ING-035', 0.03, 92.0, 'G') ON CONFLICT (menu_item_id, ingredient_id) DO NOTHING;
INSERT INTO recipes (menu_item_id, ingredient_id, qty_net, yield_pct, recipe_uom) VALUES ('R-014', 'ING-088', 0.005, 100.0, 'G') ON CONFLICT (menu_item_id, ingredient_id) DO NOTHING;
INSERT INTO menu_items (id, name, sale_price, is_set_menu) VALUES ('R-015', 'Saint-Jacques — Beurre Blanc, Agrumes', 695000.0, false) ON CONFLICT (id) DO UPDATE SET sale_price = EXCLUDED.sale_price, is_set_menu = EXCLUDED.is_set_menu;
INSERT INTO recipes (menu_item_id, ingredient_id, qty_net, yield_pct, recipe_uom) VALUES ('R-015', 'ING-002', 0.1, 85.0, 'G') ON CONFLICT (menu_item_id, ingredient_id) DO NOTHING;
INSERT INTO recipes (menu_item_id, ingredient_id, qty_net, yield_pct, recipe_uom) VALUES ('R-015', 'ING-017', 0.038, 100.0, 'G') ON CONFLICT (menu_item_id, ingredient_id) DO NOTHING;
INSERT INTO recipes (menu_item_id, ingredient_id, qty_net, yield_pct, recipe_uom) VALUES ('R-015', 'ING-032', 0.02, 85.0, 'G') ON CONFLICT (menu_item_id, ingredient_id) DO NOTHING;
INSERT INTO recipes (menu_item_id, ingredient_id, qty_net, yield_pct, recipe_uom) VALUES ('R-015', 'ING-070', 0.025, 100.0, 'ML') ON CONFLICT (menu_item_id, ingredient_id) DO NOTHING;
INSERT INTO recipes (menu_item_id, ingredient_id, qty_net, yield_pct, recipe_uom) VALUES ('R-015', 'ING-062', 0.0075, 100.0, 'L') ON CONFLICT (menu_item_id, ingredient_id) DO NOTHING;
INSERT INTO recipes (menu_item_id, ingredient_id, qty_net, yield_pct, recipe_uom) VALUES ('R-015', 'ING-047', 0.0075, 55.00000000000001, 'G') ON CONFLICT (menu_item_id, ingredient_id) DO NOTHING;
INSERT INTO recipes (menu_item_id, ingredient_id, qty_net, yield_pct, recipe_uom) VALUES ('R-015', 'ING-019', 0.015, 100.0, 'L') ON CONFLICT (menu_item_id, ingredient_id) DO NOTHING;
INSERT INTO recipes (menu_item_id, ingredient_id, qty_net, yield_pct, recipe_uom) VALUES ('R-015', 'ING-024', 0.045, 75.0, 'G') ON CONFLICT (menu_item_id, ingredient_id) DO NOTHING;
INSERT INTO recipes (menu_item_id, ingredient_id, qty_net, yield_pct, recipe_uom) VALUES ('R-015', 'ING-061', 0.005, 100.0, 'L') ON CONFLICT (menu_item_id, ingredient_id) DO NOTHING;
INSERT INTO recipes (menu_item_id, ingredient_id, qty_net, yield_pct, recipe_uom) VALUES ('R-015', 'ING-064', 0.0008, 100.0, 'G') ON CONFLICT (menu_item_id, ingredient_id) DO NOTHING;
INSERT INTO recipes (menu_item_id, ingredient_id, qty_net, yield_pct, recipe_uom) VALUES ('R-015', 'ING-009', 1.0, 100.0, 'G') ON CONFLICT (menu_item_id, ingredient_id) DO NOTHING;
INSERT INTO menu_items (id, name, sale_price, is_set_menu) VALUES ('R-016', 'Bar du Vietnam — Beurre Blanc, Agrumes', 435000.0, false) ON CONFLICT (id) DO UPDATE SET sale_price = EXCLUDED.sale_price, is_set_menu = EXCLUDED.is_set_menu;
INSERT INTO recipes (menu_item_id, ingredient_id, qty_net, yield_pct, recipe_uom) VALUES ('R-016', 'ING-004', 0.14, 80.0, 'G') ON CONFLICT (menu_item_id, ingredient_id) DO NOTHING;
INSERT INTO recipes (menu_item_id, ingredient_id, qty_net, yield_pct, recipe_uom) VALUES ('R-016', 'ING-017', 0.038, 100.0, 'G') ON CONFLICT (menu_item_id, ingredient_id) DO NOTHING;
INSERT INTO recipes (menu_item_id, ingredient_id, qty_net, yield_pct, recipe_uom) VALUES ('R-016', 'ING-032', 0.02, 85.0, 'G') ON CONFLICT (menu_item_id, ingredient_id) DO NOTHING;
INSERT INTO recipes (menu_item_id, ingredient_id, qty_net, yield_pct, recipe_uom) VALUES ('R-016', 'ING-070', 0.025, 100.0, 'ML') ON CONFLICT (menu_item_id, ingredient_id) DO NOTHING;
INSERT INTO recipes (menu_item_id, ingredient_id, qty_net, yield_pct, recipe_uom) VALUES ('R-016', 'ING-062', 0.0075, 100.0, 'L') ON CONFLICT (menu_item_id, ingredient_id) DO NOTHING;
INSERT INTO recipes (menu_item_id, ingredient_id, qty_net, yield_pct, recipe_uom) VALUES ('R-016', 'ING-047', 0.0075, 55.00000000000001, 'G') ON CONFLICT (menu_item_id, ingredient_id) DO NOTHING;
INSERT INTO recipes (menu_item_id, ingredient_id, qty_net, yield_pct, recipe_uom) VALUES ('R-016', 'ING-019', 0.015, 100.0, 'L') ON CONFLICT (menu_item_id, ingredient_id) DO NOTHING;
INSERT INTO recipes (menu_item_id, ingredient_id, qty_net, yield_pct, recipe_uom) VALUES ('R-016', 'ING-024', 0.045, 75.0, 'G') ON CONFLICT (menu_item_id, ingredient_id) DO NOTHING;
INSERT INTO recipes (menu_item_id, ingredient_id, qty_net, yield_pct, recipe_uom) VALUES ('R-016', 'ING-061', 0.005, 100.0, 'L') ON CONFLICT (menu_item_id, ingredient_id) DO NOTHING;
INSERT INTO recipes (menu_item_id, ingredient_id, qty_net, yield_pct, recipe_uom) VALUES ('R-016', 'ING-064', 0.0008, 100.0, 'G') ON CONFLICT (menu_item_id, ingredient_id) DO NOTHING;
INSERT INTO menu_items (id, name, sale_price, is_set_menu) VALUES ('R-017', 'Magret de Canard — Prunes de Sapa, Madère', 435000.0, false) ON CONFLICT (id) DO UPDATE SET sale_price = EXCLUDED.sale_price, is_set_menu = EXCLUDED.is_set_menu;
INSERT INTO recipes (menu_item_id, ingredient_id, qty_net, yield_pct, recipe_uom) VALUES ('R-017', 'ING-012', 0.16, 85.0, 'G') ON CONFLICT (menu_item_id, ingredient_id) DO NOTHING;
INSERT INTO recipes (menu_item_id, ingredient_id, qty_net, yield_pct, recipe_uom) VALUES ('R-017', 'ING-049', 0.03, 78.0, 'G') ON CONFLICT (menu_item_id, ingredient_id) DO NOTHING;
INSERT INTO recipes (menu_item_id, ingredient_id, qty_net, yield_pct, recipe_uom) VALUES ('R-017', 'ING-083', 0.063, 100.0, 'L') ON CONFLICT (menu_item_id, ingredient_id) DO NOTHING;
INSERT INTO recipes (menu_item_id, ingredient_id, qty_net, yield_pct, recipe_uom) VALUES ('R-017', 'ING-074', 0.0125, 100.0, 'ML') ON CONFLICT (menu_item_id, ingredient_id) DO NOTHING;
INSERT INTO recipes (menu_item_id, ingredient_id, qty_net, yield_pct, recipe_uom) VALUES ('R-017', 'ING-017', 0.01, 100.0, 'G') ON CONFLICT (menu_item_id, ingredient_id) DO NOTHING;
INSERT INTO recipes (menu_item_id, ingredient_id, qty_net, yield_pct, recipe_uom) VALUES ('R-017', 'ING-033', 0.005, 95.0, 'G') ON CONFLICT (menu_item_id, ingredient_id) DO NOTHING;
INSERT INTO recipes (menu_item_id, ingredient_id, qty_net, yield_pct, recipe_uom) VALUES ('R-017', 'ING-036', 0.075, 70.0, 'G') ON CONFLICT (menu_item_id, ingredient_id) DO NOTHING;
INSERT INTO recipes (menu_item_id, ingredient_id, qty_net, yield_pct, recipe_uom) VALUES ('R-017', 'ING-064', 0.0008, 100.0, 'G') ON CONFLICT (menu_item_id, ingredient_id) DO NOTHING;
INSERT INTO recipes (menu_item_id, ingredient_id, qty_net, yield_pct, recipe_uom) VALUES ('R-017', 'ING-066', 0.0005, 100.0, 'G') ON CONFLICT (menu_item_id, ingredient_id) DO NOTHING;
INSERT INTO menu_items (id, name, sale_price, is_set_menu) VALUES ('R-018', 'Carré d''Agneau — Herbes Vietnamiennes', 990000.0, false) ON CONFLICT (id) DO UPDATE SET sale_price = EXCLUDED.sale_price, is_set_menu = EXCLUDED.is_set_menu;
INSERT INTO recipes (menu_item_id, ingredient_id, qty_net, yield_pct, recipe_uom) VALUES ('R-018', 'ING-013', 0.2, 90.0, 'G') ON CONFLICT (menu_item_id, ingredient_id) DO NOTHING;
INSERT INTO recipes (menu_item_id, ingredient_id, qty_net, yield_pct, recipe_uom) VALUES ('R-018', 'ING-040', 0.005, 70.0, 'G') ON CONFLICT (menu_item_id, ingredient_id) DO NOTHING;
INSERT INTO recipes (menu_item_id, ingredient_id, qty_net, yield_pct, recipe_uom) VALUES ('R-018', 'ING-041', 0.0025, 55.00000000000001, 'G') ON CONFLICT (menu_item_id, ingredient_id) DO NOTHING;
INSERT INTO recipes (menu_item_id, ingredient_id, qty_net, yield_pct, recipe_uom) VALUES ('R-018', 'ING-042', 0.0025, 80.0, 'G') ON CONFLICT (menu_item_id, ingredient_id) DO NOTHING;
INSERT INTO recipes (menu_item_id, ingredient_id, qty_net, yield_pct, recipe_uom) VALUES ('R-018', 'ING-053', 0.015, 100.0, 'G') ON CONFLICT (menu_item_id, ingredient_id) DO NOTHING;
INSERT INTO recipes (menu_item_id, ingredient_id, qty_net, yield_pct, recipe_uom) VALUES ('R-018', 'ING-017', 0.02, 100.0, 'G') ON CONFLICT (menu_item_id, ingredient_id) DO NOTHING;
INSERT INTO recipes (menu_item_id, ingredient_id, qty_net, yield_pct, recipe_uom) VALUES ('R-018', 'ING-051', 0.038, 100.0, 'G') ON CONFLICT (menu_item_id, ingredient_id) DO NOTHING;
INSERT INTO recipes (menu_item_id, ingredient_id, qty_net, yield_pct, recipe_uom) VALUES ('R-018', 'ING-029', 0.05, 70.0, 'G') ON CONFLICT (menu_item_id, ingredient_id) DO NOTHING;
INSERT INTO recipes (menu_item_id, ingredient_id, qty_net, yield_pct, recipe_uom) VALUES ('R-018', 'ING-083', 0.063, 100.0, 'L') ON CONFLICT (menu_item_id, ingredient_id) DO NOTHING;
INSERT INTO recipes (menu_item_id, ingredient_id, qty_net, yield_pct, recipe_uom) VALUES ('R-018', 'ING-066', 0.0008, 100.0, 'G') ON CONFLICT (menu_item_id, ingredient_id) DO NOTHING;
INSERT INTO recipes (menu_item_id, ingredient_id, qty_net, yield_pct, recipe_uom) VALUES ('R-018', 'ING-064', 0.0008, 100.0, 'G') ON CONFLICT (menu_item_id, ingredient_id) DO NOTHING;
INSERT INTO menu_items (id, name, sale_price, is_set_menu) VALUES ('R-019', 'Bœuf Wagyu MBS 6-7 — Jus Maison', 1595000.0, false) ON CONFLICT (id) DO UPDATE SET sale_price = EXCLUDED.sale_price, is_set_menu = EXCLUDED.is_set_menu;
INSERT INTO recipes (menu_item_id, ingredient_id, qty_net, yield_pct, recipe_uom) VALUES ('R-019', 'ING-010', 0.12, 85.0, 'G') ON CONFLICT (menu_item_id, ingredient_id) DO NOTHING;
INSERT INTO recipes (menu_item_id, ingredient_id, qty_net, yield_pct, recipe_uom) VALUES ('R-019', 'ING-028', 0.063, 65.0, 'G') ON CONFLICT (menu_item_id, ingredient_id) DO NOTHING;
INSERT INTO recipes (menu_item_id, ingredient_id, qty_net, yield_pct, recipe_uom) VALUES ('R-019', 'ING-030', 0.045, 78.0, 'G') ON CONFLICT (menu_item_id, ingredient_id) DO NOTHING;
INSERT INTO recipes (menu_item_id, ingredient_id, qty_net, yield_pct, recipe_uom) VALUES ('R-019', 'ING-083', 0.063, 100.0, 'L') ON CONFLICT (menu_item_id, ingredient_id) DO NOTHING;
INSERT INTO recipes (menu_item_id, ingredient_id, qty_net, yield_pct, recipe_uom) VALUES ('R-019', 'ING-033', 0.004, 95.0, 'G') ON CONFLICT (menu_item_id, ingredient_id) DO NOTHING;
INSERT INTO recipes (menu_item_id, ingredient_id, qty_net, yield_pct, recipe_uom) VALUES ('R-019', 'ING-017', 0.015, 100.0, 'G') ON CONFLICT (menu_item_id, ingredient_id) DO NOTHING;
INSERT INTO recipes (menu_item_id, ingredient_id, qty_net, yield_pct, recipe_uom) VALUES ('R-019', 'ING-064', 0.0008, 100.0, 'G') ON CONFLICT (menu_item_id, ingredient_id) DO NOTHING;
INSERT INTO recipes (menu_item_id, ingredient_id, qty_net, yield_pct, recipe_uom) VALUES ('R-019', 'ING-066', 0.0008, 100.0, 'G') ON CONFLICT (menu_item_id, ingredient_id) DO NOTHING;
INSERT INTO recipes (menu_item_id, ingredient_id, qty_net, yield_pct, recipe_uom) VALUES ('R-019', 'ING-061', 0.005, 100.0, 'L') ON CONFLICT (menu_item_id, ingredient_id) DO NOTHING;
INSERT INTO menu_items (id, name, sale_price, is_set_menu) VALUES ('R-020', 'Plat Végétal — Légumineuses, Racines', 290000.0, false) ON CONFLICT (id) DO UPDATE SET sale_price = EXCLUDED.sale_price, is_set_menu = EXCLUDED.is_set_menu;
INSERT INTO recipes (menu_item_id, ingredient_id, qty_net, yield_pct, recipe_uom) VALUES ('R-020', 'ING-051', 0.06, 100.0, 'G') ON CONFLICT (menu_item_id, ingredient_id) DO NOTHING;
INSERT INTO recipes (menu_item_id, ingredient_id, qty_net, yield_pct, recipe_uom) VALUES ('R-020', 'ING-028', 0.05, 65.0, 'G') ON CONFLICT (menu_item_id, ingredient_id) DO NOTHING;
INSERT INTO recipes (menu_item_id, ingredient_id, qty_net, yield_pct, recipe_uom) VALUES ('R-020', 'ING-030', 0.045, 78.0, 'G') ON CONFLICT (menu_item_id, ingredient_id) DO NOTHING;
INSERT INTO recipes (menu_item_id, ingredient_id, qty_net, yield_pct, recipe_uom) VALUES ('R-020', 'ING-029', 0.04, 70.0, 'G') ON CONFLICT (menu_item_id, ingredient_id) DO NOTHING;
INSERT INTO recipes (menu_item_id, ingredient_id, qty_net, yield_pct, recipe_uom) VALUES ('R-020', 'ING-017', 0.015, 100.0, 'G') ON CONFLICT (menu_item_id, ingredient_id) DO NOTHING;
INSERT INTO recipes (menu_item_id, ingredient_id, qty_net, yield_pct, recipe_uom) VALUES ('R-020', 'ING-019', 0.02, 100.0, 'L') ON CONFLICT (menu_item_id, ingredient_id) DO NOTHING;
INSERT INTO recipes (menu_item_id, ingredient_id, qty_net, yield_pct, recipe_uom) VALUES ('R-020', 'ING-081', 0.05, 100.0, 'L') ON CONFLICT (menu_item_id, ingredient_id) DO NOTHING;
INSERT INTO recipes (menu_item_id, ingredient_id, qty_net, yield_pct, recipe_uom) VALUES ('R-020', 'ING-033', 0.0025, 95.0, 'G') ON CONFLICT (menu_item_id, ingredient_id) DO NOTHING;
INSERT INTO recipes (menu_item_id, ingredient_id, qty_net, yield_pct, recipe_uom) VALUES ('R-020', 'ING-064', 0.0008, 100.0, 'G') ON CONFLICT (menu_item_id, ingredient_id) DO NOTHING;
INSERT INTO recipes (menu_item_id, ingredient_id, qty_net, yield_pct, recipe_uom) VALUES ('R-020', 'ING-040', 0.0025, 70.0, 'G') ON CONFLICT (menu_item_id, ingredient_id) DO NOTHING;
INSERT INTO menu_items (id, name, sale_price, is_set_menu) VALUES ('R-021', 'Sélection de Fromages Français Affinés', 390000.0, false) ON CONFLICT (id) DO UPDATE SET sale_price = EXCLUDED.sale_price, is_set_menu = EXCLUDED.is_set_menu;
INSERT INTO recipes (menu_item_id, ingredient_id, qty_net, yield_pct, recipe_uom) VALUES ('R-021', 'ING-023', 0.06, 95.0, 'G') ON CONFLICT (menu_item_id, ingredient_id) DO NOTHING;
INSERT INTO recipes (menu_item_id, ingredient_id, qty_net, yield_pct, recipe_uom) VALUES ('R-021', 'ING-088', 0.005, 100.0, 'G') ON CONFLICT (menu_item_id, ingredient_id) DO NOTHING;
INSERT INTO recipes (menu_item_id, ingredient_id, qty_net, yield_pct, recipe_uom) VALUES ('R-021', 'ING-049', 0.015, 78.0, 'G') ON CONFLICT (menu_item_id, ingredient_id) DO NOTHING;
INSERT INTO menu_items (id, name, sale_price, is_set_menu) VALUES ('R-022', 'Soufflé du Moment — Glace Vanille', 235000.0, false) ON CONFLICT (id) DO UPDATE SET sale_price = EXCLUDED.sale_price, is_set_menu = EXCLUDED.is_set_menu;
INSERT INTO recipes (menu_item_id, ingredient_id, qty_net, yield_pct, recipe_uom) VALUES ('R-022', 'ING-021', 1.5, 100.0, 'PIECE') ON CONFLICT (menu_item_id, ingredient_id) DO NOTHING;
INSERT INTO recipes (menu_item_id, ingredient_id, qty_net, yield_pct, recipe_uom) VALUES ('R-022', 'ING-020', 0.063, 100.0, 'L') ON CONFLICT (menu_item_id, ingredient_id) DO NOTHING;
INSERT INTO recipes (menu_item_id, ingredient_id, qty_net, yield_pct, recipe_uom) VALUES ('R-022', 'ING-054', 0.03, 100.0, 'G') ON CONFLICT (menu_item_id, ingredient_id) DO NOTHING;
INSERT INTO recipes (menu_item_id, ingredient_id, qty_net, yield_pct, recipe_uom) VALUES ('R-022', 'ING-053', 0.01, 100.0, 'G') ON CONFLICT (menu_item_id, ingredient_id) DO NOTHING;
INSERT INTO recipes (menu_item_id, ingredient_id, qty_net, yield_pct, recipe_uom) VALUES ('R-022', 'ING-017', 0.01, 100.0, 'G') ON CONFLICT (menu_item_id, ingredient_id) DO NOTHING;
INSERT INTO recipes (menu_item_id, ingredient_id, qty_net, yield_pct, recipe_uom) VALUES ('R-022', 'ING-091', 0.005, 100.0, 'G') ON CONFLICT (menu_item_id, ingredient_id) DO NOTHING;
INSERT INTO recipes (menu_item_id, ingredient_id, qty_net, yield_pct, recipe_uom) VALUES ('R-022', 'ING-080', 0.05, 100.0, 'L') ON CONFLICT (menu_item_id, ingredient_id) DO NOTHING;
INSERT INTO recipes (menu_item_id, ingredient_id, qty_net, yield_pct, recipe_uom) VALUES ('R-022', 'ING-049', 0.02, 78.0, 'G') ON CONFLICT (menu_item_id, ingredient_id) DO NOTHING;
INSERT INTO menu_items (id, name, sale_price, is_set_menu) VALUES ('R-023', 'Chocolat du Vietnam — Contraste d''Agrumes', 155000.0, false) ON CONFLICT (id) DO UPDATE SET sale_price = EXCLUDED.sale_price, is_set_menu = EXCLUDED.is_set_menu;
INSERT INTO recipes (menu_item_id, ingredient_id, qty_net, yield_pct, recipe_uom) VALUES ('R-023', 'ING-075', 0.05, 100.0, 'G') ON CONFLICT (menu_item_id, ingredient_id) DO NOTHING;
INSERT INTO recipes (menu_item_id, ingredient_id, qty_net, yield_pct, recipe_uom) VALUES ('R-023', 'ING-019', 0.045, 100.0, 'L') ON CONFLICT (menu_item_id, ingredient_id) DO NOTHING;
INSERT INTO recipes (menu_item_id, ingredient_id, qty_net, yield_pct, recipe_uom) VALUES ('R-023', 'ING-021', 0.5, 100.0, 'PIECE') ON CONFLICT (menu_item_id, ingredient_id) DO NOTHING;
INSERT INTO recipes (menu_item_id, ingredient_id, qty_net, yield_pct, recipe_uom) VALUES ('R-023', 'ING-017', 0.015, 100.0, 'G') ON CONFLICT (menu_item_id, ingredient_id) DO NOTHING;
INSERT INTO recipes (menu_item_id, ingredient_id, qty_net, yield_pct, recipe_uom) VALUES ('R-023', 'ING-046', 0.01, 80.0, 'G') ON CONFLICT (menu_item_id, ingredient_id) DO NOTHING;
INSERT INTO recipes (menu_item_id, ingredient_id, qty_net, yield_pct, recipe_uom) VALUES ('R-023', 'ING-047', 0.005, 55.00000000000001, 'G') ON CONFLICT (menu_item_id, ingredient_id) DO NOTHING;
INSERT INTO recipes (menu_item_id, ingredient_id, qty_net, yield_pct, recipe_uom) VALUES ('R-023', 'ING-077', 0.005, 100.0, 'G') ON CONFLICT (menu_item_id, ingredient_id) DO NOTHING;
INSERT INTO recipes (menu_item_id, ingredient_id, qty_net, yield_pct, recipe_uom) VALUES ('R-023', 'ING-054', 0.01, 100.0, 'G') ON CONFLICT (menu_item_id, ingredient_id) DO NOTHING;
INSERT INTO menu_items (id, name, sale_price, is_set_menu) VALUES ('R-024', 'Crème Brûlée — Vanille', 135000.0, false) ON CONFLICT (id) DO UPDATE SET sale_price = EXCLUDED.sale_price, is_set_menu = EXCLUDED.is_set_menu;
INSERT INTO recipes (menu_item_id, ingredient_id, qty_net, yield_pct, recipe_uom) VALUES ('R-024', 'ING-019', 0.083, 100.0, 'L') ON CONFLICT (menu_item_id, ingredient_id) DO NOTHING;
INSERT INTO recipes (menu_item_id, ingredient_id, qty_net, yield_pct, recipe_uom) VALUES ('R-024', 'ING-020', 0.025, 100.0, 'L') ON CONFLICT (menu_item_id, ingredient_id) DO NOTHING;
INSERT INTO recipes (menu_item_id, ingredient_id, qty_net, yield_pct, recipe_uom) VALUES ('R-024', 'ING-021', 1.0, 100.0, 'PIECE') ON CONFLICT (menu_item_id, ingredient_id) DO NOTHING;
INSERT INTO recipes (menu_item_id, ingredient_id, qty_net, yield_pct, recipe_uom) VALUES ('R-024', 'ING-054', 0.015, 100.0, 'G') ON CONFLICT (menu_item_id, ingredient_id) DO NOTHING;
INSERT INTO recipes (menu_item_id, ingredient_id, qty_net, yield_pct, recipe_uom) VALUES ('R-024', 'ING-044', 0.0002, 100.0, 'G') ON CONFLICT (menu_item_id, ingredient_id) DO NOTHING;
INSERT INTO recipes (menu_item_id, ingredient_id, qty_net, yield_pct, recipe_uom) VALUES ('R-024', 'ING-054', 0.007, 100.0, 'G') ON CONFLICT (menu_item_id, ingredient_id) DO NOTHING;
INSERT INTO menu_items (id, name, sale_price, is_set_menu) VALUES ('R-025', 'Assiette de Fruits Tropicaux', 195000.0, false) ON CONFLICT (id) DO UPDATE SET sale_price = EXCLUDED.sale_price, is_set_menu = EXCLUDED.is_set_menu;
INSERT INTO recipes (menu_item_id, ingredient_id, qty_net, yield_pct, recipe_uom) VALUES ('R-025', 'ING-049', 0.125, 78.0, 'G') ON CONFLICT (menu_item_id, ingredient_id) DO NOTHING;
INSERT INTO recipes (menu_item_id, ingredient_id, qty_net, yield_pct, recipe_uom) VALUES ('R-025', 'ING-050', 0.038, 60.0, 'G') ON CONFLICT (menu_item_id, ingredient_id) DO NOTHING;
INSERT INTO recipes (menu_item_id, ingredient_id, qty_net, yield_pct, recipe_uom) VALUES ('R-025', 'ING-048', 0.025, 75.0, 'G') ON CONFLICT (menu_item_id, ingredient_id) DO NOTHING;
INSERT INTO recipes (menu_item_id, ingredient_id, qty_net, yield_pct, recipe_uom) VALUES ('R-025', 'ING-047', 0.005, 55.00000000000001, 'G') ON CONFLICT (menu_item_id, ingredient_id) DO NOTHING;
INSERT INTO recipes (menu_item_id, ingredient_id, qty_net, yield_pct, recipe_uom) VALUES ('R-025', 'ING-042', 0.0012, 80.0, 'G') ON CONFLICT (menu_item_id, ingredient_id) DO NOTHING;
INSERT INTO recipes (menu_item_id, ingredient_id, qty_net, yield_pct, recipe_uom) VALUES ('R-025', 'ING-091', 0.005, 100.0, 'G') ON CONFLICT (menu_item_id, ingredient_id) DO NOTHING;
INSERT INTO menu_items (id, name, sale_price, is_set_menu) VALUES ('R-026', 'Sorbet de Fruits Vietnamiens (Intermezzo)', 30000.0, false) ON CONFLICT (id) DO UPDATE SET sale_price = EXCLUDED.sale_price, is_set_menu = EXCLUDED.is_set_menu;
INSERT INTO recipes (menu_item_id, ingredient_id, qty_net, yield_pct, recipe_uom) VALUES ('R-026', 'ING-049', 0.05, 78.0, 'G') ON CONFLICT (menu_item_id, ingredient_id) DO NOTHING;
INSERT INTO recipes (menu_item_id, ingredient_id, qty_net, yield_pct, recipe_uom) VALUES ('R-026', 'ING-054', 0.012, 100.0, 'G') ON CONFLICT (menu_item_id, ingredient_id) DO NOTHING;
INSERT INTO recipes (menu_item_id, ingredient_id, qty_net, yield_pct, recipe_uom) VALUES ('R-026', 'ING-047', 0.004, 55.00000000000001, 'G') ON CONFLICT (menu_item_id, ingredient_id) DO NOTHING;
INSERT INTO recipes (menu_item_id, ingredient_id, qty_net, yield_pct, recipe_uom) VALUES ('R-026', 'ING-042', 0.0005, 80.0, 'G') ON CONFLICT (menu_item_id, ingredient_id) DO NOTHING;
INSERT INTO menu_items (id, name, sale_price, is_set_menu) VALUES ('R-027', 'Amuse-Bouche du Chef', 110000.0, false) ON CONFLICT (id) DO UPDATE SET sale_price = EXCLUDED.sale_price, is_set_menu = EXCLUDED.is_set_menu;
INSERT INTO recipes (menu_item_id, ingredient_id, qty_net, yield_pct, recipe_uom) VALUES ('R-027', 'ING-021', 0.5, 100.0, 'PIECE') ON CONFLICT (menu_item_id, ingredient_id) DO NOTHING;
INSERT INTO recipes (menu_item_id, ingredient_id, qty_net, yield_pct, recipe_uom) VALUES ('R-027', 'ING-017', 0.0075, 100.0, 'G') ON CONFLICT (menu_item_id, ingredient_id) DO NOTHING;
INSERT INTO recipes (menu_item_id, ingredient_id, qty_net, yield_pct, recipe_uom) VALUES ('R-027', 'ING-024', 0.01, 75.0, 'G') ON CONFLICT (menu_item_id, ingredient_id) DO NOTHING;
INSERT INTO recipes (menu_item_id, ingredient_id, qty_net, yield_pct, recipe_uom) VALUES ('R-027', 'ING-064', 0.00025, 100.0, 'G') ON CONFLICT (menu_item_id, ingredient_id) DO NOTHING;
INSERT INTO recipes (menu_item_id, ingredient_id, qty_net, yield_pct, recipe_uom) VALUES ('R-027', 'ING-009', 0.5, 100.0, 'G') ON CONFLICT (menu_item_id, ingredient_id) DO NOTHING;
INSERT INTO menu_items (id, name, sale_price, is_set_menu) VALUES ('R-028', 'Côte de Bœuf Black Angus — Pommes grenaille, Échalote confite', 890000.0, false) ON CONFLICT (id) DO UPDATE SET sale_price = EXCLUDED.sale_price, is_set_menu = EXCLUDED.is_set_menu;
INSERT INTO recipes (menu_item_id, ingredient_id, qty_net, yield_pct, recipe_uom) VALUES ('R-028', 'ING-093', 0.15, 80.0, 'G') ON CONFLICT (menu_item_id, ingredient_id) DO NOTHING;
INSERT INTO recipes (menu_item_id, ingredient_id, qty_net, yield_pct, recipe_uom) VALUES ('R-028', 'ING-083', 0.063, 100.0, 'L') ON CONFLICT (menu_item_id, ingredient_id) DO NOTHING;
INSERT INTO recipes (menu_item_id, ingredient_id, qty_net, yield_pct, recipe_uom) VALUES ('R-028', 'ING-032', 0.06, 85.0, 'G') ON CONFLICT (menu_item_id, ingredient_id) DO NOTHING;
INSERT INTO recipes (menu_item_id, ingredient_id, qty_net, yield_pct, recipe_uom) VALUES ('R-028', 'ING-017', 0.02, 100.0, 'G') ON CONFLICT (menu_item_id, ingredient_id) DO NOTHING;
INSERT INTO recipes (menu_item_id, ingredient_id, qty_net, yield_pct, recipe_uom) VALUES ('R-028', 'ING-061', 0.005, 100.0, 'L') ON CONFLICT (menu_item_id, ingredient_id) DO NOTHING;
INSERT INTO recipes (menu_item_id, ingredient_id, qty_net, yield_pct, recipe_uom) VALUES ('R-028', 'ING-064', 0.0008, 100.0, 'G') ON CONFLICT (menu_item_id, ingredient_id) DO NOTHING;
INSERT INTO recipes (menu_item_id, ingredient_id, qty_net, yield_pct, recipe_uom) VALUES ('R-028', 'ING-066', 0.0008, 100.0, 'G') ON CONFLICT (menu_item_id, ingredient_id) DO NOTHING;
INSERT INTO recipes (menu_item_id, ingredient_id, qty_net, yield_pct, recipe_uom) VALUES ('R-028', 'ING-036', 0.08, 70.0, 'G') ON CONFLICT (menu_item_id, ingredient_id) DO NOTHING;
INSERT INTO menu_items (id, name, sale_price, is_set_menu) VALUES ('R-001_DEG', 'Carpaccio de Thon de Nha Trang', 0.0, false) ON CONFLICT (id) DO UPDATE SET sale_price = EXCLUDED.sale_price, is_set_menu = EXCLUDED.is_set_menu;
INSERT INTO recipes (menu_item_id, ingredient_id, qty_net, yield_pct, recipe_uom) VALUES ('R-001_DEG', 'ING-001', 0.05, 85.0, 'G') ON CONFLICT (menu_item_id, ingredient_id) DO NOTHING;
INSERT INTO recipes (menu_item_id, ingredient_id, qty_net, yield_pct, recipe_uom) VALUES ('R-001_DEG', 'ING-045', 0.01, 65.0, 'G') ON CONFLICT (menu_item_id, ingredient_id) DO NOTHING;
INSERT INTO recipes (menu_item_id, ingredient_id, qty_net, yield_pct, recipe_uom) VALUES ('R-001_DEG', 'ING-046', 0.01, 80.0, 'G') ON CONFLICT (menu_item_id, ingredient_id) DO NOTHING;
INSERT INTO recipes (menu_item_id, ingredient_id, qty_net, yield_pct, recipe_uom) VALUES ('R-001_DEG', 'ING-064', 0.001, 100.0, 'G') ON CONFLICT (menu_item_id, ingredient_id) DO NOTHING;
INSERT INTO recipes (menu_item_id, ingredient_id, qty_net, yield_pct, recipe_uom) VALUES ('R-001_DEG', 'ING-059', 0.008, 100.0, 'L') ON CONFLICT (menu_item_id, ingredient_id) DO NOTHING;
INSERT INTO recipes (menu_item_id, ingredient_id, qty_net, yield_pct, recipe_uom) VALUES ('R-001_DEG', 'ING-039', 0.002, 75.0, 'G') ON CONFLICT (menu_item_id, ingredient_id) DO NOTHING;
INSERT INTO recipes (menu_item_id, ingredient_id, qty_net, yield_pct, recipe_uom) VALUES ('R-001_DEG', 'ING-038', 0.0015, 60.0, 'G') ON CONFLICT (menu_item_id, ingredient_id) DO NOTHING;
INSERT INTO menu_items (id, name, sale_price, is_set_menu) VALUES ('R-004_DEG', 'Tartare de Saint-Jacques au Caviar d''Aquitaine', 0.0, false) ON CONFLICT (id) DO UPDATE SET sale_price = EXCLUDED.sale_price, is_set_menu = EXCLUDED.is_set_menu;
INSERT INTO recipes (menu_item_id, ingredient_id, qty_net, yield_pct, recipe_uom) VALUES ('R-004_DEG', 'ING-002', 0.04, 85.0, 'G') ON CONFLICT (menu_item_id, ingredient_id) DO NOTHING;
INSERT INTO recipes (menu_item_id, ingredient_id, qty_net, yield_pct, recipe_uom) VALUES ('R-004_DEG', 'ING-009', 7.5, 100.0, 'G') ON CONFLICT (menu_item_id, ingredient_id) DO NOTHING;
INSERT INTO recipes (menu_item_id, ingredient_id, qty_net, yield_pct, recipe_uom) VALUES ('R-004_DEG', 'ING-031', 0.024, 65.0, 'G') ON CONFLICT (menu_item_id, ingredient_id) DO NOTHING;
INSERT INTO recipes (menu_item_id, ingredient_id, qty_net, yield_pct, recipe_uom) VALUES ('R-004_DEG', 'ING-045', 0.01, 65.0, 'G') ON CONFLICT (menu_item_id, ingredient_id) DO NOTHING;
INSERT INTO recipes (menu_item_id, ingredient_id, qty_net, yield_pct, recipe_uom) VALUES ('R-004_DEG', 'ING-064', 0.0012, 100.0, 'G') ON CONFLICT (menu_item_id, ingredient_id) DO NOTHING;
INSERT INTO recipes (menu_item_id, ingredient_id, qty_net, yield_pct, recipe_uom) VALUES ('R-004_DEG', 'ING-039', 0.0025, 75.0, 'G') ON CONFLICT (menu_item_id, ingredient_id) DO NOTHING;
INSERT INTO recipes (menu_item_id, ingredient_id, qty_net, yield_pct, recipe_uom) VALUES ('R-004_DEG', 'ING-019', 0.01, 100.0, 'L') ON CONFLICT (menu_item_id, ingredient_id) DO NOTHING;
INSERT INTO menu_items (id, name, sale_price, is_set_menu) VALUES ('R-005_DEG', 'Expression Végétale de Đà Lạt', 0.0, false) ON CONFLICT (id) DO UPDATE SET sale_price = EXCLUDED.sale_price, is_set_menu = EXCLUDED.is_set_menu;
INSERT INTO recipes (menu_item_id, ingredient_id, qty_net, yield_pct, recipe_uom) VALUES ('R-005_DEG', 'ING-024', 0.06, 75.0, 'G') ON CONFLICT (menu_item_id, ingredient_id) DO NOTHING;
INSERT INTO recipes (menu_item_id, ingredient_id, qty_net, yield_pct, recipe_uom) VALUES ('R-005_DEG', 'ING-031', 0.03, 65.0, 'G') ON CONFLICT (menu_item_id, ingredient_id) DO NOTHING;
INSERT INTO recipes (menu_item_id, ingredient_id, qty_net, yield_pct, recipe_uom) VALUES ('R-005_DEG', 'ING-019', 0.015, 100.0, 'L') ON CONFLICT (menu_item_id, ingredient_id) DO NOTHING;
INSERT INTO recipes (menu_item_id, ingredient_id, qty_net, yield_pct, recipe_uom) VALUES ('R-005_DEG', 'ING-039', 0.003, 75.0, 'G') ON CONFLICT (menu_item_id, ingredient_id) DO NOTHING;
INSERT INTO recipes (menu_item_id, ingredient_id, qty_net, yield_pct, recipe_uom) VALUES ('R-005_DEG', 'ING-040', 0.004, 70.0, 'G') ON CONFLICT (menu_item_id, ingredient_id) DO NOTHING;
INSERT INTO recipes (menu_item_id, ingredient_id, qty_net, yield_pct, recipe_uom) VALUES ('R-005_DEG', 'ING-038', 0.002, 60.0, 'G') ON CONFLICT (menu_item_id, ingredient_id) DO NOTHING;
INSERT INTO recipes (menu_item_id, ingredient_id, qty_net, yield_pct, recipe_uom) VALUES ('R-005_DEG', 'ING-059', 0.008, 100.0, 'L') ON CONFLICT (menu_item_id, ingredient_id) DO NOTHING;
INSERT INTO recipes (menu_item_id, ingredient_id, qty_net, yield_pct, recipe_uom) VALUES ('R-005_DEG', 'ING-064', 0.001, 100.0, 'G') ON CONFLICT (menu_item_id, ingredient_id) DO NOTHING;
INSERT INTO menu_items (id, name, sale_price, is_set_menu) VALUES ('R-007_DEG', 'Bisque de Crevettes de Nha Trang', 0.0, false) ON CONFLICT (id) DO UPDATE SET sale_price = EXCLUDED.sale_price, is_set_menu = EXCLUDED.is_set_menu;
INSERT INTO recipes (menu_item_id, ingredient_id, qty_net, yield_pct, recipe_uom) VALUES ('R-007_DEG', 'ING-006', 0.075, 55.00000000000001, 'G') ON CONFLICT (menu_item_id, ingredient_id) DO NOTHING;
INSERT INTO recipes (menu_item_id, ingredient_id, qty_net, yield_pct, recipe_uom) VALUES ('R-007_DEG', 'ING-018', 0.019, 100.0, 'L') ON CONFLICT (menu_item_id, ingredient_id) DO NOTHING;
INSERT INTO recipes (menu_item_id, ingredient_id, qty_net, yield_pct, recipe_uom) VALUES ('R-007_DEG', 'ING-019', 0.038, 100.0, 'L') ON CONFLICT (menu_item_id, ingredient_id) DO NOTHING;
INSERT INTO recipes (menu_item_id, ingredient_id, qty_net, yield_pct, recipe_uom) VALUES ('R-007_DEG', 'ING-072', 0.008, 100.0, 'ML') ON CONFLICT (menu_item_id, ingredient_id) DO NOTHING;
INSERT INTO recipes (menu_item_id, ingredient_id, qty_net, yield_pct, recipe_uom) VALUES ('R-007_DEG', 'ING-082', 0.19, 100.0, 'L') ON CONFLICT (menu_item_id, ingredient_id) DO NOTHING;
INSERT INTO recipes (menu_item_id, ingredient_id, qty_net, yield_pct, recipe_uom) VALUES ('R-007_DEG', 'ING-017', 0.01, 100.0, 'G') ON CONFLICT (menu_item_id, ingredient_id) DO NOTHING;
INSERT INTO recipes (menu_item_id, ingredient_id, qty_net, yield_pct, recipe_uom) VALUES ('R-007_DEG', 'ING-032', 0.012, 85.0, 'G') ON CONFLICT (menu_item_id, ingredient_id) DO NOTHING;
INSERT INTO recipes (menu_item_id, ingredient_id, qty_net, yield_pct, recipe_uom) VALUES ('R-007_DEG', 'ING-070', 0.019, 100.0, 'ML') ON CONFLICT (menu_item_id, ingredient_id) DO NOTHING;
INSERT INTO recipes (menu_item_id, ingredient_id, qty_net, yield_pct, recipe_uom) VALUES ('R-007_DEG', 'ING-064', 0.0006, 100.0, 'G') ON CONFLICT (menu_item_id, ingredient_id) DO NOTHING;
INSERT INTO recipes (menu_item_id, ingredient_id, qty_net, yield_pct, recipe_uom) VALUES ('R-007_DEG', 'ING-066', 0.0003, 100.0, 'G') ON CONFLICT (menu_item_id, ingredient_id) DO NOTHING;
INSERT INTO menu_items (id, name, sale_price, is_set_menu) VALUES ('R-008_DEG', 'Velouté de Champignons de Tam Đảo', 0.0, false) ON CONFLICT (id) DO UPDATE SET sale_price = EXCLUDED.sale_price, is_set_menu = EXCLUDED.is_set_menu;
INSERT INTO recipes (menu_item_id, ingredient_id, qty_net, yield_pct, recipe_uom) VALUES ('R-008_DEG', 'ING-025', 0.045, 80.0, 'G') ON CONFLICT (menu_item_id, ingredient_id) DO NOTHING;
INSERT INTO recipes (menu_item_id, ingredient_id, qty_net, yield_pct, recipe_uom) VALUES ('R-008_DEG', 'ING-026', 0.0285, 85.0, 'G') ON CONFLICT (menu_item_id, ingredient_id) DO NOTHING;
INSERT INTO recipes (menu_item_id, ingredient_id, qty_net, yield_pct, recipe_uom) VALUES ('R-008_DEG', 'ING-027', 0.003, 100.0, 'G') ON CONFLICT (menu_item_id, ingredient_id) DO NOTHING;
INSERT INTO recipes (menu_item_id, ingredient_id, qty_net, yield_pct, recipe_uom) VALUES ('R-008_DEG', 'ING-019', 0.05, 100.0, 'L') ON CONFLICT (menu_item_id, ingredient_id) DO NOTHING;
INSERT INTO recipes (menu_item_id, ingredient_id, qty_net, yield_pct, recipe_uom) VALUES ('R-008_DEG', 'ING-017', 0.015, 100.0, 'G') ON CONFLICT (menu_item_id, ingredient_id) DO NOTHING;
INSERT INTO recipes (menu_item_id, ingredient_id, qty_net, yield_pct, recipe_uom) VALUES ('R-008_DEG', 'ING-032', 0.015, 85.0, 'G') ON CONFLICT (menu_item_id, ingredient_id) DO NOTHING;
INSERT INTO recipes (menu_item_id, ingredient_id, qty_net, yield_pct, recipe_uom) VALUES ('R-008_DEG', 'ING-081', 0.15, 100.0, 'L') ON CONFLICT (menu_item_id, ingredient_id) DO NOTHING;
INSERT INTO recipes (menu_item_id, ingredient_id, qty_net, yield_pct, recipe_uom) VALUES ('R-008_DEG', 'ING-041', 0.0006, 55.00000000000001, 'G') ON CONFLICT (menu_item_id, ingredient_id) DO NOTHING;
INSERT INTO recipes (menu_item_id, ingredient_id, qty_net, yield_pct, recipe_uom) VALUES ('R-008_DEG', 'ING-074', 0.005, 100.0, 'ML') ON CONFLICT (menu_item_id, ingredient_id) DO NOTHING;
INSERT INTO menu_items (id, name, sale_price, is_set_menu) VALUES ('R-011_DEG', 'Cabillaud Noir Mariné au Miso', 0.0, false) ON CONFLICT (id) DO UPDATE SET sale_price = EXCLUDED.sale_price, is_set_menu = EXCLUDED.is_set_menu;
INSERT INTO recipes (menu_item_id, ingredient_id, qty_net, yield_pct, recipe_uom) VALUES ('R-011_DEG', 'ING-003', 0.08, 80.0, 'G') ON CONFLICT (menu_item_id, ingredient_id) DO NOTHING;
INSERT INTO recipes (menu_item_id, ingredient_id, qty_net, yield_pct, recipe_uom) VALUES ('R-011_DEG', 'ING-055', 0.02, 100.0, 'G') ON CONFLICT (menu_item_id, ingredient_id) DO NOTHING;
INSERT INTO recipes (menu_item_id, ingredient_id, qty_net, yield_pct, recipe_uom) VALUES ('R-011_DEG', 'ING-057', 0.0075, 100.0, 'L') ON CONFLICT (menu_item_id, ingredient_id) DO NOTHING;
INSERT INTO recipes (menu_item_id, ingredient_id, qty_net, yield_pct, recipe_uom) VALUES ('R-011_DEG', 'ING-058', 0.0075, 100.0, 'L') ON CONFLICT (menu_item_id, ingredient_id) DO NOTHING;
INSERT INTO recipes (menu_item_id, ingredient_id, qty_net, yield_pct, recipe_uom) VALUES ('R-011_DEG', 'ING-054', 0.005, 100.0, 'G') ON CONFLICT (menu_item_id, ingredient_id) DO NOTHING;
INSERT INTO recipes (menu_item_id, ingredient_id, qty_net, yield_pct, recipe_uom) VALUES ('R-011_DEG', 'ING-024', 0.05, 75.0, 'G') ON CONFLICT (menu_item_id, ingredient_id) DO NOTHING;
INSERT INTO recipes (menu_item_id, ingredient_id, qty_net, yield_pct, recipe_uom) VALUES ('R-011_DEG', 'ING-035', 0.02, 92.0, 'G') ON CONFLICT (menu_item_id, ingredient_id) DO NOTHING;
INSERT INTO recipes (menu_item_id, ingredient_id, qty_net, yield_pct, recipe_uom) VALUES ('R-011_DEG', 'ING-086', 0.0025, 100.0, 'G') ON CONFLICT (menu_item_id, ingredient_id) DO NOTHING;
INSERT INTO recipes (menu_item_id, ingredient_id, qty_net, yield_pct, recipe_uom) VALUES ('R-011_DEG', 'ING-082', 0.05, 100.0, 'L') ON CONFLICT (menu_item_id, ingredient_id) DO NOTHING;
INSERT INTO recipes (menu_item_id, ingredient_id, qty_net, yield_pct, recipe_uom) VALUES ('R-011_DEG', 'ING-056', 0.005, 100.0, 'L') ON CONFLICT (menu_item_id, ingredient_id) DO NOTHING;
INSERT INTO recipes (menu_item_id, ingredient_id, qty_net, yield_pct, recipe_uom) VALUES ('R-011_DEG', 'ING-092', 0.01, 85.0, 'G') ON CONFLICT (menu_item_id, ingredient_id) DO NOTHING;
INSERT INTO menu_items (id, name, sale_price, is_set_menu) VALUES ('R-016_DEG', 'Bar du Vietnam Poêlé', 0.0, false) ON CONFLICT (id) DO UPDATE SET sale_price = EXCLUDED.sale_price, is_set_menu = EXCLUDED.is_set_menu;
INSERT INTO recipes (menu_item_id, ingredient_id, qty_net, yield_pct, recipe_uom) VALUES ('R-016_DEG', 'ING-004', 0.095, 80.0, 'G') ON CONFLICT (menu_item_id, ingredient_id) DO NOTHING;
INSERT INTO recipes (menu_item_id, ingredient_id, qty_net, yield_pct, recipe_uom) VALUES ('R-016_DEG', 'ING-017', 0.038, 100.0, 'G') ON CONFLICT (menu_item_id, ingredient_id) DO NOTHING;
INSERT INTO recipes (menu_item_id, ingredient_id, qty_net, yield_pct, recipe_uom) VALUES ('R-016_DEG', 'ING-032', 0.02, 85.0, 'G') ON CONFLICT (menu_item_id, ingredient_id) DO NOTHING;
INSERT INTO recipes (menu_item_id, ingredient_id, qty_net, yield_pct, recipe_uom) VALUES ('R-016_DEG', 'ING-070', 0.025, 100.0, 'ML') ON CONFLICT (menu_item_id, ingredient_id) DO NOTHING;
INSERT INTO recipes (menu_item_id, ingredient_id, qty_net, yield_pct, recipe_uom) VALUES ('R-016_DEG', 'ING-062', 0.0075, 100.0, 'L') ON CONFLICT (menu_item_id, ingredient_id) DO NOTHING;
INSERT INTO recipes (menu_item_id, ingredient_id, qty_net, yield_pct, recipe_uom) VALUES ('R-016_DEG', 'ING-047', 0.0075, 55.00000000000001, 'G') ON CONFLICT (menu_item_id, ingredient_id) DO NOTHING;
INSERT INTO recipes (menu_item_id, ingredient_id, qty_net, yield_pct, recipe_uom) VALUES ('R-016_DEG', 'ING-019', 0.015, 100.0, 'L') ON CONFLICT (menu_item_id, ingredient_id) DO NOTHING;
INSERT INTO recipes (menu_item_id, ingredient_id, qty_net, yield_pct, recipe_uom) VALUES ('R-016_DEG', 'ING-024', 0.045, 75.0, 'G') ON CONFLICT (menu_item_id, ingredient_id) DO NOTHING;
INSERT INTO recipes (menu_item_id, ingredient_id, qty_net, yield_pct, recipe_uom) VALUES ('R-016_DEG', 'ING-061', 0.005, 100.0, 'L') ON CONFLICT (menu_item_id, ingredient_id) DO NOTHING;
INSERT INTO recipes (menu_item_id, ingredient_id, qty_net, yield_pct, recipe_uom) VALUES ('R-016_DEG', 'ING-064', 0.0008, 100.0, 'G') ON CONFLICT (menu_item_id, ingredient_id) DO NOTHING;
INSERT INTO menu_items (id, name, sale_price, is_set_menu) VALUES ('R-014_DEG', 'Langoustine Rôtie au Beurre Noisette', 0.0, false) ON CONFLICT (id) DO UPDATE SET sale_price = EXCLUDED.sale_price, is_set_menu = EXCLUDED.is_set_menu;
INSERT INTO recipes (menu_item_id, ingredient_id, qty_net, yield_pct, recipe_uom) VALUES ('R-014_DEG', 'ING-005', 0.105, 50.0, 'G') ON CONFLICT (menu_item_id, ingredient_id) DO NOTHING;
INSERT INTO recipes (menu_item_id, ingredient_id, qty_net, yield_pct, recipe_uom) VALUES ('R-014_DEG', 'ING-092', 0.02, 85.0, 'G') ON CONFLICT (menu_item_id, ingredient_id) DO NOTHING;
INSERT INTO recipes (menu_item_id, ingredient_id, qty_net, yield_pct, recipe_uom) VALUES ('R-014_DEG', 'ING-038', 0.0025, 60.0, 'G') ON CONFLICT (menu_item_id, ingredient_id) DO NOTHING;
INSERT INTO recipes (menu_item_id, ingredient_id, qty_net, yield_pct, recipe_uom) VALUES ('R-014_DEG', 'ING-047', 0.005, 55.00000000000001, 'G') ON CONFLICT (menu_item_id, ingredient_id) DO NOTHING;
INSERT INTO recipes (menu_item_id, ingredient_id, qty_net, yield_pct, recipe_uom) VALUES ('R-014_DEG', 'ING-064', 0.0008, 100.0, 'G') ON CONFLICT (menu_item_id, ingredient_id) DO NOTHING;
INSERT INTO recipes (menu_item_id, ingredient_id, qty_net, yield_pct, recipe_uom) VALUES ('R-014_DEG', 'ING-066', 0.0005, 100.0, 'G') ON CONFLICT (menu_item_id, ingredient_id) DO NOTHING;
INSERT INTO recipes (menu_item_id, ingredient_id, qty_net, yield_pct, recipe_uom) VALUES ('R-014_DEG', 'ING-035', 0.03, 92.0, 'G') ON CONFLICT (menu_item_id, ingredient_id) DO NOTHING;
INSERT INTO recipes (menu_item_id, ingredient_id, qty_net, yield_pct, recipe_uom) VALUES ('R-014_DEG', 'ING-088', 0.005, 100.0, 'G') ON CONFLICT (menu_item_id, ingredient_id) DO NOTHING;
INSERT INTO menu_items (id, name, sale_price, is_set_menu) VALUES ('R-026_DEG', 'Sorbet de Fruits Vietnamiens (Intermezzo)', 0.0, false) ON CONFLICT (id) DO UPDATE SET sale_price = EXCLUDED.sale_price, is_set_menu = EXCLUDED.is_set_menu;
INSERT INTO recipes (menu_item_id, ingredient_id, qty_net, yield_pct, recipe_uom) VALUES ('R-026_DEG', 'ING-049', 0.05, 78.0, 'G') ON CONFLICT (menu_item_id, ingredient_id) DO NOTHING;
INSERT INTO recipes (menu_item_id, ingredient_id, qty_net, yield_pct, recipe_uom) VALUES ('R-026_DEG', 'ING-054', 0.012, 100.0, 'G') ON CONFLICT (menu_item_id, ingredient_id) DO NOTHING;
INSERT INTO recipes (menu_item_id, ingredient_id, qty_net, yield_pct, recipe_uom) VALUES ('R-026_DEG', 'ING-047', 0.004, 55.00000000000001, 'G') ON CONFLICT (menu_item_id, ingredient_id) DO NOTHING;
INSERT INTO recipes (menu_item_id, ingredient_id, qty_net, yield_pct, recipe_uom) VALUES ('R-026_DEG', 'ING-042', 0.0005, 80.0, 'G') ON CONFLICT (menu_item_id, ingredient_id) DO NOTHING;
INSERT INTO menu_items (id, name, sale_price, is_set_menu) VALUES ('R-017_DEG', 'Magret de Canard du Vietnam', 0.0, false) ON CONFLICT (id) DO UPDATE SET sale_price = EXCLUDED.sale_price, is_set_menu = EXCLUDED.is_set_menu;
INSERT INTO recipes (menu_item_id, ingredient_id, qty_net, yield_pct, recipe_uom) VALUES ('R-017_DEG', 'ING-012', 0.105, 85.0, 'G') ON CONFLICT (menu_item_id, ingredient_id) DO NOTHING;
INSERT INTO recipes (menu_item_id, ingredient_id, qty_net, yield_pct, recipe_uom) VALUES ('R-017_DEG', 'ING-049', 0.03, 78.0, 'G') ON CONFLICT (menu_item_id, ingredient_id) DO NOTHING;
INSERT INTO recipes (menu_item_id, ingredient_id, qty_net, yield_pct, recipe_uom) VALUES ('R-017_DEG', 'ING-083', 0.063, 100.0, 'L') ON CONFLICT (menu_item_id, ingredient_id) DO NOTHING;
INSERT INTO recipes (menu_item_id, ingredient_id, qty_net, yield_pct, recipe_uom) VALUES ('R-017_DEG', 'ING-074', 0.0125, 100.0, 'ML') ON CONFLICT (menu_item_id, ingredient_id) DO NOTHING;
INSERT INTO recipes (menu_item_id, ingredient_id, qty_net, yield_pct, recipe_uom) VALUES ('R-017_DEG', 'ING-017', 0.01, 100.0, 'G') ON CONFLICT (menu_item_id, ingredient_id) DO NOTHING;
INSERT INTO recipes (menu_item_id, ingredient_id, qty_net, yield_pct, recipe_uom) VALUES ('R-017_DEG', 'ING-033', 0.005, 95.0, 'G') ON CONFLICT (menu_item_id, ingredient_id) DO NOTHING;
INSERT INTO recipes (menu_item_id, ingredient_id, qty_net, yield_pct, recipe_uom) VALUES ('R-017_DEG', 'ING-036', 0.075, 70.0, 'G') ON CONFLICT (menu_item_id, ingredient_id) DO NOTHING;
INSERT INTO recipes (menu_item_id, ingredient_id, qty_net, yield_pct, recipe_uom) VALUES ('R-017_DEG', 'ING-064', 0.0008, 100.0, 'G') ON CONFLICT (menu_item_id, ingredient_id) DO NOTHING;
INSERT INTO recipes (menu_item_id, ingredient_id, qty_net, yield_pct, recipe_uom) VALUES ('R-017_DEG', 'ING-066', 0.0005, 100.0, 'G') ON CONFLICT (menu_item_id, ingredient_id) DO NOTHING;
INSERT INTO menu_items (id, name, sale_price, is_set_menu) VALUES ('R-012_DEG', 'Wellington de Buffle du Vietnam', 0.0, false) ON CONFLICT (id) DO UPDATE SET sale_price = EXCLUDED.sale_price, is_set_menu = EXCLUDED.is_set_menu;
INSERT INTO recipes (menu_item_id, ingredient_id, qty_net, yield_pct, recipe_uom) VALUES ('R-012_DEG', 'ING-011', 0.11, 75.0, 'G') ON CONFLICT (menu_item_id, ingredient_id) DO NOTHING;
INSERT INTO recipes (menu_item_id, ingredient_id, qty_net, yield_pct, recipe_uom) VALUES ('R-012_DEG', 'ING-079', 0.05, 100.0, 'G') ON CONFLICT (menu_item_id, ingredient_id) DO NOTHING;
INSERT INTO recipes (menu_item_id, ingredient_id, qty_net, yield_pct, recipe_uom) VALUES ('R-012_DEG', 'ING-025', 0.035, 80.0, 'G') ON CONFLICT (menu_item_id, ingredient_id) DO NOTHING;
INSERT INTO recipes (menu_item_id, ingredient_id, qty_net, yield_pct, recipe_uom) VALUES ('R-012_DEG', 'ING-026', 0.0175, 85.0, 'G') ON CONFLICT (menu_item_id, ingredient_id) DO NOTHING;
INSERT INTO recipes (menu_item_id, ingredient_id, qty_net, yield_pct, recipe_uom) VALUES ('R-012_DEG', 'ING-032', 0.015, 85.0, 'G') ON CONFLICT (menu_item_id, ingredient_id) DO NOTHING;
INSERT INTO recipes (menu_item_id, ingredient_id, qty_net, yield_pct, recipe_uom) VALUES ('R-012_DEG', 'ING-021', 0.25, 100.0, 'PIECE') ON CONFLICT (menu_item_id, ingredient_id) DO NOTHING;
INSERT INTO recipes (menu_item_id, ingredient_id, qty_net, yield_pct, recipe_uom) VALUES ('R-012_DEG', 'ING-083', 0.063, 100.0, 'L') ON CONFLICT (menu_item_id, ingredient_id) DO NOTHING;
INSERT INTO recipes (menu_item_id, ingredient_id, qty_net, yield_pct, recipe_uom) VALUES ('R-012_DEG', 'ING-066', 0.0025, 100.0, 'G') ON CONFLICT (menu_item_id, ingredient_id) DO NOTHING;
INSERT INTO recipes (menu_item_id, ingredient_id, qty_net, yield_pct, recipe_uom) VALUES ('R-012_DEG', 'ING-017', 0.01, 100.0, 'G') ON CONFLICT (menu_item_id, ingredient_id) DO NOTHING;
INSERT INTO recipes (menu_item_id, ingredient_id, qty_net, yield_pct, recipe_uom) VALUES ('R-012_DEG', 'ING-040', 0.0025, 70.0, 'G') ON CONFLICT (menu_item_id, ingredient_id) DO NOTHING;
INSERT INTO menu_items (id, name, sale_price, is_set_menu) VALUES ('R-018_DEG', 'Carré d''Agneau aux Herbes Vietnamiennes', 0.0, false) ON CONFLICT (id) DO UPDATE SET sale_price = EXCLUDED.sale_price, is_set_menu = EXCLUDED.is_set_menu;
INSERT INTO recipes (menu_item_id, ingredient_id, qty_net, yield_pct, recipe_uom) VALUES ('R-018_DEG', 'ING-013', 0.135, 90.0, 'G') ON CONFLICT (menu_item_id, ingredient_id) DO NOTHING;
INSERT INTO recipes (menu_item_id, ingredient_id, qty_net, yield_pct, recipe_uom) VALUES ('R-018_DEG', 'ING-040', 0.005, 70.0, 'G') ON CONFLICT (menu_item_id, ingredient_id) DO NOTHING;
INSERT INTO recipes (menu_item_id, ingredient_id, qty_net, yield_pct, recipe_uom) VALUES ('R-018_DEG', 'ING-041', 0.0025, 55.00000000000001, 'G') ON CONFLICT (menu_item_id, ingredient_id) DO NOTHING;
INSERT INTO recipes (menu_item_id, ingredient_id, qty_net, yield_pct, recipe_uom) VALUES ('R-018_DEG', 'ING-042', 0.0025, 80.0, 'G') ON CONFLICT (menu_item_id, ingredient_id) DO NOTHING;
INSERT INTO recipes (menu_item_id, ingredient_id, qty_net, yield_pct, recipe_uom) VALUES ('R-018_DEG', 'ING-053', 0.015, 100.0, 'G') ON CONFLICT (menu_item_id, ingredient_id) DO NOTHING;
INSERT INTO recipes (menu_item_id, ingredient_id, qty_net, yield_pct, recipe_uom) VALUES ('R-018_DEG', 'ING-017', 0.02, 100.0, 'G') ON CONFLICT (menu_item_id, ingredient_id) DO NOTHING;
INSERT INTO recipes (menu_item_id, ingredient_id, qty_net, yield_pct, recipe_uom) VALUES ('R-018_DEG', 'ING-051', 0.038, 100.0, 'G') ON CONFLICT (menu_item_id, ingredient_id) DO NOTHING;
INSERT INTO recipes (menu_item_id, ingredient_id, qty_net, yield_pct, recipe_uom) VALUES ('R-018_DEG', 'ING-029', 0.05, 70.0, 'G') ON CONFLICT (menu_item_id, ingredient_id) DO NOTHING;
INSERT INTO recipes (menu_item_id, ingredient_id, qty_net, yield_pct, recipe_uom) VALUES ('R-018_DEG', 'ING-083', 0.063, 100.0, 'L') ON CONFLICT (menu_item_id, ingredient_id) DO NOTHING;
INSERT INTO recipes (menu_item_id, ingredient_id, qty_net, yield_pct, recipe_uom) VALUES ('R-018_DEG', 'ING-066', 0.0008, 100.0, 'G') ON CONFLICT (menu_item_id, ingredient_id) DO NOTHING;
INSERT INTO recipes (menu_item_id, ingredient_id, qty_net, yield_pct, recipe_uom) VALUES ('R-018_DEG', 'ING-064', 0.0008, 100.0, 'G') ON CONFLICT (menu_item_id, ingredient_id) DO NOTHING;
INSERT INTO menu_items (id, name, sale_price, is_set_menu) VALUES ('R-019_DEG', 'Bœuf Wagyu MBS 6-7', 0.0, false) ON CONFLICT (id) DO UPDATE SET sale_price = EXCLUDED.sale_price, is_set_menu = EXCLUDED.is_set_menu;
INSERT INTO recipes (menu_item_id, ingredient_id, qty_net, yield_pct, recipe_uom) VALUES ('R-019_DEG', 'ING-010', 0.08, 85.0, 'G') ON CONFLICT (menu_item_id, ingredient_id) DO NOTHING;
INSERT INTO recipes (menu_item_id, ingredient_id, qty_net, yield_pct, recipe_uom) VALUES ('R-019_DEG', 'ING-028', 0.063, 65.0, 'G') ON CONFLICT (menu_item_id, ingredient_id) DO NOTHING;
INSERT INTO recipes (menu_item_id, ingredient_id, qty_net, yield_pct, recipe_uom) VALUES ('R-019_DEG', 'ING-030', 0.045, 78.0, 'G') ON CONFLICT (menu_item_id, ingredient_id) DO NOTHING;
INSERT INTO recipes (menu_item_id, ingredient_id, qty_net, yield_pct, recipe_uom) VALUES ('R-019_DEG', 'ING-083', 0.063, 100.0, 'L') ON CONFLICT (menu_item_id, ingredient_id) DO NOTHING;
INSERT INTO recipes (menu_item_id, ingredient_id, qty_net, yield_pct, recipe_uom) VALUES ('R-019_DEG', 'ING-033', 0.004, 95.0, 'G') ON CONFLICT (menu_item_id, ingredient_id) DO NOTHING;
INSERT INTO recipes (menu_item_id, ingredient_id, qty_net, yield_pct, recipe_uom) VALUES ('R-019_DEG', 'ING-017', 0.015, 100.0, 'G') ON CONFLICT (menu_item_id, ingredient_id) DO NOTHING;
INSERT INTO recipes (menu_item_id, ingredient_id, qty_net, yield_pct, recipe_uom) VALUES ('R-019_DEG', 'ING-064', 0.0008, 100.0, 'G') ON CONFLICT (menu_item_id, ingredient_id) DO NOTHING;
INSERT INTO recipes (menu_item_id, ingredient_id, qty_net, yield_pct, recipe_uom) VALUES ('R-019_DEG', 'ING-066', 0.0008, 100.0, 'G') ON CONFLICT (menu_item_id, ingredient_id) DO NOTHING;
INSERT INTO recipes (menu_item_id, ingredient_id, qty_net, yield_pct, recipe_uom) VALUES ('R-019_DEG', 'ING-061', 0.005, 100.0, 'L') ON CONFLICT (menu_item_id, ingredient_id) DO NOTHING;
INSERT INTO menu_items (id, name, sale_price, is_set_menu) VALUES ('R-021_DEG', 'Sélection de Fromages Français Affinés', 0.0, false) ON CONFLICT (id) DO UPDATE SET sale_price = EXCLUDED.sale_price, is_set_menu = EXCLUDED.is_set_menu;
INSERT INTO recipes (menu_item_id, ingredient_id, qty_net, yield_pct, recipe_uom) VALUES ('R-021_DEG', 'ING-023', 0.04, 95.0, 'G') ON CONFLICT (menu_item_id, ingredient_id) DO NOTHING;
INSERT INTO recipes (menu_item_id, ingredient_id, qty_net, yield_pct, recipe_uom) VALUES ('R-021_DEG', 'ING-088', 0.005, 100.0, 'G') ON CONFLICT (menu_item_id, ingredient_id) DO NOTHING;
INSERT INTO recipes (menu_item_id, ingredient_id, qty_net, yield_pct, recipe_uom) VALUES ('R-021_DEG', 'ING-049', 0.015, 78.0, 'G') ON CONFLICT (menu_item_id, ingredient_id) DO NOTHING;
INSERT INTO menu_items (id, name, sale_price, is_set_menu) VALUES ('R-013_DEG', 'Risotto à la Truffe et Champignons de Tam Đảo', 0.0, false) ON CONFLICT (id) DO UPDATE SET sale_price = EXCLUDED.sale_price, is_set_menu = EXCLUDED.is_set_menu;
INSERT INTO recipes (menu_item_id, ingredient_id, qty_net, yield_pct, recipe_uom) VALUES ('R-013_DEG', 'ING-052', 0.05, 100.0, 'G') ON CONFLICT (menu_item_id, ingredient_id) DO NOTHING;
INSERT INTO recipes (menu_item_id, ingredient_id, qty_net, yield_pct, recipe_uom) VALUES ('R-013_DEG', 'ING-087', 3.0, 92.0, 'G') ON CONFLICT (menu_item_id, ingredient_id) DO NOTHING;
INSERT INTO recipes (menu_item_id, ingredient_id, qty_net, yield_pct, recipe_uom) VALUES ('R-013_DEG', 'ING-025', 0.04, 80.0, 'G') ON CONFLICT (menu_item_id, ingredient_id) DO NOTHING;
INSERT INTO recipes (menu_item_id, ingredient_id, qty_net, yield_pct, recipe_uom) VALUES ('R-013_DEG', 'ING-017', 0.025, 100.0, 'G') ON CONFLICT (menu_item_id, ingredient_id) DO NOTHING;
INSERT INTO recipes (menu_item_id, ingredient_id, qty_net, yield_pct, recipe_uom) VALUES ('R-013_DEG', 'ING-023', 0.02, 95.0, 'G') ON CONFLICT (menu_item_id, ingredient_id) DO NOTHING;
INSERT INTO recipes (menu_item_id, ingredient_id, qty_net, yield_pct, recipe_uom) VALUES ('R-013_DEG', 'ING-032', 0.015, 85.0, 'G') ON CONFLICT (menu_item_id, ingredient_id) DO NOTHING;
INSERT INTO recipes (menu_item_id, ingredient_id, qty_net, yield_pct, recipe_uom) VALUES ('R-013_DEG', 'ING-070', 0.03, 100.0, 'ML') ON CONFLICT (menu_item_id, ingredient_id) DO NOTHING;
INSERT INTO recipes (menu_item_id, ingredient_id, qty_net, yield_pct, recipe_uom) VALUES ('R-013_DEG', 'ING-081', 0.2, 100.0, 'L') ON CONFLICT (menu_item_id, ingredient_id) DO NOTHING;
INSERT INTO recipes (menu_item_id, ingredient_id, qty_net, yield_pct, recipe_uom) VALUES ('R-013_DEG', 'ING-064', 0.0008, 100.0, 'G') ON CONFLICT (menu_item_id, ingredient_id) DO NOTHING;
INSERT INTO menu_items (id, name, sale_price, is_set_menu) VALUES ('R-022_DEG', 'Soufflé Chaud du Moment', 0.0, false) ON CONFLICT (id) DO UPDATE SET sale_price = EXCLUDED.sale_price, is_set_menu = EXCLUDED.is_set_menu;
INSERT INTO recipes (menu_item_id, ingredient_id, qty_net, yield_pct, recipe_uom) VALUES ('R-022_DEG', 'ING-021', 1.5, 100.0, 'PIECE') ON CONFLICT (menu_item_id, ingredient_id) DO NOTHING;
INSERT INTO recipes (menu_item_id, ingredient_id, qty_net, yield_pct, recipe_uom) VALUES ('R-022_DEG', 'ING-020', 0.063, 100.0, 'L') ON CONFLICT (menu_item_id, ingredient_id) DO NOTHING;
INSERT INTO recipes (menu_item_id, ingredient_id, qty_net, yield_pct, recipe_uom) VALUES ('R-022_DEG', 'ING-054', 0.03, 100.0, 'G') ON CONFLICT (menu_item_id, ingredient_id) DO NOTHING;
INSERT INTO recipes (menu_item_id, ingredient_id, qty_net, yield_pct, recipe_uom) VALUES ('R-022_DEG', 'ING-053', 0.01, 100.0, 'G') ON CONFLICT (menu_item_id, ingredient_id) DO NOTHING;
INSERT INTO recipes (menu_item_id, ingredient_id, qty_net, yield_pct, recipe_uom) VALUES ('R-022_DEG', 'ING-017', 0.01, 100.0, 'G') ON CONFLICT (menu_item_id, ingredient_id) DO NOTHING;
INSERT INTO recipes (menu_item_id, ingredient_id, qty_net, yield_pct, recipe_uom) VALUES ('R-022_DEG', 'ING-091', 0.005, 100.0, 'G') ON CONFLICT (menu_item_id, ingredient_id) DO NOTHING;
INSERT INTO recipes (menu_item_id, ingredient_id, qty_net, yield_pct, recipe_uom) VALUES ('R-022_DEG', 'ING-080', 0.05, 100.0, 'L') ON CONFLICT (menu_item_id, ingredient_id) DO NOTHING;
INSERT INTO recipes (menu_item_id, ingredient_id, qty_net, yield_pct, recipe_uom) VALUES ('R-022_DEG', 'ING-049', 0.02, 78.0, 'G') ON CONFLICT (menu_item_id, ingredient_id) DO NOTHING;
INSERT INTO menu_items (id, name, sale_price, is_set_menu) VALUES ('R-023_DEG', 'Chocolat du Vietnam — Contraste d''Agrumes', 0.0, false) ON CONFLICT (id) DO UPDATE SET sale_price = EXCLUDED.sale_price, is_set_menu = EXCLUDED.is_set_menu;
INSERT INTO recipes (menu_item_id, ingredient_id, qty_net, yield_pct, recipe_uom) VALUES ('R-023_DEG', 'ING-075', 0.05, 100.0, 'G') ON CONFLICT (menu_item_id, ingredient_id) DO NOTHING;
INSERT INTO recipes (menu_item_id, ingredient_id, qty_net, yield_pct, recipe_uom) VALUES ('R-023_DEG', 'ING-019', 0.045, 100.0, 'L') ON CONFLICT (menu_item_id, ingredient_id) DO NOTHING;
INSERT INTO recipes (menu_item_id, ingredient_id, qty_net, yield_pct, recipe_uom) VALUES ('R-023_DEG', 'ING-021', 0.5, 100.0, 'PIECE') ON CONFLICT (menu_item_id, ingredient_id) DO NOTHING;
INSERT INTO recipes (menu_item_id, ingredient_id, qty_net, yield_pct, recipe_uom) VALUES ('R-023_DEG', 'ING-017', 0.015, 100.0, 'G') ON CONFLICT (menu_item_id, ingredient_id) DO NOTHING;
INSERT INTO recipes (menu_item_id, ingredient_id, qty_net, yield_pct, recipe_uom) VALUES ('R-023_DEG', 'ING-046', 0.01, 80.0, 'G') ON CONFLICT (menu_item_id, ingredient_id) DO NOTHING;
INSERT INTO recipes (menu_item_id, ingredient_id, qty_net, yield_pct, recipe_uom) VALUES ('R-023_DEG', 'ING-047', 0.005, 55.00000000000001, 'G') ON CONFLICT (menu_item_id, ingredient_id) DO NOTHING;
INSERT INTO recipes (menu_item_id, ingredient_id, qty_net, yield_pct, recipe_uom) VALUES ('R-023_DEG', 'ING-077', 0.005, 100.0, 'G') ON CONFLICT (menu_item_id, ingredient_id) DO NOTHING;
INSERT INTO recipes (menu_item_id, ingredient_id, qty_net, yield_pct, recipe_uom) VALUES ('R-023_DEG', 'ING-054', 0.01, 100.0, 'G') ON CONFLICT (menu_item_id, ingredient_id) DO NOTHING;
INSERT INTO menu_items (id, name, sale_price, is_set_menu) VALUES ('R-024_DEG', 'Crème Brûlée à la Vanille', 0.0, false) ON CONFLICT (id) DO UPDATE SET sale_price = EXCLUDED.sale_price, is_set_menu = EXCLUDED.is_set_menu;
INSERT INTO recipes (menu_item_id, ingredient_id, qty_net, yield_pct, recipe_uom) VALUES ('R-024_DEG', 'ING-019', 0.083, 100.0, 'L') ON CONFLICT (menu_item_id, ingredient_id) DO NOTHING;
INSERT INTO recipes (menu_item_id, ingredient_id, qty_net, yield_pct, recipe_uom) VALUES ('R-024_DEG', 'ING-020', 0.025, 100.0, 'L') ON CONFLICT (menu_item_id, ingredient_id) DO NOTHING;
INSERT INTO recipes (menu_item_id, ingredient_id, qty_net, yield_pct, recipe_uom) VALUES ('R-024_DEG', 'ING-021', 1.0, 100.0, 'PIECE') ON CONFLICT (menu_item_id, ingredient_id) DO NOTHING;
INSERT INTO recipes (menu_item_id, ingredient_id, qty_net, yield_pct, recipe_uom) VALUES ('R-024_DEG', 'ING-054', 0.015, 100.0, 'G') ON CONFLICT (menu_item_id, ingredient_id) DO NOTHING;
INSERT INTO recipes (menu_item_id, ingredient_id, qty_net, yield_pct, recipe_uom) VALUES ('R-024_DEG', 'ING-044', 0.0002, 100.0, 'G') ON CONFLICT (menu_item_id, ingredient_id) DO NOTHING;
INSERT INTO recipes (menu_item_id, ingredient_id, qty_net, yield_pct, recipe_uom) VALUES ('R-024_DEG', 'ING-054', 0.007, 100.0, 'G') ON CONFLICT (menu_item_id, ingredient_id) DO NOTHING;
INSERT INTO menu_items (id, name, sale_price, is_set_menu) VALUES ('R-028_DEG', 'Côte de Bœuf Black Angus', 0.0, false) ON CONFLICT (id) DO UPDATE SET sale_price = EXCLUDED.sale_price, is_set_menu = EXCLUDED.is_set_menu;
INSERT INTO recipes (menu_item_id, ingredient_id, qty_net, yield_pct, recipe_uom) VALUES ('R-028_DEG', 'ING-093', 0.1, 80.0, 'G') ON CONFLICT (menu_item_id, ingredient_id) DO NOTHING;
INSERT INTO recipes (menu_item_id, ingredient_id, qty_net, yield_pct, recipe_uom) VALUES ('R-028_DEG', 'ING-083', 0.05, 100.0, 'L') ON CONFLICT (menu_item_id, ingredient_id) DO NOTHING;
INSERT INTO recipes (menu_item_id, ingredient_id, qty_net, yield_pct, recipe_uom) VALUES ('R-028_DEG', 'ING-032', 0.04, 85.0, 'G') ON CONFLICT (menu_item_id, ingredient_id) DO NOTHING;
INSERT INTO recipes (menu_item_id, ingredient_id, qty_net, yield_pct, recipe_uom) VALUES ('R-028_DEG', 'ING-017', 0.015, 100.0, 'G') ON CONFLICT (menu_item_id, ingredient_id) DO NOTHING;
INSERT INTO recipes (menu_item_id, ingredient_id, qty_net, yield_pct, recipe_uom) VALUES ('R-028_DEG', 'ING-061', 0.004, 100.0, 'L') ON CONFLICT (menu_item_id, ingredient_id) DO NOTHING;
INSERT INTO recipes (menu_item_id, ingredient_id, qty_net, yield_pct, recipe_uom) VALUES ('R-028_DEG', 'ING-064', 0.0008, 100.0, 'G') ON CONFLICT (menu_item_id, ingredient_id) DO NOTHING;
INSERT INTO recipes (menu_item_id, ingredient_id, qty_net, yield_pct, recipe_uom) VALUES ('R-028_DEG', 'ING-066', 0.0008, 100.0, 'G') ON CONFLICT (menu_item_id, ingredient_id) DO NOTHING;
INSERT INTO recipes (menu_item_id, ingredient_id, qty_net, yield_pct, recipe_uom) VALUES ('R-028_DEG', 'ING-036', 0.06, 70.0, 'G') ON CONFLICT (menu_item_id, ingredient_id) DO NOTHING;
INSERT INTO menu_items (id, name, sale_price, is_set_menu) VALUES ('SET370', 'Set 370k', 370000.0, true) ON CONFLICT (id) DO UPDATE SET sale_price = EXCLUDED.sale_price, is_set_menu = EXCLUDED.is_set_menu;
INSERT INTO recipes (menu_item_id, ingredient_id, qty_net, yield_pct, recipe_uom) VALUES ('SET370', 'NVLC3001', 0.09, 85.0, 'G') ON CONFLICT (menu_item_id, ingredient_id) DO NOTHING;
INSERT INTO recipes (menu_item_id, ingredient_id, qty_net, yield_pct, recipe_uom) VALUES ('SET370', 'NVLC5015', 0.08, 85.0, 'G') ON CONFLICT (menu_item_id, ingredient_id) DO NOTHING;
INSERT INTO recipes (menu_item_id, ingredient_id, qty_net, yield_pct, recipe_uom) VALUES ('SET370', 'NLP3015', 0.03, 85.0, 'G') ON CONFLICT (menu_item_id, ingredient_id) DO NOTHING;
INSERT INTO recipes (menu_item_id, ingredient_id, qty_net, yield_pct, recipe_uom) VALUES ('SET370', 'NLP3008', 0.015, 85.0, 'G') ON CONFLICT (menu_item_id, ingredient_id) DO NOTHING;
INSERT INTO menu_items (id, name, sale_price, is_set_menu) VALUES ('SET470', 'Set 470k', 470000.0, true) ON CONFLICT (id) DO UPDATE SET sale_price = EXCLUDED.sale_price, is_set_menu = EXCLUDED.is_set_menu;
INSERT INTO recipes (menu_item_id, ingredient_id, qty_net, yield_pct, recipe_uom) VALUES ('SET470', 'NVLC6005', 0.04, 85.0, 'G') ON CONFLICT (menu_item_id, ingredient_id) DO NOTHING;
INSERT INTO recipes (menu_item_id, ingredient_id, qty_net, yield_pct, recipe_uom) VALUES ('SET470', 'NVLC3001', 0.09, 85.0, 'G') ON CONFLICT (menu_item_id, ingredient_id) DO NOTHING;
INSERT INTO recipes (menu_item_id, ingredient_id, qty_net, yield_pct, recipe_uom) VALUES ('SET470', 'NVLC4010', 0.09, 85.0, 'G') ON CONFLICT (menu_item_id, ingredient_id) DO NOTHING;
INSERT INTO recipes (menu_item_id, ingredient_id, qty_net, yield_pct, recipe_uom) VALUES ('SET470', 'NLP3008', 0.015, 85.0, 'G') ON CONFLICT (menu_item_id, ingredient_id) DO NOTHING;
INSERT INTO menu_items (id, name, sale_price, is_set_menu) VALUES ('SET600', 'Set 600k', 600000.0, true) ON CONFLICT (id) DO UPDATE SET sale_price = EXCLUDED.sale_price, is_set_menu = EXCLUDED.is_set_menu;
INSERT INTO recipes (menu_item_id, ingredient_id, qty_net, yield_pct, recipe_uom) VALUES ('SET600', 'NVLC4010', 0.08, 85.0, 'G') ON CONFLICT (menu_item_id, ingredient_id) DO NOTHING;
INSERT INTO recipes (menu_item_id, ingredient_id, qty_net, yield_pct, recipe_uom) VALUES ('SET600', 'NVLC1019', 0.09, 85.0, 'G') ON CONFLICT (menu_item_id, ingredient_id) DO NOTHING;
INSERT INTO recipes (menu_item_id, ingredient_id, qty_net, yield_pct, recipe_uom) VALUES ('SET600', 'NVLC4002', 0.09, 85.0, 'G') ON CONFLICT (menu_item_id, ingredient_id) DO NOTHING;
INSERT INTO recipes (menu_item_id, ingredient_id, qty_net, yield_pct, recipe_uom) VALUES ('SET600', 'NLP4002', 0.05, 85.0, 'G') ON CONFLICT (menu_item_id, ingredient_id) DO NOTHING;
INSERT INTO recipes (menu_item_id, ingredient_id, qty_net, yield_pct, recipe_uom) VALUES ('SET600', 'NLP3008', 0.015, 85.0, 'G') ON CONFLICT (menu_item_id, ingredient_id) DO NOTHING;
INSERT INTO menu_items (id, name, sale_price, is_set_menu) VALUES ('SET770', 'Set 770k', 770000.0, true) ON CONFLICT (id) DO UPDATE SET sale_price = EXCLUDED.sale_price, is_set_menu = EXCLUDED.is_set_menu;
INSERT INTO recipes (menu_item_id, ingredient_id, qty_net, yield_pct, recipe_uom) VALUES ('SET770', 'NVLC5005', 0.085, 85.0, 'G') ON CONFLICT (menu_item_id, ingredient_id) DO NOTHING;
INSERT INTO recipes (menu_item_id, ingredient_id, qty_net, yield_pct, recipe_uom) VALUES ('SET770', 'NVLC4002', 0.09, 85.0, 'G') ON CONFLICT (menu_item_id, ingredient_id) DO NOTHING;
INSERT INTO recipes (menu_item_id, ingredient_id, qty_net, yield_pct, recipe_uom) VALUES ('SET770', 'NLP3008', 0.015, 85.0, 'G') ON CONFLICT (menu_item_id, ingredient_id) DO NOTHING;
INSERT INTO menu_items (id, name, sale_price, is_set_menu) VALUES ('SET970', 'Set 970k', 970000.0, true) ON CONFLICT (id) DO UPDATE SET sale_price = EXCLUDED.sale_price, is_set_menu = EXCLUDED.is_set_menu;
INSERT INTO recipes (menu_item_id, ingredient_id, qty_net, yield_pct, recipe_uom) VALUES ('SET970', 'NVLC5022', 0.08, 85.0, 'G') ON CONFLICT (menu_item_id, ingredient_id) DO NOTHING;
INSERT INTO recipes (menu_item_id, ingredient_id, qty_net, yield_pct, recipe_uom) VALUES ('SET970', 'NVLC5005', 0.085, 85.0, 'G') ON CONFLICT (menu_item_id, ingredient_id) DO NOTHING;
INSERT INTO recipes (menu_item_id, ingredient_id, qty_net, yield_pct, recipe_uom) VALUES ('SET970', 'NVLC1003', 0.1, 85.0, 'G') ON CONFLICT (menu_item_id, ingredient_id) DO NOTHING;
INSERT INTO menu_items (id, name, sale_price, is_set_menu) VALUES ('SET1250', 'Set 1250k', 1250000.0, true) ON CONFLICT (id) DO UPDATE SET sale_price = EXCLUDED.sale_price, is_set_menu = EXCLUDED.is_set_menu;
INSERT INTO recipes (menu_item_id, ingredient_id, qty_net, yield_pct, recipe_uom) VALUES ('SET1250', 'NVLC5001', 0.09, 85.0, 'G') ON CONFLICT (menu_item_id, ingredient_id) DO NOTHING;
INSERT INTO recipes (menu_item_id, ingredient_id, qty_net, yield_pct, recipe_uom) VALUES ('SET1250', 'NVLC5005', 0.085, 85.0, 'G') ON CONFLICT (menu_item_id, ingredient_id) DO NOTHING;
INSERT INTO recipes (menu_item_id, ingredient_id, qty_net, yield_pct, recipe_uom) VALUES ('SET1250', 'NVLC10025', 0.12, 85.0, 'G') ON CONFLICT (menu_item_id, ingredient_id) DO NOTHING;
INSERT INTO recipes (menu_item_id, ingredient_id, qty_net, yield_pct, recipe_uom) VALUES ('SET1250', 'NLP3008', 0.02, 85.0, 'G') ON CONFLICT (menu_item_id, ingredient_id) DO NOTHING;
INSERT INTO menu_items (id, name, sale_price, is_set_menu) VALUES ('SET1550', 'Set 1550k', 1550000.0, true) ON CONFLICT (id) DO UPDATE SET sale_price = EXCLUDED.sale_price, is_set_menu = EXCLUDED.is_set_menu;
INSERT INTO recipes (menu_item_id, ingredient_id, qty_net, yield_pct, recipe_uom) VALUES ('SET1550', 'NVLC5001', 0.06, 85.0, 'G') ON CONFLICT (menu_item_id, ingredient_id) DO NOTHING;
INSERT INTO recipes (menu_item_id, ingredient_id, qty_net, yield_pct, recipe_uom) VALUES ('SET1550', 'NVLC5022', 0.08, 85.0, 'G') ON CONFLICT (menu_item_id, ingredient_id) DO NOTHING;
INSERT INTO recipes (menu_item_id, ingredient_id, qty_net, yield_pct, recipe_uom) VALUES ('SET1550', 'NVLC60021', 0.1, 85.0, 'G') ON CONFLICT (menu_item_id, ingredient_id) DO NOTHING;
INSERT INTO recipes (menu_item_id, ingredient_id, qty_net, yield_pct, recipe_uom) VALUES ('SET1550', 'NVLC10025', 0.12, 85.0, 'G') ON CONFLICT (menu_item_id, ingredient_id) DO NOTHING;
INSERT INTO recipes (menu_item_id, ingredient_id, qty_net, yield_pct, recipe_uom) VALUES ('SET1550', 'NLP4002', 0.05, 85.0, 'G') ON CONFLICT (menu_item_id, ingredient_id) DO NOTHING;
INSERT INTO recipes (menu_item_id, ingredient_id, qty_net, yield_pct, recipe_uom) VALUES ('SET1550', 'NLP3008', 0.02, 85.0, 'G') ON CONFLICT (menu_item_id, ingredient_id) DO NOTHING;
INSERT INTO menu_items (id, name, sale_price, is_set_menu) VALUES ('SET1800', 'Set 1800k', 1800000.0, true) ON CONFLICT (id) DO UPDATE SET sale_price = EXCLUDED.sale_price, is_set_menu = EXCLUDED.is_set_menu;
INSERT INTO recipes (menu_item_id, ingredient_id, qty_net, yield_pct, recipe_uom) VALUES ('SET1800', 'NVLC60021', 0.06, 85.0, 'G') ON CONFLICT (menu_item_id, ingredient_id) DO NOTHING;
INSERT INTO recipes (menu_item_id, ingredient_id, qty_net, yield_pct, recipe_uom) VALUES ('SET1800', 'NLP2011', 0.05, 85.0, 'G') ON CONFLICT (menu_item_id, ingredient_id) DO NOTHING;
INSERT INTO recipes (menu_item_id, ingredient_id, qty_net, yield_pct, recipe_uom) VALUES ('SET1800', 'NVLC10024', 0.12, 85.0, 'G') ON CONFLICT (menu_item_id, ingredient_id) DO NOTHING;
INSERT INTO recipes (menu_item_id, ingredient_id, qty_net, yield_pct, recipe_uom) VALUES ('SET1800', 'NLP3008', 0.02, 85.0, 'G') ON CONFLICT (menu_item_id, ingredient_id) DO NOTHING;
INSERT INTO menu_items (id, name, sale_price, is_set_menu) VALUES ('SET2000', 'Set 2000k', 2000000.0, true) ON CONFLICT (id) DO UPDATE SET sale_price = EXCLUDED.sale_price, is_set_menu = EXCLUDED.is_set_menu;
INSERT INTO recipes (menu_item_id, ingredient_id, qty_net, yield_pct, recipe_uom) VALUES ('SET2000', 'NVLC60021', 0.06, 85.0, 'G') ON CONFLICT (menu_item_id, ingredient_id) DO NOTHING;
INSERT INTO recipes (menu_item_id, ingredient_id, qty_net, yield_pct, recipe_uom) VALUES ('SET2000', 'NLP2011', 0.05, 85.0, 'G') ON CONFLICT (menu_item_id, ingredient_id) DO NOTHING;
INSERT INTO recipes (menu_item_id, ingredient_id, qty_net, yield_pct, recipe_uom) VALUES ('SET2000', 'NVLC5020', 0.12, 85.0, 'G') ON CONFLICT (menu_item_id, ingredient_id) DO NOTHING;
INSERT INTO recipes (menu_item_id, ingredient_id, qty_net, yield_pct, recipe_uom) VALUES ('SET2000', 'NVLC10024', 0.12, 85.0, 'G') ON CONFLICT (menu_item_id, ingredient_id) DO NOTHING;
INSERT INTO recipes (menu_item_id, ingredient_id, qty_net, yield_pct, recipe_uom) VALUES ('SET2000', 'NLP3008', 0.02, 85.0, 'G') ON CONFLICT (menu_item_id, ingredient_id) DO NOTHING;
INSERT INTO menu_items (id, name, sale_price, is_set_menu) VALUES ('T290A', 'Tour290A', 290000.0, true) ON CONFLICT (id) DO UPDATE SET sale_price = EXCLUDED.sale_price, is_set_menu = EXCLUDED.is_set_menu;
INSERT INTO recipes (menu_item_id, ingredient_id, qty_net, yield_pct, recipe_uom) VALUES ('T290A', 'NLP3008', 0.01, 85.0, 'G') ON CONFLICT (menu_item_id, ingredient_id) DO NOTHING;
INSERT INTO menu_items (id, name, sale_price, is_set_menu) VALUES ('T370A', 'Tour370A', 370000.0, true) ON CONFLICT (id) DO UPDATE SET sale_price = EXCLUDED.sale_price, is_set_menu = EXCLUDED.is_set_menu;
INSERT INTO recipes (menu_item_id, ingredient_id, qty_net, yield_pct, recipe_uom) VALUES ('T370A', 'NVLC5015', 0.08, 85.0, 'G') ON CONFLICT (menu_item_id, ingredient_id) DO NOTHING;
INSERT INTO recipes (menu_item_id, ingredient_id, qty_net, yield_pct, recipe_uom) VALUES ('T370A', 'NVLC3001', 0.09, 85.0, 'G') ON CONFLICT (menu_item_id, ingredient_id) DO NOTHING;
INSERT INTO recipes (menu_item_id, ingredient_id, qty_net, yield_pct, recipe_uom) VALUES ('T370A', 'NLP3008', 0.015, 85.0, 'G') ON CONFLICT (menu_item_id, ingredient_id) DO NOTHING;
INSERT INTO menu_items (id, name, sale_price, is_set_menu) VALUES ('T380A', 'Tour380A', 380000.0, true) ON CONFLICT (id) DO UPDATE SET sale_price = EXCLUDED.sale_price, is_set_menu = EXCLUDED.is_set_menu;
INSERT INTO recipes (menu_item_id, ingredient_id, qty_net, yield_pct, recipe_uom) VALUES ('T380A', 'NVLC3001', 0.18, 85.0, 'G') ON CONFLICT (menu_item_id, ingredient_id) DO NOTHING;
INSERT INTO recipes (menu_item_id, ingredient_id, qty_net, yield_pct, recipe_uom) VALUES ('T380A', 'NLP3015', 0.03, 85.0, 'G') ON CONFLICT (menu_item_id, ingredient_id) DO NOTHING;
INSERT INTO recipes (menu_item_id, ingredient_id, qty_net, yield_pct, recipe_uom) VALUES ('T380A', 'NLP3008', 0.015, 85.0, 'G') ON CONFLICT (menu_item_id, ingredient_id) DO NOTHING;
INSERT INTO menu_items (id, name, sale_price, is_set_menu) VALUES ('T380B', 'Tour380B', 380000.0, true) ON CONFLICT (id) DO UPDATE SET sale_price = EXCLUDED.sale_price, is_set_menu = EXCLUDED.is_set_menu;
INSERT INTO recipes (menu_item_id, ingredient_id, qty_net, yield_pct, recipe_uom) VALUES ('T380B', 'NVLC5015', 0.16, 85.0, 'G') ON CONFLICT (menu_item_id, ingredient_id) DO NOTHING;
INSERT INTO recipes (menu_item_id, ingredient_id, qty_net, yield_pct, recipe_uom) VALUES ('T380B', 'NLP3015', 0.02, 85.0, 'G') ON CONFLICT (menu_item_id, ingredient_id) DO NOTHING;
INSERT INTO recipes (menu_item_id, ingredient_id, qty_net, yield_pct, recipe_uom) VALUES ('T380B', 'NLP3008', 0.01, 85.0, 'G') ON CONFLICT (menu_item_id, ingredient_id) DO NOTHING;
INSERT INTO menu_items (id, name, sale_price, is_set_menu) VALUES ('T380C', 'Tour380C', 380000.0, true) ON CONFLICT (id) DO UPDATE SET sale_price = EXCLUDED.sale_price, is_set_menu = EXCLUDED.is_set_menu;
INSERT INTO recipes (menu_item_id, ingredient_id, qty_net, yield_pct, recipe_uom) VALUES ('T380C', 'NVLC4010', 0.22, 85.0, 'G') ON CONFLICT (menu_item_id, ingredient_id) DO NOTHING;
INSERT INTO recipes (menu_item_id, ingredient_id, qty_net, yield_pct, recipe_uom) VALUES ('T380C', 'NLP3015', 0.02, 85.0, 'G') ON CONFLICT (menu_item_id, ingredient_id) DO NOTHING;
INSERT INTO recipes (menu_item_id, ingredient_id, qty_net, yield_pct, recipe_uom) VALUES ('T380C', 'NLP3008', 0.01, 85.0, 'G') ON CONFLICT (menu_item_id, ingredient_id) DO NOTHING;
INSERT INTO menu_items (id, name, sale_price, is_set_menu) VALUES ('T380D', 'Tour380D', 380000.0, true) ON CONFLICT (id) DO UPDATE SET sale_price = EXCLUDED.sale_price, is_set_menu = EXCLUDED.is_set_menu;
INSERT INTO recipes (menu_item_id, ingredient_id, qty_net, yield_pct, recipe_uom) VALUES ('T380D', 'NVLC4010', 0.11, 85.0, 'G') ON CONFLICT (menu_item_id, ingredient_id) DO NOTHING;
INSERT INTO recipes (menu_item_id, ingredient_id, qty_net, yield_pct, recipe_uom) VALUES ('T380D', 'NVLC3001', 0.09, 85.0, 'G') ON CONFLICT (menu_item_id, ingredient_id) DO NOTHING;
INSERT INTO recipes (menu_item_id, ingredient_id, qty_net, yield_pct, recipe_uom) VALUES ('T380D', 'NLP3008', 0.01, 85.0, 'G') ON CONFLICT (menu_item_id, ingredient_id) DO NOTHING;
INSERT INTO menu_items (id, name, sale_price, is_set_menu) VALUES ('T380E', 'Tour380E', 380000.0, true) ON CONFLICT (id) DO UPDATE SET sale_price = EXCLUDED.sale_price, is_set_menu = EXCLUDED.is_set_menu;
INSERT INTO recipes (menu_item_id, ingredient_id, qty_net, yield_pct, recipe_uom) VALUES ('T380E', 'NVLC5015', 0.08, 85.0, 'G') ON CONFLICT (menu_item_id, ingredient_id) DO NOTHING;
INSERT INTO recipes (menu_item_id, ingredient_id, qty_net, yield_pct, recipe_uom) VALUES ('T380E', 'NVLC4010', 0.11, 85.0, 'G') ON CONFLICT (menu_item_id, ingredient_id) DO NOTHING;
INSERT INTO recipes (menu_item_id, ingredient_id, qty_net, yield_pct, recipe_uom) VALUES ('T380E', 'NLP3008', 0.01, 85.0, 'G') ON CONFLICT (menu_item_id, ingredient_id) DO NOTHING;
INSERT INTO menu_items (id, name, sale_price, is_set_menu) VALUES ('T380F', 'Tour380F', 380000.0, true) ON CONFLICT (id) DO UPDATE SET sale_price = EXCLUDED.sale_price, is_set_menu = EXCLUDED.is_set_menu;
INSERT INTO recipes (menu_item_id, ingredient_id, qty_net, yield_pct, recipe_uom) VALUES ('T380F', 'NVLC5015', 0.08, 85.0, 'G') ON CONFLICT (menu_item_id, ingredient_id) DO NOTHING;
INSERT INTO recipes (menu_item_id, ingredient_id, qty_net, yield_pct, recipe_uom) VALUES ('T380F', 'NVLC4010', 0.11, 85.0, 'G') ON CONFLICT (menu_item_id, ingredient_id) DO NOTHING;
INSERT INTO recipes (menu_item_id, ingredient_id, qty_net, yield_pct, recipe_uom) VALUES ('T380F', 'NLP3008', 0.02, 85.0, 'G') ON CONFLICT (menu_item_id, ingredient_id) DO NOTHING;
INSERT INTO menu_items (id, name, sale_price, is_set_menu) VALUES ('T380H', 'Tour380H', 380000.0, true) ON CONFLICT (id) DO UPDATE SET sale_price = EXCLUDED.sale_price, is_set_menu = EXCLUDED.is_set_menu;
INSERT INTO recipes (menu_item_id, ingredient_id, qty_net, yield_pct, recipe_uom) VALUES ('T380H', 'NVLC4010', 0.11, 85.0, 'G') ON CONFLICT (menu_item_id, ingredient_id) DO NOTHING;
INSERT INTO recipes (menu_item_id, ingredient_id, qty_net, yield_pct, recipe_uom) VALUES ('T380H', 'NVLC3001', 0.09, 85.0, 'G') ON CONFLICT (menu_item_id, ingredient_id) DO NOTHING;
INSERT INTO recipes (menu_item_id, ingredient_id, qty_net, yield_pct, recipe_uom) VALUES ('T380H', 'NLP3008', 0.01, 85.0, 'G') ON CONFLICT (menu_item_id, ingredient_id) DO NOTHING;
INSERT INTO menu_items (id, name, sale_price, is_set_menu) VALUES ('T380J', 'Tour380J', 380000.0, true) ON CONFLICT (id) DO UPDATE SET sale_price = EXCLUDED.sale_price, is_set_menu = EXCLUDED.is_set_menu;
INSERT INTO recipes (menu_item_id, ingredient_id, qty_net, yield_pct, recipe_uom) VALUES ('T380J', 'NVLC4010', 0.11, 85.0, 'G') ON CONFLICT (menu_item_id, ingredient_id) DO NOTHING;
INSERT INTO recipes (menu_item_id, ingredient_id, qty_net, yield_pct, recipe_uom) VALUES ('T380J', 'NVLC5015', 0.08, 85.0, 'G') ON CONFLICT (menu_item_id, ingredient_id) DO NOTHING;
INSERT INTO recipes (menu_item_id, ingredient_id, qty_net, yield_pct, recipe_uom) VALUES ('T380J', 'NLP3008', 0.01, 85.0, 'G') ON CONFLICT (menu_item_id, ingredient_id) DO NOTHING;
INSERT INTO menu_items (id, name, sale_price, is_set_menu) VALUES ('T380K', 'Tour380K', 380000.0, true) ON CONFLICT (id) DO UPDATE SET sale_price = EXCLUDED.sale_price, is_set_menu = EXCLUDED.is_set_menu;
INSERT INTO recipes (menu_item_id, ingredient_id, qty_net, yield_pct, recipe_uom) VALUES ('T380K', 'NVLC4010', 0.11, 85.0, 'G') ON CONFLICT (menu_item_id, ingredient_id) DO NOTHING;
INSERT INTO recipes (menu_item_id, ingredient_id, qty_net, yield_pct, recipe_uom) VALUES ('T380K', 'NVLC5015', 0.08, 85.0, 'G') ON CONFLICT (menu_item_id, ingredient_id) DO NOTHING;
INSERT INTO recipes (menu_item_id, ingredient_id, qty_net, yield_pct, recipe_uom) VALUES ('T380K', 'NLP3008', 0.02, 85.0, 'G') ON CONFLICT (menu_item_id, ingredient_id) DO NOTHING;
INSERT INTO menu_items (id, name, sale_price, is_set_menu) VALUES ('T380N', 'Tour380N', 380000.0, true) ON CONFLICT (id) DO UPDATE SET sale_price = EXCLUDED.sale_price, is_set_menu = EXCLUDED.is_set_menu;
INSERT INTO recipes (menu_item_id, ingredient_id, qty_net, yield_pct, recipe_uom) VALUES ('T380N', 'NVLC3001', 0.09, 85.0, 'G') ON CONFLICT (menu_item_id, ingredient_id) DO NOTHING;
INSERT INTO recipes (menu_item_id, ingredient_id, qty_net, yield_pct, recipe_uom) VALUES ('T380N', 'NVLC4010', 0.11, 85.0, 'G') ON CONFLICT (menu_item_id, ingredient_id) DO NOTHING;
INSERT INTO recipes (menu_item_id, ingredient_id, qty_net, yield_pct, recipe_uom) VALUES ('T380N', 'NLP3008', 0.01, 85.0, 'G') ON CONFLICT (menu_item_id, ingredient_id) DO NOTHING;
INSERT INTO menu_items (id, name, sale_price, is_set_menu) VALUES ('T430G', 'Tour430G', 430000.0, true) ON CONFLICT (id) DO UPDATE SET sale_price = EXCLUDED.sale_price, is_set_menu = EXCLUDED.is_set_menu;
INSERT INTO recipes (menu_item_id, ingredient_id, qty_net, yield_pct, recipe_uom) VALUES ('T430G', 'NVLC5015', 0.08, 85.0, 'G') ON CONFLICT (menu_item_id, ingredient_id) DO NOTHING;
INSERT INTO recipes (menu_item_id, ingredient_id, qty_net, yield_pct, recipe_uom) VALUES ('T430G', 'NVLC4010', 0.11, 85.0, 'G') ON CONFLICT (menu_item_id, ingredient_id) DO NOTHING;
INSERT INTO recipes (menu_item_id, ingredient_id, qty_net, yield_pct, recipe_uom) VALUES ('T430G', 'NLP3008', 0.01, 85.0, 'G') ON CONFLICT (menu_item_id, ingredient_id) DO NOTHING;
INSERT INTO menu_items (id, name, sale_price, is_set_menu) VALUES ('T470A', 'Tour470A', 470000.0, true) ON CONFLICT (id) DO UPDATE SET sale_price = EXCLUDED.sale_price, is_set_menu = EXCLUDED.is_set_menu;
INSERT INTO recipes (menu_item_id, ingredient_id, qty_net, yield_pct, recipe_uom) VALUES ('T470A', 'NVLC6005', 0.04, 85.0, 'G') ON CONFLICT (menu_item_id, ingredient_id) DO NOTHING;
INSERT INTO recipes (menu_item_id, ingredient_id, qty_net, yield_pct, recipe_uom) VALUES ('T470A', 'NVLC3001', 0.09, 85.0, 'G') ON CONFLICT (menu_item_id, ingredient_id) DO NOTHING;
INSERT INTO recipes (menu_item_id, ingredient_id, qty_net, yield_pct, recipe_uom) VALUES ('T470A', 'NVLC4010', 0.09, 85.0, 'G') ON CONFLICT (menu_item_id, ingredient_id) DO NOTHING;
INSERT INTO recipes (menu_item_id, ingredient_id, qty_net, yield_pct, recipe_uom) VALUES ('T470A', 'NLP3008', 0.015, 85.0, 'G') ON CONFLICT (menu_item_id, ingredient_id) DO NOTHING;
INSERT INTO menu_items (id, name, sale_price, is_set_menu) VALUES ('T500A', 'Tour500A', 500000.0, true) ON CONFLICT (id) DO UPDATE SET sale_price = EXCLUDED.sale_price, is_set_menu = EXCLUDED.is_set_menu;
INSERT INTO recipes (menu_item_id, ingredient_id, qty_net, yield_pct, recipe_uom) VALUES ('T500A', 'NVLC4010', 0.11, 85.0, 'G') ON CONFLICT (menu_item_id, ingredient_id) DO NOTHING;
INSERT INTO recipes (menu_item_id, ingredient_id, qty_net, yield_pct, recipe_uom) VALUES ('T500A', 'NVLC3001', 0.09, 85.0, 'G') ON CONFLICT (menu_item_id, ingredient_id) DO NOTHING;
INSERT INTO recipes (menu_item_id, ingredient_id, qty_net, yield_pct, recipe_uom) VALUES ('T500A', 'NLP3008', 0.01, 85.0, 'G') ON CONFLICT (menu_item_id, ingredient_id) DO NOTHING;
INSERT INTO menu_items (id, name, sale_price, is_set_menu) VALUES ('T500B', 'Tour500B', 500000.0, true) ON CONFLICT (id) DO UPDATE SET sale_price = EXCLUDED.sale_price, is_set_menu = EXCLUDED.is_set_menu;
INSERT INTO recipes (menu_item_id, ingredient_id, qty_net, yield_pct, recipe_uom) VALUES ('T500B', 'NVLC6005', 0.04, 85.0, 'G') ON CONFLICT (menu_item_id, ingredient_id) DO NOTHING;
INSERT INTO recipes (menu_item_id, ingredient_id, qty_net, yield_pct, recipe_uom) VALUES ('T500B', 'NVLC4010', 0.11, 85.0, 'G') ON CONFLICT (menu_item_id, ingredient_id) DO NOTHING;
INSERT INTO recipes (menu_item_id, ingredient_id, qty_net, yield_pct, recipe_uom) VALUES ('T500B', 'NVLC3001', 0.09, 85.0, 'G') ON CONFLICT (menu_item_id, ingredient_id) DO NOTHING;
INSERT INTO recipes (menu_item_id, ingredient_id, qty_net, yield_pct, recipe_uom) VALUES ('T500B', 'NLP3008', 0.02, 85.0, 'G') ON CONFLICT (menu_item_id, ingredient_id) DO NOTHING;
INSERT INTO menu_items (id, name, sale_price, is_set_menu) VALUES ('T500C', 'Tour500C', 500000.0, true) ON CONFLICT (id) DO UPDATE SET sale_price = EXCLUDED.sale_price, is_set_menu = EXCLUDED.is_set_menu;
INSERT INTO recipes (menu_item_id, ingredient_id, qty_net, yield_pct, recipe_uom) VALUES ('T500C', 'NVLC4010', 0.11, 85.0, 'G') ON CONFLICT (menu_item_id, ingredient_id) DO NOTHING;
INSERT INTO recipes (menu_item_id, ingredient_id, qty_net, yield_pct, recipe_uom) VALUES ('T500C', 'NVLC3001', 0.09, 85.0, 'G') ON CONFLICT (menu_item_id, ingredient_id) DO NOTHING;
INSERT INTO recipes (menu_item_id, ingredient_id, qty_net, yield_pct, recipe_uom) VALUES ('T500C', 'NLP3008', 0.01, 85.0, 'G') ON CONFLICT (menu_item_id, ingredient_id) DO NOTHING;
INSERT INTO menu_items (id, name, sale_price, is_set_menu) VALUES ('T500D', 'Tour500D', 500000.0, true) ON CONFLICT (id) DO UPDATE SET sale_price = EXCLUDED.sale_price, is_set_menu = EXCLUDED.is_set_menu;
INSERT INTO recipes (menu_item_id, ingredient_id, qty_net, yield_pct, recipe_uom) VALUES ('T500D', 'NVLC6005', 0.04, 85.0, 'G') ON CONFLICT (menu_item_id, ingredient_id) DO NOTHING;
INSERT INTO recipes (menu_item_id, ingredient_id, qty_net, yield_pct, recipe_uom) VALUES ('T500D', 'NVLC5015', 0.08, 85.0, 'G') ON CONFLICT (menu_item_id, ingredient_id) DO NOTHING;
INSERT INTO recipes (menu_item_id, ingredient_id, qty_net, yield_pct, recipe_uom) VALUES ('T500D', 'NVLC4010', 0.11, 85.0, 'G') ON CONFLICT (menu_item_id, ingredient_id) DO NOTHING;
INSERT INTO recipes (menu_item_id, ingredient_id, qty_net, yield_pct, recipe_uom) VALUES ('T500D', 'NLP3008', 0.02, 85.0, 'G') ON CONFLICT (menu_item_id, ingredient_id) DO NOTHING;
INSERT INTO menu_items (id, name, sale_price, is_set_menu) VALUES ('T500E', 'Tour500E', 500000.0, true) ON CONFLICT (id) DO UPDATE SET sale_price = EXCLUDED.sale_price, is_set_menu = EXCLUDED.is_set_menu;
INSERT INTO recipes (menu_item_id, ingredient_id, qty_net, yield_pct, recipe_uom) VALUES ('T500E', 'NVLC4010', 0.11, 85.0, 'G') ON CONFLICT (menu_item_id, ingredient_id) DO NOTHING;
INSERT INTO recipes (menu_item_id, ingredient_id, qty_net, yield_pct, recipe_uom) VALUES ('T500E', 'NVLC3001', 0.09, 85.0, 'G') ON CONFLICT (menu_item_id, ingredient_id) DO NOTHING;
INSERT INTO recipes (menu_item_id, ingredient_id, qty_net, yield_pct, recipe_uom) VALUES ('T500E', 'NLP3008', 0.01, 85.0, 'G') ON CONFLICT (menu_item_id, ingredient_id) DO NOTHING;
INSERT INTO menu_items (id, name, sale_price, is_set_menu) VALUES ('T600A', 'Tour600A', 600000.0, true) ON CONFLICT (id) DO UPDATE SET sale_price = EXCLUDED.sale_price, is_set_menu = EXCLUDED.is_set_menu;
INSERT INTO recipes (menu_item_id, ingredient_id, qty_net, yield_pct, recipe_uom) VALUES ('T600A', 'NVLC5005', 0.17, 85.0, 'G') ON CONFLICT (menu_item_id, ingredient_id) DO NOTHING;
INSERT INTO recipes (menu_item_id, ingredient_id, qty_net, yield_pct, recipe_uom) VALUES ('T600A', 'NLP3008', 0.01, 85.0, 'G') ON CONFLICT (menu_item_id, ingredient_id) DO NOTHING;
INSERT INTO menu_items (id, name, sale_price, is_set_menu) VALUES ('T600B', 'Tour600B', 600000.0, true) ON CONFLICT (id) DO UPDATE SET sale_price = EXCLUDED.sale_price, is_set_menu = EXCLUDED.is_set_menu;
INSERT INTO recipes (menu_item_id, ingredient_id, qty_net, yield_pct, recipe_uom) VALUES ('T600B', 'NVLC5005', 0.085, 85.0, 'G') ON CONFLICT (menu_item_id, ingredient_id) DO NOTHING;
INSERT INTO recipes (menu_item_id, ingredient_id, qty_net, yield_pct, recipe_uom) VALUES ('T600B', 'NVLC1019', 0.09, 85.0, 'G') ON CONFLICT (menu_item_id, ingredient_id) DO NOTHING;
INSERT INTO recipes (menu_item_id, ingredient_id, qty_net, yield_pct, recipe_uom) VALUES ('T600B', 'NLP3008', 0.01, 85.0, 'G') ON CONFLICT (menu_item_id, ingredient_id) DO NOTHING;
INSERT INTO menu_items (id, name, sale_price, is_set_menu) VALUES ('T600D', 'Tour600D', 600000.0, true) ON CONFLICT (id) DO UPDATE SET sale_price = EXCLUDED.sale_price, is_set_menu = EXCLUDED.is_set_menu;
INSERT INTO recipes (menu_item_id, ingredient_id, qty_net, yield_pct, recipe_uom) VALUES ('T600D', 'NVLC4010', 0.08, 85.0, 'G') ON CONFLICT (menu_item_id, ingredient_id) DO NOTHING;
INSERT INTO recipes (menu_item_id, ingredient_id, qty_net, yield_pct, recipe_uom) VALUES ('T600D', 'NVLC1019', 0.09, 85.0, 'G') ON CONFLICT (menu_item_id, ingredient_id) DO NOTHING;
INSERT INTO recipes (menu_item_id, ingredient_id, qty_net, yield_pct, recipe_uom) VALUES ('T600D', 'NVLC4002', 0.09, 85.0, 'G') ON CONFLICT (menu_item_id, ingredient_id) DO NOTHING;
INSERT INTO recipes (menu_item_id, ingredient_id, qty_net, yield_pct, recipe_uom) VALUES ('T600D', 'NLP4002', 0.05, 85.0, 'G') ON CONFLICT (menu_item_id, ingredient_id) DO NOTHING;
INSERT INTO recipes (menu_item_id, ingredient_id, qty_net, yield_pct, recipe_uom) VALUES ('T600D', 'NLP3008', 0.015, 85.0, 'G') ON CONFLICT (menu_item_id, ingredient_id) DO NOTHING;
INSERT INTO menu_items (id, name, sale_price, is_set_menu) VALUES ('T650A', 'Tour650A', 650000.0, true) ON CONFLICT (id) DO UPDATE SET sale_price = EXCLUDED.sale_price, is_set_menu = EXCLUDED.is_set_menu;
INSERT INTO recipes (menu_item_id, ingredient_id, qty_net, yield_pct, recipe_uom) VALUES ('T650A', 'NVLC1019', 0.09, 85.0, 'G') ON CONFLICT (menu_item_id, ingredient_id) DO NOTHING;
INSERT INTO recipes (menu_item_id, ingredient_id, qty_net, yield_pct, recipe_uom) VALUES ('T650A', 'NVLC4002', 0.09, 85.0, 'G') ON CONFLICT (menu_item_id, ingredient_id) DO NOTHING;
INSERT INTO recipes (menu_item_id, ingredient_id, qty_net, yield_pct, recipe_uom) VALUES ('T650A', 'NLP3015', 0.03, 85.0, 'G') ON CONFLICT (menu_item_id, ingredient_id) DO NOTHING;
INSERT INTO recipes (menu_item_id, ingredient_id, qty_net, yield_pct, recipe_uom) VALUES ('T650A', 'NLP3008', 0.015, 85.0, 'G') ON CONFLICT (menu_item_id, ingredient_id) DO NOTHING;
INSERT INTO menu_items (id, name, sale_price, is_set_menu) VALUES ('T650B', 'Tour650B', 650000.0, true) ON CONFLICT (id) DO UPDATE SET sale_price = EXCLUDED.sale_price, is_set_menu = EXCLUDED.is_set_menu;
INSERT INTO recipes (menu_item_id, ingredient_id, qty_net, yield_pct, recipe_uom) VALUES ('T650B', 'NVLC5005', 0.085, 85.0, 'G') ON CONFLICT (menu_item_id, ingredient_id) DO NOTHING;
INSERT INTO recipes (menu_item_id, ingredient_id, qty_net, yield_pct, recipe_uom) VALUES ('T650B', 'NVLC1019', 0.09, 85.0, 'G') ON CONFLICT (menu_item_id, ingredient_id) DO NOTHING;
INSERT INTO recipes (menu_item_id, ingredient_id, qty_net, yield_pct, recipe_uom) VALUES ('T650B', 'NLP3008', 0.01, 85.0, 'G') ON CONFLICT (menu_item_id, ingredient_id) DO NOTHING;
INSERT INTO menu_items (id, name, sale_price, is_set_menu) VALUES ('T650C', 'Tour650C', 650000.0, true) ON CONFLICT (id) DO UPDATE SET sale_price = EXCLUDED.sale_price, is_set_menu = EXCLUDED.is_set_menu;
INSERT INTO recipes (menu_item_id, ingredient_id, qty_net, yield_pct, recipe_uom) VALUES ('T650C', 'NVLC4002', 0.09, 85.0, 'G') ON CONFLICT (menu_item_id, ingredient_id) DO NOTHING;
INSERT INTO recipes (menu_item_id, ingredient_id, qty_net, yield_pct, recipe_uom) VALUES ('T650C', 'NVLC1019', 0.09, 85.0, 'G') ON CONFLICT (menu_item_id, ingredient_id) DO NOTHING;
INSERT INTO recipes (menu_item_id, ingredient_id, qty_net, yield_pct, recipe_uom) VALUES ('T650C', 'NLP3008', 0.015, 85.0, 'G') ON CONFLICT (menu_item_id, ingredient_id) DO NOTHING;
INSERT INTO menu_items (id, name, sale_price, is_set_menu) VALUES ('T770A', 'Tour770A', 770000.0, true) ON CONFLICT (id) DO UPDATE SET sale_price = EXCLUDED.sale_price, is_set_menu = EXCLUDED.is_set_menu;
INSERT INTO recipes (menu_item_id, ingredient_id, qty_net, yield_pct, recipe_uom) VALUES ('T770A', 'NVLC5005', 0.085, 85.0, 'G') ON CONFLICT (menu_item_id, ingredient_id) DO NOTHING;
INSERT INTO recipes (menu_item_id, ingredient_id, qty_net, yield_pct, recipe_uom) VALUES ('T770A', 'NVLC4002', 0.09, 85.0, 'G') ON CONFLICT (menu_item_id, ingredient_id) DO NOTHING;
INSERT INTO recipes (menu_item_id, ingredient_id, qty_net, yield_pct, recipe_uom) VALUES ('T770A', 'NLP3008', 0.015, 85.0, 'G') ON CONFLICT (menu_item_id, ingredient_id) DO NOTHING;
INSERT INTO menu_items (id, name, sale_price, is_set_menu) VALUES ('T770B', 'Tour770B', 770000.0, true) ON CONFLICT (id) DO UPDATE SET sale_price = EXCLUDED.sale_price, is_set_menu = EXCLUDED.is_set_menu;
INSERT INTO recipes (menu_item_id, ingredient_id, qty_net, yield_pct, recipe_uom) VALUES ('T770B', 'NVLC5005', 0.085, 85.0, 'G') ON CONFLICT (menu_item_id, ingredient_id) DO NOTHING;
INSERT INTO recipes (menu_item_id, ingredient_id, qty_net, yield_pct, recipe_uom) VALUES ('T770B', 'NVLC1003', 0.1, 85.0, 'G') ON CONFLICT (menu_item_id, ingredient_id) DO NOTHING;
INSERT INTO recipes (menu_item_id, ingredient_id, qty_net, yield_pct, recipe_uom) VALUES ('T770B', 'NLP3008', 0.01, 85.0, 'G') ON CONFLICT (menu_item_id, ingredient_id) DO NOTHING;
INSERT INTO menu_items (id, name, sale_price, is_set_menu) VALUES ('T850A', 'Tour850A', 850000.0, true) ON CONFLICT (id) DO UPDATE SET sale_price = EXCLUDED.sale_price, is_set_menu = EXCLUDED.is_set_menu;
INSERT INTO recipes (menu_item_id, ingredient_id, qty_net, yield_pct, recipe_uom) VALUES ('T850A', 'NLP2011', 0.03, 85.0, 'G') ON CONFLICT (menu_item_id, ingredient_id) DO NOTHING;
INSERT INTO recipes (menu_item_id, ingredient_id, qty_net, yield_pct, recipe_uom) VALUES ('T850A', 'NVLC5005', 0.09, 85.0, 'G') ON CONFLICT (menu_item_id, ingredient_id) DO NOTHING;
INSERT INTO recipes (menu_item_id, ingredient_id, qty_net, yield_pct, recipe_uom) VALUES ('T850A', 'NVLC4002', 0.09, 85.0, 'G') ON CONFLICT (menu_item_id, ingredient_id) DO NOTHING;
INSERT INTO recipes (menu_item_id, ingredient_id, qty_net, yield_pct, recipe_uom) VALUES ('T850A', 'NLP3008', 0.02, 85.0, 'G') ON CONFLICT (menu_item_id, ingredient_id) DO NOTHING;
INSERT INTO menu_items (id, name, sale_price, is_set_menu) VALUES ('T850B', 'Tour850B', 850000.0, true) ON CONFLICT (id) DO UPDATE SET sale_price = EXCLUDED.sale_price, is_set_menu = EXCLUDED.is_set_menu;
INSERT INTO recipes (menu_item_id, ingredient_id, qty_net, yield_pct, recipe_uom) VALUES ('T850B', 'NVLC1003', 0.15, 85.0, 'G') ON CONFLICT (menu_item_id, ingredient_id) DO NOTHING;
INSERT INTO recipes (menu_item_id, ingredient_id, qty_net, yield_pct, recipe_uom) VALUES ('T850B', 'NLP3008', 0.01, 85.0, 'G') ON CONFLICT (menu_item_id, ingredient_id) DO NOTHING;
INSERT INTO menu_items (id, name, sale_price, is_set_menu) VALUES ('T850C', 'Tour850C', 850000.0, true) ON CONFLICT (id) DO UPDATE SET sale_price = EXCLUDED.sale_price, is_set_menu = EXCLUDED.is_set_menu;
INSERT INTO recipes (menu_item_id, ingredient_id, qty_net, yield_pct, recipe_uom) VALUES ('T850C', 'NVLC5001', 0.08, 85.0, 'G') ON CONFLICT (menu_item_id, ingredient_id) DO NOTHING;
INSERT INTO recipes (menu_item_id, ingredient_id, qty_net, yield_pct, recipe_uom) VALUES ('T850C', 'NVLC1003', 0.075, 85.0, 'G') ON CONFLICT (menu_item_id, ingredient_id) DO NOTHING;
INSERT INTO recipes (menu_item_id, ingredient_id, qty_net, yield_pct, recipe_uom) VALUES ('T850C', 'NVLC5005', 0.075, 85.0, 'G') ON CONFLICT (menu_item_id, ingredient_id) DO NOTHING;
INSERT INTO recipes (menu_item_id, ingredient_id, qty_net, yield_pct, recipe_uom) VALUES ('T850C', 'NLP3008', 0.02, 85.0, 'G') ON CONFLICT (menu_item_id, ingredient_id) DO NOTHING;
INSERT INTO menu_items (id, name, sale_price, is_set_menu) VALUES ('T850D', 'Tour850D', 850000.0, true) ON CONFLICT (id) DO UPDATE SET sale_price = EXCLUDED.sale_price, is_set_menu = EXCLUDED.is_set_menu;
INSERT INTO recipes (menu_item_id, ingredient_id, qty_net, yield_pct, recipe_uom) VALUES ('T850D', 'NLP2011', 0.03, 85.0, 'G') ON CONFLICT (menu_item_id, ingredient_id) DO NOTHING;
INSERT INTO recipes (menu_item_id, ingredient_id, qty_net, yield_pct, recipe_uom) VALUES ('T850D', 'NVLC5005', 0.09, 85.0, 'G') ON CONFLICT (menu_item_id, ingredient_id) DO NOTHING;
INSERT INTO recipes (menu_item_id, ingredient_id, qty_net, yield_pct, recipe_uom) VALUES ('T850D', 'NVLC1003', 0.1, 85.0, 'G') ON CONFLICT (menu_item_id, ingredient_id) DO NOTHING;
INSERT INTO recipes (menu_item_id, ingredient_id, qty_net, yield_pct, recipe_uom) VALUES ('T850D', 'NLP3008', 0.02, 85.0, 'G') ON CONFLICT (menu_item_id, ingredient_id) DO NOTHING;
INSERT INTO menu_items (id, name, sale_price, is_set_menu) VALUES ('T950A', 'Tour950A', 950000.0, true) ON CONFLICT (id) DO UPDATE SET sale_price = EXCLUDED.sale_price, is_set_menu = EXCLUDED.is_set_menu;
INSERT INTO recipes (menu_item_id, ingredient_id, qty_net, yield_pct, recipe_uom) VALUES ('T950A', 'NVLC4002', 0.12, 85.0, 'G') ON CONFLICT (menu_item_id, ingredient_id) DO NOTHING;
INSERT INTO recipes (menu_item_id, ingredient_id, qty_net, yield_pct, recipe_uom) VALUES ('T950A', 'NVLC5005', 0.05, 85.0, 'G') ON CONFLICT (menu_item_id, ingredient_id) DO NOTHING;
INSERT INTO recipes (menu_item_id, ingredient_id, qty_net, yield_pct, recipe_uom) VALUES ('T950A', 'NLP3008', 0.02, 85.0, 'G') ON CONFLICT (menu_item_id, ingredient_id) DO NOTHING;
INSERT INTO menu_items (id, name, sale_price, is_set_menu) VALUES ('T950B', 'Tour950B', 950000.0, true) ON CONFLICT (id) DO UPDATE SET sale_price = EXCLUDED.sale_price, is_set_menu = EXCLUDED.is_set_menu;
INSERT INTO recipes (menu_item_id, ingredient_id, qty_net, yield_pct, recipe_uom) VALUES ('T950B', 'NVLC5005', 0.05, 85.0, 'G') ON CONFLICT (menu_item_id, ingredient_id) DO NOTHING;
INSERT INTO recipes (menu_item_id, ingredient_id, qty_net, yield_pct, recipe_uom) VALUES ('T950B', 'NVLC4010', 0.06, 85.0, 'G') ON CONFLICT (menu_item_id, ingredient_id) DO NOTHING;
INSERT INTO recipes (menu_item_id, ingredient_id, qty_net, yield_pct, recipe_uom) VALUES ('T950B', 'NLP3008', 0.02, 85.0, 'G') ON CONFLICT (menu_item_id, ingredient_id) DO NOTHING;
INSERT INTO menu_items (id, name, sale_price, is_set_menu) VALUES ('T970A', 'Tour970A', 970000.0, true) ON CONFLICT (id) DO UPDATE SET sale_price = EXCLUDED.sale_price, is_set_menu = EXCLUDED.is_set_menu;
INSERT INTO recipes (menu_item_id, ingredient_id, qty_net, yield_pct, recipe_uom) VALUES ('T970A', 'NVLC5022', 0.08, 85.0, 'G') ON CONFLICT (menu_item_id, ingredient_id) DO NOTHING;
INSERT INTO recipes (menu_item_id, ingredient_id, qty_net, yield_pct, recipe_uom) VALUES ('T970A', 'NVLC5005', 0.085, 85.0, 'G') ON CONFLICT (menu_item_id, ingredient_id) DO NOTHING;
INSERT INTO recipes (menu_item_id, ingredient_id, qty_net, yield_pct, recipe_uom) VALUES ('T970A', 'NVLC1003', 0.1, 85.0, 'G') ON CONFLICT (menu_item_id, ingredient_id) DO NOTHING;
INSERT INTO recipes (menu_item_id, ingredient_id, qty_net, yield_pct, recipe_uom) VALUES ('T970A', 'NLP3008', 0.015, 85.0, 'G') ON CONFLICT (menu_item_id, ingredient_id) DO NOTHING;
INSERT INTO menu_items (id, name, sale_price, is_set_menu) VALUES ('T1100A', 'Tour1100A', 1100000.0, true) ON CONFLICT (id) DO UPDATE SET sale_price = EXCLUDED.sale_price, is_set_menu = EXCLUDED.is_set_menu;
INSERT INTO recipes (menu_item_id, ingredient_id, qty_net, yield_pct, recipe_uom) VALUES ('T1100A', 'NVLC5001', 0.06, 85.0, 'G') ON CONFLICT (menu_item_id, ingredient_id) DO NOTHING;
INSERT INTO recipes (menu_item_id, ingredient_id, qty_net, yield_pct, recipe_uom) VALUES ('T1100A', 'NVLC6007', 0.05, 85.0, 'G') ON CONFLICT (menu_item_id, ingredient_id) DO NOTHING;
INSERT INTO recipes (menu_item_id, ingredient_id, qty_net, yield_pct, recipe_uom) VALUES ('T1100A', 'NVLC1003', 0.12, 85.0, 'G') ON CONFLICT (menu_item_id, ingredient_id) DO NOTHING;
INSERT INTO recipes (menu_item_id, ingredient_id, qty_net, yield_pct, recipe_uom) VALUES ('T1100A', 'NLP3008', 0.02, 85.0, 'G') ON CONFLICT (menu_item_id, ingredient_id) DO NOTHING;
INSERT INTO recipes (menu_item_id, ingredient_id, qty_net, yield_pct, recipe_uom) VALUES ('T1100A', 'NLP4002', 0.04, 85.0, 'G') ON CONFLICT (menu_item_id, ingredient_id) DO NOTHING;
INSERT INTO menu_items (id, name, sale_price, is_set_menu) VALUES ('T1100B', 'Tour1100B', 1100000.0, true) ON CONFLICT (id) DO UPDATE SET sale_price = EXCLUDED.sale_price, is_set_menu = EXCLUDED.is_set_menu;
INSERT INTO recipes (menu_item_id, ingredient_id, qty_net, yield_pct, recipe_uom) VALUES ('T1100B', 'NVLC6005', 0.08, 85.0, 'G') ON CONFLICT (menu_item_id, ingredient_id) DO NOTHING;
INSERT INTO recipes (menu_item_id, ingredient_id, qty_net, yield_pct, recipe_uom) VALUES ('T1100B', 'NLP2011', 0.03, 85.0, 'G') ON CONFLICT (menu_item_id, ingredient_id) DO NOTHING;
INSERT INTO recipes (menu_item_id, ingredient_id, qty_net, yield_pct, recipe_uom) VALUES ('T1100B', 'NVLC5001', 0.1, 85.0, 'G') ON CONFLICT (menu_item_id, ingredient_id) DO NOTHING;
INSERT INTO recipes (menu_item_id, ingredient_id, qty_net, yield_pct, recipe_uom) VALUES ('T1100B', 'NLP3008', 0.02, 85.0, 'G') ON CONFLICT (menu_item_id, ingredient_id) DO NOTHING;
INSERT INTO menu_items (id, name, sale_price, is_set_menu) VALUES ('T1100C', 'Tour1100C', 1100000.0, true) ON CONFLICT (id) DO UPDATE SET sale_price = EXCLUDED.sale_price, is_set_menu = EXCLUDED.is_set_menu;
INSERT INTO recipes (menu_item_id, ingredient_id, qty_net, yield_pct, recipe_uom) VALUES ('T1100C', 'NVLC5001', 0.06, 85.0, 'G') ON CONFLICT (menu_item_id, ingredient_id) DO NOTHING;
INSERT INTO recipes (menu_item_id, ingredient_id, qty_net, yield_pct, recipe_uom) VALUES ('T1100C', 'NVLC1003', 0.12, 85.0, 'G') ON CONFLICT (menu_item_id, ingredient_id) DO NOTHING;
INSERT INTO recipes (menu_item_id, ingredient_id, qty_net, yield_pct, recipe_uom) VALUES ('T1100C', 'NLP3008', 0.02, 85.0, 'G') ON CONFLICT (menu_item_id, ingredient_id) DO NOTHING;
INSERT INTO menu_items (id, name, sale_price, is_set_menu) VALUES ('T1100D', 'Tour1100D', 1100000.0, true) ON CONFLICT (id) DO UPDATE SET sale_price = EXCLUDED.sale_price, is_set_menu = EXCLUDED.is_set_menu;
INSERT INTO recipes (menu_item_id, ingredient_id, qty_net, yield_pct, recipe_uom) VALUES ('T1100D', 'NVLC5022', 0.08, 85.0, 'G') ON CONFLICT (menu_item_id, ingredient_id) DO NOTHING;
INSERT INTO recipes (menu_item_id, ingredient_id, qty_net, yield_pct, recipe_uom) VALUES ('T1100D', 'NVLC5001', 0.1, 85.0, 'G') ON CONFLICT (menu_item_id, ingredient_id) DO NOTHING;
INSERT INTO recipes (menu_item_id, ingredient_id, qty_net, yield_pct, recipe_uom) VALUES ('T1100D', 'NVLC1003', 0.12, 85.0, 'G') ON CONFLICT (menu_item_id, ingredient_id) DO NOTHING;
INSERT INTO recipes (menu_item_id, ingredient_id, qty_net, yield_pct, recipe_uom) VALUES ('T1100D', 'NLP3008', 0.02, 85.0, 'G') ON CONFLICT (menu_item_id, ingredient_id) DO NOTHING;
INSERT INTO menu_items (id, name, sale_price, is_set_menu) VALUES ('T1200A', 'Tour1200A', 1200000.0, true) ON CONFLICT (id) DO UPDATE SET sale_price = EXCLUDED.sale_price, is_set_menu = EXCLUDED.is_set_menu;
INSERT INTO recipes (menu_item_id, ingredient_id, qty_net, yield_pct, recipe_uom) VALUES ('T1200A', 'NVLC6030', 0.05, 85.0, 'G') ON CONFLICT (menu_item_id, ingredient_id) DO NOTHING;
INSERT INTO recipes (menu_item_id, ingredient_id, qty_net, yield_pct, recipe_uom) VALUES ('T1200A', 'NVLC5005', 0.05, 85.0, 'G') ON CONFLICT (menu_item_id, ingredient_id) DO NOTHING;
INSERT INTO recipes (menu_item_id, ingredient_id, qty_net, yield_pct, recipe_uom) VALUES ('T1200A', 'NVLC1003', 0.12, 85.0, 'G') ON CONFLICT (menu_item_id, ingredient_id) DO NOTHING;
INSERT INTO recipes (menu_item_id, ingredient_id, qty_net, yield_pct, recipe_uom) VALUES ('T1200A', 'NLP3008', 0.04, 85.0, 'G') ON CONFLICT (menu_item_id, ingredient_id) DO NOTHING;
INSERT INTO menu_items (id, name, sale_price, is_set_menu) VALUES ('T1200B', 'Tour1200B', 1200000.0, true) ON CONFLICT (id) DO UPDATE SET sale_price = EXCLUDED.sale_price, is_set_menu = EXCLUDED.is_set_menu;
INSERT INTO recipes (menu_item_id, ingredient_id, qty_net, yield_pct, recipe_uom) VALUES ('T1200B', 'NLP2011', 0.04, 85.0, 'G') ON CONFLICT (menu_item_id, ingredient_id) DO NOTHING;
INSERT INTO recipes (menu_item_id, ingredient_id, qty_net, yield_pct, recipe_uom) VALUES ('T1200B', 'NVLC5005', 0.05, 85.0, 'G') ON CONFLICT (menu_item_id, ingredient_id) DO NOTHING;
INSERT INTO recipes (menu_item_id, ingredient_id, qty_net, yield_pct, recipe_uom) VALUES ('T1200B', 'NVLC1003', 0.12, 85.0, 'G') ON CONFLICT (menu_item_id, ingredient_id) DO NOTHING;
INSERT INTO recipes (menu_item_id, ingredient_id, qty_net, yield_pct, recipe_uom) VALUES ('T1200B', 'NLP3008', 0.02, 85.0, 'G') ON CONFLICT (menu_item_id, ingredient_id) DO NOTHING;
INSERT INTO menu_items (id, name, sale_price, is_set_menu) VALUES ('T1250A', 'Tour1250A', 1250000.0, true) ON CONFLICT (id) DO UPDATE SET sale_price = EXCLUDED.sale_price, is_set_menu = EXCLUDED.is_set_menu;
INSERT INTO recipes (menu_item_id, ingredient_id, qty_net, yield_pct, recipe_uom) VALUES ('T1250A', 'NVLC5001', 0.09, 85.0, 'G') ON CONFLICT (menu_item_id, ingredient_id) DO NOTHING;
INSERT INTO recipes (menu_item_id, ingredient_id, qty_net, yield_pct, recipe_uom) VALUES ('T1250A', 'NVLC5005', 0.085, 85.0, 'G') ON CONFLICT (menu_item_id, ingredient_id) DO NOTHING;
INSERT INTO recipes (menu_item_id, ingredient_id, qty_net, yield_pct, recipe_uom) VALUES ('T1250A', 'NVLC10025', 0.12, 85.0, 'G') ON CONFLICT (menu_item_id, ingredient_id) DO NOTHING;
INSERT INTO recipes (menu_item_id, ingredient_id, qty_net, yield_pct, recipe_uom) VALUES ('T1250A', 'NLP3008', 0.02, 85.0, 'G') ON CONFLICT (menu_item_id, ingredient_id) DO NOTHING;
INSERT INTO menu_items (id, name, sale_price, is_set_menu) VALUES ('T1500A', 'Tour1500A', 1500000.0, true) ON CONFLICT (id) DO UPDATE SET sale_price = EXCLUDED.sale_price, is_set_menu = EXCLUDED.is_set_menu;
INSERT INTO recipes (menu_item_id, ingredient_id, qty_net, yield_pct, recipe_uom) VALUES ('T1500A', 'NVLC6005', 0.08, 85.0, 'G') ON CONFLICT (menu_item_id, ingredient_id) DO NOTHING;
INSERT INTO recipes (menu_item_id, ingredient_id, qty_net, yield_pct, recipe_uom) VALUES ('T1500A', 'NLP2011', 0.03, 85.0, 'G') ON CONFLICT (menu_item_id, ingredient_id) DO NOTHING;
INSERT INTO recipes (menu_item_id, ingredient_id, qty_net, yield_pct, recipe_uom) VALUES ('T1500A', 'NVLC60021', 0.12, 85.0, 'G') ON CONFLICT (menu_item_id, ingredient_id) DO NOTHING;
INSERT INTO recipes (menu_item_id, ingredient_id, qty_net, yield_pct, recipe_uom) VALUES ('T1500A', 'NVLC10011', 0.12, 85.0, 'G') ON CONFLICT (menu_item_id, ingredient_id) DO NOTHING;
INSERT INTO recipes (menu_item_id, ingredient_id, qty_net, yield_pct, recipe_uom) VALUES ('T1500A', 'NLP4002', 0.06, 85.0, 'G') ON CONFLICT (menu_item_id, ingredient_id) DO NOTHING;
INSERT INTO recipes (menu_item_id, ingredient_id, qty_net, yield_pct, recipe_uom) VALUES ('T1500A', 'NLP3008', 0.02, 85.0, 'G') ON CONFLICT (menu_item_id, ingredient_id) DO NOTHING;
INSERT INTO menu_items (id, name, sale_price, is_set_menu) VALUES ('T1500B', 'Tour1500B', 1500000.0, true) ON CONFLICT (id) DO UPDATE SET sale_price = EXCLUDED.sale_price, is_set_menu = EXCLUDED.is_set_menu;
INSERT INTO recipes (menu_item_id, ingredient_id, qty_net, yield_pct, recipe_uom) VALUES ('T1500B', 'NVLC6017', 0.08, 85.0, 'G') ON CONFLICT (menu_item_id, ingredient_id) DO NOTHING;
INSERT INTO recipes (menu_item_id, ingredient_id, qty_net, yield_pct, recipe_uom) VALUES ('T1500B', 'NVLC10011', 0.12, 85.0, 'G') ON CONFLICT (menu_item_id, ingredient_id) DO NOTHING;
INSERT INTO recipes (menu_item_id, ingredient_id, qty_net, yield_pct, recipe_uom) VALUES ('T1500B', 'NLP3008', 0.02, 85.0, 'G') ON CONFLICT (menu_item_id, ingredient_id) DO NOTHING;
INSERT INTO menu_items (id, name, sale_price, is_set_menu) VALUES ('T1550A', 'Tour1550A', 1550000.0, true) ON CONFLICT (id) DO UPDATE SET sale_price = EXCLUDED.sale_price, is_set_menu = EXCLUDED.is_set_menu;
INSERT INTO recipes (menu_item_id, ingredient_id, qty_net, yield_pct, recipe_uom) VALUES ('T1550A', 'NVLC5001', 0.06, 85.0, 'G') ON CONFLICT (menu_item_id, ingredient_id) DO NOTHING;
INSERT INTO recipes (menu_item_id, ingredient_id, qty_net, yield_pct, recipe_uom) VALUES ('T1550A', 'NVLC5022', 0.08, 85.0, 'G') ON CONFLICT (menu_item_id, ingredient_id) DO NOTHING;
INSERT INTO recipes (menu_item_id, ingredient_id, qty_net, yield_pct, recipe_uom) VALUES ('T1550A', 'NVLC60021', 0.1, 85.0, 'G') ON CONFLICT (menu_item_id, ingredient_id) DO NOTHING;
INSERT INTO recipes (menu_item_id, ingredient_id, qty_net, yield_pct, recipe_uom) VALUES ('T1550A', 'NVLC10025', 0.12, 85.0, 'G') ON CONFLICT (menu_item_id, ingredient_id) DO NOTHING;
INSERT INTO recipes (menu_item_id, ingredient_id, qty_net, yield_pct, recipe_uom) VALUES ('T1550A', 'NLP4002', 0.05, 85.0, 'G') ON CONFLICT (menu_item_id, ingredient_id) DO NOTHING;
INSERT INTO recipes (menu_item_id, ingredient_id, qty_net, yield_pct, recipe_uom) VALUES ('T1550A', 'NLP3008', 0.02, 85.0, 'G') ON CONFLICT (menu_item_id, ingredient_id) DO NOTHING;
INSERT INTO menu_items (id, name, sale_price, is_set_menu) VALUES ('T1800A', 'Tour1800A', 1800000.0, true) ON CONFLICT (id) DO UPDATE SET sale_price = EXCLUDED.sale_price, is_set_menu = EXCLUDED.is_set_menu;
INSERT INTO recipes (menu_item_id, ingredient_id, qty_net, yield_pct, recipe_uom) VALUES ('T1800A', 'NVLC60021', 0.06, 85.0, 'G') ON CONFLICT (menu_item_id, ingredient_id) DO NOTHING;
INSERT INTO recipes (menu_item_id, ingredient_id, qty_net, yield_pct, recipe_uom) VALUES ('T1800A', 'NLP2011', 0.05, 85.0, 'G') ON CONFLICT (menu_item_id, ingredient_id) DO NOTHING;
INSERT INTO recipes (menu_item_id, ingredient_id, qty_net, yield_pct, recipe_uom) VALUES ('T1800A', 'NVLC10024', 0.12, 85.0, 'G') ON CONFLICT (menu_item_id, ingredient_id) DO NOTHING;
INSERT INTO recipes (menu_item_id, ingredient_id, qty_net, yield_pct, recipe_uom) VALUES ('T1800A', 'NLP3008', 0.02, 85.0, 'G') ON CONFLICT (menu_item_id, ingredient_id) DO NOTHING;
INSERT INTO menu_items (id, name, sale_price, is_set_menu) VALUES ('T2000A', 'Tour2000A', 2000000.0, true) ON CONFLICT (id) DO UPDATE SET sale_price = EXCLUDED.sale_price, is_set_menu = EXCLUDED.is_set_menu;
INSERT INTO menu_items (id, name, sale_price, is_set_menu) VALUES ('R6212', 'Dégustation Set Menu 4 to 7 Courses-5 (Tasting 5 courses)', 1200000.0, true) ON CONFLICT (id) DO UPDATE SET sale_price = EXCLUDED.sale_price, is_set_menu = EXCLUDED.is_set_menu;
INSERT INTO menu_items (id, name, sale_price, is_set_menu) VALUES ('R6213', 'Dégustation Set Menu 4 to 7 Courses-6 (Tasting 6 courses)', 1350000.0, true) ON CONFLICT (id) DO UPDATE SET sale_price = EXCLUDED.sale_price, is_set_menu = EXCLUDED.is_set_menu;
INSERT INTO menu_items (id, name, sale_price, is_set_menu) VALUES ('R6218', 'Dégustation Set Menu 4 to 7 Courses-11 (Tasting 7 courses)', 1500000.0, true) ON CONFLICT (id) DO UPDATE SET sale_price = EXCLUDED.sale_price, is_set_menu = EXCLUDED.is_set_menu;
INSERT INTO recipes (menu_item_id, ingredient_id, qty_net, yield_pct, recipe_uom) VALUES ('T2000A', 'NVLC60021', 0.06, 85.0, 'G') ON CONFLICT (menu_item_id, ingredient_id) DO NOTHING;
INSERT INTO recipes (menu_item_id, ingredient_id, qty_net, yield_pct, recipe_uom) VALUES ('T2000A', 'NLP2011', 0.05, 85.0, 'G') ON CONFLICT (menu_item_id, ingredient_id) DO NOTHING;
INSERT INTO recipes (menu_item_id, ingredient_id, qty_net, yield_pct, recipe_uom) VALUES ('T2000A', 'NVLC5020', 0.12, 85.0, 'G') ON CONFLICT (menu_item_id, ingredient_id) DO NOTHING;
INSERT INTO recipes (menu_item_id, ingredient_id, qty_net, yield_pct, recipe_uom) VALUES ('T2000A', 'NVLC10024', 0.12, 85.0, 'G') ON CONFLICT (menu_item_id, ingredient_id) DO NOTHING;
INSERT INTO recipes (menu_item_id, ingredient_id, qty_net, yield_pct, recipe_uom) VALUES ('T2000A', 'NLP3008', 0.02, 85.0, 'G') ON CONFLICT (menu_item_id, ingredient_id) DO NOTHING;

-- 8. Seed Set/Tasting Menu Components
INSERT INTO set_menu_items (parent_menu_item_id, child_menu_item_id, portion_ratio) VALUES ('R6212', 'R-001', 0.70) ON CONFLICT (parent_menu_item_id, child_menu_item_id) DO NOTHING;
INSERT INTO set_menu_items (parent_menu_item_id, child_menu_item_id, portion_ratio) VALUES ('R6212', 'R-008', 0.70) ON CONFLICT (parent_menu_item_id, child_menu_item_id) DO NOTHING;
INSERT INTO set_menu_items (parent_menu_item_id, child_menu_item_id, portion_ratio) VALUES ('R6212', 'R-011', 0.70) ON CONFLICT (parent_menu_item_id, child_menu_item_id) DO NOTHING;
INSERT INTO set_menu_items (parent_menu_item_id, child_menu_item_id, portion_ratio) VALUES ('R6212', 'R-012', 0.70) ON CONFLICT (parent_menu_item_id, child_menu_item_id) DO NOTHING;
INSERT INTO set_menu_items (parent_menu_item_id, child_menu_item_id, portion_ratio) VALUES ('R6212', 'R-023', 0.70) ON CONFLICT (parent_menu_item_id, child_menu_item_id) DO NOTHING;
INSERT INTO set_menu_items (parent_menu_item_id, child_menu_item_id, portion_ratio) VALUES ('R6213', 'R-001', 0.70) ON CONFLICT (parent_menu_item_id, child_menu_item_id) DO NOTHING;
INSERT INTO set_menu_items (parent_menu_item_id, child_menu_item_id, portion_ratio) VALUES ('R6213', 'R-008', 0.70) ON CONFLICT (parent_menu_item_id, child_menu_item_id) DO NOTHING;
INSERT INTO set_menu_items (parent_menu_item_id, child_menu_item_id, portion_ratio) VALUES ('R6213', 'R-011', 0.70) ON CONFLICT (parent_menu_item_id, child_menu_item_id) DO NOTHING;
INSERT INTO set_menu_items (parent_menu_item_id, child_menu_item_id, portion_ratio) VALUES ('R6213', 'R-026', 0.70) ON CONFLICT (parent_menu_item_id, child_menu_item_id) DO NOTHING;
INSERT INTO set_menu_items (parent_menu_item_id, child_menu_item_id, portion_ratio) VALUES ('R6213', 'R-012', 0.70) ON CONFLICT (parent_menu_item_id, child_menu_item_id) DO NOTHING;
INSERT INTO set_menu_items (parent_menu_item_id, child_menu_item_id, portion_ratio) VALUES ('R6213', 'R-023', 0.70) ON CONFLICT (parent_menu_item_id, child_menu_item_id) DO NOTHING;
INSERT INTO set_menu_items (parent_menu_item_id, child_menu_item_id, portion_ratio) VALUES ('R6218', 'R-001', 0.70) ON CONFLICT (parent_menu_item_id, child_menu_item_id) DO NOTHING;
INSERT INTO set_menu_items (parent_menu_item_id, child_menu_item_id, portion_ratio) VALUES ('R6218', 'R-008', 0.70) ON CONFLICT (parent_menu_item_id, child_menu_item_id) DO NOTHING;
INSERT INTO set_menu_items (parent_menu_item_id, child_menu_item_id, portion_ratio) VALUES ('R6218', 'R-011', 0.70) ON CONFLICT (parent_menu_item_id, child_menu_item_id) DO NOTHING;
INSERT INTO set_menu_items (parent_menu_item_id, child_menu_item_id, portion_ratio) VALUES ('R6218', 'R-026', 0.70) ON CONFLICT (parent_menu_item_id, child_menu_item_id) DO NOTHING;
INSERT INTO set_menu_items (parent_menu_item_id, child_menu_item_id, portion_ratio) VALUES ('R6218', 'R-012', 0.70) ON CONFLICT (parent_menu_item_id, child_menu_item_id) DO NOTHING;
INSERT INTO set_menu_items (parent_menu_item_id, child_menu_item_id, portion_ratio) VALUES ('R6218', 'R-021', 0.70) ON CONFLICT (parent_menu_item_id, child_menu_item_id) DO NOTHING;
INSERT INTO set_menu_items (parent_menu_item_id, child_menu_item_id, portion_ratio) VALUES ('R6218', 'R-023', 0.70) ON CONFLICT (parent_menu_item_id, child_menu_item_id) DO NOTHING;

-- Seed ingredient_departments automatically using dynamic SQL
DO $$
DECLARE
    r RECORD;
    is_bar BOOLEAN;
    is_shared BOOLEAN;
BEGIN
    FOR r IN SELECT id, code, ten_vi, purchase_category_id FROM ingredients LOOP
        -- check if it is bar category
        is_bar := r.purchase_category_id IN (
            SELECT id FROM purchase_categories 
            WHERE lower(code) LIKE '%wine%' OR lower(code) LIKE '%alcohol%' OR lower(code) LIKE '%beverage%'
        );
        
        -- check if it is a bottle stock item
        IF NOT is_bar THEN
            is_bar := EXISTS (
                SELECT 1 FROM ingredients WHERE id = r.id AND stock_uom = 'BOTTLE'
            );
        END IF;

        -- check if it is shared (vang nấu, cognac, cam, chanh, sữa, đường...)
        is_shared := r.id IN (
            '90000000-0000-0000-0000-000000000070', -- Vang trắng
            '90000000-0000-0000-0000-000000000071', -- Vang đỏ
            '90000000-0000-0000-0000-000000000072'  -- Cognac VSOP
        ) OR lower(r.ten_vi) LIKE '%cam%' 
          OR lower(r.ten_vi) LIKE '%chanh%' 
          OR lower(r.ten_vi) LIKE '%xoài%' 
          OR lower(r.ten_vi) LIKE '%dưa hấu%' 
          OR lower(r.ten_vi) LIKE '%sữa tươi%' 
          OR lower(r.ten_vi) LIKE '%sữa đặc%' 
          OR lower(r.ten_vi) LIKE '%đường%'
          OR r.code IN ('NLP60032', 'NLP60033', 'NLP3016', 'NLP3021');

        IF is_shared THEN
            INSERT INTO ingredient_departments (ingredient_id, department, usage_context, is_primary)
            VALUES (r.id, 'BAR', 'BEVERAGE', NOT is_bar)
            ON CONFLICT DO NOTHING;
            
            INSERT INTO ingredient_departments (ingredient_id, department, usage_context, is_primary)
            VALUES (r.id, 'KITCHEN', 'COOKING', is_bar)
            ON CONFLICT DO NOTHING;
        ELSIF is_bar THEN
            INSERT INTO ingredient_departments (ingredient_id, department, usage_context, is_primary)
            VALUES (r.id, 'BAR', 'BEVERAGE', true)
            ON CONFLICT DO NOTHING;
        ELSE
            INSERT INTO ingredient_departments (ingredient_id, department, usage_context, is_primary)
            VALUES (r.id, 'KITCHEN', 'COOKING', true)
            ON CONFLICT DO NOTHING;
        END IF;
    END LOOP;
END $$;

COMMIT;


-- ADD MISSING INGREDIENTS AND UOMS FOR IMPORT EXCEL 01/06 - 14/06


INSERT INTO ingredients (
  id, code, nom_fr, ten_vi, name_en, stock_uom, recipe_uom, 
  stock_to_recipe_factor, purchase_category_id, 
  wac_price, standard_price, is_beverage, is_active
) VALUES 
(
  'V9006', 'V9006', 
  'Kaiken Ultra Malbec',
  'Kaiken « Ultra » Malbec (Malbec · Uco Valley, Mendoza — Argentina)', 
  'Kaiken Ultra Malbec', 
  'BOTTLE', 'BOTTLE', 1, 
  (SELECT id FROM purchase_categories WHERE code = 'ALCOHOL' LIMIT 1),
  638000.0, 638000.0, true, true
),
(
  'NLP6002', 'NLP6002', 
  'Ingrédient de cuisine',
  'Nguyên liệu chế biến bếp', 
  'Kitchen processing ingredient', 
  'KG', 'G', 1000, 
  (SELECT id FROM purchase_categories WHERE code = 'STOCK' LIMIT 1),
  570984.7, 570984.7, false, true
),
(
  'NLP60048', 'NLP60048', 
  'Raisins verts sans pépins',
  'Nho xanh ko hạt', 
  'Green seedless grapes', 
  'KG', 'G', 1000, 
  (SELECT id FROM purchase_categories WHERE code = 'FRUIT' LIMIT 1),
  150000.0, 150000.0, false, true
)
ON CONFLICT (id) DO NOTHING;

-- ADD MISSING UOMS FOR IMPORT EXCEL 01/06 - 14/06 (LON, LY, NAI, QUA)


-- ADD MISSING CASE-SENSITIVE UOMS FOR IMPORT EXCEL (Chai)



-- =========================================================================
-- BAR RECIPES BASELINE UPDATE (v9.4)
-- =========================================================================

INSERT INTO ingredients (id, code, nom_fr, ten_vi, name_en, purchase_category_id, stock_uom, recipe_uom, stock_to_recipe_factor, tare_weight_grams, tolerance_percent, wac_price, standard_price, yield_rate, min_stock, max_stock, safety_stock, is_import, track_lot, is_beverage, auto_po_group, is_active) VALUES ('NLP60057', 'NLP60057', 'Carotte fraîche', 'Cà rốt tươi', 'Fresh Carrot', (SELECT id FROM purchase_categories WHERE code = 'VEGETABLE' LIMIT 1), 'KG', 'KG', 1.0, 0, 5.0, 15000.0, 15000.0, 60.0, 5.0, 50.0, 10.0, false, true, true, 'AUTO_PO', true) ON CONFLICT (id) DO NOTHING;
INSERT INTO ingredients (id, code, nom_fr, ten_vi, name_en, purchase_category_id, stock_uom, recipe_uom, stock_to_recipe_factor, tare_weight_grams, tolerance_percent, wac_price, standard_price, yield_rate, min_stock, max_stock, safety_stock, is_import, track_lot, is_beverage, auto_po_group, is_active) VALUES ('NLP60058', 'NLP60058', 'Gingembre frais', 'Gừng tươi', 'Fresh Ginger', (SELECT id FROM purchase_categories WHERE code = 'VEGETABLE' LIMIT 1), 'KG', 'KG', 1.0, 0, 5.0, 40000.0, 40000.0, 85.0, 5.0, 50.0, 10.0, false, true, true, 'AUTO_PO', true) ON CONFLICT (id) DO NOTHING;
INSERT INTO ingredients (id, code, nom_fr, ten_vi, name_en, purchase_category_id, stock_uom, recipe_uom, stock_to_recipe_factor, tare_weight_grams, tolerance_percent, wac_price, standard_price, yield_rate, min_stock, max_stock, safety_stock, is_import, track_lot, is_beverage, auto_po_group, is_active) VALUES ('NLP60059', 'NLP60059', 'Menthe fraîche', 'Bạc hà tươi', 'Fresh Mint', (SELECT id FROM purchase_categories WHERE code = 'HERB' LIMIT 1), 'KG', 'KG', 1.0, 0, 5.0, 50000.0, 50000.0, 100.0, 5.0, 50.0, 10.0, false, true, true, 'AUTO_PO', true) ON CONFLICT (id) DO NOTHING;
INSERT INTO ingredients (id, code, nom_fr, ten_vi, name_en, purchase_category_id, stock_uom, recipe_uom, stock_to_recipe_factor, tare_weight_grams, tolerance_percent, wac_price, standard_price, yield_rate, min_stock, max_stock, safety_stock, is_import, track_lot, is_beverage, auto_po_group, is_active) VALUES ('NLP60061', 'NLP60061', 'Concombre frais', 'Dưa chuột tươi', 'Fresh Cucumber', (SELECT id FROM purchase_categories WHERE code = 'VEGETABLE' LIMIT 1), 'KG', 'KG', 1.0, 0, 5.0, 15000.0, 15000.0, 60.0, 5.0, 50.0, 10.0, false, true, true, 'AUTO_PO', true) ON CONFLICT (id) DO NOTHING;
INSERT INTO ingredients (id, code, nom_fr, ten_vi, name_en, purchase_category_id, stock_uom, recipe_uom, stock_to_recipe_factor, tare_weight_grams, tolerance_percent, wac_price, standard_price, yield_rate, min_stock, max_stock, safety_stock, is_import, track_lot, is_beverage, auto_po_group, is_active) VALUES ('PKG-001', 'PKG-001', 'Gobelet en papier 270ml', 'Cốc giấy mang về 270ml', 'Takeaway Paper Cup 270ml', (SELECT id FROM purchase_categories WHERE code = 'CONDIMENT' LIMIT 1), 'PIECE', 'PIECE', 1.0, 0, 5.0, 1500.0, 1500.0, 100.0, 5.0, 50.0, 10.0, false, true, true, 'AUTO_PO', true) ON CONFLICT (id) DO NOTHING;
INSERT INTO ingredients (id, code, nom_fr, ten_vi, name_en, purchase_category_id, stock_uom, recipe_uom, stock_to_recipe_factor, tare_weight_grams, tolerance_percent, wac_price, standard_price, yield_rate, min_stock, max_stock, safety_stock, is_import, track_lot, is_beverage, auto_po_group, is_active) VALUES ('PKG-002', 'PKG-002', 'Couvercle de gobelet', 'Nắp cốc mang về', 'Takeaway Cup Lid', (SELECT id FROM purchase_categories WHERE code = 'CONDIMENT' LIMIT 1), 'PIECE', 'PIECE', 1.0, 0, 5.0, 500.0, 500.0, 100.0, 5.0, 50.0, 10.0, false, true, true, 'AUTO_PO', true) ON CONFLICT (id) DO NOTHING;
INSERT INTO ingredients (id, code, nom_fr, ten_vi, name_en, purchase_category_id, stock_uom, recipe_uom, stock_to_recipe_factor, tare_weight_grams, tolerance_percent, wac_price, standard_price, yield_rate, min_stock, max_stock, safety_stock, is_import, track_lot, is_beverage, auto_po_group, is_active) VALUES ('PKG-003', 'PKG-003', 'Paille en papier', 'Ống hút giấy', 'Paper Straw', (SELECT id FROM purchase_categories WHERE code = 'CONDIMENT' LIMIT 1), 'PIECE', 'PIECE', 1.0, 0, 5.0, 500.0, 500.0, 100.0, 5.0, 50.0, 10.0, false, true, true, 'AUTO_PO', true) ON CONFLICT (id) DO NOTHING;
INSERT INTO ingredients (id, code, nom_fr, ten_vi, name_en, purchase_category_id, stock_uom, recipe_uom, stock_to_recipe_factor, tare_weight_grams, tolerance_percent, wac_price, standard_price, yield_rate, min_stock, max_stock, safety_stock, is_import, track_lot, is_beverage, auto_po_group, is_active) VALUES ('PKG-004', 'PKG-004', 'Sac en papier', 'Túi giấy mang về', 'Takeaway Paper Bag', (SELECT id FROM purchase_categories WHERE code = 'CONDIMENT' LIMIT 1), 'PIECE', 'PIECE', 1.0, 0, 5.0, 2000.0, 2000.0, 100.0, 5.0, 50.0, 10.0, false, true, true, 'AUTO_PO', true) ON CONFLICT (id) DO NOTHING;

-- Menu Items for Bar
INSERT INTO menu_items (id, name, sale_price, is_set_menu) VALUES ('B5001', 'Heineken - 33cl', 70000.0, false) ON CONFLICT (id) DO UPDATE SET sale_price = EXCLUDED.sale_price;
INSERT INTO menu_items (id, name, sale_price, is_set_menu) VALUES ('B5002', 'Tiger - 33cl', 70000.0, false) ON CONFLICT (id) DO UPDATE SET sale_price = EXCLUDED.sale_price;
INSERT INTO menu_items (id, name, sale_price, is_set_menu) VALUES ('B5004', 'Beer 333 - 33cl', 70000.0, false) ON CONFLICT (id) DO UPDATE SET sale_price = EXCLUDED.sale_price;
INSERT INTO menu_items (id, name, sale_price, is_set_menu) VALUES ('B5005', 'Saigon beer - 33cl', 70000.0, false) ON CONFLICT (id) DO UPDATE SET sale_price = EXCLUDED.sale_price;
INSERT INTO menu_items (id, name, sale_price, is_set_menu) VALUES ('B5007', 'Sapporo draught', 90000.0, false) ON CONFLICT (id) DO UPDATE SET sale_price = EXCLUDED.sale_price;
INSERT INTO menu_items (id, name, sale_price, is_set_menu) VALUES ('B5010', 'Hanoi - 33cl', 70000.0, false) ON CONFLICT (id) DO UPDATE SET sale_price = EXCLUDED.sale_price;
INSERT INTO menu_items (id, name, sale_price, is_set_menu) VALUES ('B5012', 'Hanoi - can', 70000.0, false) ON CONFLICT (id) DO UPDATE SET sale_price = EXCLUDED.sale_price;
INSERT INTO menu_items (id, name, sale_price, is_set_menu) VALUES ('B5016', 'Leffe - Belgian beer - bottle 33cl', 130000.0, false) ON CONFLICT (id) DO UPDATE SET sale_price = EXCLUDED.sale_price;
INSERT INTO menu_items (id, name, sale_price, is_set_menu) VALUES ('M7001', 'Fresh orange juice', 100000.0, false) ON CONFLICT (id) DO UPDATE SET sale_price = EXCLUDED.sale_price;
INSERT INTO menu_items (id, name, sale_price, is_set_menu) VALUES ('M7002', 'Fresh lemon juice', 60000.0, false) ON CONFLICT (id) DO UPDATE SET sale_price = EXCLUDED.sale_price;
INSERT INTO menu_items (id, name, sale_price, is_set_menu) VALUES ('M7003', 'Mixed Seasonal fresh fruit juice', 100000.0, false) ON CONFLICT (id) DO UPDATE SET sale_price = EXCLUDED.sale_price;
INSERT INTO menu_items (id, name, sale_price, is_set_menu) VALUES ('M7005', 'Water Melon Juice', 70000.0, false) ON CONFLICT (id) DO UPDATE SET sale_price = EXCLUDED.sale_price;
INSERT INTO menu_items (id, name, sale_price, is_set_menu) VALUES ('M7006', 'Mango Juice', 100000.0, false) ON CONFLICT (id) DO UPDATE SET sale_price = EXCLUDED.sale_price;
INSERT INTO menu_items (id, name, sale_price, is_set_menu) VALUES ('M7007', 'Passion juice', 60000.0, false) ON CONFLICT (id) DO UPDATE SET sale_price = EXCLUDED.sale_price;
INSERT INTO menu_items (id, name, sale_price, is_set_menu) VALUES ('M7008', 'Pomelo Juice', 100000.0, false) ON CONFLICT (id) DO UPDATE SET sale_price = EXCLUDED.sale_price;
INSERT INTO menu_items (id, name, sale_price, is_set_menu) VALUES ('M7009', 'Pineapple Juice', 100000.0, false) ON CONFLICT (id) DO UPDATE SET sale_price = EXCLUDED.sale_price;
INSERT INTO menu_items (id, name, sale_price, is_set_menu) VALUES ('M7010', 'Apple Juice', 70000.0, false) ON CONFLICT (id) DO UPDATE SET sale_price = EXCLUDED.sale_price;
INSERT INTO menu_items (id, name, sale_price, is_set_menu) VALUES ('M7012', 'Margarita', 210000.0, false) ON CONFLICT (id) DO UPDATE SET sale_price = EXCLUDED.sale_price;
INSERT INTO menu_items (id, name, sale_price, is_set_menu) VALUES ('M7015', 'Singapore Sling', 220000.0, false) ON CONFLICT (id) DO UPDATE SET sale_price = EXCLUDED.sale_price;
INSERT INTO menu_items (id, name, sale_price, is_set_menu) VALUES ('M7018', 'Black Russian', 150000.0, false) ON CONFLICT (id) DO UPDATE SET sale_price = EXCLUDED.sale_price;
INSERT INTO menu_items (id, name, sale_price, is_set_menu) VALUES ('M7021', 'Pineapple Cooler', 135000.0, false) ON CONFLICT (id) DO UPDATE SET sale_price = EXCLUDED.sale_price;
INSERT INTO menu_items (id, name, sale_price, is_set_menu) VALUES ('M7022', 'Detox Juice', 90000.0, false) ON CONFLICT (id) DO UPDATE SET sale_price = EXCLUDED.sale_price;
INSERT INTO menu_items (id, name, sale_price, is_set_menu) VALUES ('M7023', 'Watermelon Cooler', 135000.0, false) ON CONFLICT (id) DO UPDATE SET sale_price = EXCLUDED.sale_price;
INSERT INTO menu_items (id, name, sale_price, is_set_menu) VALUES ('M7025', 'Sunset Citrus Cooler', 125000.0, false) ON CONFLICT (id) DO UPDATE SET sale_price = EXCLUDED.sale_price;
INSERT INTO menu_items (id, name, sale_price, is_set_menu) VALUES ('M7028', 'Cucumber Lime Cooler', 120000.0, false) ON CONFLICT (id) DO UPDATE SET sale_price = EXCLUDED.sale_price;
INSERT INTO menu_items (id, name, sale_price, is_set_menu) VALUES ('M7030', 'Virgin Mojito', 120000.0, false) ON CONFLICT (id) DO UPDATE SET sale_price = EXCLUDED.sale_price;
INSERT INTO menu_items (id, name, sale_price, is_set_menu) VALUES ('M7031', 'Mango Mojito', 120000.0, false) ON CONFLICT (id) DO UPDATE SET sale_price = EXCLUDED.sale_price;
INSERT INTO menu_items (id, name, sale_price, is_set_menu) VALUES ('M7032', 'Mojito', 230000.0, false) ON CONFLICT (id) DO UPDATE SET sale_price = EXCLUDED.sale_price;
INSERT INTO menu_items (id, name, sale_price, is_set_menu) VALUES ('M7033', 'Piña Colada', 230000.0, false) ON CONFLICT (id) DO UPDATE SET sale_price = EXCLUDED.sale_price;
INSERT INTO menu_items (id, name, sale_price, is_set_menu) VALUES ('M7034', 'Whisky Sour', 230000.0, false) ON CONFLICT (id) DO UPDATE SET sale_price = EXCLUDED.sale_price;
INSERT INTO menu_items (id, name, sale_price, is_set_menu) VALUES ('M7035', 'Tom Collins', 230000.0, false) ON CONFLICT (id) DO UPDATE SET sale_price = EXCLUDED.sale_price;
INSERT INTO menu_items (id, name, sale_price, is_set_menu) VALUES ('M7036', 'Tequila Sunrise', 230000.0, false) ON CONFLICT (id) DO UPDATE SET sale_price = EXCLUDED.sale_price;
INSERT INTO menu_items (id, name, sale_price, is_set_menu) VALUES ('M7037', 'Daiquiri', 490000.0, false) ON CONFLICT (id) DO UPDATE SET sale_price = EXCLUDED.sale_price;
INSERT INTO menu_items (id, name, sale_price, is_set_menu) VALUES ('M7038', 'Kir Royal', 190000.0, false) ON CONFLICT (id) DO UPDATE SET sale_price = EXCLUDED.sale_price;
INSERT INTO menu_items (id, name, sale_price, is_set_menu) VALUES ('M7039', 'Campari Soda', 120000.0, false) ON CONFLICT (id) DO UPDATE SET sale_price = EXCLUDED.sale_price;
INSERT INTO menu_items (id, name, sale_price, is_set_menu) VALUES ('M7040', 'Campari Orange', 120000.0, false) ON CONFLICT (id) DO UPDATE SET sale_price = EXCLUDED.sale_price;
INSERT INTO menu_items (id, name, sale_price, is_set_menu) VALUES ('M8001', 'Gin and Tonic', 125000.0, false) ON CONFLICT (id) DO UPDATE SET sale_price = EXCLUDED.sale_price;
INSERT INTO menu_items (id, name, sale_price, is_set_menu) VALUES ('M8002', 'Whisky & soda', 190000.0, false) ON CONFLICT (id) DO UPDATE SET sale_price = EXCLUDED.sale_price;
INSERT INTO menu_items (id, name, sale_price, is_set_menu) VALUES ('M9001', 'Espresso coffee', 50000.0, false) ON CONFLICT (id) DO UPDATE SET sale_price = EXCLUDED.sale_price;
INSERT INTO menu_items (id, name, sale_price, is_set_menu) VALUES ('M9002', 'Cappuccino', 50000.0, false) ON CONFLICT (id) DO UPDATE SET sale_price = EXCLUDED.sale_price;
INSERT INTO menu_items (id, name, sale_price, is_set_menu) VALUES ('M9003', 'Regular coffee', 35000.0, false) ON CONFLICT (id) DO UPDATE SET sale_price = EXCLUDED.sale_price;
INSERT INTO menu_items (id, name, sale_price, is_set_menu) VALUES ('M9004', 'Ice coffee', 35000.0, false) ON CONFLICT (id) DO UPDATE SET sale_price = EXCLUDED.sale_price;
INSERT INTO menu_items (id, name, sale_price, is_set_menu) VALUES ('M9005', 'Lipton tea', 35000.0, false) ON CONFLICT (id) DO UPDATE SET sale_price = EXCLUDED.sale_price;
INSERT INTO menu_items (id, name, sale_price, is_set_menu) VALUES ('M9006', 'Ice Lipton tea', 35000.0, false) ON CONFLICT (id) DO UPDATE SET sale_price = EXCLUDED.sale_price;
INSERT INTO menu_items (id, name, sale_price, is_set_menu) VALUES ('M9008', 'Vietnamese ice tea', 35000.0, false) ON CONFLICT (id) DO UPDATE SET sale_price = EXCLUDED.sale_price;
INSERT INTO menu_items (id, name, sale_price, is_set_menu) VALUES ('M9009', 'Olong tea (pot)', 50000.0, false) ON CONFLICT (id) DO UPDATE SET sale_price = EXCLUDED.sale_price;
INSERT INTO menu_items (id, name, sale_price, is_set_menu) VALUES ('M9010', 'Double Espresso', 70000.0, false) ON CONFLICT (id) DO UPDATE SET sale_price = EXCLUDED.sale_price;
INSERT INTO menu_items (id, name, sale_price, is_set_menu) VALUES ('M9011', 'Latte Coffee', 70000.0, false) ON CONFLICT (id) DO UPDATE SET sale_price = EXCLUDED.sale_price;
INSERT INTO menu_items (id, name, sale_price, is_set_menu) VALUES ('M9012', 'Americano Coffee', 50000.0, false) ON CONFLICT (id) DO UPDATE SET sale_price = EXCLUDED.sale_price;
INSERT INTO menu_items (id, name, sale_price, is_set_menu) VALUES ('M9013', 'Vietnamese tea Pot (Ấm Trà Mạn Thái Nguyên)', 50000.0, false) ON CONFLICT (id) DO UPDATE SET sale_price = EXCLUDED.sale_price;
INSERT INTO menu_items (id, name, sale_price, is_set_menu) VALUES ('M9014', 'Earl grey tea', 50000.0, false) ON CONFLICT (id) DO UPDATE SET sale_price = EXCLUDED.sale_price;
INSERT INTO menu_items (id, name, sale_price, is_set_menu) VALUES ('M9015', 'Mocha Coffee', 70000.0, false) ON CONFLICT (id) DO UPDATE SET sale_price = EXCLUDED.sale_price;
INSERT INTO menu_items (id, name, sale_price, is_set_menu) VALUES ('M9016', 'Vietnamese milk coffee', 50000.0, false) ON CONFLICT (id) DO UPDATE SET sale_price = EXCLUDED.sale_price;
INSERT INTO menu_items (id, name, sale_price, is_set_menu) VALUES ('M9017', 'Jasmine Tea', 55000.0, false) ON CONFLICT (id) DO UPDATE SET sale_price = EXCLUDED.sale_price;
INSERT INTO menu_items (id, name, sale_price, is_set_menu) VALUES ('M9018', 'Lotus Tea', 55000.0, false) ON CONFLICT (id) DO UPDATE SET sale_price = EXCLUDED.sale_price;
INSERT INTO menu_items (id, name, sale_price, is_set_menu) VALUES ('M9101', 'Red wine glass - FRANCE', 160000.0, false) ON CONFLICT (id) DO UPDATE SET sale_price = EXCLUDED.sale_price;
INSERT INTO menu_items (id, name, sale_price, is_set_menu) VALUES ('M9102', 'White wine glass - FRANCE', 160000.0, false) ON CONFLICT (id) DO UPDATE SET sale_price = EXCLUDED.sale_price;
INSERT INTO menu_items (id, name, sale_price, is_set_menu) VALUES ('M9104', 'White wine glass CHILE - Luis Felipe', 140000.0, false) ON CONFLICT (id) DO UPDATE SET sale_price = EXCLUDED.sale_price;
INSERT INTO menu_items (id, name, sale_price, is_set_menu) VALUES ('M9106', 'Dalat red wine glass', 120000.0, false) ON CONFLICT (id) DO UPDATE SET sale_price = EXCLUDED.sale_price;
INSERT INTO menu_items (id, name, sale_price, is_set_menu) VALUES ('M9107', 'Dalat white wine glass', 120000.0, false) ON CONFLICT (id) DO UPDATE SET sale_price = EXCLUDED.sale_price;
INSERT INTO menu_items (id, name, sale_price, is_set_menu) VALUES ('M9109', 'Rose wine France (glass)', 160000.0, false) ON CONFLICT (id) DO UPDATE SET sale_price = EXCLUDED.sale_price;
INSERT INTO menu_items (id, name, sale_price, is_set_menu) VALUES ('M9121', 'Pierre Larousse Sparkling Brut -  Glass', 400000.0, false) ON CONFLICT (id) DO UPDATE SET sale_price = EXCLUDED.sale_price;
INSERT INTO menu_items (id, name, sale_price, is_set_menu) VALUES ('M9204', 'Cigar Cohiba Siglo VI', 300000.0, false) ON CONFLICT (id) DO UPDATE SET sale_price = EXCLUDED.sale_price;
INSERT INTO menu_items (id, name, sale_price, is_set_menu) VALUES ('V1001', 'Chateau Noaillac Medoc Cru Bourgeois 37.5cl (R)', 735000.0, false) ON CONFLICT (id) DO UPDATE SET sale_price = EXCLUDED.sale_price;
INSERT INTO menu_items (id, name, sale_price, is_set_menu) VALUES ('V2002', 'Larousse Chardonnay Sparkling, France', 1200000.0, false) ON CONFLICT (id) DO UPDATE SET sale_price = EXCLUDED.sale_price;
INSERT INTO menu_items (id, name, sale_price, is_set_menu) VALUES ('V4045', 'Louis Latour - Bourgogne Pinot Noir', 2100000.0, false) ON CONFLICT (id) DO UPDATE SET sale_price = EXCLUDED.sale_price;
INSERT INTO menu_items (id, name, sale_price, is_set_menu) VALUES ('V4064', 'F. Thienpont Causse Rouge Merlot, Bordeaux - Red', 995000.0, false) ON CONFLICT (id) DO UPDATE SET sale_price = EXCLUDED.sale_price;
INSERT INTO menu_items (id, name, sale_price, is_set_menu) VALUES ('V4065', 'Baron P. de Rothschild Mouton Cadet Bordeaux - Red', 1300000.0, false) ON CONFLICT (id) DO UPDATE SET sale_price = EXCLUDED.sale_price;
INSERT INTO menu_items (id, name, sale_price, is_set_menu) VALUES ('V4075', 'Louis Latour Pinot Noir Les Pierres Dorées - Red', 2850000.0, false) ON CONFLICT (id) DO UPDATE SET sale_price = EXCLUDED.sale_price;
INSERT INTO menu_items (id, name, sale_price, is_set_menu) VALUES ('V4088', 'Château Baratet, Cabernet Sauvignon, France', 1100000.0, false) ON CONFLICT (id) DO UPDATE SET sale_price = EXCLUDED.sale_price;
INSERT INTO menu_items (id, name, sale_price, is_set_menu) VALUES ('V4091', 'Bernard Magrez « Le Prélat » Rouge Côtes du Rhône Villages Laudun', 1500000.0, false) ON CONFLICT (id) DO UPDATE SET sale_price = EXCLUDED.sale_price;
INSERT INTO menu_items (id, name, sale_price, is_set_menu) VALUES ('V6027', 'Luis Felipe Chardonnay', 1550000.0, false) ON CONFLICT (id) DO UPDATE SET sale_price = EXCLUDED.sale_price;
INSERT INTO menu_items (id, name, sale_price, is_set_menu) VALUES ('V6034', 'Frontera Cabernet Sauvignon 75cl (Red)', 1200000.0, false) ON CONFLICT (id) DO UPDATE SET sale_price = EXCLUDED.sale_price;
INSERT INTO menu_items (id, name, sale_price, is_set_menu) VALUES ('V6056', 'MontGras Estate Cabernet Sauvignon Chile', 1300000.0, false) ON CONFLICT (id) DO UPDATE SET sale_price = EXCLUDED.sale_price;
INSERT INTO menu_items (id, name, sale_price, is_set_menu) VALUES ('V6059', 'Montes Classic Series Chardonnay (CuricóValley DO — Chile)', 1850000.0, false) ON CONFLICT (id) DO UPDATE SET sale_price = EXCLUDED.sale_price;
INSERT INTO menu_items (id, name, sale_price, is_set_menu) VALUES ('V9410', 'Dufouleur Monopole Rose Wine', 595000.0, false) ON CONFLICT (id) DO UPDATE SET sale_price = EXCLUDED.sale_price;
INSERT INTO menu_items (id, name, sale_price, is_set_menu) VALUES ('V9501', 'Dalat Wine Red - Bottle', 550000.0, false) ON CONFLICT (id) DO UPDATE SET sale_price = EXCLUDED.sale_price;
INSERT INTO menu_items (id, name, sale_price, is_set_menu) VALUES ('V9502', 'Dalat Wine White - Bottle', 550000.0, false) ON CONFLICT (id) DO UPDATE SET sale_price = EXCLUDED.sale_price;

-- Menu Prices (Dine-In and Takeaway) for Bar
INSERT INTO menu_prices (item_code, order_type, price) VALUES ('M7001', 'DINE_IN', 100000.0) ON CONFLICT (item_code, order_type) DO UPDATE SET price = EXCLUDED.price;
INSERT INTO menu_prices (item_code, order_type, price) VALUES ('M7001', 'TAKEAWAY', 120000.0) ON CONFLICT (item_code, order_type) DO UPDATE SET price = EXCLUDED.price;
INSERT INTO menu_prices (item_code, order_type, price) VALUES ('M7002', 'DINE_IN', 60000.0) ON CONFLICT (item_code, order_type) DO UPDATE SET price = EXCLUDED.price;
INSERT INTO menu_prices (item_code, order_type, price) VALUES ('M7002', 'TAKEAWAY', 70000.0) ON CONFLICT (item_code, order_type) DO UPDATE SET price = EXCLUDED.price;
INSERT INTO menu_prices (item_code, order_type, price) VALUES ('M7003', 'DINE_IN', 100000.0) ON CONFLICT (item_code, order_type) DO UPDATE SET price = EXCLUDED.price;
INSERT INTO menu_prices (item_code, order_type, price) VALUES ('M7003', 'TAKEAWAY', 120000.0) ON CONFLICT (item_code, order_type) DO UPDATE SET price = EXCLUDED.price;
INSERT INTO menu_prices (item_code, order_type, price) VALUES ('M7005', 'DINE_IN', 70000.0) ON CONFLICT (item_code, order_type) DO UPDATE SET price = EXCLUDED.price;
INSERT INTO menu_prices (item_code, order_type, price) VALUES ('M7005', 'TAKEAWAY', 70000.0) ON CONFLICT (item_code, order_type) DO UPDATE SET price = EXCLUDED.price;
INSERT INTO menu_prices (item_code, order_type, price) VALUES ('M7006', 'DINE_IN', 100000.0) ON CONFLICT (item_code, order_type) DO UPDATE SET price = EXCLUDED.price;
INSERT INTO menu_prices (item_code, order_type, price) VALUES ('M7006', 'TAKEAWAY', 120000.0) ON CONFLICT (item_code, order_type) DO UPDATE SET price = EXCLUDED.price;
INSERT INTO menu_prices (item_code, order_type, price) VALUES ('M7007', 'DINE_IN', 60000.0) ON CONFLICT (item_code, order_type) DO UPDATE SET price = EXCLUDED.price;
INSERT INTO menu_prices (item_code, order_type, price) VALUES ('M7007', 'TAKEAWAY', 70000.0) ON CONFLICT (item_code, order_type) DO UPDATE SET price = EXCLUDED.price;
INSERT INTO menu_prices (item_code, order_type, price) VALUES ('M7008', 'DINE_IN', 100000.0) ON CONFLICT (item_code, order_type) DO UPDATE SET price = EXCLUDED.price;
INSERT INTO menu_prices (item_code, order_type, price) VALUES ('M7008', 'TAKEAWAY', 120000.0) ON CONFLICT (item_code, order_type) DO UPDATE SET price = EXCLUDED.price;
INSERT INTO menu_prices (item_code, order_type, price) VALUES ('M7009', 'DINE_IN', 100000.0) ON CONFLICT (item_code, order_type) DO UPDATE SET price = EXCLUDED.price;
INSERT INTO menu_prices (item_code, order_type, price) VALUES ('M7009', 'TAKEAWAY', 120000.0) ON CONFLICT (item_code, order_type) DO UPDATE SET price = EXCLUDED.price;
INSERT INTO menu_prices (item_code, order_type, price) VALUES ('M7010', 'DINE_IN', 70000.0) ON CONFLICT (item_code, order_type) DO UPDATE SET price = EXCLUDED.price;
INSERT INTO menu_prices (item_code, order_type, price) VALUES ('M7010', 'TAKEAWAY', 90000.0) ON CONFLICT (item_code, order_type) DO UPDATE SET price = EXCLUDED.price;
INSERT INTO menu_prices (item_code, order_type, price) VALUES ('M7012', 'DINE_IN', 210000.0) ON CONFLICT (item_code, order_type) DO UPDATE SET price = EXCLUDED.price;
INSERT INTO menu_prices (item_code, order_type, price) VALUES ('M7012', 'TAKEAWAY', 220000.0) ON CONFLICT (item_code, order_type) DO UPDATE SET price = EXCLUDED.price;
INSERT INTO menu_prices (item_code, order_type, price) VALUES ('M7015', 'DINE_IN', 220000.0) ON CONFLICT (item_code, order_type) DO UPDATE SET price = EXCLUDED.price;
INSERT INTO menu_prices (item_code, order_type, price) VALUES ('M7015', 'TAKEAWAY', 220000.0) ON CONFLICT (item_code, order_type) DO UPDATE SET price = EXCLUDED.price;
INSERT INTO menu_prices (item_code, order_type, price) VALUES ('M7018', 'DINE_IN', 150000.0) ON CONFLICT (item_code, order_type) DO UPDATE SET price = EXCLUDED.price;
INSERT INTO menu_prices (item_code, order_type, price) VALUES ('M7018', 'TAKEAWAY', 220000.0) ON CONFLICT (item_code, order_type) DO UPDATE SET price = EXCLUDED.price;
INSERT INTO menu_prices (item_code, order_type, price) VALUES ('M7021', 'DINE_IN', 135000.0) ON CONFLICT (item_code, order_type) DO UPDATE SET price = EXCLUDED.price;
INSERT INTO menu_prices (item_code, order_type, price) VALUES ('M7021', 'TAKEAWAY', 150000.0) ON CONFLICT (item_code, order_type) DO UPDATE SET price = EXCLUDED.price;
INSERT INTO menu_prices (item_code, order_type, price) VALUES ('M7022', 'DINE_IN', 90000.0) ON CONFLICT (item_code, order_type) DO UPDATE SET price = EXCLUDED.price;
INSERT INTO menu_prices (item_code, order_type, price) VALUES ('M7022', 'TAKEAWAY', 110000.0) ON CONFLICT (item_code, order_type) DO UPDATE SET price = EXCLUDED.price;
INSERT INTO menu_prices (item_code, order_type, price) VALUES ('M7023', 'DINE_IN', 135000.0) ON CONFLICT (item_code, order_type) DO UPDATE SET price = EXCLUDED.price;
INSERT INTO menu_prices (item_code, order_type, price) VALUES ('M7023', 'TAKEAWAY', 150000.0) ON CONFLICT (item_code, order_type) DO UPDATE SET price = EXCLUDED.price;
INSERT INTO menu_prices (item_code, order_type, price) VALUES ('M7025', 'DINE_IN', 125000.0) ON CONFLICT (item_code, order_type) DO UPDATE SET price = EXCLUDED.price;
INSERT INTO menu_prices (item_code, order_type, price) VALUES ('M7025', 'TAKEAWAY', 150000.0) ON CONFLICT (item_code, order_type) DO UPDATE SET price = EXCLUDED.price;
INSERT INTO menu_prices (item_code, order_type, price) VALUES ('M7028', 'DINE_IN', 120000.0) ON CONFLICT (item_code, order_type) DO UPDATE SET price = EXCLUDED.price;
INSERT INTO menu_prices (item_code, order_type, price) VALUES ('M7028', 'TAKEAWAY', 120000.0) ON CONFLICT (item_code, order_type) DO UPDATE SET price = EXCLUDED.price;
INSERT INTO menu_prices (item_code, order_type, price) VALUES ('M7030', 'DINE_IN', 120000.0) ON CONFLICT (item_code, order_type) DO UPDATE SET price = EXCLUDED.price;
INSERT INTO menu_prices (item_code, order_type, price) VALUES ('M7030', 'TAKEAWAY', 120000.0) ON CONFLICT (item_code, order_type) DO UPDATE SET price = EXCLUDED.price;
INSERT INTO menu_prices (item_code, order_type, price) VALUES ('M7031', 'DINE_IN', 120000.0) ON CONFLICT (item_code, order_type) DO UPDATE SET price = EXCLUDED.price;
INSERT INTO menu_prices (item_code, order_type, price) VALUES ('M7031', 'TAKEAWAY', 120000.0) ON CONFLICT (item_code, order_type) DO UPDATE SET price = EXCLUDED.price;
INSERT INTO menu_prices (item_code, order_type, price) VALUES ('M7032', 'DINE_IN', 230000.0) ON CONFLICT (item_code, order_type) DO UPDATE SET price = EXCLUDED.price;
INSERT INTO menu_prices (item_code, order_type, price) VALUES ('M7032', 'TAKEAWAY', 300000.0) ON CONFLICT (item_code, order_type) DO UPDATE SET price = EXCLUDED.price;
INSERT INTO menu_prices (item_code, order_type, price) VALUES ('M7033', 'DINE_IN', 230000.0) ON CONFLICT (item_code, order_type) DO UPDATE SET price = EXCLUDED.price;
INSERT INTO menu_prices (item_code, order_type, price) VALUES ('M7033', 'TAKEAWAY', 300000.0) ON CONFLICT (item_code, order_type) DO UPDATE SET price = EXCLUDED.price;
INSERT INTO menu_prices (item_code, order_type, price) VALUES ('M7034', 'DINE_IN', 230000.0) ON CONFLICT (item_code, order_type) DO UPDATE SET price = EXCLUDED.price;
INSERT INTO menu_prices (item_code, order_type, price) VALUES ('M7034', 'TAKEAWAY', 300000.0) ON CONFLICT (item_code, order_type) DO UPDATE SET price = EXCLUDED.price;
INSERT INTO menu_prices (item_code, order_type, price) VALUES ('M7035', 'DINE_IN', 230000.0) ON CONFLICT (item_code, order_type) DO UPDATE SET price = EXCLUDED.price;
INSERT INTO menu_prices (item_code, order_type, price) VALUES ('M7035', 'TAKEAWAY', 300000.0) ON CONFLICT (item_code, order_type) DO UPDATE SET price = EXCLUDED.price;
INSERT INTO menu_prices (item_code, order_type, price) VALUES ('M7036', 'DINE_IN', 230000.0) ON CONFLICT (item_code, order_type) DO UPDATE SET price = EXCLUDED.price;
INSERT INTO menu_prices (item_code, order_type, price) VALUES ('M7036', 'TAKEAWAY', 300000.0) ON CONFLICT (item_code, order_type) DO UPDATE SET price = EXCLUDED.price;
INSERT INTO menu_prices (item_code, order_type, price) VALUES ('M7037', 'DINE_IN', 490000.0) ON CONFLICT (item_code, order_type) DO UPDATE SET price = EXCLUDED.price;
INSERT INTO menu_prices (item_code, order_type, price) VALUES ('M7037', 'TAKEAWAY', 490000.0) ON CONFLICT (item_code, order_type) DO UPDATE SET price = EXCLUDED.price;
INSERT INTO menu_prices (item_code, order_type, price) VALUES ('M7038', 'DINE_IN', 190000.0) ON CONFLICT (item_code, order_type) DO UPDATE SET price = EXCLUDED.price;
INSERT INTO menu_prices (item_code, order_type, price) VALUES ('M7038', 'TAKEAWAY', 250000.0) ON CONFLICT (item_code, order_type) DO UPDATE SET price = EXCLUDED.price;
INSERT INTO menu_prices (item_code, order_type, price) VALUES ('M7039', 'DINE_IN', 120000.0) ON CONFLICT (item_code, order_type) DO UPDATE SET price = EXCLUDED.price;
INSERT INTO menu_prices (item_code, order_type, price) VALUES ('M7039', 'TAKEAWAY', 150000.0) ON CONFLICT (item_code, order_type) DO UPDATE SET price = EXCLUDED.price;
INSERT INTO menu_prices (item_code, order_type, price) VALUES ('M7040', 'DINE_IN', 120000.0) ON CONFLICT (item_code, order_type) DO UPDATE SET price = EXCLUDED.price;
INSERT INTO menu_prices (item_code, order_type, price) VALUES ('M7040', 'TAKEAWAY', 150000.0) ON CONFLICT (item_code, order_type) DO UPDATE SET price = EXCLUDED.price;
INSERT INTO menu_prices (item_code, order_type, price) VALUES ('M8001', 'DINE_IN', 125000.0) ON CONFLICT (item_code, order_type) DO UPDATE SET price = EXCLUDED.price;
INSERT INTO menu_prices (item_code, order_type, price) VALUES ('M8001', 'TAKEAWAY', 150000.0) ON CONFLICT (item_code, order_type) DO UPDATE SET price = EXCLUDED.price;
INSERT INTO menu_prices (item_code, order_type, price) VALUES ('M8002', 'DINE_IN', 190000.0) ON CONFLICT (item_code, order_type) DO UPDATE SET price = EXCLUDED.price;
INSERT INTO menu_prices (item_code, order_type, price) VALUES ('M8002', 'TAKEAWAY', 220000.0) ON CONFLICT (item_code, order_type) DO UPDATE SET price = EXCLUDED.price;
INSERT INTO menu_prices (item_code, order_type, price) VALUES ('M9001', 'DINE_IN', 50000.0) ON CONFLICT (item_code, order_type) DO UPDATE SET price = EXCLUDED.price;
INSERT INTO menu_prices (item_code, order_type, price) VALUES ('M9001', 'TAKEAWAY', 50000.0) ON CONFLICT (item_code, order_type) DO UPDATE SET price = EXCLUDED.price;
INSERT INTO menu_prices (item_code, order_type, price) VALUES ('M9002', 'DINE_IN', 50000.0) ON CONFLICT (item_code, order_type) DO UPDATE SET price = EXCLUDED.price;
INSERT INTO menu_prices (item_code, order_type, price) VALUES ('M9002', 'TAKEAWAY', 50000.0) ON CONFLICT (item_code, order_type) DO UPDATE SET price = EXCLUDED.price;
INSERT INTO menu_prices (item_code, order_type, price) VALUES ('M9003', 'DINE_IN', 35000.0) ON CONFLICT (item_code, order_type) DO UPDATE SET price = EXCLUDED.price;
INSERT INTO menu_prices (item_code, order_type, price) VALUES ('M9003', 'TAKEAWAY', 35000.0) ON CONFLICT (item_code, order_type) DO UPDATE SET price = EXCLUDED.price;
INSERT INTO menu_prices (item_code, order_type, price) VALUES ('M9004', 'DINE_IN', 35000.0) ON CONFLICT (item_code, order_type) DO UPDATE SET price = EXCLUDED.price;
INSERT INTO menu_prices (item_code, order_type, price) VALUES ('M9004', 'TAKEAWAY', 35000.0) ON CONFLICT (item_code, order_type) DO UPDATE SET price = EXCLUDED.price;
INSERT INTO menu_prices (item_code, order_type, price) VALUES ('M9005', 'DINE_IN', 35000.0) ON CONFLICT (item_code, order_type) DO UPDATE SET price = EXCLUDED.price;
INSERT INTO menu_prices (item_code, order_type, price) VALUES ('M9005', 'TAKEAWAY', 25000.0) ON CONFLICT (item_code, order_type) DO UPDATE SET price = EXCLUDED.price;
INSERT INTO menu_prices (item_code, order_type, price) VALUES ('M9006', 'DINE_IN', 35000.0) ON CONFLICT (item_code, order_type) DO UPDATE SET price = EXCLUDED.price;
INSERT INTO menu_prices (item_code, order_type, price) VALUES ('M9006', 'TAKEAWAY', 25000.0) ON CONFLICT (item_code, order_type) DO UPDATE SET price = EXCLUDED.price;
INSERT INTO menu_prices (item_code, order_type, price) VALUES ('M9008', 'DINE_IN', 35000.0) ON CONFLICT (item_code, order_type) DO UPDATE SET price = EXCLUDED.price;
INSERT INTO menu_prices (item_code, order_type, price) VALUES ('M9008', 'TAKEAWAY', 25000.0) ON CONFLICT (item_code, order_type) DO UPDATE SET price = EXCLUDED.price;
INSERT INTO menu_prices (item_code, order_type, price) VALUES ('M9009', 'DINE_IN', 50000.0) ON CONFLICT (item_code, order_type) DO UPDATE SET price = EXCLUDED.price;
INSERT INTO menu_prices (item_code, order_type, price) VALUES ('M9009', 'TAKEAWAY', 50000.0) ON CONFLICT (item_code, order_type) DO UPDATE SET price = EXCLUDED.price;
INSERT INTO menu_prices (item_code, order_type, price) VALUES ('M9010', 'DINE_IN', 70000.0) ON CONFLICT (item_code, order_type) DO UPDATE SET price = EXCLUDED.price;
INSERT INTO menu_prices (item_code, order_type, price) VALUES ('M9010', 'TAKEAWAY', 70000.0) ON CONFLICT (item_code, order_type) DO UPDATE SET price = EXCLUDED.price;
INSERT INTO menu_prices (item_code, order_type, price) VALUES ('M9011', 'DINE_IN', 70000.0) ON CONFLICT (item_code, order_type) DO UPDATE SET price = EXCLUDED.price;
INSERT INTO menu_prices (item_code, order_type, price) VALUES ('M9011', 'TAKEAWAY', 70000.0) ON CONFLICT (item_code, order_type) DO UPDATE SET price = EXCLUDED.price;
INSERT INTO menu_prices (item_code, order_type, price) VALUES ('M9012', 'DINE_IN', 50000.0) ON CONFLICT (item_code, order_type) DO UPDATE SET price = EXCLUDED.price;
INSERT INTO menu_prices (item_code, order_type, price) VALUES ('M9012', 'TAKEAWAY', 50000.0) ON CONFLICT (item_code, order_type) DO UPDATE SET price = EXCLUDED.price;
INSERT INTO menu_prices (item_code, order_type, price) VALUES ('M9013', 'DINE_IN', 50000.0) ON CONFLICT (item_code, order_type) DO UPDATE SET price = EXCLUDED.price;
INSERT INTO menu_prices (item_code, order_type, price) VALUES ('M9013', 'TAKEAWAY', 50000.0) ON CONFLICT (item_code, order_type) DO UPDATE SET price = EXCLUDED.price;
INSERT INTO menu_prices (item_code, order_type, price) VALUES ('M9014', 'DINE_IN', 50000.0) ON CONFLICT (item_code, order_type) DO UPDATE SET price = EXCLUDED.price;
INSERT INTO menu_prices (item_code, order_type, price) VALUES ('M9014', 'TAKEAWAY', 70000.0) ON CONFLICT (item_code, order_type) DO UPDATE SET price = EXCLUDED.price;
INSERT INTO menu_prices (item_code, order_type, price) VALUES ('M9015', 'DINE_IN', 70000.0) ON CONFLICT (item_code, order_type) DO UPDATE SET price = EXCLUDED.price;
INSERT INTO menu_prices (item_code, order_type, price) VALUES ('M9015', 'TAKEAWAY', 70000.0) ON CONFLICT (item_code, order_type) DO UPDATE SET price = EXCLUDED.price;
INSERT INTO menu_prices (item_code, order_type, price) VALUES ('M9016', 'DINE_IN', 50000.0) ON CONFLICT (item_code, order_type) DO UPDATE SET price = EXCLUDED.price;
INSERT INTO menu_prices (item_code, order_type, price) VALUES ('M9016', 'TAKEAWAY', 50000.0) ON CONFLICT (item_code, order_type) DO UPDATE SET price = EXCLUDED.price;
INSERT INTO menu_prices (item_code, order_type, price) VALUES ('M9017', 'DINE_IN', 55000.0) ON CONFLICT (item_code, order_type) DO UPDATE SET price = EXCLUDED.price;
INSERT INTO menu_prices (item_code, order_type, price) VALUES ('M9017', 'TAKEAWAY', 55000.0) ON CONFLICT (item_code, order_type) DO UPDATE SET price = EXCLUDED.price;
INSERT INTO menu_prices (item_code, order_type, price) VALUES ('M9018', 'DINE_IN', 55000.0) ON CONFLICT (item_code, order_type) DO UPDATE SET price = EXCLUDED.price;
INSERT INTO menu_prices (item_code, order_type, price) VALUES ('M9018', 'TAKEAWAY', 55000.0) ON CONFLICT (item_code, order_type) DO UPDATE SET price = EXCLUDED.price;
INSERT INTO menu_prices (item_code, order_type, price) VALUES ('M9101', 'DINE_IN', 160000.0) ON CONFLICT (item_code, order_type) DO UPDATE SET price = EXCLUDED.price;
INSERT INTO menu_prices (item_code, order_type, price) VALUES ('M9101', 'TAKEAWAY', 230000.0) ON CONFLICT (item_code, order_type) DO UPDATE SET price = EXCLUDED.price;
INSERT INTO menu_prices (item_code, order_type, price) VALUES ('M9102', 'DINE_IN', 160000.0) ON CONFLICT (item_code, order_type) DO UPDATE SET price = EXCLUDED.price;
INSERT INTO menu_prices (item_code, order_type, price) VALUES ('M9102', 'TAKEAWAY', 230000.0) ON CONFLICT (item_code, order_type) DO UPDATE SET price = EXCLUDED.price;
INSERT INTO menu_prices (item_code, order_type, price) VALUES ('M9104', 'DINE_IN', 140000.0) ON CONFLICT (item_code, order_type) DO UPDATE SET price = EXCLUDED.price;
INSERT INTO menu_prices (item_code, order_type, price) VALUES ('M9104', 'TAKEAWAY', 230000.0) ON CONFLICT (item_code, order_type) DO UPDATE SET price = EXCLUDED.price;
INSERT INTO menu_prices (item_code, order_type, price) VALUES ('M9106', 'DINE_IN', 120000.0) ON CONFLICT (item_code, order_type) DO UPDATE SET price = EXCLUDED.price;
INSERT INTO menu_prices (item_code, order_type, price) VALUES ('M9106', 'TAKEAWAY', 120000.0) ON CONFLICT (item_code, order_type) DO UPDATE SET price = EXCLUDED.price;
INSERT INTO menu_prices (item_code, order_type, price) VALUES ('M9107', 'DINE_IN', 120000.0) ON CONFLICT (item_code, order_type) DO UPDATE SET price = EXCLUDED.price;
INSERT INTO menu_prices (item_code, order_type, price) VALUES ('M9107', 'TAKEAWAY', 120000.0) ON CONFLICT (item_code, order_type) DO UPDATE SET price = EXCLUDED.price;
INSERT INTO menu_prices (item_code, order_type, price) VALUES ('M9109', 'DINE_IN', 160000.0) ON CONFLICT (item_code, order_type) DO UPDATE SET price = EXCLUDED.price;
INSERT INTO menu_prices (item_code, order_type, price) VALUES ('M9109', 'TAKEAWAY', 230000.0) ON CONFLICT (item_code, order_type) DO UPDATE SET price = EXCLUDED.price;
INSERT INTO menu_prices (item_code, order_type, price) VALUES ('M9121', 'DINE_IN', 400000.0) ON CONFLICT (item_code, order_type) DO UPDATE SET price = EXCLUDED.price;
INSERT INTO menu_prices (item_code, order_type, price) VALUES ('M9121', 'TAKEAWAY', 400000.0) ON CONFLICT (item_code, order_type) DO UPDATE SET price = EXCLUDED.price;
INSERT INTO menu_prices (item_code, order_type, price) VALUES ('M9204', 'DINE_IN', 300000.0) ON CONFLICT (item_code, order_type) DO UPDATE SET price = EXCLUDED.price;
INSERT INTO menu_prices (item_code, order_type, price) VALUES ('M9204', 'TAKEAWAY', 300000.0) ON CONFLICT (item_code, order_type) DO UPDATE SET price = EXCLUDED.price;
INSERT INTO menu_prices (item_code, order_type, price) VALUES ('B5001', 'DINE_IN', 70000.0) ON CONFLICT (item_code, order_type) DO UPDATE SET price = EXCLUDED.price;
INSERT INTO menu_prices (item_code, order_type, price) VALUES ('B5001', 'TAKEAWAY', 90000.0) ON CONFLICT (item_code, order_type) DO UPDATE SET price = EXCLUDED.price;
INSERT INTO menu_prices (item_code, order_type, price) VALUES ('B5002', 'DINE_IN', 70000.0) ON CONFLICT (item_code, order_type) DO UPDATE SET price = EXCLUDED.price;
INSERT INTO menu_prices (item_code, order_type, price) VALUES ('B5002', 'TAKEAWAY', 90000.0) ON CONFLICT (item_code, order_type) DO UPDATE SET price = EXCLUDED.price;
INSERT INTO menu_prices (item_code, order_type, price) VALUES ('B5004', 'DINE_IN', 70000.0) ON CONFLICT (item_code, order_type) DO UPDATE SET price = EXCLUDED.price;
INSERT INTO menu_prices (item_code, order_type, price) VALUES ('B5004', 'TAKEAWAY', 70000.0) ON CONFLICT (item_code, order_type) DO UPDATE SET price = EXCLUDED.price;
INSERT INTO menu_prices (item_code, order_type, price) VALUES ('B5005', 'DINE_IN', 70000.0) ON CONFLICT (item_code, order_type) DO UPDATE SET price = EXCLUDED.price;
INSERT INTO menu_prices (item_code, order_type, price) VALUES ('B5005', 'TAKEAWAY', 70000.0) ON CONFLICT (item_code, order_type) DO UPDATE SET price = EXCLUDED.price;
INSERT INTO menu_prices (item_code, order_type, price) VALUES ('B5007', 'DINE_IN', 90000.0) ON CONFLICT (item_code, order_type) DO UPDATE SET price = EXCLUDED.price;
INSERT INTO menu_prices (item_code, order_type, price) VALUES ('B5007', 'TAKEAWAY', 70000.0) ON CONFLICT (item_code, order_type) DO UPDATE SET price = EXCLUDED.price;
INSERT INTO menu_prices (item_code, order_type, price) VALUES ('B5010', 'DINE_IN', 70000.0) ON CONFLICT (item_code, order_type) DO UPDATE SET price = EXCLUDED.price;
INSERT INTO menu_prices (item_code, order_type, price) VALUES ('B5010', 'TAKEAWAY', 70000.0) ON CONFLICT (item_code, order_type) DO UPDATE SET price = EXCLUDED.price;
INSERT INTO menu_prices (item_code, order_type, price) VALUES ('B5012', 'DINE_IN', 70000.0) ON CONFLICT (item_code, order_type) DO UPDATE SET price = EXCLUDED.price;
INSERT INTO menu_prices (item_code, order_type, price) VALUES ('B5012', 'TAKEAWAY', 70000.0) ON CONFLICT (item_code, order_type) DO UPDATE SET price = EXCLUDED.price;
INSERT INTO menu_prices (item_code, order_type, price) VALUES ('B5016', 'DINE_IN', 130000.0) ON CONFLICT (item_code, order_type) DO UPDATE SET price = EXCLUDED.price;
INSERT INTO menu_prices (item_code, order_type, price) VALUES ('B5016', 'TAKEAWAY', 130000.0) ON CONFLICT (item_code, order_type) DO UPDATE SET price = EXCLUDED.price;
INSERT INTO menu_prices (item_code, order_type, price) VALUES ('V1001', 'DINE_IN', 735000.0) ON CONFLICT (item_code, order_type) DO UPDATE SET price = EXCLUDED.price;
INSERT INTO menu_prices (item_code, order_type, price) VALUES ('V1001', 'TAKEAWAY', 735000.0) ON CONFLICT (item_code, order_type) DO UPDATE SET price = EXCLUDED.price;
INSERT INTO menu_prices (item_code, order_type, price) VALUES ('V2002', 'DINE_IN', 1200000.0) ON CONFLICT (item_code, order_type) DO UPDATE SET price = EXCLUDED.price;
INSERT INTO menu_prices (item_code, order_type, price) VALUES ('V2002', 'TAKEAWAY', 1200000.0) ON CONFLICT (item_code, order_type) DO UPDATE SET price = EXCLUDED.price;
INSERT INTO menu_prices (item_code, order_type, price) VALUES ('V4045', 'DINE_IN', 2100000.0) ON CONFLICT (item_code, order_type) DO UPDATE SET price = EXCLUDED.price;
INSERT INTO menu_prices (item_code, order_type, price) VALUES ('V4045', 'TAKEAWAY', 2100000.0) ON CONFLICT (item_code, order_type) DO UPDATE SET price = EXCLUDED.price;
INSERT INTO menu_prices (item_code, order_type, price) VALUES ('V4064', 'DINE_IN', 995000.0) ON CONFLICT (item_code, order_type) DO UPDATE SET price = EXCLUDED.price;
INSERT INTO menu_prices (item_code, order_type, price) VALUES ('V4064', 'TAKEAWAY', 995000.0) ON CONFLICT (item_code, order_type) DO UPDATE SET price = EXCLUDED.price;
INSERT INTO menu_prices (item_code, order_type, price) VALUES ('V4065', 'DINE_IN', 1300000.0) ON CONFLICT (item_code, order_type) DO UPDATE SET price = EXCLUDED.price;
INSERT INTO menu_prices (item_code, order_type, price) VALUES ('V4065', 'TAKEAWAY', 1300000.0) ON CONFLICT (item_code, order_type) DO UPDATE SET price = EXCLUDED.price;
INSERT INTO menu_prices (item_code, order_type, price) VALUES ('V4075', 'DINE_IN', 2850000.0) ON CONFLICT (item_code, order_type) DO UPDATE SET price = EXCLUDED.price;
INSERT INTO menu_prices (item_code, order_type, price) VALUES ('V4075', 'TAKEAWAY', 2850000.0) ON CONFLICT (item_code, order_type) DO UPDATE SET price = EXCLUDED.price;
INSERT INTO menu_prices (item_code, order_type, price) VALUES ('V4088', 'DINE_IN', 1100000.0) ON CONFLICT (item_code, order_type) DO UPDATE SET price = EXCLUDED.price;
INSERT INTO menu_prices (item_code, order_type, price) VALUES ('V4088', 'TAKEAWAY', 1100000.0) ON CONFLICT (item_code, order_type) DO UPDATE SET price = EXCLUDED.price;
INSERT INTO menu_prices (item_code, order_type, price) VALUES ('V4091', 'DINE_IN', 1500000.0) ON CONFLICT (item_code, order_type) DO UPDATE SET price = EXCLUDED.price;
INSERT INTO menu_prices (item_code, order_type, price) VALUES ('V4091', 'TAKEAWAY', 1500000.0) ON CONFLICT (item_code, order_type) DO UPDATE SET price = EXCLUDED.price;
INSERT INTO menu_prices (item_code, order_type, price) VALUES ('V6027', 'DINE_IN', 1550000.0) ON CONFLICT (item_code, order_type) DO UPDATE SET price = EXCLUDED.price;
INSERT INTO menu_prices (item_code, order_type, price) VALUES ('V6027', 'TAKEAWAY', 1550000.0) ON CONFLICT (item_code, order_type) DO UPDATE SET price = EXCLUDED.price;
INSERT INTO menu_prices (item_code, order_type, price) VALUES ('V6034', 'DINE_IN', 1200000.0) ON CONFLICT (item_code, order_type) DO UPDATE SET price = EXCLUDED.price;
INSERT INTO menu_prices (item_code, order_type, price) VALUES ('V6034', 'TAKEAWAY', 1200000.0) ON CONFLICT (item_code, order_type) DO UPDATE SET price = EXCLUDED.price;
INSERT INTO menu_prices (item_code, order_type, price) VALUES ('V6056', 'DINE_IN', 1300000.0) ON CONFLICT (item_code, order_type) DO UPDATE SET price = EXCLUDED.price;
INSERT INTO menu_prices (item_code, order_type, price) VALUES ('V6056', 'TAKEAWAY', 1300000.0) ON CONFLICT (item_code, order_type) DO UPDATE SET price = EXCLUDED.price;
INSERT INTO menu_prices (item_code, order_type, price) VALUES ('V6059', 'DINE_IN', 1850000.0) ON CONFLICT (item_code, order_type) DO UPDATE SET price = EXCLUDED.price;
INSERT INTO menu_prices (item_code, order_type, price) VALUES ('V6059', 'TAKEAWAY', 1850000.0) ON CONFLICT (item_code, order_type) DO UPDATE SET price = EXCLUDED.price;
INSERT INTO menu_prices (item_code, order_type, price) VALUES ('V9410', 'DINE_IN', 595000.0) ON CONFLICT (item_code, order_type) DO UPDATE SET price = EXCLUDED.price;
INSERT INTO menu_prices (item_code, order_type, price) VALUES ('V9410', 'TAKEAWAY', 595000.0) ON CONFLICT (item_code, order_type) DO UPDATE SET price = EXCLUDED.price;
INSERT INTO menu_prices (item_code, order_type, price) VALUES ('V9501', 'DINE_IN', 550000.0) ON CONFLICT (item_code, order_type) DO UPDATE SET price = EXCLUDED.price;
INSERT INTO menu_prices (item_code, order_type, price) VALUES ('V9501', 'TAKEAWAY', 550000.0) ON CONFLICT (item_code, order_type) DO UPDATE SET price = EXCLUDED.price;
INSERT INTO menu_prices (item_code, order_type, price) VALUES ('V9502', 'DINE_IN', 550000.0) ON CONFLICT (item_code, order_type) DO UPDATE SET price = EXCLUDED.price;
INSERT INTO menu_prices (item_code, order_type, price) VALUES ('V9502', 'TAKEAWAY', 550000.0) ON CONFLICT (item_code, order_type) DO UPDATE SET price = EXCLUDED.price;

-- Takeaway Packaging Map for Bar
INSERT INTO takeaway_packaging_map (pos_item_code, packaging_id, qty_per_unit) VALUES ('M7001', 'PKG-001', 1.0) ON CONFLICT (pos_item_code, packaging_id) DO UPDATE SET qty_per_unit = EXCLUDED.qty_per_unit;
INSERT INTO takeaway_packaging_map (pos_item_code, packaging_id, qty_per_unit) VALUES ('M7001', 'PKG-002', 1.0) ON CONFLICT (pos_item_code, packaging_id) DO UPDATE SET qty_per_unit = EXCLUDED.qty_per_unit;
INSERT INTO takeaway_packaging_map (pos_item_code, packaging_id, qty_per_unit) VALUES ('M7001', 'PKG-003', 1.0) ON CONFLICT (pos_item_code, packaging_id) DO UPDATE SET qty_per_unit = EXCLUDED.qty_per_unit;
INSERT INTO takeaway_packaging_map (pos_item_code, packaging_id, qty_per_unit) VALUES ('M7001', 'PKG-004', 0.5) ON CONFLICT (pos_item_code, packaging_id) DO UPDATE SET qty_per_unit = EXCLUDED.qty_per_unit;
INSERT INTO takeaway_packaging_map (pos_item_code, packaging_id, qty_per_unit) VALUES ('M7002', 'PKG-001', 1.0) ON CONFLICT (pos_item_code, packaging_id) DO UPDATE SET qty_per_unit = EXCLUDED.qty_per_unit;
INSERT INTO takeaway_packaging_map (pos_item_code, packaging_id, qty_per_unit) VALUES ('M7002', 'PKG-002', 1.0) ON CONFLICT (pos_item_code, packaging_id) DO UPDATE SET qty_per_unit = EXCLUDED.qty_per_unit;
INSERT INTO takeaway_packaging_map (pos_item_code, packaging_id, qty_per_unit) VALUES ('M7002', 'PKG-003', 1.0) ON CONFLICT (pos_item_code, packaging_id) DO UPDATE SET qty_per_unit = EXCLUDED.qty_per_unit;
INSERT INTO takeaway_packaging_map (pos_item_code, packaging_id, qty_per_unit) VALUES ('M7002', 'PKG-004', 0.5) ON CONFLICT (pos_item_code, packaging_id) DO UPDATE SET qty_per_unit = EXCLUDED.qty_per_unit;
INSERT INTO takeaway_packaging_map (pos_item_code, packaging_id, qty_per_unit) VALUES ('M7003', 'PKG-001', 1.0) ON CONFLICT (pos_item_code, packaging_id) DO UPDATE SET qty_per_unit = EXCLUDED.qty_per_unit;
INSERT INTO takeaway_packaging_map (pos_item_code, packaging_id, qty_per_unit) VALUES ('M7003', 'PKG-002', 1.0) ON CONFLICT (pos_item_code, packaging_id) DO UPDATE SET qty_per_unit = EXCLUDED.qty_per_unit;
INSERT INTO takeaway_packaging_map (pos_item_code, packaging_id, qty_per_unit) VALUES ('M7003', 'PKG-003', 1.0) ON CONFLICT (pos_item_code, packaging_id) DO UPDATE SET qty_per_unit = EXCLUDED.qty_per_unit;
INSERT INTO takeaway_packaging_map (pos_item_code, packaging_id, qty_per_unit) VALUES ('M7003', 'PKG-004', 0.5) ON CONFLICT (pos_item_code, packaging_id) DO UPDATE SET qty_per_unit = EXCLUDED.qty_per_unit;
INSERT INTO takeaway_packaging_map (pos_item_code, packaging_id, qty_per_unit) VALUES ('M7005', 'PKG-001', 1.0) ON CONFLICT (pos_item_code, packaging_id) DO UPDATE SET qty_per_unit = EXCLUDED.qty_per_unit;
INSERT INTO takeaway_packaging_map (pos_item_code, packaging_id, qty_per_unit) VALUES ('M7005', 'PKG-002', 1.0) ON CONFLICT (pos_item_code, packaging_id) DO UPDATE SET qty_per_unit = EXCLUDED.qty_per_unit;
INSERT INTO takeaway_packaging_map (pos_item_code, packaging_id, qty_per_unit) VALUES ('M7005', 'PKG-003', 1.0) ON CONFLICT (pos_item_code, packaging_id) DO UPDATE SET qty_per_unit = EXCLUDED.qty_per_unit;
INSERT INTO takeaway_packaging_map (pos_item_code, packaging_id, qty_per_unit) VALUES ('M7005', 'PKG-004', 0.5) ON CONFLICT (pos_item_code, packaging_id) DO UPDATE SET qty_per_unit = EXCLUDED.qty_per_unit;
INSERT INTO takeaway_packaging_map (pos_item_code, packaging_id, qty_per_unit) VALUES ('M7006', 'PKG-001', 1.0) ON CONFLICT (pos_item_code, packaging_id) DO UPDATE SET qty_per_unit = EXCLUDED.qty_per_unit;
INSERT INTO takeaway_packaging_map (pos_item_code, packaging_id, qty_per_unit) VALUES ('M7006', 'PKG-002', 1.0) ON CONFLICT (pos_item_code, packaging_id) DO UPDATE SET qty_per_unit = EXCLUDED.qty_per_unit;
INSERT INTO takeaway_packaging_map (pos_item_code, packaging_id, qty_per_unit) VALUES ('M7006', 'PKG-003', 1.0) ON CONFLICT (pos_item_code, packaging_id) DO UPDATE SET qty_per_unit = EXCLUDED.qty_per_unit;
INSERT INTO takeaway_packaging_map (pos_item_code, packaging_id, qty_per_unit) VALUES ('M7006', 'PKG-004', 0.5) ON CONFLICT (pos_item_code, packaging_id) DO UPDATE SET qty_per_unit = EXCLUDED.qty_per_unit;
INSERT INTO takeaway_packaging_map (pos_item_code, packaging_id, qty_per_unit) VALUES ('M7007', 'PKG-001', 1.0) ON CONFLICT (pos_item_code, packaging_id) DO UPDATE SET qty_per_unit = EXCLUDED.qty_per_unit;
INSERT INTO takeaway_packaging_map (pos_item_code, packaging_id, qty_per_unit) VALUES ('M7007', 'PKG-002', 1.0) ON CONFLICT (pos_item_code, packaging_id) DO UPDATE SET qty_per_unit = EXCLUDED.qty_per_unit;
INSERT INTO takeaway_packaging_map (pos_item_code, packaging_id, qty_per_unit) VALUES ('M7007', 'PKG-003', 1.0) ON CONFLICT (pos_item_code, packaging_id) DO UPDATE SET qty_per_unit = EXCLUDED.qty_per_unit;
INSERT INTO takeaway_packaging_map (pos_item_code, packaging_id, qty_per_unit) VALUES ('M7007', 'PKG-004', 0.5) ON CONFLICT (pos_item_code, packaging_id) DO UPDATE SET qty_per_unit = EXCLUDED.qty_per_unit;
INSERT INTO takeaway_packaging_map (pos_item_code, packaging_id, qty_per_unit) VALUES ('M7008', 'PKG-001', 1.0) ON CONFLICT (pos_item_code, packaging_id) DO UPDATE SET qty_per_unit = EXCLUDED.qty_per_unit;
INSERT INTO takeaway_packaging_map (pos_item_code, packaging_id, qty_per_unit) VALUES ('M7008', 'PKG-002', 1.0) ON CONFLICT (pos_item_code, packaging_id) DO UPDATE SET qty_per_unit = EXCLUDED.qty_per_unit;
INSERT INTO takeaway_packaging_map (pos_item_code, packaging_id, qty_per_unit) VALUES ('M7008', 'PKG-003', 1.0) ON CONFLICT (pos_item_code, packaging_id) DO UPDATE SET qty_per_unit = EXCLUDED.qty_per_unit;
INSERT INTO takeaway_packaging_map (pos_item_code, packaging_id, qty_per_unit) VALUES ('M7008', 'PKG-004', 0.5) ON CONFLICT (pos_item_code, packaging_id) DO UPDATE SET qty_per_unit = EXCLUDED.qty_per_unit;
INSERT INTO takeaway_packaging_map (pos_item_code, packaging_id, qty_per_unit) VALUES ('M7009', 'PKG-001', 1.0) ON CONFLICT (pos_item_code, packaging_id) DO UPDATE SET qty_per_unit = EXCLUDED.qty_per_unit;
INSERT INTO takeaway_packaging_map (pos_item_code, packaging_id, qty_per_unit) VALUES ('M7009', 'PKG-002', 1.0) ON CONFLICT (pos_item_code, packaging_id) DO UPDATE SET qty_per_unit = EXCLUDED.qty_per_unit;
INSERT INTO takeaway_packaging_map (pos_item_code, packaging_id, qty_per_unit) VALUES ('M7009', 'PKG-003', 1.0) ON CONFLICT (pos_item_code, packaging_id) DO UPDATE SET qty_per_unit = EXCLUDED.qty_per_unit;
INSERT INTO takeaway_packaging_map (pos_item_code, packaging_id, qty_per_unit) VALUES ('M7009', 'PKG-004', 0.5) ON CONFLICT (pos_item_code, packaging_id) DO UPDATE SET qty_per_unit = EXCLUDED.qty_per_unit;
INSERT INTO takeaway_packaging_map (pos_item_code, packaging_id, qty_per_unit) VALUES ('M7010', 'PKG-001', 1.0) ON CONFLICT (pos_item_code, packaging_id) DO UPDATE SET qty_per_unit = EXCLUDED.qty_per_unit;
INSERT INTO takeaway_packaging_map (pos_item_code, packaging_id, qty_per_unit) VALUES ('M7010', 'PKG-002', 1.0) ON CONFLICT (pos_item_code, packaging_id) DO UPDATE SET qty_per_unit = EXCLUDED.qty_per_unit;
INSERT INTO takeaway_packaging_map (pos_item_code, packaging_id, qty_per_unit) VALUES ('M7010', 'PKG-003', 1.0) ON CONFLICT (pos_item_code, packaging_id) DO UPDATE SET qty_per_unit = EXCLUDED.qty_per_unit;
INSERT INTO takeaway_packaging_map (pos_item_code, packaging_id, qty_per_unit) VALUES ('M7010', 'PKG-004', 0.5) ON CONFLICT (pos_item_code, packaging_id) DO UPDATE SET qty_per_unit = EXCLUDED.qty_per_unit;
INSERT INTO takeaway_packaging_map (pos_item_code, packaging_id, qty_per_unit) VALUES ('M7012', 'PKG-001', 1.0) ON CONFLICT (pos_item_code, packaging_id) DO UPDATE SET qty_per_unit = EXCLUDED.qty_per_unit;
INSERT INTO takeaway_packaging_map (pos_item_code, packaging_id, qty_per_unit) VALUES ('M7012', 'PKG-002', 1.0) ON CONFLICT (pos_item_code, packaging_id) DO UPDATE SET qty_per_unit = EXCLUDED.qty_per_unit;
INSERT INTO takeaway_packaging_map (pos_item_code, packaging_id, qty_per_unit) VALUES ('M7012', 'PKG-003', 1.0) ON CONFLICT (pos_item_code, packaging_id) DO UPDATE SET qty_per_unit = EXCLUDED.qty_per_unit;
INSERT INTO takeaway_packaging_map (pos_item_code, packaging_id, qty_per_unit) VALUES ('M7012', 'PKG-004', 0.5) ON CONFLICT (pos_item_code, packaging_id) DO UPDATE SET qty_per_unit = EXCLUDED.qty_per_unit;
INSERT INTO takeaway_packaging_map (pos_item_code, packaging_id, qty_per_unit) VALUES ('M7015', 'PKG-001', 1.0) ON CONFLICT (pos_item_code, packaging_id) DO UPDATE SET qty_per_unit = EXCLUDED.qty_per_unit;
INSERT INTO takeaway_packaging_map (pos_item_code, packaging_id, qty_per_unit) VALUES ('M7015', 'PKG-002', 1.0) ON CONFLICT (pos_item_code, packaging_id) DO UPDATE SET qty_per_unit = EXCLUDED.qty_per_unit;
INSERT INTO takeaway_packaging_map (pos_item_code, packaging_id, qty_per_unit) VALUES ('M7015', 'PKG-003', 1.0) ON CONFLICT (pos_item_code, packaging_id) DO UPDATE SET qty_per_unit = EXCLUDED.qty_per_unit;
INSERT INTO takeaway_packaging_map (pos_item_code, packaging_id, qty_per_unit) VALUES ('M7015', 'PKG-004', 0.5) ON CONFLICT (pos_item_code, packaging_id) DO UPDATE SET qty_per_unit = EXCLUDED.qty_per_unit;
INSERT INTO takeaway_packaging_map (pos_item_code, packaging_id, qty_per_unit) VALUES ('M7018', 'PKG-001', 1.0) ON CONFLICT (pos_item_code, packaging_id) DO UPDATE SET qty_per_unit = EXCLUDED.qty_per_unit;
INSERT INTO takeaway_packaging_map (pos_item_code, packaging_id, qty_per_unit) VALUES ('M7018', 'PKG-002', 1.0) ON CONFLICT (pos_item_code, packaging_id) DO UPDATE SET qty_per_unit = EXCLUDED.qty_per_unit;
INSERT INTO takeaway_packaging_map (pos_item_code, packaging_id, qty_per_unit) VALUES ('M7018', 'PKG-003', 1.0) ON CONFLICT (pos_item_code, packaging_id) DO UPDATE SET qty_per_unit = EXCLUDED.qty_per_unit;
INSERT INTO takeaway_packaging_map (pos_item_code, packaging_id, qty_per_unit) VALUES ('M7018', 'PKG-004', 0.5) ON CONFLICT (pos_item_code, packaging_id) DO UPDATE SET qty_per_unit = EXCLUDED.qty_per_unit;
INSERT INTO takeaway_packaging_map (pos_item_code, packaging_id, qty_per_unit) VALUES ('M7021', 'PKG-001', 1.0) ON CONFLICT (pos_item_code, packaging_id) DO UPDATE SET qty_per_unit = EXCLUDED.qty_per_unit;
INSERT INTO takeaway_packaging_map (pos_item_code, packaging_id, qty_per_unit) VALUES ('M7021', 'PKG-002', 1.0) ON CONFLICT (pos_item_code, packaging_id) DO UPDATE SET qty_per_unit = EXCLUDED.qty_per_unit;
INSERT INTO takeaway_packaging_map (pos_item_code, packaging_id, qty_per_unit) VALUES ('M7021', 'PKG-003', 1.0) ON CONFLICT (pos_item_code, packaging_id) DO UPDATE SET qty_per_unit = EXCLUDED.qty_per_unit;
INSERT INTO takeaway_packaging_map (pos_item_code, packaging_id, qty_per_unit) VALUES ('M7021', 'PKG-004', 0.5) ON CONFLICT (pos_item_code, packaging_id) DO UPDATE SET qty_per_unit = EXCLUDED.qty_per_unit;
INSERT INTO takeaway_packaging_map (pos_item_code, packaging_id, qty_per_unit) VALUES ('M7022', 'PKG-001', 1.0) ON CONFLICT (pos_item_code, packaging_id) DO UPDATE SET qty_per_unit = EXCLUDED.qty_per_unit;
INSERT INTO takeaway_packaging_map (pos_item_code, packaging_id, qty_per_unit) VALUES ('M7022', 'PKG-002', 1.0) ON CONFLICT (pos_item_code, packaging_id) DO UPDATE SET qty_per_unit = EXCLUDED.qty_per_unit;
INSERT INTO takeaway_packaging_map (pos_item_code, packaging_id, qty_per_unit) VALUES ('M7022', 'PKG-003', 1.0) ON CONFLICT (pos_item_code, packaging_id) DO UPDATE SET qty_per_unit = EXCLUDED.qty_per_unit;
INSERT INTO takeaway_packaging_map (pos_item_code, packaging_id, qty_per_unit) VALUES ('M7022', 'PKG-004', 0.5) ON CONFLICT (pos_item_code, packaging_id) DO UPDATE SET qty_per_unit = EXCLUDED.qty_per_unit;
INSERT INTO takeaway_packaging_map (pos_item_code, packaging_id, qty_per_unit) VALUES ('M7023', 'PKG-001', 1.0) ON CONFLICT (pos_item_code, packaging_id) DO UPDATE SET qty_per_unit = EXCLUDED.qty_per_unit;
INSERT INTO takeaway_packaging_map (pos_item_code, packaging_id, qty_per_unit) VALUES ('M7023', 'PKG-002', 1.0) ON CONFLICT (pos_item_code, packaging_id) DO UPDATE SET qty_per_unit = EXCLUDED.qty_per_unit;
INSERT INTO takeaway_packaging_map (pos_item_code, packaging_id, qty_per_unit) VALUES ('M7023', 'PKG-003', 1.0) ON CONFLICT (pos_item_code, packaging_id) DO UPDATE SET qty_per_unit = EXCLUDED.qty_per_unit;
INSERT INTO takeaway_packaging_map (pos_item_code, packaging_id, qty_per_unit) VALUES ('M7023', 'PKG-004', 0.5) ON CONFLICT (pos_item_code, packaging_id) DO UPDATE SET qty_per_unit = EXCLUDED.qty_per_unit;
INSERT INTO takeaway_packaging_map (pos_item_code, packaging_id, qty_per_unit) VALUES ('M7025', 'PKG-001', 1.0) ON CONFLICT (pos_item_code, packaging_id) DO UPDATE SET qty_per_unit = EXCLUDED.qty_per_unit;
INSERT INTO takeaway_packaging_map (pos_item_code, packaging_id, qty_per_unit) VALUES ('M7025', 'PKG-002', 1.0) ON CONFLICT (pos_item_code, packaging_id) DO UPDATE SET qty_per_unit = EXCLUDED.qty_per_unit;
INSERT INTO takeaway_packaging_map (pos_item_code, packaging_id, qty_per_unit) VALUES ('M7025', 'PKG-003', 1.0) ON CONFLICT (pos_item_code, packaging_id) DO UPDATE SET qty_per_unit = EXCLUDED.qty_per_unit;
INSERT INTO takeaway_packaging_map (pos_item_code, packaging_id, qty_per_unit) VALUES ('M7025', 'PKG-004', 0.5) ON CONFLICT (pos_item_code, packaging_id) DO UPDATE SET qty_per_unit = EXCLUDED.qty_per_unit;
INSERT INTO takeaway_packaging_map (pos_item_code, packaging_id, qty_per_unit) VALUES ('M7028', 'PKG-001', 1.0) ON CONFLICT (pos_item_code, packaging_id) DO UPDATE SET qty_per_unit = EXCLUDED.qty_per_unit;
INSERT INTO takeaway_packaging_map (pos_item_code, packaging_id, qty_per_unit) VALUES ('M7028', 'PKG-002', 1.0) ON CONFLICT (pos_item_code, packaging_id) DO UPDATE SET qty_per_unit = EXCLUDED.qty_per_unit;
INSERT INTO takeaway_packaging_map (pos_item_code, packaging_id, qty_per_unit) VALUES ('M7028', 'PKG-003', 1.0) ON CONFLICT (pos_item_code, packaging_id) DO UPDATE SET qty_per_unit = EXCLUDED.qty_per_unit;
INSERT INTO takeaway_packaging_map (pos_item_code, packaging_id, qty_per_unit) VALUES ('M7028', 'PKG-004', 0.5) ON CONFLICT (pos_item_code, packaging_id) DO UPDATE SET qty_per_unit = EXCLUDED.qty_per_unit;
INSERT INTO takeaway_packaging_map (pos_item_code, packaging_id, qty_per_unit) VALUES ('M7030', 'PKG-001', 1.0) ON CONFLICT (pos_item_code, packaging_id) DO UPDATE SET qty_per_unit = EXCLUDED.qty_per_unit;
INSERT INTO takeaway_packaging_map (pos_item_code, packaging_id, qty_per_unit) VALUES ('M7030', 'PKG-002', 1.0) ON CONFLICT (pos_item_code, packaging_id) DO UPDATE SET qty_per_unit = EXCLUDED.qty_per_unit;
INSERT INTO takeaway_packaging_map (pos_item_code, packaging_id, qty_per_unit) VALUES ('M7030', 'PKG-003', 1.0) ON CONFLICT (pos_item_code, packaging_id) DO UPDATE SET qty_per_unit = EXCLUDED.qty_per_unit;
INSERT INTO takeaway_packaging_map (pos_item_code, packaging_id, qty_per_unit) VALUES ('M7030', 'PKG-004', 0.5) ON CONFLICT (pos_item_code, packaging_id) DO UPDATE SET qty_per_unit = EXCLUDED.qty_per_unit;
INSERT INTO takeaway_packaging_map (pos_item_code, packaging_id, qty_per_unit) VALUES ('M7031', 'PKG-001', 1.0) ON CONFLICT (pos_item_code, packaging_id) DO UPDATE SET qty_per_unit = EXCLUDED.qty_per_unit;
INSERT INTO takeaway_packaging_map (pos_item_code, packaging_id, qty_per_unit) VALUES ('M7031', 'PKG-002', 1.0) ON CONFLICT (pos_item_code, packaging_id) DO UPDATE SET qty_per_unit = EXCLUDED.qty_per_unit;
INSERT INTO takeaway_packaging_map (pos_item_code, packaging_id, qty_per_unit) VALUES ('M7031', 'PKG-003', 1.0) ON CONFLICT (pos_item_code, packaging_id) DO UPDATE SET qty_per_unit = EXCLUDED.qty_per_unit;
INSERT INTO takeaway_packaging_map (pos_item_code, packaging_id, qty_per_unit) VALUES ('M7031', 'PKG-004', 0.5) ON CONFLICT (pos_item_code, packaging_id) DO UPDATE SET qty_per_unit = EXCLUDED.qty_per_unit;
INSERT INTO takeaway_packaging_map (pos_item_code, packaging_id, qty_per_unit) VALUES ('M7032', 'PKG-001', 1.0) ON CONFLICT (pos_item_code, packaging_id) DO UPDATE SET qty_per_unit = EXCLUDED.qty_per_unit;
INSERT INTO takeaway_packaging_map (pos_item_code, packaging_id, qty_per_unit) VALUES ('M7032', 'PKG-002', 1.0) ON CONFLICT (pos_item_code, packaging_id) DO UPDATE SET qty_per_unit = EXCLUDED.qty_per_unit;
INSERT INTO takeaway_packaging_map (pos_item_code, packaging_id, qty_per_unit) VALUES ('M7032', 'PKG-003', 1.0) ON CONFLICT (pos_item_code, packaging_id) DO UPDATE SET qty_per_unit = EXCLUDED.qty_per_unit;
INSERT INTO takeaway_packaging_map (pos_item_code, packaging_id, qty_per_unit) VALUES ('M7032', 'PKG-004', 0.5) ON CONFLICT (pos_item_code, packaging_id) DO UPDATE SET qty_per_unit = EXCLUDED.qty_per_unit;
INSERT INTO takeaway_packaging_map (pos_item_code, packaging_id, qty_per_unit) VALUES ('M7033', 'PKG-001', 1.0) ON CONFLICT (pos_item_code, packaging_id) DO UPDATE SET qty_per_unit = EXCLUDED.qty_per_unit;
INSERT INTO takeaway_packaging_map (pos_item_code, packaging_id, qty_per_unit) VALUES ('M7033', 'PKG-002', 1.0) ON CONFLICT (pos_item_code, packaging_id) DO UPDATE SET qty_per_unit = EXCLUDED.qty_per_unit;
INSERT INTO takeaway_packaging_map (pos_item_code, packaging_id, qty_per_unit) VALUES ('M7033', 'PKG-003', 1.0) ON CONFLICT (pos_item_code, packaging_id) DO UPDATE SET qty_per_unit = EXCLUDED.qty_per_unit;
INSERT INTO takeaway_packaging_map (pos_item_code, packaging_id, qty_per_unit) VALUES ('M7033', 'PKG-004', 0.5) ON CONFLICT (pos_item_code, packaging_id) DO UPDATE SET qty_per_unit = EXCLUDED.qty_per_unit;
INSERT INTO takeaway_packaging_map (pos_item_code, packaging_id, qty_per_unit) VALUES ('M7034', 'PKG-001', 1.0) ON CONFLICT (pos_item_code, packaging_id) DO UPDATE SET qty_per_unit = EXCLUDED.qty_per_unit;
INSERT INTO takeaway_packaging_map (pos_item_code, packaging_id, qty_per_unit) VALUES ('M7034', 'PKG-002', 1.0) ON CONFLICT (pos_item_code, packaging_id) DO UPDATE SET qty_per_unit = EXCLUDED.qty_per_unit;
INSERT INTO takeaway_packaging_map (pos_item_code, packaging_id, qty_per_unit) VALUES ('M7034', 'PKG-003', 1.0) ON CONFLICT (pos_item_code, packaging_id) DO UPDATE SET qty_per_unit = EXCLUDED.qty_per_unit;
INSERT INTO takeaway_packaging_map (pos_item_code, packaging_id, qty_per_unit) VALUES ('M7034', 'PKG-004', 0.5) ON CONFLICT (pos_item_code, packaging_id) DO UPDATE SET qty_per_unit = EXCLUDED.qty_per_unit;
INSERT INTO takeaway_packaging_map (pos_item_code, packaging_id, qty_per_unit) VALUES ('M7035', 'PKG-001', 1.0) ON CONFLICT (pos_item_code, packaging_id) DO UPDATE SET qty_per_unit = EXCLUDED.qty_per_unit;
INSERT INTO takeaway_packaging_map (pos_item_code, packaging_id, qty_per_unit) VALUES ('M7035', 'PKG-002', 1.0) ON CONFLICT (pos_item_code, packaging_id) DO UPDATE SET qty_per_unit = EXCLUDED.qty_per_unit;
INSERT INTO takeaway_packaging_map (pos_item_code, packaging_id, qty_per_unit) VALUES ('M7035', 'PKG-003', 1.0) ON CONFLICT (pos_item_code, packaging_id) DO UPDATE SET qty_per_unit = EXCLUDED.qty_per_unit;
INSERT INTO takeaway_packaging_map (pos_item_code, packaging_id, qty_per_unit) VALUES ('M7035', 'PKG-004', 0.5) ON CONFLICT (pos_item_code, packaging_id) DO UPDATE SET qty_per_unit = EXCLUDED.qty_per_unit;
INSERT INTO takeaway_packaging_map (pos_item_code, packaging_id, qty_per_unit) VALUES ('M7036', 'PKG-001', 1.0) ON CONFLICT (pos_item_code, packaging_id) DO UPDATE SET qty_per_unit = EXCLUDED.qty_per_unit;
INSERT INTO takeaway_packaging_map (pos_item_code, packaging_id, qty_per_unit) VALUES ('M7036', 'PKG-002', 1.0) ON CONFLICT (pos_item_code, packaging_id) DO UPDATE SET qty_per_unit = EXCLUDED.qty_per_unit;
INSERT INTO takeaway_packaging_map (pos_item_code, packaging_id, qty_per_unit) VALUES ('M7036', 'PKG-003', 1.0) ON CONFLICT (pos_item_code, packaging_id) DO UPDATE SET qty_per_unit = EXCLUDED.qty_per_unit;
INSERT INTO takeaway_packaging_map (pos_item_code, packaging_id, qty_per_unit) VALUES ('M7036', 'PKG-004', 0.5) ON CONFLICT (pos_item_code, packaging_id) DO UPDATE SET qty_per_unit = EXCLUDED.qty_per_unit;
INSERT INTO takeaway_packaging_map (pos_item_code, packaging_id, qty_per_unit) VALUES ('M7037', 'PKG-001', 1.0) ON CONFLICT (pos_item_code, packaging_id) DO UPDATE SET qty_per_unit = EXCLUDED.qty_per_unit;
INSERT INTO takeaway_packaging_map (pos_item_code, packaging_id, qty_per_unit) VALUES ('M7037', 'PKG-002', 1.0) ON CONFLICT (pos_item_code, packaging_id) DO UPDATE SET qty_per_unit = EXCLUDED.qty_per_unit;
INSERT INTO takeaway_packaging_map (pos_item_code, packaging_id, qty_per_unit) VALUES ('M7037', 'PKG-003', 1.0) ON CONFLICT (pos_item_code, packaging_id) DO UPDATE SET qty_per_unit = EXCLUDED.qty_per_unit;
INSERT INTO takeaway_packaging_map (pos_item_code, packaging_id, qty_per_unit) VALUES ('M7037', 'PKG-004', 0.5) ON CONFLICT (pos_item_code, packaging_id) DO UPDATE SET qty_per_unit = EXCLUDED.qty_per_unit;
INSERT INTO takeaway_packaging_map (pos_item_code, packaging_id, qty_per_unit) VALUES ('M7038', 'PKG-001', 1.0) ON CONFLICT (pos_item_code, packaging_id) DO UPDATE SET qty_per_unit = EXCLUDED.qty_per_unit;
INSERT INTO takeaway_packaging_map (pos_item_code, packaging_id, qty_per_unit) VALUES ('M7038', 'PKG-002', 1.0) ON CONFLICT (pos_item_code, packaging_id) DO UPDATE SET qty_per_unit = EXCLUDED.qty_per_unit;
INSERT INTO takeaway_packaging_map (pos_item_code, packaging_id, qty_per_unit) VALUES ('M7038', 'PKG-003', 1.0) ON CONFLICT (pos_item_code, packaging_id) DO UPDATE SET qty_per_unit = EXCLUDED.qty_per_unit;
INSERT INTO takeaway_packaging_map (pos_item_code, packaging_id, qty_per_unit) VALUES ('M7038', 'PKG-004', 0.5) ON CONFLICT (pos_item_code, packaging_id) DO UPDATE SET qty_per_unit = EXCLUDED.qty_per_unit;
INSERT INTO takeaway_packaging_map (pos_item_code, packaging_id, qty_per_unit) VALUES ('M7039', 'PKG-001', 1.0) ON CONFLICT (pos_item_code, packaging_id) DO UPDATE SET qty_per_unit = EXCLUDED.qty_per_unit;
INSERT INTO takeaway_packaging_map (pos_item_code, packaging_id, qty_per_unit) VALUES ('M7039', 'PKG-002', 1.0) ON CONFLICT (pos_item_code, packaging_id) DO UPDATE SET qty_per_unit = EXCLUDED.qty_per_unit;
INSERT INTO takeaway_packaging_map (pos_item_code, packaging_id, qty_per_unit) VALUES ('M7039', 'PKG-003', 1.0) ON CONFLICT (pos_item_code, packaging_id) DO UPDATE SET qty_per_unit = EXCLUDED.qty_per_unit;
INSERT INTO takeaway_packaging_map (pos_item_code, packaging_id, qty_per_unit) VALUES ('M7039', 'PKG-004', 0.5) ON CONFLICT (pos_item_code, packaging_id) DO UPDATE SET qty_per_unit = EXCLUDED.qty_per_unit;
INSERT INTO takeaway_packaging_map (pos_item_code, packaging_id, qty_per_unit) VALUES ('M7040', 'PKG-001', 1.0) ON CONFLICT (pos_item_code, packaging_id) DO UPDATE SET qty_per_unit = EXCLUDED.qty_per_unit;
INSERT INTO takeaway_packaging_map (pos_item_code, packaging_id, qty_per_unit) VALUES ('M7040', 'PKG-002', 1.0) ON CONFLICT (pos_item_code, packaging_id) DO UPDATE SET qty_per_unit = EXCLUDED.qty_per_unit;
INSERT INTO takeaway_packaging_map (pos_item_code, packaging_id, qty_per_unit) VALUES ('M7040', 'PKG-003', 1.0) ON CONFLICT (pos_item_code, packaging_id) DO UPDATE SET qty_per_unit = EXCLUDED.qty_per_unit;
INSERT INTO takeaway_packaging_map (pos_item_code, packaging_id, qty_per_unit) VALUES ('M7040', 'PKG-004', 0.5) ON CONFLICT (pos_item_code, packaging_id) DO UPDATE SET qty_per_unit = EXCLUDED.qty_per_unit;
INSERT INTO takeaway_packaging_map (pos_item_code, packaging_id, qty_per_unit) VALUES ('M8001', 'PKG-001', 1.0) ON CONFLICT (pos_item_code, packaging_id) DO UPDATE SET qty_per_unit = EXCLUDED.qty_per_unit;
INSERT INTO takeaway_packaging_map (pos_item_code, packaging_id, qty_per_unit) VALUES ('M8001', 'PKG-002', 1.0) ON CONFLICT (pos_item_code, packaging_id) DO UPDATE SET qty_per_unit = EXCLUDED.qty_per_unit;
INSERT INTO takeaway_packaging_map (pos_item_code, packaging_id, qty_per_unit) VALUES ('M8001', 'PKG-003', 1.0) ON CONFLICT (pos_item_code, packaging_id) DO UPDATE SET qty_per_unit = EXCLUDED.qty_per_unit;
INSERT INTO takeaway_packaging_map (pos_item_code, packaging_id, qty_per_unit) VALUES ('M8001', 'PKG-004', 0.5) ON CONFLICT (pos_item_code, packaging_id) DO UPDATE SET qty_per_unit = EXCLUDED.qty_per_unit;
INSERT INTO takeaway_packaging_map (pos_item_code, packaging_id, qty_per_unit) VALUES ('M8002', 'PKG-001', 1.0) ON CONFLICT (pos_item_code, packaging_id) DO UPDATE SET qty_per_unit = EXCLUDED.qty_per_unit;
INSERT INTO takeaway_packaging_map (pos_item_code, packaging_id, qty_per_unit) VALUES ('M8002', 'PKG-002', 1.0) ON CONFLICT (pos_item_code, packaging_id) DO UPDATE SET qty_per_unit = EXCLUDED.qty_per_unit;
INSERT INTO takeaway_packaging_map (pos_item_code, packaging_id, qty_per_unit) VALUES ('M8002', 'PKG-003', 1.0) ON CONFLICT (pos_item_code, packaging_id) DO UPDATE SET qty_per_unit = EXCLUDED.qty_per_unit;
INSERT INTO takeaway_packaging_map (pos_item_code, packaging_id, qty_per_unit) VALUES ('M8002', 'PKG-004', 0.5) ON CONFLICT (pos_item_code, packaging_id) DO UPDATE SET qty_per_unit = EXCLUDED.qty_per_unit;
INSERT INTO takeaway_packaging_map (pos_item_code, packaging_id, qty_per_unit) VALUES ('M9001', 'PKG-001', 1.0) ON CONFLICT (pos_item_code, packaging_id) DO UPDATE SET qty_per_unit = EXCLUDED.qty_per_unit;
INSERT INTO takeaway_packaging_map (pos_item_code, packaging_id, qty_per_unit) VALUES ('M9001', 'PKG-002', 1.0) ON CONFLICT (pos_item_code, packaging_id) DO UPDATE SET qty_per_unit = EXCLUDED.qty_per_unit;
INSERT INTO takeaway_packaging_map (pos_item_code, packaging_id, qty_per_unit) VALUES ('M9001', 'PKG-003', 1.0) ON CONFLICT (pos_item_code, packaging_id) DO UPDATE SET qty_per_unit = EXCLUDED.qty_per_unit;
INSERT INTO takeaway_packaging_map (pos_item_code, packaging_id, qty_per_unit) VALUES ('M9001', 'PKG-004', 0.5) ON CONFLICT (pos_item_code, packaging_id) DO UPDATE SET qty_per_unit = EXCLUDED.qty_per_unit;
INSERT INTO takeaway_packaging_map (pos_item_code, packaging_id, qty_per_unit) VALUES ('M9002', 'PKG-001', 1.0) ON CONFLICT (pos_item_code, packaging_id) DO UPDATE SET qty_per_unit = EXCLUDED.qty_per_unit;
INSERT INTO takeaway_packaging_map (pos_item_code, packaging_id, qty_per_unit) VALUES ('M9002', 'PKG-002', 1.0) ON CONFLICT (pos_item_code, packaging_id) DO UPDATE SET qty_per_unit = EXCLUDED.qty_per_unit;
INSERT INTO takeaway_packaging_map (pos_item_code, packaging_id, qty_per_unit) VALUES ('M9002', 'PKG-003', 1.0) ON CONFLICT (pos_item_code, packaging_id) DO UPDATE SET qty_per_unit = EXCLUDED.qty_per_unit;
INSERT INTO takeaway_packaging_map (pos_item_code, packaging_id, qty_per_unit) VALUES ('M9002', 'PKG-004', 0.5) ON CONFLICT (pos_item_code, packaging_id) DO UPDATE SET qty_per_unit = EXCLUDED.qty_per_unit;
INSERT INTO takeaway_packaging_map (pos_item_code, packaging_id, qty_per_unit) VALUES ('M9003', 'PKG-001', 1.0) ON CONFLICT (pos_item_code, packaging_id) DO UPDATE SET qty_per_unit = EXCLUDED.qty_per_unit;
INSERT INTO takeaway_packaging_map (pos_item_code, packaging_id, qty_per_unit) VALUES ('M9003', 'PKG-002', 1.0) ON CONFLICT (pos_item_code, packaging_id) DO UPDATE SET qty_per_unit = EXCLUDED.qty_per_unit;
INSERT INTO takeaway_packaging_map (pos_item_code, packaging_id, qty_per_unit) VALUES ('M9003', 'PKG-003', 1.0) ON CONFLICT (pos_item_code, packaging_id) DO UPDATE SET qty_per_unit = EXCLUDED.qty_per_unit;
INSERT INTO takeaway_packaging_map (pos_item_code, packaging_id, qty_per_unit) VALUES ('M9003', 'PKG-004', 0.5) ON CONFLICT (pos_item_code, packaging_id) DO UPDATE SET qty_per_unit = EXCLUDED.qty_per_unit;
INSERT INTO takeaway_packaging_map (pos_item_code, packaging_id, qty_per_unit) VALUES ('M9004', 'PKG-001', 1.0) ON CONFLICT (pos_item_code, packaging_id) DO UPDATE SET qty_per_unit = EXCLUDED.qty_per_unit;
INSERT INTO takeaway_packaging_map (pos_item_code, packaging_id, qty_per_unit) VALUES ('M9004', 'PKG-002', 1.0) ON CONFLICT (pos_item_code, packaging_id) DO UPDATE SET qty_per_unit = EXCLUDED.qty_per_unit;
INSERT INTO takeaway_packaging_map (pos_item_code, packaging_id, qty_per_unit) VALUES ('M9004', 'PKG-003', 1.0) ON CONFLICT (pos_item_code, packaging_id) DO UPDATE SET qty_per_unit = EXCLUDED.qty_per_unit;
INSERT INTO takeaway_packaging_map (pos_item_code, packaging_id, qty_per_unit) VALUES ('M9004', 'PKG-004', 0.5) ON CONFLICT (pos_item_code, packaging_id) DO UPDATE SET qty_per_unit = EXCLUDED.qty_per_unit;
INSERT INTO takeaway_packaging_map (pos_item_code, packaging_id, qty_per_unit) VALUES ('M9005', 'PKG-001', 1.0) ON CONFLICT (pos_item_code, packaging_id) DO UPDATE SET qty_per_unit = EXCLUDED.qty_per_unit;
INSERT INTO takeaway_packaging_map (pos_item_code, packaging_id, qty_per_unit) VALUES ('M9005', 'PKG-002', 1.0) ON CONFLICT (pos_item_code, packaging_id) DO UPDATE SET qty_per_unit = EXCLUDED.qty_per_unit;
INSERT INTO takeaway_packaging_map (pos_item_code, packaging_id, qty_per_unit) VALUES ('M9005', 'PKG-003', 1.0) ON CONFLICT (pos_item_code, packaging_id) DO UPDATE SET qty_per_unit = EXCLUDED.qty_per_unit;
INSERT INTO takeaway_packaging_map (pos_item_code, packaging_id, qty_per_unit) VALUES ('M9005', 'PKG-004', 0.5) ON CONFLICT (pos_item_code, packaging_id) DO UPDATE SET qty_per_unit = EXCLUDED.qty_per_unit;
INSERT INTO takeaway_packaging_map (pos_item_code, packaging_id, qty_per_unit) VALUES ('M9006', 'PKG-001', 1.0) ON CONFLICT (pos_item_code, packaging_id) DO UPDATE SET qty_per_unit = EXCLUDED.qty_per_unit;
INSERT INTO takeaway_packaging_map (pos_item_code, packaging_id, qty_per_unit) VALUES ('M9006', 'PKG-002', 1.0) ON CONFLICT (pos_item_code, packaging_id) DO UPDATE SET qty_per_unit = EXCLUDED.qty_per_unit;
INSERT INTO takeaway_packaging_map (pos_item_code, packaging_id, qty_per_unit) VALUES ('M9006', 'PKG-003', 1.0) ON CONFLICT (pos_item_code, packaging_id) DO UPDATE SET qty_per_unit = EXCLUDED.qty_per_unit;
INSERT INTO takeaway_packaging_map (pos_item_code, packaging_id, qty_per_unit) VALUES ('M9006', 'PKG-004', 0.5) ON CONFLICT (pos_item_code, packaging_id) DO UPDATE SET qty_per_unit = EXCLUDED.qty_per_unit;
INSERT INTO takeaway_packaging_map (pos_item_code, packaging_id, qty_per_unit) VALUES ('M9008', 'PKG-001', 1.0) ON CONFLICT (pos_item_code, packaging_id) DO UPDATE SET qty_per_unit = EXCLUDED.qty_per_unit;
INSERT INTO takeaway_packaging_map (pos_item_code, packaging_id, qty_per_unit) VALUES ('M9008', 'PKG-002', 1.0) ON CONFLICT (pos_item_code, packaging_id) DO UPDATE SET qty_per_unit = EXCLUDED.qty_per_unit;
INSERT INTO takeaway_packaging_map (pos_item_code, packaging_id, qty_per_unit) VALUES ('M9008', 'PKG-003', 1.0) ON CONFLICT (pos_item_code, packaging_id) DO UPDATE SET qty_per_unit = EXCLUDED.qty_per_unit;
INSERT INTO takeaway_packaging_map (pos_item_code, packaging_id, qty_per_unit) VALUES ('M9008', 'PKG-004', 0.5) ON CONFLICT (pos_item_code, packaging_id) DO UPDATE SET qty_per_unit = EXCLUDED.qty_per_unit;
INSERT INTO takeaway_packaging_map (pos_item_code, packaging_id, qty_per_unit) VALUES ('M9009', 'PKG-001', 1.0) ON CONFLICT (pos_item_code, packaging_id) DO UPDATE SET qty_per_unit = EXCLUDED.qty_per_unit;
INSERT INTO takeaway_packaging_map (pos_item_code, packaging_id, qty_per_unit) VALUES ('M9009', 'PKG-002', 1.0) ON CONFLICT (pos_item_code, packaging_id) DO UPDATE SET qty_per_unit = EXCLUDED.qty_per_unit;
INSERT INTO takeaway_packaging_map (pos_item_code, packaging_id, qty_per_unit) VALUES ('M9009', 'PKG-003', 1.0) ON CONFLICT (pos_item_code, packaging_id) DO UPDATE SET qty_per_unit = EXCLUDED.qty_per_unit;
INSERT INTO takeaway_packaging_map (pos_item_code, packaging_id, qty_per_unit) VALUES ('M9009', 'PKG-004', 0.5) ON CONFLICT (pos_item_code, packaging_id) DO UPDATE SET qty_per_unit = EXCLUDED.qty_per_unit;
INSERT INTO takeaway_packaging_map (pos_item_code, packaging_id, qty_per_unit) VALUES ('M9010', 'PKG-001', 1.0) ON CONFLICT (pos_item_code, packaging_id) DO UPDATE SET qty_per_unit = EXCLUDED.qty_per_unit;
INSERT INTO takeaway_packaging_map (pos_item_code, packaging_id, qty_per_unit) VALUES ('M9010', 'PKG-002', 1.0) ON CONFLICT (pos_item_code, packaging_id) DO UPDATE SET qty_per_unit = EXCLUDED.qty_per_unit;
INSERT INTO takeaway_packaging_map (pos_item_code, packaging_id, qty_per_unit) VALUES ('M9010', 'PKG-003', 1.0) ON CONFLICT (pos_item_code, packaging_id) DO UPDATE SET qty_per_unit = EXCLUDED.qty_per_unit;
INSERT INTO takeaway_packaging_map (pos_item_code, packaging_id, qty_per_unit) VALUES ('M9010', 'PKG-004', 0.5) ON CONFLICT (pos_item_code, packaging_id) DO UPDATE SET qty_per_unit = EXCLUDED.qty_per_unit;
INSERT INTO takeaway_packaging_map (pos_item_code, packaging_id, qty_per_unit) VALUES ('M9011', 'PKG-001', 1.0) ON CONFLICT (pos_item_code, packaging_id) DO UPDATE SET qty_per_unit = EXCLUDED.qty_per_unit;
INSERT INTO takeaway_packaging_map (pos_item_code, packaging_id, qty_per_unit) VALUES ('M9011', 'PKG-002', 1.0) ON CONFLICT (pos_item_code, packaging_id) DO UPDATE SET qty_per_unit = EXCLUDED.qty_per_unit;
INSERT INTO takeaway_packaging_map (pos_item_code, packaging_id, qty_per_unit) VALUES ('M9011', 'PKG-003', 1.0) ON CONFLICT (pos_item_code, packaging_id) DO UPDATE SET qty_per_unit = EXCLUDED.qty_per_unit;
INSERT INTO takeaway_packaging_map (pos_item_code, packaging_id, qty_per_unit) VALUES ('M9011', 'PKG-004', 0.5) ON CONFLICT (pos_item_code, packaging_id) DO UPDATE SET qty_per_unit = EXCLUDED.qty_per_unit;
INSERT INTO takeaway_packaging_map (pos_item_code, packaging_id, qty_per_unit) VALUES ('M9012', 'PKG-001', 1.0) ON CONFLICT (pos_item_code, packaging_id) DO UPDATE SET qty_per_unit = EXCLUDED.qty_per_unit;
INSERT INTO takeaway_packaging_map (pos_item_code, packaging_id, qty_per_unit) VALUES ('M9012', 'PKG-002', 1.0) ON CONFLICT (pos_item_code, packaging_id) DO UPDATE SET qty_per_unit = EXCLUDED.qty_per_unit;
INSERT INTO takeaway_packaging_map (pos_item_code, packaging_id, qty_per_unit) VALUES ('M9012', 'PKG-003', 1.0) ON CONFLICT (pos_item_code, packaging_id) DO UPDATE SET qty_per_unit = EXCLUDED.qty_per_unit;
INSERT INTO takeaway_packaging_map (pos_item_code, packaging_id, qty_per_unit) VALUES ('M9012', 'PKG-004', 0.5) ON CONFLICT (pos_item_code, packaging_id) DO UPDATE SET qty_per_unit = EXCLUDED.qty_per_unit;
INSERT INTO takeaway_packaging_map (pos_item_code, packaging_id, qty_per_unit) VALUES ('M9013', 'PKG-001', 1.0) ON CONFLICT (pos_item_code, packaging_id) DO UPDATE SET qty_per_unit = EXCLUDED.qty_per_unit;
INSERT INTO takeaway_packaging_map (pos_item_code, packaging_id, qty_per_unit) VALUES ('M9013', 'PKG-002', 1.0) ON CONFLICT (pos_item_code, packaging_id) DO UPDATE SET qty_per_unit = EXCLUDED.qty_per_unit;
INSERT INTO takeaway_packaging_map (pos_item_code, packaging_id, qty_per_unit) VALUES ('M9013', 'PKG-003', 1.0) ON CONFLICT (pos_item_code, packaging_id) DO UPDATE SET qty_per_unit = EXCLUDED.qty_per_unit;
INSERT INTO takeaway_packaging_map (pos_item_code, packaging_id, qty_per_unit) VALUES ('M9013', 'PKG-004', 0.5) ON CONFLICT (pos_item_code, packaging_id) DO UPDATE SET qty_per_unit = EXCLUDED.qty_per_unit;
INSERT INTO takeaway_packaging_map (pos_item_code, packaging_id, qty_per_unit) VALUES ('M9014', 'PKG-001', 1.0) ON CONFLICT (pos_item_code, packaging_id) DO UPDATE SET qty_per_unit = EXCLUDED.qty_per_unit;
INSERT INTO takeaway_packaging_map (pos_item_code, packaging_id, qty_per_unit) VALUES ('M9014', 'PKG-002', 1.0) ON CONFLICT (pos_item_code, packaging_id) DO UPDATE SET qty_per_unit = EXCLUDED.qty_per_unit;
INSERT INTO takeaway_packaging_map (pos_item_code, packaging_id, qty_per_unit) VALUES ('M9014', 'PKG-003', 1.0) ON CONFLICT (pos_item_code, packaging_id) DO UPDATE SET qty_per_unit = EXCLUDED.qty_per_unit;
INSERT INTO takeaway_packaging_map (pos_item_code, packaging_id, qty_per_unit) VALUES ('M9014', 'PKG-004', 0.5) ON CONFLICT (pos_item_code, packaging_id) DO UPDATE SET qty_per_unit = EXCLUDED.qty_per_unit;
INSERT INTO takeaway_packaging_map (pos_item_code, packaging_id, qty_per_unit) VALUES ('M9015', 'PKG-001', 1.0) ON CONFLICT (pos_item_code, packaging_id) DO UPDATE SET qty_per_unit = EXCLUDED.qty_per_unit;
INSERT INTO takeaway_packaging_map (pos_item_code, packaging_id, qty_per_unit) VALUES ('M9015', 'PKG-002', 1.0) ON CONFLICT (pos_item_code, packaging_id) DO UPDATE SET qty_per_unit = EXCLUDED.qty_per_unit;
INSERT INTO takeaway_packaging_map (pos_item_code, packaging_id, qty_per_unit) VALUES ('M9015', 'PKG-003', 1.0) ON CONFLICT (pos_item_code, packaging_id) DO UPDATE SET qty_per_unit = EXCLUDED.qty_per_unit;
INSERT INTO takeaway_packaging_map (pos_item_code, packaging_id, qty_per_unit) VALUES ('M9015', 'PKG-004', 0.5) ON CONFLICT (pos_item_code, packaging_id) DO UPDATE SET qty_per_unit = EXCLUDED.qty_per_unit;
INSERT INTO takeaway_packaging_map (pos_item_code, packaging_id, qty_per_unit) VALUES ('M9016', 'PKG-001', 1.0) ON CONFLICT (pos_item_code, packaging_id) DO UPDATE SET qty_per_unit = EXCLUDED.qty_per_unit;
INSERT INTO takeaway_packaging_map (pos_item_code, packaging_id, qty_per_unit) VALUES ('M9016', 'PKG-002', 1.0) ON CONFLICT (pos_item_code, packaging_id) DO UPDATE SET qty_per_unit = EXCLUDED.qty_per_unit;
INSERT INTO takeaway_packaging_map (pos_item_code, packaging_id, qty_per_unit) VALUES ('M9016', 'PKG-003', 1.0) ON CONFLICT (pos_item_code, packaging_id) DO UPDATE SET qty_per_unit = EXCLUDED.qty_per_unit;
INSERT INTO takeaway_packaging_map (pos_item_code, packaging_id, qty_per_unit) VALUES ('M9016', 'PKG-004', 0.5) ON CONFLICT (pos_item_code, packaging_id) DO UPDATE SET qty_per_unit = EXCLUDED.qty_per_unit;
INSERT INTO takeaway_packaging_map (pos_item_code, packaging_id, qty_per_unit) VALUES ('M9017', 'PKG-001', 1.0) ON CONFLICT (pos_item_code, packaging_id) DO UPDATE SET qty_per_unit = EXCLUDED.qty_per_unit;
INSERT INTO takeaway_packaging_map (pos_item_code, packaging_id, qty_per_unit) VALUES ('M9017', 'PKG-002', 1.0) ON CONFLICT (pos_item_code, packaging_id) DO UPDATE SET qty_per_unit = EXCLUDED.qty_per_unit;
INSERT INTO takeaway_packaging_map (pos_item_code, packaging_id, qty_per_unit) VALUES ('M9017', 'PKG-003', 1.0) ON CONFLICT (pos_item_code, packaging_id) DO UPDATE SET qty_per_unit = EXCLUDED.qty_per_unit;
INSERT INTO takeaway_packaging_map (pos_item_code, packaging_id, qty_per_unit) VALUES ('M9017', 'PKG-004', 0.5) ON CONFLICT (pos_item_code, packaging_id) DO UPDATE SET qty_per_unit = EXCLUDED.qty_per_unit;
INSERT INTO takeaway_packaging_map (pos_item_code, packaging_id, qty_per_unit) VALUES ('M9018', 'PKG-001', 1.0) ON CONFLICT (pos_item_code, packaging_id) DO UPDATE SET qty_per_unit = EXCLUDED.qty_per_unit;
INSERT INTO takeaway_packaging_map (pos_item_code, packaging_id, qty_per_unit) VALUES ('M9018', 'PKG-002', 1.0) ON CONFLICT (pos_item_code, packaging_id) DO UPDATE SET qty_per_unit = EXCLUDED.qty_per_unit;
INSERT INTO takeaway_packaging_map (pos_item_code, packaging_id, qty_per_unit) VALUES ('M9018', 'PKG-003', 1.0) ON CONFLICT (pos_item_code, packaging_id) DO UPDATE SET qty_per_unit = EXCLUDED.qty_per_unit;
INSERT INTO takeaway_packaging_map (pos_item_code, packaging_id, qty_per_unit) VALUES ('M9018', 'PKG-004', 0.5) ON CONFLICT (pos_item_code, packaging_id) DO UPDATE SET qty_per_unit = EXCLUDED.qty_per_unit;
INSERT INTO takeaway_packaging_map (pos_item_code, packaging_id, qty_per_unit) VALUES ('M9101', 'PKG-001', 1.0) ON CONFLICT (pos_item_code, packaging_id) DO UPDATE SET qty_per_unit = EXCLUDED.qty_per_unit;
INSERT INTO takeaway_packaging_map (pos_item_code, packaging_id, qty_per_unit) VALUES ('M9101', 'PKG-002', 1.0) ON CONFLICT (pos_item_code, packaging_id) DO UPDATE SET qty_per_unit = EXCLUDED.qty_per_unit;
INSERT INTO takeaway_packaging_map (pos_item_code, packaging_id, qty_per_unit) VALUES ('M9101', 'PKG-003', 1.0) ON CONFLICT (pos_item_code, packaging_id) DO UPDATE SET qty_per_unit = EXCLUDED.qty_per_unit;
INSERT INTO takeaway_packaging_map (pos_item_code, packaging_id, qty_per_unit) VALUES ('M9101', 'PKG-004', 0.5) ON CONFLICT (pos_item_code, packaging_id) DO UPDATE SET qty_per_unit = EXCLUDED.qty_per_unit;
INSERT INTO takeaway_packaging_map (pos_item_code, packaging_id, qty_per_unit) VALUES ('M9102', 'PKG-001', 1.0) ON CONFLICT (pos_item_code, packaging_id) DO UPDATE SET qty_per_unit = EXCLUDED.qty_per_unit;
INSERT INTO takeaway_packaging_map (pos_item_code, packaging_id, qty_per_unit) VALUES ('M9102', 'PKG-002', 1.0) ON CONFLICT (pos_item_code, packaging_id) DO UPDATE SET qty_per_unit = EXCLUDED.qty_per_unit;
INSERT INTO takeaway_packaging_map (pos_item_code, packaging_id, qty_per_unit) VALUES ('M9102', 'PKG-003', 1.0) ON CONFLICT (pos_item_code, packaging_id) DO UPDATE SET qty_per_unit = EXCLUDED.qty_per_unit;
INSERT INTO takeaway_packaging_map (pos_item_code, packaging_id, qty_per_unit) VALUES ('M9102', 'PKG-004', 0.5) ON CONFLICT (pos_item_code, packaging_id) DO UPDATE SET qty_per_unit = EXCLUDED.qty_per_unit;
INSERT INTO takeaway_packaging_map (pos_item_code, packaging_id, qty_per_unit) VALUES ('M9104', 'PKG-001', 1.0) ON CONFLICT (pos_item_code, packaging_id) DO UPDATE SET qty_per_unit = EXCLUDED.qty_per_unit;
INSERT INTO takeaway_packaging_map (pos_item_code, packaging_id, qty_per_unit) VALUES ('M9104', 'PKG-002', 1.0) ON CONFLICT (pos_item_code, packaging_id) DO UPDATE SET qty_per_unit = EXCLUDED.qty_per_unit;
INSERT INTO takeaway_packaging_map (pos_item_code, packaging_id, qty_per_unit) VALUES ('M9104', 'PKG-003', 1.0) ON CONFLICT (pos_item_code, packaging_id) DO UPDATE SET qty_per_unit = EXCLUDED.qty_per_unit;
INSERT INTO takeaway_packaging_map (pos_item_code, packaging_id, qty_per_unit) VALUES ('M9104', 'PKG-004', 0.5) ON CONFLICT (pos_item_code, packaging_id) DO UPDATE SET qty_per_unit = EXCLUDED.qty_per_unit;
INSERT INTO takeaway_packaging_map (pos_item_code, packaging_id, qty_per_unit) VALUES ('M9106', 'PKG-001', 1.0) ON CONFLICT (pos_item_code, packaging_id) DO UPDATE SET qty_per_unit = EXCLUDED.qty_per_unit;
INSERT INTO takeaway_packaging_map (pos_item_code, packaging_id, qty_per_unit) VALUES ('M9106', 'PKG-002', 1.0) ON CONFLICT (pos_item_code, packaging_id) DO UPDATE SET qty_per_unit = EXCLUDED.qty_per_unit;
INSERT INTO takeaway_packaging_map (pos_item_code, packaging_id, qty_per_unit) VALUES ('M9106', 'PKG-003', 1.0) ON CONFLICT (pos_item_code, packaging_id) DO UPDATE SET qty_per_unit = EXCLUDED.qty_per_unit;
INSERT INTO takeaway_packaging_map (pos_item_code, packaging_id, qty_per_unit) VALUES ('M9106', 'PKG-004', 0.5) ON CONFLICT (pos_item_code, packaging_id) DO UPDATE SET qty_per_unit = EXCLUDED.qty_per_unit;
INSERT INTO takeaway_packaging_map (pos_item_code, packaging_id, qty_per_unit) VALUES ('M9107', 'PKG-001', 1.0) ON CONFLICT (pos_item_code, packaging_id) DO UPDATE SET qty_per_unit = EXCLUDED.qty_per_unit;
INSERT INTO takeaway_packaging_map (pos_item_code, packaging_id, qty_per_unit) VALUES ('M9107', 'PKG-002', 1.0) ON CONFLICT (pos_item_code, packaging_id) DO UPDATE SET qty_per_unit = EXCLUDED.qty_per_unit;
INSERT INTO takeaway_packaging_map (pos_item_code, packaging_id, qty_per_unit) VALUES ('M9107', 'PKG-003', 1.0) ON CONFLICT (pos_item_code, packaging_id) DO UPDATE SET qty_per_unit = EXCLUDED.qty_per_unit;
INSERT INTO takeaway_packaging_map (pos_item_code, packaging_id, qty_per_unit) VALUES ('M9107', 'PKG-004', 0.5) ON CONFLICT (pos_item_code, packaging_id) DO UPDATE SET qty_per_unit = EXCLUDED.qty_per_unit;
INSERT INTO takeaway_packaging_map (pos_item_code, packaging_id, qty_per_unit) VALUES ('M9109', 'PKG-001', 1.0) ON CONFLICT (pos_item_code, packaging_id) DO UPDATE SET qty_per_unit = EXCLUDED.qty_per_unit;
INSERT INTO takeaway_packaging_map (pos_item_code, packaging_id, qty_per_unit) VALUES ('M9109', 'PKG-002', 1.0) ON CONFLICT (pos_item_code, packaging_id) DO UPDATE SET qty_per_unit = EXCLUDED.qty_per_unit;
INSERT INTO takeaway_packaging_map (pos_item_code, packaging_id, qty_per_unit) VALUES ('M9109', 'PKG-003', 1.0) ON CONFLICT (pos_item_code, packaging_id) DO UPDATE SET qty_per_unit = EXCLUDED.qty_per_unit;
INSERT INTO takeaway_packaging_map (pos_item_code, packaging_id, qty_per_unit) VALUES ('M9109', 'PKG-004', 0.5) ON CONFLICT (pos_item_code, packaging_id) DO UPDATE SET qty_per_unit = EXCLUDED.qty_per_unit;
INSERT INTO takeaway_packaging_map (pos_item_code, packaging_id, qty_per_unit) VALUES ('M9121', 'PKG-001', 1.0) ON CONFLICT (pos_item_code, packaging_id) DO UPDATE SET qty_per_unit = EXCLUDED.qty_per_unit;
INSERT INTO takeaway_packaging_map (pos_item_code, packaging_id, qty_per_unit) VALUES ('M9121', 'PKG-002', 1.0) ON CONFLICT (pos_item_code, packaging_id) DO UPDATE SET qty_per_unit = EXCLUDED.qty_per_unit;
INSERT INTO takeaway_packaging_map (pos_item_code, packaging_id, qty_per_unit) VALUES ('M9121', 'PKG-003', 1.0) ON CONFLICT (pos_item_code, packaging_id) DO UPDATE SET qty_per_unit = EXCLUDED.qty_per_unit;
INSERT INTO takeaway_packaging_map (pos_item_code, packaging_id, qty_per_unit) VALUES ('M9121', 'PKG-004', 0.5) ON CONFLICT (pos_item_code, packaging_id) DO UPDATE SET qty_per_unit = EXCLUDED.qty_per_unit;
INSERT INTO takeaway_packaging_map (pos_item_code, packaging_id, qty_per_unit) VALUES ('M9204', 'PKG-001', 1.0) ON CONFLICT (pos_item_code, packaging_id) DO UPDATE SET qty_per_unit = EXCLUDED.qty_per_unit;
INSERT INTO takeaway_packaging_map (pos_item_code, packaging_id, qty_per_unit) VALUES ('M9204', 'PKG-002', 1.0) ON CONFLICT (pos_item_code, packaging_id) DO UPDATE SET qty_per_unit = EXCLUDED.qty_per_unit;
INSERT INTO takeaway_packaging_map (pos_item_code, packaging_id, qty_per_unit) VALUES ('M9204', 'PKG-003', 1.0) ON CONFLICT (pos_item_code, packaging_id) DO UPDATE SET qty_per_unit = EXCLUDED.qty_per_unit;
INSERT INTO takeaway_packaging_map (pos_item_code, packaging_id, qty_per_unit) VALUES ('M9204', 'PKG-004', 0.5) ON CONFLICT (pos_item_code, packaging_id) DO UPDATE SET qty_per_unit = EXCLUDED.qty_per_unit;
INSERT INTO takeaway_packaging_map (pos_item_code, packaging_id, qty_per_unit) VALUES ('B5001', 'PKG-004', 0.5) ON CONFLICT (pos_item_code, packaging_id) DO UPDATE SET qty_per_unit = EXCLUDED.qty_per_unit;
INSERT INTO takeaway_packaging_map (pos_item_code, packaging_id, qty_per_unit) VALUES ('B5002', 'PKG-004', 0.5) ON CONFLICT (pos_item_code, packaging_id) DO UPDATE SET qty_per_unit = EXCLUDED.qty_per_unit;
INSERT INTO takeaway_packaging_map (pos_item_code, packaging_id, qty_per_unit) VALUES ('B5004', 'PKG-004', 0.5) ON CONFLICT (pos_item_code, packaging_id) DO UPDATE SET qty_per_unit = EXCLUDED.qty_per_unit;
INSERT INTO takeaway_packaging_map (pos_item_code, packaging_id, qty_per_unit) VALUES ('B5005', 'PKG-004', 0.5) ON CONFLICT (pos_item_code, packaging_id) DO UPDATE SET qty_per_unit = EXCLUDED.qty_per_unit;
INSERT INTO takeaway_packaging_map (pos_item_code, packaging_id, qty_per_unit) VALUES ('B5007', 'PKG-004', 0.5) ON CONFLICT (pos_item_code, packaging_id) DO UPDATE SET qty_per_unit = EXCLUDED.qty_per_unit;
INSERT INTO takeaway_packaging_map (pos_item_code, packaging_id, qty_per_unit) VALUES ('B5010', 'PKG-004', 0.5) ON CONFLICT (pos_item_code, packaging_id) DO UPDATE SET qty_per_unit = EXCLUDED.qty_per_unit;
INSERT INTO takeaway_packaging_map (pos_item_code, packaging_id, qty_per_unit) VALUES ('B5012', 'PKG-004', 0.5) ON CONFLICT (pos_item_code, packaging_id) DO UPDATE SET qty_per_unit = EXCLUDED.qty_per_unit;
INSERT INTO takeaway_packaging_map (pos_item_code, packaging_id, qty_per_unit) VALUES ('B5016', 'PKG-004', 0.5) ON CONFLICT (pos_item_code, packaging_id) DO UPDATE SET qty_per_unit = EXCLUDED.qty_per_unit;
INSERT INTO takeaway_packaging_map (pos_item_code, packaging_id, qty_per_unit) VALUES ('V1001', 'PKG-004', 1.0) ON CONFLICT (pos_item_code, packaging_id) DO UPDATE SET qty_per_unit = EXCLUDED.qty_per_unit;
INSERT INTO takeaway_packaging_map (pos_item_code, packaging_id, qty_per_unit) VALUES ('V2002', 'PKG-004', 1.0) ON CONFLICT (pos_item_code, packaging_id) DO UPDATE SET qty_per_unit = EXCLUDED.qty_per_unit;
INSERT INTO takeaway_packaging_map (pos_item_code, packaging_id, qty_per_unit) VALUES ('V4045', 'PKG-004', 1.0) ON CONFLICT (pos_item_code, packaging_id) DO UPDATE SET qty_per_unit = EXCLUDED.qty_per_unit;
INSERT INTO takeaway_packaging_map (pos_item_code, packaging_id, qty_per_unit) VALUES ('V4064', 'PKG-004', 1.0) ON CONFLICT (pos_item_code, packaging_id) DO UPDATE SET qty_per_unit = EXCLUDED.qty_per_unit;
INSERT INTO takeaway_packaging_map (pos_item_code, packaging_id, qty_per_unit) VALUES ('V4065', 'PKG-004', 1.0) ON CONFLICT (pos_item_code, packaging_id) DO UPDATE SET qty_per_unit = EXCLUDED.qty_per_unit;
INSERT INTO takeaway_packaging_map (pos_item_code, packaging_id, qty_per_unit) VALUES ('V4075', 'PKG-004', 1.0) ON CONFLICT (pos_item_code, packaging_id) DO UPDATE SET qty_per_unit = EXCLUDED.qty_per_unit;
INSERT INTO takeaway_packaging_map (pos_item_code, packaging_id, qty_per_unit) VALUES ('V4088', 'PKG-004', 1.0) ON CONFLICT (pos_item_code, packaging_id) DO UPDATE SET qty_per_unit = EXCLUDED.qty_per_unit;
INSERT INTO takeaway_packaging_map (pos_item_code, packaging_id, qty_per_unit) VALUES ('V4091', 'PKG-004', 1.0) ON CONFLICT (pos_item_code, packaging_id) DO UPDATE SET qty_per_unit = EXCLUDED.qty_per_unit;
INSERT INTO takeaway_packaging_map (pos_item_code, packaging_id, qty_per_unit) VALUES ('V6027', 'PKG-004', 1.0) ON CONFLICT (pos_item_code, packaging_id) DO UPDATE SET qty_per_unit = EXCLUDED.qty_per_unit;
INSERT INTO takeaway_packaging_map (pos_item_code, packaging_id, qty_per_unit) VALUES ('V6034', 'PKG-004', 1.0) ON CONFLICT (pos_item_code, packaging_id) DO UPDATE SET qty_per_unit = EXCLUDED.qty_per_unit;
INSERT INTO takeaway_packaging_map (pos_item_code, packaging_id, qty_per_unit) VALUES ('V6056', 'PKG-004', 1.0) ON CONFLICT (pos_item_code, packaging_id) DO UPDATE SET qty_per_unit = EXCLUDED.qty_per_unit;
INSERT INTO takeaway_packaging_map (pos_item_code, packaging_id, qty_per_unit) VALUES ('V6059', 'PKG-004', 1.0) ON CONFLICT (pos_item_code, packaging_id) DO UPDATE SET qty_per_unit = EXCLUDED.qty_per_unit;
INSERT INTO takeaway_packaging_map (pos_item_code, packaging_id, qty_per_unit) VALUES ('V9410', 'PKG-004', 1.0) ON CONFLICT (pos_item_code, packaging_id) DO UPDATE SET qty_per_unit = EXCLUDED.qty_per_unit;
INSERT INTO takeaway_packaging_map (pos_item_code, packaging_id, qty_per_unit) VALUES ('V9501', 'PKG-004', 1.0) ON CONFLICT (pos_item_code, packaging_id) DO UPDATE SET qty_per_unit = EXCLUDED.qty_per_unit;
INSERT INTO takeaway_packaging_map (pos_item_code, packaging_id, qty_per_unit) VALUES ('V9502', 'PKG-004', 1.0) ON CONFLICT (pos_item_code, packaging_id) DO UPDATE SET qty_per_unit = EXCLUDED.qty_per_unit;

-- Recipes (BOM) for Bar
INSERT INTO recipes (menu_item_id, ingredient_id, qty_net, yield_pct, recipe_uom) VALUES ('M7001', 'NLP60033', 0.575, 40.0, 'KG') ON CONFLICT (menu_item_id, ingredient_id) DO UPDATE SET qty_net = EXCLUDED.qty_net, yield_pct = EXCLUDED.yield_pct;
INSERT INTO recipes (menu_item_id, ingredient_id, qty_net, yield_pct, recipe_uom) VALUES ('M7002', 'NLP60032', 0.133, 30.0, 'KG') ON CONFLICT (menu_item_id, ingredient_id) DO UPDATE SET qty_net = EXCLUDED.qty_net, yield_pct = EXCLUDED.yield_pct;
INSERT INTO recipes (menu_item_id, ingredient_id, qty_net, yield_pct, recipe_uom) VALUES ('M7002', 'NLP30251', 0.015, 100.0, 'KG') ON CONFLICT (menu_item_id, ingredient_id) DO UPDATE SET qty_net = EXCLUDED.qty_net, yield_pct = EXCLUDED.yield_pct;
INSERT INTO recipes (menu_item_id, ingredient_id, qty_net, yield_pct, recipe_uom) VALUES ('M7003', 'NLP60033', 0.138, 40.0, 'KG') ON CONFLICT (menu_item_id, ingredient_id) DO UPDATE SET qty_net = EXCLUDED.qty_net, yield_pct = EXCLUDED.yield_pct;
INSERT INTO recipes (menu_item_id, ingredient_id, qty_net, yield_pct, recipe_uom) VALUES ('M7003', 'NLP60041', 0.1024, 45.0, 'PIECE') ON CONFLICT (menu_item_id, ingredient_id) DO UPDATE SET qty_net = EXCLUDED.qty_net, yield_pct = EXCLUDED.yield_pct;
INSERT INTO recipes (menu_item_id, ingredient_id, qty_net, yield_pct, recipe_uom) VALUES ('M7003', 'NLP60057', 0.092, 60.0, 'KG') ON CONFLICT (menu_item_id, ingredient_id) DO UPDATE SET qty_net = EXCLUDED.qty_net, yield_pct = EXCLUDED.yield_pct;
INSERT INTO recipes (menu_item_id, ingredient_id, qty_net, yield_pct, recipe_uom) VALUES ('M7005', 'NLP60035', 0.4, 60.0, 'KG') ON CONFLICT (menu_item_id, ingredient_id) DO UPDATE SET qty_net = EXCLUDED.qty_net, yield_pct = EXCLUDED.yield_pct;
INSERT INTO recipes (menu_item_id, ingredient_id, qty_net, yield_pct, recipe_uom) VALUES ('M7006', 'NLP60034', 0.4, 55.0, 'KG') ON CONFLICT (menu_item_id, ingredient_id) DO UPDATE SET qty_net = EXCLUDED.qty_net, yield_pct = EXCLUDED.yield_pct;
INSERT INTO recipes (menu_item_id, ingredient_id, qty_net, yield_pct, recipe_uom) VALUES ('M7007', 'NLP60038', 0.1, 35.0, 'KG') ON CONFLICT (menu_item_id, ingredient_id) DO UPDATE SET qty_net = EXCLUDED.qty_net, yield_pct = EXCLUDED.yield_pct;
INSERT INTO recipes (menu_item_id, ingredient_id, qty_net, yield_pct, recipe_uom) VALUES ('M7007', 'NLP30251', 0.015, 100.0, 'KG') ON CONFLICT (menu_item_id, ingredient_id) DO UPDATE SET qty_net = EXCLUDED.qty_net, yield_pct = EXCLUDED.yield_pct;
INSERT INTO recipes (menu_item_id, ingredient_id, qty_net, yield_pct, recipe_uom) VALUES ('M7008', 'NLP60031', 0.5864, 30.0, 'PIECE') ON CONFLICT (menu_item_id, ingredient_id) DO UPDATE SET qty_net = EXCLUDED.qty_net, yield_pct = EXCLUDED.yield_pct;
INSERT INTO recipes (menu_item_id, ingredient_id, qty_net, yield_pct, recipe_uom) VALUES ('M7009', 'NLP60041', 0.4088, 45.0, 'PIECE') ON CONFLICT (menu_item_id, ingredient_id) DO UPDATE SET qty_net = EXCLUDED.qty_net, yield_pct = EXCLUDED.yield_pct;
INSERT INTO recipes (menu_item_id, ingredient_id, qty_net, yield_pct, recipe_uom) VALUES ('M7010', 'NLP60037', 0.307, 75.0, 'KG') ON CONFLICT (menu_item_id, ingredient_id) DO UPDATE SET qty_net = EXCLUDED.qty_net, yield_pct = EXCLUDED.yield_pct;
INSERT INTO recipes (menu_item_id, ingredient_id, qty_net, yield_pct, recipe_uom) VALUES ('M7012', 'M9705', 0.05, 95.0, 'L') ON CONFLICT (menu_item_id, ingredient_id) DO UPDATE SET qty_net = EXCLUDED.qty_net, yield_pct = EXCLUDED.yield_pct;
INSERT INTO recipes (menu_item_id, ingredient_id, qty_net, yield_pct, recipe_uom) VALUES ('M7012', 'M9405', 0.02, 95.0, 'L') ON CONFLICT (menu_item_id, ingredient_id) DO UPDATE SET qty_net = EXCLUDED.qty_net, yield_pct = EXCLUDED.yield_pct;
INSERT INTO recipes (menu_item_id, ingredient_id, qty_net, yield_pct, recipe_uom) VALUES ('M7012', 'NLP60032', 0.048, 30.0, 'KG') ON CONFLICT (menu_item_id, ingredient_id) DO UPDATE SET qty_net = EXCLUDED.qty_net, yield_pct = EXCLUDED.yield_pct;
INSERT INTO recipes (menu_item_id, ingredient_id, qty_net, yield_pct, recipe_uom) VALUES ('M7015', 'M9612', 0.03, 95.0, 'L') ON CONFLICT (menu_item_id, ingredient_id) DO UPDATE SET qty_net = EXCLUDED.qty_net, yield_pct = EXCLUDED.yield_pct;
INSERT INTO recipes (menu_item_id, ingredient_id, qty_net, yield_pct, recipe_uom) VALUES ('M7015', 'M9644', 0.0214, 95.0, 'BOTTLE') ON CONFLICT (menu_item_id, ingredient_id) DO UPDATE SET qty_net = EXCLUDED.qty_net, yield_pct = EXCLUDED.yield_pct;
INSERT INTO recipes (menu_item_id, ingredient_id, qty_net, yield_pct, recipe_uom) VALUES ('M7015', 'M9405', 0.01, 95.0, 'L') ON CONFLICT (menu_item_id, ingredient_id) DO UPDATE SET qty_net = EXCLUDED.qty_net, yield_pct = EXCLUDED.yield_pct;
INSERT INTO recipes (menu_item_id, ingredient_id, qty_net, yield_pct, recipe_uom) VALUES ('M7015', 'M9645', 0.0107, 95.0, 'BOTTLE') ON CONFLICT (menu_item_id, ingredient_id) DO UPDATE SET qty_net = EXCLUDED.qty_net, yield_pct = EXCLUDED.yield_pct;
INSERT INTO recipes (menu_item_id, ingredient_id, qty_net, yield_pct, recipe_uom) VALUES ('M7015', 'NLP60041', 0.213, 45.0, 'PIECE') ON CONFLICT (menu_item_id, ingredient_id) DO UPDATE SET qty_net = EXCLUDED.qty_net, yield_pct = EXCLUDED.yield_pct;
INSERT INTO recipes (menu_item_id, ingredient_id, qty_net, yield_pct, recipe_uom) VALUES ('M7015', 'NLP60032', 0.048, 30.0, 'KG') ON CONFLICT (menu_item_id, ingredient_id) DO UPDATE SET qty_net = EXCLUDED.qty_net, yield_pct = EXCLUDED.yield_pct;
INSERT INTO recipes (menu_item_id, ingredient_id, qty_net, yield_pct, recipe_uom) VALUES ('M7015', 'S1003', 0.0143, 100.0, 'BOTTLE') ON CONFLICT (menu_item_id, ingredient_id) DO UPDATE SET qty_net = EXCLUDED.qty_net, yield_pct = EXCLUDED.yield_pct;
INSERT INTO recipes (menu_item_id, ingredient_id, qty_net, yield_pct, recipe_uom) VALUES ('M7018', 'M9512', 0.05, 95.0, 'L') ON CONFLICT (menu_item_id, ingredient_id) DO UPDATE SET qty_net = EXCLUDED.qty_net, yield_pct = EXCLUDED.yield_pct;
INSERT INTO recipes (menu_item_id, ingredient_id, qty_net, yield_pct, recipe_uom) VALUES ('M7018', 'M9407', 0.0286, 95.0, 'BOTTLE') ON CONFLICT (menu_item_id, ingredient_id) DO UPDATE SET qty_net = EXCLUDED.qty_net, yield_pct = EXCLUDED.yield_pct;
INSERT INTO recipes (menu_item_id, ingredient_id, qty_net, yield_pct, recipe_uom) VALUES ('M7021', 'NLP60041', 0.213, 45.0, 'PIECE') ON CONFLICT (menu_item_id, ingredient_id) DO UPDATE SET qty_net = EXCLUDED.qty_net, yield_pct = EXCLUDED.yield_pct;
INSERT INTO recipes (menu_item_id, ingredient_id, qty_net, yield_pct, recipe_uom) VALUES ('M7021', 'NLP30251', 0.01, 100.0, 'KG') ON CONFLICT (menu_item_id, ingredient_id) DO UPDATE SET qty_net = EXCLUDED.qty_net, yield_pct = EXCLUDED.yield_pct;
INSERT INTO recipes (menu_item_id, ingredient_id, qty_net, yield_pct, recipe_uom) VALUES ('M7021', 'M6002', 0.1818, 100.0, 'CAN') ON CONFLICT (menu_item_id, ingredient_id) DO UPDATE SET qty_net = EXCLUDED.qty_net, yield_pct = EXCLUDED.yield_pct;
INSERT INTO recipes (menu_item_id, ingredient_id, qty_net, yield_pct, recipe_uom) VALUES ('M7022', 'NLP60037', 0.153, 75.0, 'KG') ON CONFLICT (menu_item_id, ingredient_id) DO UPDATE SET qty_net = EXCLUDED.qty_net, yield_pct = EXCLUDED.yield_pct;
INSERT INTO recipes (menu_item_id, ingredient_id, qty_net, yield_pct, recipe_uom) VALUES ('M7022', 'NLP60057', 0.14, 60.0, 'KG') ON CONFLICT (menu_item_id, ingredient_id) DO UPDATE SET qty_net = EXCLUDED.qty_net, yield_pct = EXCLUDED.yield_pct;
INSERT INTO recipes (menu_item_id, ingredient_id, qty_net, yield_pct, recipe_uom) VALUES ('M7022', 'NLP60058', 0.027, 85.0, 'KG') ON CONFLICT (menu_item_id, ingredient_id) DO UPDATE SET qty_net = EXCLUDED.qty_net, yield_pct = EXCLUDED.yield_pct;
INSERT INTO recipes (menu_item_id, ingredient_id, qty_net, yield_pct, recipe_uom) VALUES ('M7022', 'NLP60032', 0.015, 30.0, 'KG') ON CONFLICT (menu_item_id, ingredient_id) DO UPDATE SET qty_net = EXCLUDED.qty_net, yield_pct = EXCLUDED.yield_pct;
INSERT INTO recipes (menu_item_id, ingredient_id, qty_net, yield_pct, recipe_uom) VALUES ('M7023', 'NLP60035', 0.25, 60.0, 'KG') ON CONFLICT (menu_item_id, ingredient_id) DO UPDATE SET qty_net = EXCLUDED.qty_net, yield_pct = EXCLUDED.yield_pct;
INSERT INTO recipes (menu_item_id, ingredient_id, qty_net, yield_pct, recipe_uom) VALUES ('M7023', 'NLP60032', 0.048, 30.0, 'KG') ON CONFLICT (menu_item_id, ingredient_id) DO UPDATE SET qty_net = EXCLUDED.qty_net, yield_pct = EXCLUDED.yield_pct;
INSERT INTO recipes (menu_item_id, ingredient_id, qty_net, yield_pct, recipe_uom) VALUES ('M7023', 'NLP30251', 0.01, 100.0, 'KG') ON CONFLICT (menu_item_id, ingredient_id) DO UPDATE SET qty_net = EXCLUDED.qty_net, yield_pct = EXCLUDED.yield_pct;
INSERT INTO recipes (menu_item_id, ingredient_id, qty_net, yield_pct, recipe_uom) VALUES ('M7023', 'M6002', 0.0909, 100.0, 'CAN') ON CONFLICT (menu_item_id, ingredient_id) DO UPDATE SET qty_net = EXCLUDED.qty_net, yield_pct = EXCLUDED.yield_pct;
INSERT INTO recipes (menu_item_id, ingredient_id, qty_net, yield_pct, recipe_uom) VALUES ('M7025', 'NLP60033', 0.15, 40.0, 'KG') ON CONFLICT (menu_item_id, ingredient_id) DO UPDATE SET qty_net = EXCLUDED.qty_net, yield_pct = EXCLUDED.yield_pct;
INSERT INTO recipes (menu_item_id, ingredient_id, qty_net, yield_pct, recipe_uom) VALUES ('M7025', 'NLP60032', 0.063, 30.0, 'KG') ON CONFLICT (menu_item_id, ingredient_id) DO UPDATE SET qty_net = EXCLUDED.qty_net, yield_pct = EXCLUDED.yield_pct;
INSERT INTO recipes (menu_item_id, ingredient_id, qty_net, yield_pct, recipe_uom) VALUES ('M7025', 'S1003', 0.0214, 100.0, 'BOTTLE') ON CONFLICT (menu_item_id, ingredient_id) DO UPDATE SET qty_net = EXCLUDED.qty_net, yield_pct = EXCLUDED.yield_pct;
INSERT INTO recipes (menu_item_id, ingredient_id, qty_net, yield_pct, recipe_uom) VALUES ('M7025', 'M6002', 0.2424, 100.0, 'CAN') ON CONFLICT (menu_item_id, ingredient_id) DO UPDATE SET qty_net = EXCLUDED.qty_net, yield_pct = EXCLUDED.yield_pct;
INSERT INTO recipes (menu_item_id, ingredient_id, qty_net, yield_pct, recipe_uom) VALUES ('M7028', 'NLP60061', 0.1, 60.0, 'KG') ON CONFLICT (menu_item_id, ingredient_id) DO UPDATE SET qty_net = EXCLUDED.qty_net, yield_pct = EXCLUDED.yield_pct;
INSERT INTO recipes (menu_item_id, ingredient_id, qty_net, yield_pct, recipe_uom) VALUES ('M7028', 'NLP60032', 0.063, 30.0, 'KG') ON CONFLICT (menu_item_id, ingredient_id) DO UPDATE SET qty_net = EXCLUDED.qty_net, yield_pct = EXCLUDED.yield_pct;
INSERT INTO recipes (menu_item_id, ingredient_id, qty_net, yield_pct, recipe_uom) VALUES ('M7028', 'NLP30251', 0.01, 100.0, 'KG') ON CONFLICT (menu_item_id, ingredient_id) DO UPDATE SET qty_net = EXCLUDED.qty_net, yield_pct = EXCLUDED.yield_pct;
INSERT INTO recipes (menu_item_id, ingredient_id, qty_net, yield_pct, recipe_uom) VALUES ('M7028', 'M6003', 0.2727, 100.0, 'CAN') ON CONFLICT (menu_item_id, ingredient_id) DO UPDATE SET qty_net = EXCLUDED.qty_net, yield_pct = EXCLUDED.yield_pct;
INSERT INTO recipes (menu_item_id, ingredient_id, qty_net, yield_pct, recipe_uom) VALUES ('M7030', 'NLP60032', 0.095, 30.0, 'KG') ON CONFLICT (menu_item_id, ingredient_id) DO UPDATE SET qty_net = EXCLUDED.qty_net, yield_pct = EXCLUDED.yield_pct;
INSERT INTO recipes (menu_item_id, ingredient_id, qty_net, yield_pct, recipe_uom) VALUES ('M7030', 'NLP30251', 0.015, 100.0, 'KG') ON CONFLICT (menu_item_id, ingredient_id) DO UPDATE SET qty_net = EXCLUDED.qty_net, yield_pct = EXCLUDED.yield_pct;
INSERT INTO recipes (menu_item_id, ingredient_id, qty_net, yield_pct, recipe_uom) VALUES ('M7030', 'M6002', 0.303, 100.0, 'CAN') ON CONFLICT (menu_item_id, ingredient_id) DO UPDATE SET qty_net = EXCLUDED.qty_net, yield_pct = EXCLUDED.yield_pct;
INSERT INTO recipes (menu_item_id, ingredient_id, qty_net, yield_pct, recipe_uom) VALUES ('M7030', 'NLP60059', 0.005, 100.0, 'KG') ON CONFLICT (menu_item_id, ingredient_id) DO UPDATE SET qty_net = EXCLUDED.qty_net, yield_pct = EXCLUDED.yield_pct;
INSERT INTO recipes (menu_item_id, ingredient_id, qty_net, yield_pct, recipe_uom) VALUES ('M7031', 'NLP60034', 0.109, 55.0, 'KG') ON CONFLICT (menu_item_id, ingredient_id) DO UPDATE SET qty_net = EXCLUDED.qty_net, yield_pct = EXCLUDED.yield_pct;
INSERT INTO recipes (menu_item_id, ingredient_id, qty_net, yield_pct, recipe_uom) VALUES ('M7031', 'NLP60032', 0.063, 30.0, 'KG') ON CONFLICT (menu_item_id, ingredient_id) DO UPDATE SET qty_net = EXCLUDED.qty_net, yield_pct = EXCLUDED.yield_pct;
INSERT INTO recipes (menu_item_id, ingredient_id, qty_net, yield_pct, recipe_uom) VALUES ('M7031', 'NLP30251', 0.01, 100.0, 'KG') ON CONFLICT (menu_item_id, ingredient_id) DO UPDATE SET qty_net = EXCLUDED.qty_net, yield_pct = EXCLUDED.yield_pct;
INSERT INTO recipes (menu_item_id, ingredient_id, qty_net, yield_pct, recipe_uom) VALUES ('M7031', 'M6002', 0.2424, 100.0, 'CAN') ON CONFLICT (menu_item_id, ingredient_id) DO UPDATE SET qty_net = EXCLUDED.qty_net, yield_pct = EXCLUDED.yield_pct;
INSERT INTO recipes (menu_item_id, ingredient_id, qty_net, yield_pct, recipe_uom) VALUES ('M7031', 'NLP60059', 0.005, 100.0, 'KG') ON CONFLICT (menu_item_id, ingredient_id) DO UPDATE SET qty_net = EXCLUDED.qty_net, yield_pct = EXCLUDED.yield_pct;
INSERT INTO recipes (menu_item_id, ingredient_id, qty_net, yield_pct, recipe_uom) VALUES ('M7032', 'M9702', 0.04, 95.0, 'L') ON CONFLICT (menu_item_id, ingredient_id) DO UPDATE SET qty_net = EXCLUDED.qty_net, yield_pct = EXCLUDED.yield_pct;
INSERT INTO recipes (menu_item_id, ingredient_id, qty_net, yield_pct, recipe_uom) VALUES ('M7032', 'NLP60032', 0.095, 30.0, 'KG') ON CONFLICT (menu_item_id, ingredient_id) DO UPDATE SET qty_net = EXCLUDED.qty_net, yield_pct = EXCLUDED.yield_pct;
INSERT INTO recipes (menu_item_id, ingredient_id, qty_net, yield_pct, recipe_uom) VALUES ('M7032', 'NLP30251', 0.015, 100.0, 'KG') ON CONFLICT (menu_item_id, ingredient_id) DO UPDATE SET qty_net = EXCLUDED.qty_net, yield_pct = EXCLUDED.yield_pct;
INSERT INTO recipes (menu_item_id, ingredient_id, qty_net, yield_pct, recipe_uom) VALUES ('M7032', 'M6002', 0.1818, 100.0, 'CAN') ON CONFLICT (menu_item_id, ingredient_id) DO UPDATE SET qty_net = EXCLUDED.qty_net, yield_pct = EXCLUDED.yield_pct;
INSERT INTO recipes (menu_item_id, ingredient_id, qty_net, yield_pct, recipe_uom) VALUES ('M7032', 'NLP60059', 0.005, 100.0, 'KG') ON CONFLICT (menu_item_id, ingredient_id) DO UPDATE SET qty_net = EXCLUDED.qty_net, yield_pct = EXCLUDED.yield_pct;
INSERT INTO recipes (menu_item_id, ingredient_id, qty_net, yield_pct, recipe_uom) VALUES ('M7033', 'M9702', 0.03, 95.0, 'L') ON CONFLICT (menu_item_id, ingredient_id) DO UPDATE SET qty_net = EXCLUDED.qty_net, yield_pct = EXCLUDED.yield_pct;
INSERT INTO recipes (menu_item_id, ingredient_id, qty_net, yield_pct, recipe_uom) VALUES ('M7033', 'NLP60050', 0.075, 100.0, 'BOX') ON CONFLICT (menu_item_id, ingredient_id) DO UPDATE SET qty_net = EXCLUDED.qty_net, yield_pct = EXCLUDED.yield_pct;
INSERT INTO recipes (menu_item_id, ingredient_id, qty_net, yield_pct, recipe_uom) VALUES ('M7033', 'NLP60041', 0.16, 45.0, 'PIECE') ON CONFLICT (menu_item_id, ingredient_id) DO UPDATE SET qty_net = EXCLUDED.qty_net, yield_pct = EXCLUDED.yield_pct;
INSERT INTO recipes (menu_item_id, ingredient_id, qty_net, yield_pct, recipe_uom) VALUES ('M7034', 'M9621', 0.045, 95.0, 'L') ON CONFLICT (menu_item_id, ingredient_id) DO UPDATE SET qty_net = EXCLUDED.qty_net, yield_pct = EXCLUDED.yield_pct;
INSERT INTO recipes (menu_item_id, ingredient_id, qty_net, yield_pct, recipe_uom) VALUES ('M7034', 'NLP600381', 0.08, 35.0, 'KG') ON CONFLICT (menu_item_id, ingredient_id) DO UPDATE SET qty_net = EXCLUDED.qty_net, yield_pct = EXCLUDED.yield_pct;
INSERT INTO recipes (menu_item_id, ingredient_id, qty_net, yield_pct, recipe_uom) VALUES ('M7034', 'NLP30251', 0.015, 100.0, 'KG') ON CONFLICT (menu_item_id, ingredient_id) DO UPDATE SET qty_net = EXCLUDED.qty_net, yield_pct = EXCLUDED.yield_pct;
INSERT INTO recipes (menu_item_id, ingredient_id, qty_net, yield_pct, recipe_uom) VALUES ('M7034', 'NLP2021', 1.0, 100.0, 'PIECE') ON CONFLICT (menu_item_id, ingredient_id) DO UPDATE SET qty_net = EXCLUDED.qty_net, yield_pct = EXCLUDED.yield_pct;
INSERT INTO recipes (menu_item_id, ingredient_id, qty_net, yield_pct, recipe_uom) VALUES ('M7035', 'M9612', 0.045, 95.0, 'L') ON CONFLICT (menu_item_id, ingredient_id) DO UPDATE SET qty_net = EXCLUDED.qty_net, yield_pct = EXCLUDED.yield_pct;
INSERT INTO recipes (menu_item_id, ingredient_id, qty_net, yield_pct, recipe_uom) VALUES ('M7035', 'NLP600381', 0.08, 35.0, 'KG') ON CONFLICT (menu_item_id, ingredient_id) DO UPDATE SET qty_net = EXCLUDED.qty_net, yield_pct = EXCLUDED.yield_pct;
INSERT INTO recipes (menu_item_id, ingredient_id, qty_net, yield_pct, recipe_uom) VALUES ('M7035', 'NLP30251', 0.015, 100.0, 'KG') ON CONFLICT (menu_item_id, ingredient_id) DO UPDATE SET qty_net = EXCLUDED.qty_net, yield_pct = EXCLUDED.yield_pct;
INSERT INTO recipes (menu_item_id, ingredient_id, qty_net, yield_pct, recipe_uom) VALUES ('M7035', 'M6002', 0.1818, 100.0, 'CAN') ON CONFLICT (menu_item_id, ingredient_id) DO UPDATE SET qty_net = EXCLUDED.qty_net, yield_pct = EXCLUDED.yield_pct;
INSERT INTO recipes (menu_item_id, ingredient_id, qty_net, yield_pct, recipe_uom) VALUES ('M7036', 'M9705', 0.045, 95.0, 'L') ON CONFLICT (menu_item_id, ingredient_id) DO UPDATE SET qty_net = EXCLUDED.qty_net, yield_pct = EXCLUDED.yield_pct;
INSERT INTO recipes (menu_item_id, ingredient_id, qty_net, yield_pct, recipe_uom) VALUES ('M7036', 'S1003', 0.0214, 100.0, 'BOTTLE') ON CONFLICT (menu_item_id, ingredient_id) DO UPDATE SET qty_net = EXCLUDED.qty_net, yield_pct = EXCLUDED.yield_pct;
INSERT INTO recipes (menu_item_id, ingredient_id, qty_net, yield_pct, recipe_uom) VALUES ('M7036', 'NLP60033', 0.225, 40.0, 'KG') ON CONFLICT (menu_item_id, ingredient_id) DO UPDATE SET qty_net = EXCLUDED.qty_net, yield_pct = EXCLUDED.yield_pct;
INSERT INTO recipes (menu_item_id, ingredient_id, qty_net, yield_pct, recipe_uom) VALUES ('M7037', 'M9702', 0.06, 95.0, 'L') ON CONFLICT (menu_item_id, ingredient_id) DO UPDATE SET qty_net = EXCLUDED.qty_net, yield_pct = EXCLUDED.yield_pct;
INSERT INTO recipes (menu_item_id, ingredient_id, qty_net, yield_pct, recipe_uom) VALUES ('M7037', 'NLP60032', 0.095, 30.0, 'KG') ON CONFLICT (menu_item_id, ingredient_id) DO UPDATE SET qty_net = EXCLUDED.qty_net, yield_pct = EXCLUDED.yield_pct;
INSERT INTO recipes (menu_item_id, ingredient_id, qty_net, yield_pct, recipe_uom) VALUES ('M7037', 'NLP30251', 0.015, 100.0, 'KG') ON CONFLICT (menu_item_id, ingredient_id) DO UPDATE SET qty_net = EXCLUDED.qty_net, yield_pct = EXCLUDED.yield_pct;
INSERT INTO recipes (menu_item_id, ingredient_id, qty_net, yield_pct, recipe_uom) VALUES ('M7038', 'M9611', 0.0143, 95.0, 'BOTTLE') ON CONFLICT (menu_item_id, ingredient_id) DO UPDATE SET qty_net = EXCLUDED.qty_net, yield_pct = EXCLUDED.yield_pct;
INSERT INTO recipes (menu_item_id, ingredient_id, qty_net, yield_pct, recipe_uom) VALUES ('M7038', 'V2002', 0.12, 95.0, 'BOTTLE') ON CONFLICT (menu_item_id, ingredient_id) DO UPDATE SET qty_net = EXCLUDED.qty_net, yield_pct = EXCLUDED.yield_pct;
INSERT INTO recipes (menu_item_id, ingredient_id, qty_net, yield_pct, recipe_uom) VALUES ('M7039', 'M9403', 0.0571, 95.0, 'BOTTLE') ON CONFLICT (menu_item_id, ingredient_id) DO UPDATE SET qty_net = EXCLUDED.qty_net, yield_pct = EXCLUDED.yield_pct;
INSERT INTO recipes (menu_item_id, ingredient_id, qty_net, yield_pct, recipe_uom) VALUES ('M7039', 'M6002', 0.303, 100.0, 'CAN') ON CONFLICT (menu_item_id, ingredient_id) DO UPDATE SET qty_net = EXCLUDED.qty_net, yield_pct = EXCLUDED.yield_pct;
INSERT INTO recipes (menu_item_id, ingredient_id, qty_net, yield_pct, recipe_uom) VALUES ('M7040', 'M9403', 0.0571, 95.0, 'BOTTLE') ON CONFLICT (menu_item_id, ingredient_id) DO UPDATE SET qty_net = EXCLUDED.qty_net, yield_pct = EXCLUDED.yield_pct;
INSERT INTO recipes (menu_item_id, ingredient_id, qty_net, yield_pct, recipe_uom) VALUES ('M7040', 'NLP60033', 0.25, 40.0, 'KG') ON CONFLICT (menu_item_id, ingredient_id) DO UPDATE SET qty_net = EXCLUDED.qty_net, yield_pct = EXCLUDED.yield_pct;
INSERT INTO recipes (menu_item_id, ingredient_id, qty_net, yield_pct, recipe_uom) VALUES ('M8001', 'M9612', 0.0714, 95.0, 'BOTTLE') ON CONFLICT (menu_item_id, ingredient_id) DO UPDATE SET qty_net = EXCLUDED.qty_net, yield_pct = EXCLUDED.yield_pct;
INSERT INTO recipes (menu_item_id, ingredient_id, qty_net, yield_pct, recipe_uom) VALUES ('M8001', 'M6003', 0.4545, 100.0, 'CAN') ON CONFLICT (menu_item_id, ingredient_id) DO UPDATE SET qty_net = EXCLUDED.qty_net, yield_pct = EXCLUDED.yield_pct;
INSERT INTO recipes (menu_item_id, ingredient_id, qty_net, yield_pct, recipe_uom) VALUES ('M8002', 'M9629', 0.0714, 95.0, 'BOTTLE') ON CONFLICT (menu_item_id, ingredient_id) DO UPDATE SET qty_net = EXCLUDED.qty_net, yield_pct = EXCLUDED.yield_pct;
INSERT INTO recipes (menu_item_id, ingredient_id, qty_net, yield_pct, recipe_uom) VALUES ('M8002', 'M6002', 0.303, 100.0, 'CAN') ON CONFLICT (menu_item_id, ingredient_id) DO UPDATE SET qty_net = EXCLUDED.qty_net, yield_pct = EXCLUDED.yield_pct;
INSERT INTO recipes (menu_item_id, ingredient_id, qty_net, yield_pct, recipe_uom) VALUES ('M9001', 'NLP90023', 0.009, 100.0, 'KG') ON CONFLICT (menu_item_id, ingredient_id) DO UPDATE SET qty_net = EXCLUDED.qty_net, yield_pct = EXCLUDED.yield_pct;
INSERT INTO recipes (menu_item_id, ingredient_id, qty_net, yield_pct, recipe_uom) VALUES ('M9002', 'NLP90023', 0.018, 100.0, 'KG') ON CONFLICT (menu_item_id, ingredient_id) DO UPDATE SET qty_net = EXCLUDED.qty_net, yield_pct = EXCLUDED.yield_pct;
INSERT INTO recipes (menu_item_id, ingredient_id, qty_net, yield_pct, recipe_uom) VALUES ('M9002', 'NLP3021', 0.12, 100.0, 'BOX') ON CONFLICT (menu_item_id, ingredient_id) DO UPDATE SET qty_net = EXCLUDED.qty_net, yield_pct = EXCLUDED.yield_pct;
INSERT INTO recipes (menu_item_id, ingredient_id, qty_net, yield_pct, recipe_uom) VALUES ('M9003', 'NLP9002', 0.018, 100.0, 'KG') ON CONFLICT (menu_item_id, ingredient_id) DO UPDATE SET qty_net = EXCLUDED.qty_net, yield_pct = EXCLUDED.yield_pct;
INSERT INTO recipes (menu_item_id, ingredient_id, qty_net, yield_pct, recipe_uom) VALUES ('M9004', 'NLP9002', 0.018, 100.0, 'KG') ON CONFLICT (menu_item_id, ingredient_id) DO UPDATE SET qty_net = EXCLUDED.qty_net, yield_pct = EXCLUDED.yield_pct;
INSERT INTO recipes (menu_item_id, ingredient_id, qty_net, yield_pct, recipe_uom) VALUES ('M9005', 'NLP9003', 0.04, 100.0, 'BOX') ON CONFLICT (menu_item_id, ingredient_id) DO UPDATE SET qty_net = EXCLUDED.qty_net, yield_pct = EXCLUDED.yield_pct;
INSERT INTO recipes (menu_item_id, ingredient_id, qty_net, yield_pct, recipe_uom) VALUES ('M9006', 'NLP9003', 0.04, 100.0, 'BOX') ON CONFLICT (menu_item_id, ingredient_id) DO UPDATE SET qty_net = EXCLUDED.qty_net, yield_pct = EXCLUDED.yield_pct;
INSERT INTO recipes (menu_item_id, ingredient_id, qty_net, yield_pct, recipe_uom) VALUES ('M9008', 'NLP600351', 0.005, 100.0, 'KG') ON CONFLICT (menu_item_id, ingredient_id) DO UPDATE SET qty_net = EXCLUDED.qty_net, yield_pct = EXCLUDED.yield_pct;
INSERT INTO recipes (menu_item_id, ingredient_id, qty_net, yield_pct, recipe_uom) VALUES ('M9009', 'NLP004', 0.06, 100.0, 'BAG') ON CONFLICT (menu_item_id, ingredient_id) DO UPDATE SET qty_net = EXCLUDED.qty_net, yield_pct = EXCLUDED.yield_pct;
INSERT INTO recipes (menu_item_id, ingredient_id, qty_net, yield_pct, recipe_uom) VALUES ('M9010', 'NLP90023', 0.018, 100.0, 'KG') ON CONFLICT (menu_item_id, ingredient_id) DO UPDATE SET qty_net = EXCLUDED.qty_net, yield_pct = EXCLUDED.yield_pct;
INSERT INTO recipes (menu_item_id, ingredient_id, qty_net, yield_pct, recipe_uom) VALUES ('M9011', 'NLP90023', 0.018, 100.0, 'KG') ON CONFLICT (menu_item_id, ingredient_id) DO UPDATE SET qty_net = EXCLUDED.qty_net, yield_pct = EXCLUDED.yield_pct;
INSERT INTO recipes (menu_item_id, ingredient_id, qty_net, yield_pct, recipe_uom) VALUES ('M9011', 'NLP3021', 0.18, 100.0, 'BOX') ON CONFLICT (menu_item_id, ingredient_id) DO UPDATE SET qty_net = EXCLUDED.qty_net, yield_pct = EXCLUDED.yield_pct;
INSERT INTO recipes (menu_item_id, ingredient_id, qty_net, yield_pct, recipe_uom) VALUES ('M9012', 'NLP90023', 0.018, 100.0, 'KG') ON CONFLICT (menu_item_id, ingredient_id) DO UPDATE SET qty_net = EXCLUDED.qty_net, yield_pct = EXCLUDED.yield_pct;
INSERT INTO recipes (menu_item_id, ingredient_id, qty_net, yield_pct, recipe_uom) VALUES ('M9013', 'NLP600351', 0.006, 100.0, 'KG') ON CONFLICT (menu_item_id, ingredient_id) DO UPDATE SET qty_net = EXCLUDED.qty_net, yield_pct = EXCLUDED.yield_pct;
INSERT INTO recipes (menu_item_id, ingredient_id, qty_net, yield_pct, recipe_uom) VALUES ('M9014', 'NLP9024', 0.04, 100.0, 'BOX') ON CONFLICT (menu_item_id, ingredient_id) DO UPDATE SET qty_net = EXCLUDED.qty_net, yield_pct = EXCLUDED.yield_pct;
INSERT INTO recipes (menu_item_id, ingredient_id, qty_net, yield_pct, recipe_uom) VALUES ('M9015', 'NLP90023', 0.018, 100.0, 'KG') ON CONFLICT (menu_item_id, ingredient_id) DO UPDATE SET qty_net = EXCLUDED.qty_net, yield_pct = EXCLUDED.yield_pct;
INSERT INTO recipes (menu_item_id, ingredient_id, qty_net, yield_pct, recipe_uom) VALUES ('M9015', 'NLP3021', 0.15, 100.0, 'BOX') ON CONFLICT (menu_item_id, ingredient_id) DO UPDATE SET qty_net = EXCLUDED.qty_net, yield_pct = EXCLUDED.yield_pct;
INSERT INTO recipes (menu_item_id, ingredient_id, qty_net, yield_pct, recipe_uom) VALUES ('M9015', 'NLP4002', 0.015, 100.0, 'KG') ON CONFLICT (menu_item_id, ingredient_id) DO UPDATE SET qty_net = EXCLUDED.qty_net, yield_pct = EXCLUDED.yield_pct;
INSERT INTO recipes (menu_item_id, ingredient_id, qty_net, yield_pct, recipe_uom) VALUES ('M9016', 'NLP9002', 0.018, 100.0, 'KG') ON CONFLICT (menu_item_id, ingredient_id) DO UPDATE SET qty_net = EXCLUDED.qty_net, yield_pct = EXCLUDED.yield_pct;
INSERT INTO recipes (menu_item_id, ingredient_id, qty_net, yield_pct, recipe_uom) VALUES ('M9016', 'NLP9006', 0.053, 100.0, 'BOX') ON CONFLICT (menu_item_id, ingredient_id) DO UPDATE SET qty_net = EXCLUDED.qty_net, yield_pct = EXCLUDED.yield_pct;
INSERT INTO recipes (menu_item_id, ingredient_id, qty_net, yield_pct, recipe_uom) VALUES ('M9017', 'NLP9004', 0.04, 100.0, 'BOX') ON CONFLICT (menu_item_id, ingredient_id) DO UPDATE SET qty_net = EXCLUDED.qty_net, yield_pct = EXCLUDED.yield_pct;
INSERT INTO recipes (menu_item_id, ingredient_id, qty_net, yield_pct, recipe_uom) VALUES ('M9018', 'NLP9004', 0.04, 100.0, 'BOX') ON CONFLICT (menu_item_id, ingredient_id) DO UPDATE SET qty_net = EXCLUDED.qty_net, yield_pct = EXCLUDED.yield_pct;
INSERT INTO recipes (menu_item_id, ingredient_id, qty_net, yield_pct, recipe_uom) VALUES ('M9101', 'ING-071', 0.125, 95.0, 'L') ON CONFLICT (menu_item_id, ingredient_id) DO UPDATE SET qty_net = EXCLUDED.qty_net, yield_pct = EXCLUDED.yield_pct;
INSERT INTO recipes (menu_item_id, ingredient_id, qty_net, yield_pct, recipe_uom) VALUES ('M9102', 'ING-070', 0.125, 95.0, 'L') ON CONFLICT (menu_item_id, ingredient_id) DO UPDATE SET qty_net = EXCLUDED.qty_net, yield_pct = EXCLUDED.yield_pct;
INSERT INTO recipes (menu_item_id, ingredient_id, qty_net, yield_pct, recipe_uom) VALUES ('M9104', 'ING-070', 0.125, 95.0, 'L') ON CONFLICT (menu_item_id, ingredient_id) DO UPDATE SET qty_net = EXCLUDED.qty_net, yield_pct = EXCLUDED.yield_pct;
INSERT INTO recipes (menu_item_id, ingredient_id, qty_net, yield_pct, recipe_uom) VALUES ('M9106', 'ING-071', 0.125, 95.0, 'L') ON CONFLICT (menu_item_id, ingredient_id) DO UPDATE SET qty_net = EXCLUDED.qty_net, yield_pct = EXCLUDED.yield_pct;
INSERT INTO recipes (menu_item_id, ingredient_id, qty_net, yield_pct, recipe_uom) VALUES ('M9107', 'ING-070', 0.125, 95.0, 'L') ON CONFLICT (menu_item_id, ingredient_id) DO UPDATE SET qty_net = EXCLUDED.qty_net, yield_pct = EXCLUDED.yield_pct;
INSERT INTO recipes (menu_item_id, ingredient_id, qty_net, yield_pct, recipe_uom) VALUES ('M9109', 'V9410', 0.1667, 95.0, 'BOTTLE') ON CONFLICT (menu_item_id, ingredient_id) DO UPDATE SET qty_net = EXCLUDED.qty_net, yield_pct = EXCLUDED.yield_pct;
INSERT INTO recipes (menu_item_id, ingredient_id, qty_net, yield_pct, recipe_uom) VALUES ('M9121', 'V2001', 0.3333, 95.0, 'BOTTLE') ON CONFLICT (menu_item_id, ingredient_id) DO UPDATE SET qty_net = EXCLUDED.qty_net, yield_pct = EXCLUDED.yield_pct;
INSERT INTO recipes (menu_item_id, ingredient_id, qty_net, yield_pct, recipe_uom) VALUES ('M9204', 'M9203', 1.0, 100.0, 'PACK') ON CONFLICT (menu_item_id, ingredient_id) DO UPDATE SET qty_net = EXCLUDED.qty_net, yield_pct = EXCLUDED.yield_pct;
INSERT INTO recipes (menu_item_id, ingredient_id, qty_net, yield_pct, recipe_uom) VALUES ('B5001', 'B5001', 1.0, 100.0, 'BOTTLE') ON CONFLICT (menu_item_id, ingredient_id) DO UPDATE SET qty_net = EXCLUDED.qty_net, yield_pct = EXCLUDED.yield_pct;
INSERT INTO recipes (menu_item_id, ingredient_id, qty_net, yield_pct, recipe_uom) VALUES ('B5002', 'B5002', 1.0, 100.0, 'BOTTLE') ON CONFLICT (menu_item_id, ingredient_id) DO UPDATE SET qty_net = EXCLUDED.qty_net, yield_pct = EXCLUDED.yield_pct;
INSERT INTO recipes (menu_item_id, ingredient_id, qty_net, yield_pct, recipe_uom) VALUES ('B5004', 'B5004', 1.0, 100.0, 'CAN') ON CONFLICT (menu_item_id, ingredient_id) DO UPDATE SET qty_net = EXCLUDED.qty_net, yield_pct = EXCLUDED.yield_pct;
INSERT INTO recipes (menu_item_id, ingredient_id, qty_net, yield_pct, recipe_uom) VALUES ('B5005', 'B5005', 1.0, 100.0, 'BOTTLE') ON CONFLICT (menu_item_id, ingredient_id) DO UPDATE SET qty_net = EXCLUDED.qty_net, yield_pct = EXCLUDED.yield_pct;
INSERT INTO recipes (menu_item_id, ingredient_id, qty_net, yield_pct, recipe_uom) VALUES ('B5007', 'B5007', 1.0, 100.0, 'GLASS') ON CONFLICT (menu_item_id, ingredient_id) DO UPDATE SET qty_net = EXCLUDED.qty_net, yield_pct = EXCLUDED.yield_pct;
INSERT INTO recipes (menu_item_id, ingredient_id, qty_net, yield_pct, recipe_uom) VALUES ('B5010', 'B5010', 1.0, 100.0, 'BOTTLE') ON CONFLICT (menu_item_id, ingredient_id) DO UPDATE SET qty_net = EXCLUDED.qty_net, yield_pct = EXCLUDED.yield_pct;
INSERT INTO recipes (menu_item_id, ingredient_id, qty_net, yield_pct, recipe_uom) VALUES ('B5012', 'B5012', 1.0, 100.0, 'CAN') ON CONFLICT (menu_item_id, ingredient_id) DO UPDATE SET qty_net = EXCLUDED.qty_net, yield_pct = EXCLUDED.yield_pct;
INSERT INTO recipes (menu_item_id, ingredient_id, qty_net, yield_pct, recipe_uom) VALUES ('B5016', 'B5016', 1.0, 100.0, 'BOTTLE') ON CONFLICT (menu_item_id, ingredient_id) DO UPDATE SET qty_net = EXCLUDED.qty_net, yield_pct = EXCLUDED.yield_pct;
INSERT INTO recipes (menu_item_id, ingredient_id, qty_net, yield_pct, recipe_uom) VALUES ('V1001', 'V1001', 1.0, 100.0, 'BOTTLE') ON CONFLICT (menu_item_id, ingredient_id) DO UPDATE SET qty_net = EXCLUDED.qty_net, yield_pct = EXCLUDED.yield_pct;
INSERT INTO recipes (menu_item_id, ingredient_id, qty_net, yield_pct, recipe_uom) VALUES ('V2002', 'V2002', 1.0, 100.0, 'BOTTLE') ON CONFLICT (menu_item_id, ingredient_id) DO UPDATE SET qty_net = EXCLUDED.qty_net, yield_pct = EXCLUDED.yield_pct;
INSERT INTO recipes (menu_item_id, ingredient_id, qty_net, yield_pct, recipe_uom) VALUES ('V4045', 'V4045', 1.0, 100.0, 'BOTTLE') ON CONFLICT (menu_item_id, ingredient_id) DO UPDATE SET qty_net = EXCLUDED.qty_net, yield_pct = EXCLUDED.yield_pct;
INSERT INTO recipes (menu_item_id, ingredient_id, qty_net, yield_pct, recipe_uom) VALUES ('V4064', 'V4064', 1.0, 100.0, 'BOTTLE') ON CONFLICT (menu_item_id, ingredient_id) DO UPDATE SET qty_net = EXCLUDED.qty_net, yield_pct = EXCLUDED.yield_pct;
INSERT INTO recipes (menu_item_id, ingredient_id, qty_net, yield_pct, recipe_uom) VALUES ('V4065', 'V4065', 1.0, 100.0, 'BOTTLE') ON CONFLICT (menu_item_id, ingredient_id) DO UPDATE SET qty_net = EXCLUDED.qty_net, yield_pct = EXCLUDED.yield_pct;
INSERT INTO recipes (menu_item_id, ingredient_id, qty_net, yield_pct, recipe_uom) VALUES ('V4075', 'V4075', 1.0, 100.0, 'BOTTLE') ON CONFLICT (menu_item_id, ingredient_id) DO UPDATE SET qty_net = EXCLUDED.qty_net, yield_pct = EXCLUDED.yield_pct;
INSERT INTO recipes (menu_item_id, ingredient_id, qty_net, yield_pct, recipe_uom) VALUES ('V4088', 'V4088', 1.0, 100.0, 'BOTTLE') ON CONFLICT (menu_item_id, ingredient_id) DO UPDATE SET qty_net = EXCLUDED.qty_net, yield_pct = EXCLUDED.yield_pct;
INSERT INTO recipes (menu_item_id, ingredient_id, qty_net, yield_pct, recipe_uom) VALUES ('V4091', 'V4091', 1.0, 100.0, 'BOTTLE') ON CONFLICT (menu_item_id, ingredient_id) DO UPDATE SET qty_net = EXCLUDED.qty_net, yield_pct = EXCLUDED.yield_pct;
INSERT INTO recipes (menu_item_id, ingredient_id, qty_net, yield_pct, recipe_uom) VALUES ('V6027', 'V6027', 1.0, 100.0, 'BOTTLE') ON CONFLICT (menu_item_id, ingredient_id) DO UPDATE SET qty_net = EXCLUDED.qty_net, yield_pct = EXCLUDED.yield_pct;
INSERT INTO recipes (menu_item_id, ingredient_id, qty_net, yield_pct, recipe_uom) VALUES ('V6034', 'V6034', 1.0, 100.0, 'BOTTLE') ON CONFLICT (menu_item_id, ingredient_id) DO UPDATE SET qty_net = EXCLUDED.qty_net, yield_pct = EXCLUDED.yield_pct;
INSERT INTO recipes (menu_item_id, ingredient_id, qty_net, yield_pct, recipe_uom) VALUES ('V6056', 'V6056', 1.0, 100.0, 'BOTTLE') ON CONFLICT (menu_item_id, ingredient_id) DO UPDATE SET qty_net = EXCLUDED.qty_net, yield_pct = EXCLUDED.yield_pct;
INSERT INTO recipes (menu_item_id, ingredient_id, qty_net, yield_pct, recipe_uom) VALUES ('V6059', 'V6059', 1.0, 100.0, 'BOTTLE') ON CONFLICT (menu_item_id, ingredient_id) DO UPDATE SET qty_net = EXCLUDED.qty_net, yield_pct = EXCLUDED.yield_pct;
INSERT INTO recipes (menu_item_id, ingredient_id, qty_net, yield_pct, recipe_uom) VALUES ('V9410', 'V9410', 1.0, 100.0, 'BOTTLE') ON CONFLICT (menu_item_id, ingredient_id) DO UPDATE SET qty_net = EXCLUDED.qty_net, yield_pct = EXCLUDED.yield_pct;
INSERT INTO recipes (menu_item_id, ingredient_id, qty_net, yield_pct, recipe_uom) VALUES ('V9501', 'V9501', 1.0, 100.0, 'BOTTLE') ON CONFLICT (menu_item_id, ingredient_id) DO UPDATE SET qty_net = EXCLUDED.qty_net, yield_pct = EXCLUDED.yield_pct;
INSERT INTO recipes (menu_item_id, ingredient_id, qty_net, yield_pct, recipe_uom) VALUES ('V9502', 'V9502', 1.0, 100.0, 'BOTTLE') ON CONFLICT (menu_item_id, ingredient_id) DO UPDATE SET qty_net = EXCLUDED.qty_net, yield_pct = EXCLUDED.yield_pct;

-- Tag ingredients to locations/departments (is_primary = true for Bar-scoped items)
INSERT INTO ingredient_departments (ingredient_id, department, usage_context, is_primary) VALUES ('B5001', 'BAR', 'BEVERAGE', true) ON CONFLICT (ingredient_id, department) DO NOTHING;
INSERT INTO ingredient_departments (ingredient_id, department, usage_context, is_primary) VALUES ('B5002', 'BAR', 'BEVERAGE', true) ON CONFLICT (ingredient_id, department) DO NOTHING;
INSERT INTO ingredient_departments (ingredient_id, department, usage_context, is_primary) VALUES ('B5004', 'BAR', 'BEVERAGE', true) ON CONFLICT (ingredient_id, department) DO NOTHING;
INSERT INTO ingredient_departments (ingredient_id, department, usage_context, is_primary) VALUES ('B5005', 'BAR', 'BEVERAGE', true) ON CONFLICT (ingredient_id, department) DO NOTHING;
INSERT INTO ingredient_departments (ingredient_id, department, usage_context, is_primary) VALUES ('B5007', 'BAR', 'BEVERAGE', true) ON CONFLICT (ingredient_id, department) DO NOTHING;
INSERT INTO ingredient_departments (ingredient_id, department, usage_context, is_primary) VALUES ('B5010', 'BAR', 'BEVERAGE', true) ON CONFLICT (ingredient_id, department) DO NOTHING;
INSERT INTO ingredient_departments (ingredient_id, department, usage_context, is_primary) VALUES ('B5012', 'BAR', 'BEVERAGE', true) ON CONFLICT (ingredient_id, department) DO NOTHING;
INSERT INTO ingredient_departments (ingredient_id, department, usage_context, is_primary) VALUES ('B5016', 'BAR', 'BEVERAGE', true) ON CONFLICT (ingredient_id, department) DO NOTHING;
INSERT INTO ingredient_departments (ingredient_id, department, usage_context, is_primary) VALUES ('NLP60033', 'BAR', 'BEVERAGE', false) ON CONFLICT (ingredient_id, department) DO NOTHING;
INSERT INTO ingredient_departments (ingredient_id, department, usage_context, is_primary) VALUES ('NLP60032', 'BAR', 'BEVERAGE', false) ON CONFLICT (ingredient_id, department) DO NOTHING;
INSERT INTO ingredient_departments (ingredient_id, department, usage_context, is_primary) VALUES ('NLP30251', 'BAR', 'BEVERAGE', false) ON CONFLICT (ingredient_id, department) DO NOTHING;
INSERT INTO ingredient_departments (ingredient_id, department, usage_context, is_primary) VALUES ('NLP60033', 'BAR', 'BEVERAGE', false) ON CONFLICT (ingredient_id, department) DO NOTHING;
INSERT INTO ingredient_departments (ingredient_id, department, usage_context, is_primary) VALUES ('NLP60041', 'BAR', 'BEVERAGE', false) ON CONFLICT (ingredient_id, department) DO NOTHING;
INSERT INTO ingredient_departments (ingredient_id, department, usage_context, is_primary) VALUES ('NLP60057', 'BAR', 'BEVERAGE', false) ON CONFLICT (ingredient_id, department) DO NOTHING;
INSERT INTO ingredient_departments (ingredient_id, department, usage_context, is_primary) VALUES ('NLP60035', 'BAR', 'BEVERAGE', false) ON CONFLICT (ingredient_id, department) DO NOTHING;
INSERT INTO ingredient_departments (ingredient_id, department, usage_context, is_primary) VALUES ('NLP60034', 'BAR', 'BEVERAGE', false) ON CONFLICT (ingredient_id, department) DO NOTHING;
INSERT INTO ingredient_departments (ingredient_id, department, usage_context, is_primary) VALUES ('NLP60038', 'BAR', 'BEVERAGE', false) ON CONFLICT (ingredient_id, department) DO NOTHING;
INSERT INTO ingredient_departments (ingredient_id, department, usage_context, is_primary) VALUES ('NLP30251', 'BAR', 'BEVERAGE', false) ON CONFLICT (ingredient_id, department) DO NOTHING;
INSERT INTO ingredient_departments (ingredient_id, department, usage_context, is_primary) VALUES ('NLP60031', 'BAR', 'BEVERAGE', false) ON CONFLICT (ingredient_id, department) DO NOTHING;
INSERT INTO ingredient_departments (ingredient_id, department, usage_context, is_primary) VALUES ('NLP60041', 'BAR', 'BEVERAGE', false) ON CONFLICT (ingredient_id, department) DO NOTHING;
INSERT INTO ingredient_departments (ingredient_id, department, usage_context, is_primary) VALUES ('NLP60037', 'BAR', 'BEVERAGE', false) ON CONFLICT (ingredient_id, department) DO NOTHING;
INSERT INTO ingredient_departments (ingredient_id, department, usage_context, is_primary) VALUES ('M9705', 'BAR', 'BEVERAGE', true) ON CONFLICT (ingredient_id, department) DO NOTHING;
INSERT INTO ingredient_departments (ingredient_id, department, usage_context, is_primary) VALUES ('M9405', 'BAR', 'BEVERAGE', true) ON CONFLICT (ingredient_id, department) DO NOTHING;
INSERT INTO ingredient_departments (ingredient_id, department, usage_context, is_primary) VALUES ('NLP60032', 'BAR', 'BEVERAGE', false) ON CONFLICT (ingredient_id, department) DO NOTHING;
INSERT INTO ingredient_departments (ingredient_id, department, usage_context, is_primary) VALUES ('M9612', 'BAR', 'BEVERAGE', true) ON CONFLICT (ingredient_id, department) DO NOTHING;
INSERT INTO ingredient_departments (ingredient_id, department, usage_context, is_primary) VALUES ('M9644', 'BAR', 'BEVERAGE', true) ON CONFLICT (ingredient_id, department) DO NOTHING;
INSERT INTO ingredient_departments (ingredient_id, department, usage_context, is_primary) VALUES ('M9405', 'BAR', 'BEVERAGE', true) ON CONFLICT (ingredient_id, department) DO NOTHING;
INSERT INTO ingredient_departments (ingredient_id, department, usage_context, is_primary) VALUES ('M9645', 'BAR', 'BEVERAGE', true) ON CONFLICT (ingredient_id, department) DO NOTHING;
INSERT INTO ingredient_departments (ingredient_id, department, usage_context, is_primary) VALUES ('NLP60041', 'BAR', 'BEVERAGE', false) ON CONFLICT (ingredient_id, department) DO NOTHING;
INSERT INTO ingredient_departments (ingredient_id, department, usage_context, is_primary) VALUES ('NLP60032', 'BAR', 'BEVERAGE', false) ON CONFLICT (ingredient_id, department) DO NOTHING;
INSERT INTO ingredient_departments (ingredient_id, department, usage_context, is_primary) VALUES ('S1003', 'BAR', 'BEVERAGE', false) ON CONFLICT (ingredient_id, department) DO NOTHING;
INSERT INTO ingredient_departments (ingredient_id, department, usage_context, is_primary) VALUES ('M9512', 'BAR', 'BEVERAGE', true) ON CONFLICT (ingredient_id, department) DO NOTHING;
INSERT INTO ingredient_departments (ingredient_id, department, usage_context, is_primary) VALUES ('M9407', 'BAR', 'BEVERAGE', true) ON CONFLICT (ingredient_id, department) DO NOTHING;
INSERT INTO ingredient_departments (ingredient_id, department, usage_context, is_primary) VALUES ('NLP60041', 'BAR', 'BEVERAGE', false) ON CONFLICT (ingredient_id, department) DO NOTHING;
INSERT INTO ingredient_departments (ingredient_id, department, usage_context, is_primary) VALUES ('NLP30251', 'BAR', 'BEVERAGE', false) ON CONFLICT (ingredient_id, department) DO NOTHING;
INSERT INTO ingredient_departments (ingredient_id, department, usage_context, is_primary) VALUES ('M6002', 'BAR', 'BEVERAGE', true) ON CONFLICT (ingredient_id, department) DO NOTHING;
INSERT INTO ingredient_departments (ingredient_id, department, usage_context, is_primary) VALUES ('NLP60037', 'BAR', 'BEVERAGE', false) ON CONFLICT (ingredient_id, department) DO NOTHING;
INSERT INTO ingredient_departments (ingredient_id, department, usage_context, is_primary) VALUES ('NLP60057', 'BAR', 'BEVERAGE', false) ON CONFLICT (ingredient_id, department) DO NOTHING;
INSERT INTO ingredient_departments (ingredient_id, department, usage_context, is_primary) VALUES ('NLP60058', 'BAR', 'BEVERAGE', false) ON CONFLICT (ingredient_id, department) DO NOTHING;
INSERT INTO ingredient_departments (ingredient_id, department, usage_context, is_primary) VALUES ('NLP60032', 'BAR', 'BEVERAGE', false) ON CONFLICT (ingredient_id, department) DO NOTHING;
INSERT INTO ingredient_departments (ingredient_id, department, usage_context, is_primary) VALUES ('NLP60035', 'BAR', 'BEVERAGE', false) ON CONFLICT (ingredient_id, department) DO NOTHING;
INSERT INTO ingredient_departments (ingredient_id, department, usage_context, is_primary) VALUES ('NLP60032', 'BAR', 'BEVERAGE', false) ON CONFLICT (ingredient_id, department) DO NOTHING;
INSERT INTO ingredient_departments (ingredient_id, department, usage_context, is_primary) VALUES ('NLP30251', 'BAR', 'BEVERAGE', false) ON CONFLICT (ingredient_id, department) DO NOTHING;
INSERT INTO ingredient_departments (ingredient_id, department, usage_context, is_primary) VALUES ('M6002', 'BAR', 'BEVERAGE', true) ON CONFLICT (ingredient_id, department) DO NOTHING;
INSERT INTO ingredient_departments (ingredient_id, department, usage_context, is_primary) VALUES ('NLP60033', 'BAR', 'BEVERAGE', false) ON CONFLICT (ingredient_id, department) DO NOTHING;
INSERT INTO ingredient_departments (ingredient_id, department, usage_context, is_primary) VALUES ('NLP60032', 'BAR', 'BEVERAGE', false) ON CONFLICT (ingredient_id, department) DO NOTHING;
INSERT INTO ingredient_departments (ingredient_id, department, usage_context, is_primary) VALUES ('S1003', 'BAR', 'BEVERAGE', false) ON CONFLICT (ingredient_id, department) DO NOTHING;
INSERT INTO ingredient_departments (ingredient_id, department, usage_context, is_primary) VALUES ('M6002', 'BAR', 'BEVERAGE', true) ON CONFLICT (ingredient_id, department) DO NOTHING;
INSERT INTO ingredient_departments (ingredient_id, department, usage_context, is_primary) VALUES ('NLP60061', 'BAR', 'BEVERAGE', false) ON CONFLICT (ingredient_id, department) DO NOTHING;
INSERT INTO ingredient_departments (ingredient_id, department, usage_context, is_primary) VALUES ('NLP60032', 'BAR', 'BEVERAGE', false) ON CONFLICT (ingredient_id, department) DO NOTHING;
INSERT INTO ingredient_departments (ingredient_id, department, usage_context, is_primary) VALUES ('NLP30251', 'BAR', 'BEVERAGE', false) ON CONFLICT (ingredient_id, department) DO NOTHING;
INSERT INTO ingredient_departments (ingredient_id, department, usage_context, is_primary) VALUES ('M6003', 'BAR', 'BEVERAGE', true) ON CONFLICT (ingredient_id, department) DO NOTHING;
INSERT INTO ingredient_departments (ingredient_id, department, usage_context, is_primary) VALUES ('NLP60032', 'BAR', 'BEVERAGE', false) ON CONFLICT (ingredient_id, department) DO NOTHING;
INSERT INTO ingredient_departments (ingredient_id, department, usage_context, is_primary) VALUES ('NLP30251', 'BAR', 'BEVERAGE', false) ON CONFLICT (ingredient_id, department) DO NOTHING;
INSERT INTO ingredient_departments (ingredient_id, department, usage_context, is_primary) VALUES ('M6002', 'BAR', 'BEVERAGE', true) ON CONFLICT (ingredient_id, department) DO NOTHING;
INSERT INTO ingredient_departments (ingredient_id, department, usage_context, is_primary) VALUES ('NLP60059', 'BAR', 'BEVERAGE', false) ON CONFLICT (ingredient_id, department) DO NOTHING;
INSERT INTO ingredient_departments (ingredient_id, department, usage_context, is_primary) VALUES ('NLP60034', 'BAR', 'BEVERAGE', false) ON CONFLICT (ingredient_id, department) DO NOTHING;
INSERT INTO ingredient_departments (ingredient_id, department, usage_context, is_primary) VALUES ('NLP60032', 'BAR', 'BEVERAGE', false) ON CONFLICT (ingredient_id, department) DO NOTHING;
INSERT INTO ingredient_departments (ingredient_id, department, usage_context, is_primary) VALUES ('NLP30251', 'BAR', 'BEVERAGE', false) ON CONFLICT (ingredient_id, department) DO NOTHING;
INSERT INTO ingredient_departments (ingredient_id, department, usage_context, is_primary) VALUES ('M6002', 'BAR', 'BEVERAGE', true) ON CONFLICT (ingredient_id, department) DO NOTHING;
INSERT INTO ingredient_departments (ingredient_id, department, usage_context, is_primary) VALUES ('NLP60059', 'BAR', 'BEVERAGE', false) ON CONFLICT (ingredient_id, department) DO NOTHING;
INSERT INTO ingredient_departments (ingredient_id, department, usage_context, is_primary) VALUES ('M9702', 'BAR', 'BEVERAGE', true) ON CONFLICT (ingredient_id, department) DO NOTHING;
INSERT INTO ingredient_departments (ingredient_id, department, usage_context, is_primary) VALUES ('NLP60032', 'BAR', 'BEVERAGE', false) ON CONFLICT (ingredient_id, department) DO NOTHING;
INSERT INTO ingredient_departments (ingredient_id, department, usage_context, is_primary) VALUES ('NLP30251', 'BAR', 'BEVERAGE', false) ON CONFLICT (ingredient_id, department) DO NOTHING;
INSERT INTO ingredient_departments (ingredient_id, department, usage_context, is_primary) VALUES ('M6002', 'BAR', 'BEVERAGE', true) ON CONFLICT (ingredient_id, department) DO NOTHING;
INSERT INTO ingredient_departments (ingredient_id, department, usage_context, is_primary) VALUES ('NLP60059', 'BAR', 'BEVERAGE', false) ON CONFLICT (ingredient_id, department) DO NOTHING;
INSERT INTO ingredient_departments (ingredient_id, department, usage_context, is_primary) VALUES ('M9702', 'BAR', 'BEVERAGE', true) ON CONFLICT (ingredient_id, department) DO NOTHING;
INSERT INTO ingredient_departments (ingredient_id, department, usage_context, is_primary) VALUES ('NLP60050', 'BAR', 'BEVERAGE', false) ON CONFLICT (ingredient_id, department) DO NOTHING;
INSERT INTO ingredient_departments (ingredient_id, department, usage_context, is_primary) VALUES ('NLP60041', 'BAR', 'BEVERAGE', false) ON CONFLICT (ingredient_id, department) DO NOTHING;
INSERT INTO ingredient_departments (ingredient_id, department, usage_context, is_primary) VALUES ('M9621', 'BAR', 'BEVERAGE', true) ON CONFLICT (ingredient_id, department) DO NOTHING;
INSERT INTO ingredient_departments (ingredient_id, department, usage_context, is_primary) VALUES ('NLP600381', 'BAR', 'BEVERAGE', false) ON CONFLICT (ingredient_id, department) DO NOTHING;
INSERT INTO ingredient_departments (ingredient_id, department, usage_context, is_primary) VALUES ('NLP30251', 'BAR', 'BEVERAGE', false) ON CONFLICT (ingredient_id, department) DO NOTHING;
INSERT INTO ingredient_departments (ingredient_id, department, usage_context, is_primary) VALUES ('NLP2021', 'BAR', 'BEVERAGE', false) ON CONFLICT (ingredient_id, department) DO NOTHING;
INSERT INTO ingredient_departments (ingredient_id, department, usage_context, is_primary) VALUES ('M9612', 'BAR', 'BEVERAGE', true) ON CONFLICT (ingredient_id, department) DO NOTHING;
INSERT INTO ingredient_departments (ingredient_id, department, usage_context, is_primary) VALUES ('NLP600381', 'BAR', 'BEVERAGE', false) ON CONFLICT (ingredient_id, department) DO NOTHING;
INSERT INTO ingredient_departments (ingredient_id, department, usage_context, is_primary) VALUES ('NLP30251', 'BAR', 'BEVERAGE', false) ON CONFLICT (ingredient_id, department) DO NOTHING;
INSERT INTO ingredient_departments (ingredient_id, department, usage_context, is_primary) VALUES ('M6002', 'BAR', 'BEVERAGE', true) ON CONFLICT (ingredient_id, department) DO NOTHING;
INSERT INTO ingredient_departments (ingredient_id, department, usage_context, is_primary) VALUES ('M9705', 'BAR', 'BEVERAGE', true) ON CONFLICT (ingredient_id, department) DO NOTHING;
INSERT INTO ingredient_departments (ingredient_id, department, usage_context, is_primary) VALUES ('S1003', 'BAR', 'BEVERAGE', false) ON CONFLICT (ingredient_id, department) DO NOTHING;
INSERT INTO ingredient_departments (ingredient_id, department, usage_context, is_primary) VALUES ('NLP60033', 'BAR', 'BEVERAGE', false) ON CONFLICT (ingredient_id, department) DO NOTHING;
INSERT INTO ingredient_departments (ingredient_id, department, usage_context, is_primary) VALUES ('M9702', 'BAR', 'BEVERAGE', true) ON CONFLICT (ingredient_id, department) DO NOTHING;
INSERT INTO ingredient_departments (ingredient_id, department, usage_context, is_primary) VALUES ('NLP60032', 'BAR', 'BEVERAGE', false) ON CONFLICT (ingredient_id, department) DO NOTHING;
INSERT INTO ingredient_departments (ingredient_id, department, usage_context, is_primary) VALUES ('NLP30251', 'BAR', 'BEVERAGE', false) ON CONFLICT (ingredient_id, department) DO NOTHING;
INSERT INTO ingredient_departments (ingredient_id, department, usage_context, is_primary) VALUES ('M9611', 'BAR', 'BEVERAGE', true) ON CONFLICT (ingredient_id, department) DO NOTHING;
INSERT INTO ingredient_departments (ingredient_id, department, usage_context, is_primary) VALUES ('V2002', 'BAR', 'BEVERAGE', false) ON CONFLICT (ingredient_id, department) DO NOTHING;
INSERT INTO ingredient_departments (ingredient_id, department, usage_context, is_primary) VALUES ('M9403', 'BAR', 'BEVERAGE', true) ON CONFLICT (ingredient_id, department) DO NOTHING;
INSERT INTO ingredient_departments (ingredient_id, department, usage_context, is_primary) VALUES ('M6002', 'BAR', 'BEVERAGE', true) ON CONFLICT (ingredient_id, department) DO NOTHING;
INSERT INTO ingredient_departments (ingredient_id, department, usage_context, is_primary) VALUES ('M9403', 'BAR', 'BEVERAGE', true) ON CONFLICT (ingredient_id, department) DO NOTHING;
INSERT INTO ingredient_departments (ingredient_id, department, usage_context, is_primary) VALUES ('NLP60033', 'BAR', 'BEVERAGE', false) ON CONFLICT (ingredient_id, department) DO NOTHING;
INSERT INTO ingredient_departments (ingredient_id, department, usage_context, is_primary) VALUES ('M9612', 'BAR', 'BEVERAGE', true) ON CONFLICT (ingredient_id, department) DO NOTHING;
INSERT INTO ingredient_departments (ingredient_id, department, usage_context, is_primary) VALUES ('M6003', 'BAR', 'BEVERAGE', true) ON CONFLICT (ingredient_id, department) DO NOTHING;
INSERT INTO ingredient_departments (ingredient_id, department, usage_context, is_primary) VALUES ('M9629', 'BAR', 'BEVERAGE', true) ON CONFLICT (ingredient_id, department) DO NOTHING;
INSERT INTO ingredient_departments (ingredient_id, department, usage_context, is_primary) VALUES ('M6002', 'BAR', 'BEVERAGE', true) ON CONFLICT (ingredient_id, department) DO NOTHING;
INSERT INTO ingredient_departments (ingredient_id, department, usage_context, is_primary) VALUES ('NLP90023', 'BAR', 'BEVERAGE', false) ON CONFLICT (ingredient_id, department) DO NOTHING;
INSERT INTO ingredient_departments (ingredient_id, department, usage_context, is_primary) VALUES ('NLP90023', 'BAR', 'BEVERAGE', false) ON CONFLICT (ingredient_id, department) DO NOTHING;
INSERT INTO ingredient_departments (ingredient_id, department, usage_context, is_primary) VALUES ('NLP3021', 'BAR', 'BEVERAGE', false) ON CONFLICT (ingredient_id, department) DO NOTHING;
INSERT INTO ingredient_departments (ingredient_id, department, usage_context, is_primary) VALUES ('NLP9002', 'BAR', 'BEVERAGE', false) ON CONFLICT (ingredient_id, department) DO NOTHING;
INSERT INTO ingredient_departments (ingredient_id, department, usage_context, is_primary) VALUES ('NLP9002', 'BAR', 'BEVERAGE', false) ON CONFLICT (ingredient_id, department) DO NOTHING;
INSERT INTO ingredient_departments (ingredient_id, department, usage_context, is_primary) VALUES ('NLP9003', 'BAR', 'BEVERAGE', false) ON CONFLICT (ingredient_id, department) DO NOTHING;
INSERT INTO ingredient_departments (ingredient_id, department, usage_context, is_primary) VALUES ('NLP9003', 'BAR', 'BEVERAGE', false) ON CONFLICT (ingredient_id, department) DO NOTHING;
INSERT INTO ingredient_departments (ingredient_id, department, usage_context, is_primary) VALUES ('NLP600351', 'BAR', 'BEVERAGE', false) ON CONFLICT (ingredient_id, department) DO NOTHING;
INSERT INTO ingredient_departments (ingredient_id, department, usage_context, is_primary) VALUES ('NLP004', 'BAR', 'BEVERAGE', false) ON CONFLICT (ingredient_id, department) DO NOTHING;
INSERT INTO ingredient_departments (ingredient_id, department, usage_context, is_primary) VALUES ('NLP90023', 'BAR', 'BEVERAGE', false) ON CONFLICT (ingredient_id, department) DO NOTHING;
INSERT INTO ingredient_departments (ingredient_id, department, usage_context, is_primary) VALUES ('NLP90023', 'BAR', 'BEVERAGE', false) ON CONFLICT (ingredient_id, department) DO NOTHING;
INSERT INTO ingredient_departments (ingredient_id, department, usage_context, is_primary) VALUES ('NLP3021', 'BAR', 'BEVERAGE', false) ON CONFLICT (ingredient_id, department) DO NOTHING;
INSERT INTO ingredient_departments (ingredient_id, department, usage_context, is_primary) VALUES ('NLP90023', 'BAR', 'BEVERAGE', false) ON CONFLICT (ingredient_id, department) DO NOTHING;
INSERT INTO ingredient_departments (ingredient_id, department, usage_context, is_primary) VALUES ('NLP600351', 'BAR', 'BEVERAGE', false) ON CONFLICT (ingredient_id, department) DO NOTHING;
INSERT INTO ingredient_departments (ingredient_id, department, usage_context, is_primary) VALUES ('NLP9024', 'BAR', 'BEVERAGE', false) ON CONFLICT (ingredient_id, department) DO NOTHING;
INSERT INTO ingredient_departments (ingredient_id, department, usage_context, is_primary) VALUES ('NLP90023', 'BAR', 'BEVERAGE', false) ON CONFLICT (ingredient_id, department) DO NOTHING;
INSERT INTO ingredient_departments (ingredient_id, department, usage_context, is_primary) VALUES ('NLP3021', 'BAR', 'BEVERAGE', false) ON CONFLICT (ingredient_id, department) DO NOTHING;
INSERT INTO ingredient_departments (ingredient_id, department, usage_context, is_primary) VALUES ('NLP4002', 'BAR', 'BEVERAGE', false) ON CONFLICT (ingredient_id, department) DO NOTHING;
INSERT INTO ingredient_departments (ingredient_id, department, usage_context, is_primary) VALUES ('NLP9002', 'BAR', 'BEVERAGE', false) ON CONFLICT (ingredient_id, department) DO NOTHING;
INSERT INTO ingredient_departments (ingredient_id, department, usage_context, is_primary) VALUES ('NLP9006', 'BAR', 'BEVERAGE', false) ON CONFLICT (ingredient_id, department) DO NOTHING;
INSERT INTO ingredient_departments (ingredient_id, department, usage_context, is_primary) VALUES ('NLP9004', 'BAR', 'BEVERAGE', false) ON CONFLICT (ingredient_id, department) DO NOTHING;
INSERT INTO ingredient_departments (ingredient_id, department, usage_context, is_primary) VALUES ('NLP9004', 'BAR', 'BEVERAGE', false) ON CONFLICT (ingredient_id, department) DO NOTHING;
INSERT INTO ingredient_departments (ingredient_id, department, usage_context, is_primary) VALUES ('ING-071', 'BAR', 'BEVERAGE', false) ON CONFLICT (ingredient_id, department) DO NOTHING;
INSERT INTO ingredient_departments (ingredient_id, department, usage_context, is_primary) VALUES ('ING-070', 'BAR', 'BEVERAGE', false) ON CONFLICT (ingredient_id, department) DO NOTHING;
INSERT INTO ingredient_departments (ingredient_id, department, usage_context, is_primary) VALUES ('ING-070', 'BAR', 'BEVERAGE', false) ON CONFLICT (ingredient_id, department) DO NOTHING;
INSERT INTO ingredient_departments (ingredient_id, department, usage_context, is_primary) VALUES ('ING-071', 'BAR', 'BEVERAGE', false) ON CONFLICT (ingredient_id, department) DO NOTHING;
INSERT INTO ingredient_departments (ingredient_id, department, usage_context, is_primary) VALUES ('ING-070', 'BAR', 'BEVERAGE', false) ON CONFLICT (ingredient_id, department) DO NOTHING;
INSERT INTO ingredient_departments (ingredient_id, department, usage_context, is_primary) VALUES ('V9410', 'BAR', 'BEVERAGE', false) ON CONFLICT (ingredient_id, department) DO NOTHING;
INSERT INTO ingredient_departments (ingredient_id, department, usage_context, is_primary) VALUES ('V2001', 'BAR', 'BEVERAGE', false) ON CONFLICT (ingredient_id, department) DO NOTHING;
INSERT INTO ingredient_departments (ingredient_id, department, usage_context, is_primary) VALUES ('M9203', 'BAR', 'BEVERAGE', true) ON CONFLICT (ingredient_id, department) DO NOTHING;
INSERT INTO ingredient_departments (ingredient_id, department, usage_context, is_primary) VALUES ('V1001', 'BAR', 'BEVERAGE', false) ON CONFLICT (ingredient_id, department) DO NOTHING;
INSERT INTO ingredient_departments (ingredient_id, department, usage_context, is_primary) VALUES ('V2002', 'BAR', 'BEVERAGE', false) ON CONFLICT (ingredient_id, department) DO NOTHING;
INSERT INTO ingredient_departments (ingredient_id, department, usage_context, is_primary) VALUES ('V4045', 'BAR', 'BEVERAGE', false) ON CONFLICT (ingredient_id, department) DO NOTHING;
INSERT INTO ingredient_departments (ingredient_id, department, usage_context, is_primary) VALUES ('V4064', 'BAR', 'BEVERAGE', false) ON CONFLICT (ingredient_id, department) DO NOTHING;
INSERT INTO ingredient_departments (ingredient_id, department, usage_context, is_primary) VALUES ('V4065', 'BAR', 'BEVERAGE', false) ON CONFLICT (ingredient_id, department) DO NOTHING;
INSERT INTO ingredient_departments (ingredient_id, department, usage_context, is_primary) VALUES ('V4075', 'BAR', 'BEVERAGE', false) ON CONFLICT (ingredient_id, department) DO NOTHING;
INSERT INTO ingredient_departments (ingredient_id, department, usage_context, is_primary) VALUES ('V4088', 'BAR', 'BEVERAGE', false) ON CONFLICT (ingredient_id, department) DO NOTHING;
INSERT INTO ingredient_departments (ingredient_id, department, usage_context, is_primary) VALUES ('V4091', 'BAR', 'BEVERAGE', false) ON CONFLICT (ingredient_id, department) DO NOTHING;
INSERT INTO ingredient_departments (ingredient_id, department, usage_context, is_primary) VALUES ('V6027', 'BAR', 'BEVERAGE', false) ON CONFLICT (ingredient_id, department) DO NOTHING;
INSERT INTO ingredient_departments (ingredient_id, department, usage_context, is_primary) VALUES ('V6034', 'BAR', 'BEVERAGE', false) ON CONFLICT (ingredient_id, department) DO NOTHING;
INSERT INTO ingredient_departments (ingredient_id, department, usage_context, is_primary) VALUES ('V6056', 'BAR', 'BEVERAGE', false) ON CONFLICT (ingredient_id, department) DO NOTHING;
INSERT INTO ingredient_departments (ingredient_id, department, usage_context, is_primary) VALUES ('V6059', 'BAR', 'BEVERAGE', false) ON CONFLICT (ingredient_id, department) DO NOTHING;
INSERT INTO ingredient_departments (ingredient_id, department, usage_context, is_primary) VALUES ('V9410', 'BAR', 'BEVERAGE', false) ON CONFLICT (ingredient_id, department) DO NOTHING;
INSERT INTO ingredient_departments (ingredient_id, department, usage_context, is_primary) VALUES ('V9501', 'BAR', 'BEVERAGE', false) ON CONFLICT (ingredient_id, department) DO NOTHING;
INSERT INTO ingredient_departments (ingredient_id, department, usage_context, is_primary) VALUES ('V9502', 'BAR', 'BEVERAGE', false) ON CONFLICT (ingredient_id, department) DO NOTHING;


-- --- SYNCED 1:1 POS DIRECT ITEMS SOFT DRINKS AND BEERS ---
INSERT INTO ingredients (id, code, nom_fr, ten_vi, name_en, purchase_category_id, stock_uom, recipe_uom, stock_to_recipe_factor, wac_price, standard_price, yield_rate, is_beverage) VALUES ('B5001', 'B5001', 'Heineken - 33cl', 'Heineken - 33cl', 'Heineken - 33cl', '5b0ee48b-8e19-5d8f-853a-4056cefff5e5', 'BOTTLE', 'BOTTLE', 1, 14375.0, 14375.0, 100.0, true) ON CONFLICT (id) DO NOTHING;
INSERT INTO ingredients (id, code, nom_fr, ten_vi, name_en, purchase_category_id, stock_uom, recipe_uom, stock_to_recipe_factor, wac_price, standard_price, yield_rate, is_beverage) VALUES ('B5002', 'B5002', 'Tiger - 33cl', 'Tiger - 33cl', 'Tiger - 33cl', '5b0ee48b-8e19-5d8f-853a-4056cefff5e5', 'BOTTLE', 'BOTTLE', 1, 11625.0, 11625.0, 100.0, true) ON CONFLICT (id) DO NOTHING;
INSERT INTO ingredients (id, code, nom_fr, ten_vi, name_en, purchase_category_id, stock_uom, recipe_uom, stock_to_recipe_factor, wac_price, standard_price, yield_rate, is_beverage) VALUES ('B5004', 'B5004', 'Beer 333 - 33cl', 'Beer 333 - 33cl', 'Beer 333 - 33cl', '5b0ee48b-8e19-5d8f-853a-4056cefff5e5', 'CAN', 'CAN', 1, 9792.0, 9792.0, 100.0, true) ON CONFLICT (id) DO NOTHING;
INSERT INTO ingredients (id, code, nom_fr, ten_vi, name_en, purchase_category_id, stock_uom, recipe_uom, stock_to_recipe_factor, wac_price, standard_price, yield_rate, is_beverage) VALUES ('B5005', 'B5005', 'Saigon beer - bottle 33cl', 'Saigon beer - bottle 33cl', 'Saigon beer - bottle 33cl', '5b0ee48b-8e19-5d8f-853a-4056cefff5e5', 'BOTTLE', 'BOTTLE', 1, 10750.0, 10750.0, 100.0, true) ON CONFLICT (id) DO NOTHING;
INSERT INTO ingredients (id, code, nom_fr, ten_vi, name_en, purchase_category_id, stock_uom, recipe_uom, stock_to_recipe_factor, wac_price, standard_price, yield_rate, is_beverage) VALUES ('B5007', 'B5007', 'Sapporo draught', 'Sapporo draught', 'Sapporo draught', '5b0ee48b-8e19-5d8f-853a-4056cefff5e5', 'GLASS', 'GLASS', 1, 16436.0, 16436.0, 100.0, true) ON CONFLICT (id) DO NOTHING;
INSERT INTO ingredients (id, code, nom_fr, ten_vi, name_en, purchase_category_id, stock_uom, recipe_uom, stock_to_recipe_factor, wac_price, standard_price, yield_rate, is_beverage) VALUES ('B5010', 'B5010', 'Hanoi - bottle 33cl', 'Hanoi - bottle 33cl', 'Hanoi - bottle 33cl', '5b0ee48b-8e19-5d8f-853a-4056cefff5e5', 'BOTTLE', 'BOTTLE', 1, 9750.0, 9750.0, 100.0, true) ON CONFLICT (id) DO NOTHING;
INSERT INTO ingredients (id, code, nom_fr, ten_vi, name_en, purchase_category_id, stock_uom, recipe_uom, stock_to_recipe_factor, wac_price, standard_price, yield_rate, is_beverage) VALUES ('B5012', 'B5012', 'Hanoi - can', 'Hanoi - can', 'Hanoi - can', '5b0ee48b-8e19-5d8f-853a-4056cefff5e5', 'CAN', 'CAN', 1, 9833.0, 9833.0, 100.0, true) ON CONFLICT (id) DO NOTHING;
INSERT INTO ingredients (id, code, nom_fr, ten_vi, name_en, purchase_category_id, stock_uom, recipe_uom, stock_to_recipe_factor, wac_price, standard_price, yield_rate, is_beverage) VALUES ('M9203', 'M9203', 'Cigar Havana', 'Cigar Havana', 'Cigar Havana', '5b0ee48b-8e19-5d8f-853a-4056cefff5e5', 'PACK', 'PACK', 1, 300000.0, 300000.0, 100.0, true) ON CONFLICT (id) DO NOTHING;
INSERT INTO ingredients (id, code, nom_fr, ten_vi, name_en, purchase_category_id, stock_uom, recipe_uom, stock_to_recipe_factor, wac_price, standard_price, yield_rate, is_beverage) VALUES ('M6001', 'M6001', 'Coke', 'Coke', 'Coke', 'b3b4e57e-464d-562f-80ec-b216c92d5e88', 'CAN', 'CAN', 1, 8125.0, 8125.0, 100.0, true) ON CONFLICT (id) DO NOTHING;
INSERT INTO ingredients (id, code, nom_fr, ten_vi, name_en, purchase_category_id, stock_uom, recipe_uom, stock_to_recipe_factor, wac_price, standard_price, yield_rate, is_beverage) VALUES ('M6002', 'M6002', 'Soda', 'Soda', 'Soda', 'b3b4e57e-464d-562f-80ec-b216c92d5e88', 'CAN', 'CAN', 1, 5304.0, 5304.0, 100.0, true) ON CONFLICT (id) DO NOTHING;
INSERT INTO ingredients (id, code, nom_fr, ten_vi, name_en, purchase_category_id, stock_uom, recipe_uom, stock_to_recipe_factor, wac_price, standard_price, yield_rate, is_beverage) VALUES ('M6004', 'M6004', 'Sprite', 'Sprite', 'Sprite', 'b3b4e57e-464d-562f-80ec-b216c92d5e88', 'CAN', 'CAN', 1, 7462.0, 7462.0, 100.0, true) ON CONFLICT (id) DO NOTHING;
INSERT INTO ingredients (id, code, nom_fr, ten_vi, name_en, purchase_category_id, stock_uom, recipe_uom, stock_to_recipe_factor, wac_price, standard_price, yield_rate, is_beverage) VALUES ('M6006', 'M6006', 'Diet Coke', 'Diet Coke', 'Diet Coke', 'b3b4e57e-464d-562f-80ec-b216c92d5e88', 'CAN', 'CAN', 1, 8541.0, 8541.0, 100.0, true) ON CONFLICT (id) DO NOTHING;
INSERT INTO ingredients (id, code, nom_fr, ten_vi, name_en, purchase_category_id, stock_uom, recipe_uom, stock_to_recipe_factor, wac_price, standard_price, yield_rate, is_beverage) VALUES ('M6008', 'M6008', 'La Vie 1,5 L', 'La Vie 1,5 L', 'La Vie 1,5 L', 'b3b4e57e-464d-562f-80ec-b216c92d5e88', 'BOTTLE', 'BOTTLE', 1, 6666.0, 6666.0, 100.0, true) ON CONFLICT (id) DO NOTHING;
INSERT INTO ingredients (id, code, nom_fr, ten_vi, name_en, purchase_category_id, stock_uom, recipe_uom, stock_to_recipe_factor, wac_price, standard_price, yield_rate, is_beverage) VALUES ('M6010', 'M6010', 'S.Pellegrino (Sparkling water 0.5L)', 'S.Pellegrino (Sparkling water 0.5L)', 'S.Pellegrino (Sparkling water 0.5L)', 'b3b4e57e-464d-562f-80ec-b216c92d5e88', 'BOTTLE', 'BOTTLE', 1, 36300.0, 36300.0, 100.0, true) ON CONFLICT (id) DO NOTHING;
INSERT INTO ingredients (id, code, nom_fr, ten_vi, name_en, purchase_category_id, stock_uom, recipe_uom, stock_to_recipe_factor, wac_price, standard_price, yield_rate, is_beverage) VALUES ('M6020', 'M6020', 'Maison Vie, mineral water bottle 0,52L', 'Maison Vie, mineral water bottle 0,52L', 'Maison Vie, mineral water bottle 0,52L', 'b3b4e57e-464d-562f-80ec-b216c92d5e88', 'BOTTLE', 'BOTTLE', 1, 3561.84, 3561.84, 100.0, true) ON CONFLICT (id) DO NOTHING;
INSERT INTO recipes (menu_item_id, ingredient_id, qty_net, yield_pct, recipe_uom) VALUES ('M9203', 'M9203', 1.0000, 100.00, 'PACK') ON CONFLICT (menu_item_id, ingredient_id) DO NOTHING;
INSERT INTO recipes (menu_item_id, ingredient_id, qty_net, yield_pct, recipe_uom) VALUES ('M6001', 'M6001', 1.0000, 100.00, 'CAN') ON CONFLICT (menu_item_id, ingredient_id) DO NOTHING;
INSERT INTO recipes (menu_item_id, ingredient_id, qty_net, yield_pct, recipe_uom) VALUES ('M6002', 'M6002', 1.0000, 100.00, 'CAN') ON CONFLICT (menu_item_id, ingredient_id) DO NOTHING;
INSERT INTO recipes (menu_item_id, ingredient_id, qty_net, yield_pct, recipe_uom) VALUES ('M6004', 'M6004', 1.0000, 100.00, 'CAN') ON CONFLICT (menu_item_id, ingredient_id) DO NOTHING;
INSERT INTO recipes (menu_item_id, ingredient_id, qty_net, yield_pct, recipe_uom) VALUES ('M6006', 'M6006', 1.0000, 100.00, 'CAN') ON CONFLICT (menu_item_id, ingredient_id) DO NOTHING;
INSERT INTO recipes (menu_item_id, ingredient_id, qty_net, yield_pct, recipe_uom) VALUES ('M6008', 'M6008', 1.0000, 100.00, 'BOTTLE') ON CONFLICT (menu_item_id, ingredient_id) DO NOTHING;
INSERT INTO recipes (menu_item_id, ingredient_id, qty_net, yield_pct, recipe_uom) VALUES ('M6010', 'M6010', 1.0000, 100.00, 'BOTTLE') ON CONFLICT (menu_item_id, ingredient_id) DO NOTHING;
INSERT INTO recipes (menu_item_id, ingredient_id, qty_net, yield_pct, recipe_uom) VALUES ('M6020', 'M6020', 1.0000, 100.00, 'BOTTLE') ON CONFLICT (menu_item_id, ingredient_id) DO NOTHING;
INSERT INTO pos_alias_map (pos_code, menu_item_id, confidence) VALUES ('B5001', 'B5001', 100.00) ON CONFLICT (pos_code) DO NOTHING;
INSERT INTO pos_alias_map (pos_code, menu_item_id, confidence) VALUES ('B5002', 'B5002', 100.00) ON CONFLICT (pos_code) DO NOTHING;
INSERT INTO pos_alias_map (pos_code, menu_item_id, confidence) VALUES ('B5004', 'B5004', 100.00) ON CONFLICT (pos_code) DO NOTHING;
INSERT INTO pos_alias_map (pos_code, menu_item_id, confidence) VALUES ('B5005', 'B5005', 100.00) ON CONFLICT (pos_code) DO NOTHING;
INSERT INTO pos_alias_map (pos_code, menu_item_id, confidence) VALUES ('B5007', 'B5007', 100.00) ON CONFLICT (pos_code) DO NOTHING;
INSERT INTO pos_alias_map (pos_code, menu_item_id, confidence) VALUES ('B5010', 'B5010', 100.00) ON CONFLICT (pos_code) DO NOTHING;
INSERT INTO pos_alias_map (pos_code, menu_item_id, confidence) VALUES ('B5012', 'B5012', 100.00) ON CONFLICT (pos_code) DO NOTHING;
INSERT INTO pos_alias_map (pos_code, menu_item_id, confidence) VALUES ('M9203', 'M9203', 100.00) ON CONFLICT (pos_code) DO NOTHING;
INSERT INTO pos_alias_map (pos_code, menu_item_id, confidence) VALUES ('M6001', 'M6001', 100.00) ON CONFLICT (pos_code) DO NOTHING;
INSERT INTO pos_alias_map (pos_code, menu_item_id, confidence) VALUES ('M6002', 'M6002', 100.00) ON CONFLICT (pos_code) DO NOTHING;
INSERT INTO pos_alias_map (pos_code, menu_item_id, confidence) VALUES ('M6004', 'M6004', 100.00) ON CONFLICT (pos_code) DO NOTHING;
INSERT INTO pos_alias_map (pos_code, menu_item_id, confidence) VALUES ('M6006', 'M6006', 100.00) ON CONFLICT (pos_code) DO NOTHING;
INSERT INTO pos_alias_map (pos_code, menu_item_id, confidence) VALUES ('M6008', 'M6008', 100.00) ON CONFLICT (pos_code) DO NOTHING;
INSERT INTO pos_alias_map (pos_code, menu_item_id, confidence) VALUES ('M6010', 'M6010', 100.00) ON CONFLICT (pos_code) DO NOTHING;
INSERT INTO pos_alias_map (pos_code, menu_item_id, confidence) VALUES ('M6020', 'M6020', 100.00) ON CONFLICT (pos_code) DO NOTHING;
INSERT INTO ingredient_departments (ingredient_id, department, usage_context, is_primary) VALUES ('B5001', 'BAR', 'BEVERAGE', true) ON CONFLICT (ingredient_id, department) DO NOTHING;
INSERT INTO ingredient_departments (ingredient_id, department, usage_context, is_primary) VALUES ('B5002', 'BAR', 'BEVERAGE', true) ON CONFLICT (ingredient_id, department) DO NOTHING;
INSERT INTO ingredient_departments (ingredient_id, department, usage_context, is_primary) VALUES ('B5004', 'BAR', 'BEVERAGE', true) ON CONFLICT (ingredient_id, department) DO NOTHING;
INSERT INTO ingredient_departments (ingredient_id, department, usage_context, is_primary) VALUES ('B5005', 'BAR', 'BEVERAGE', true) ON CONFLICT (ingredient_id, department) DO NOTHING;
INSERT INTO ingredient_departments (ingredient_id, department, usage_context, is_primary) VALUES ('B5007', 'BAR', 'BEVERAGE', true) ON CONFLICT (ingredient_id, department) DO NOTHING;
INSERT INTO ingredient_departments (ingredient_id, department, usage_context, is_primary) VALUES ('B5010', 'BAR', 'BEVERAGE', true) ON CONFLICT (ingredient_id, department) DO NOTHING;
INSERT INTO ingredient_departments (ingredient_id, department, usage_context, is_primary) VALUES ('B5012', 'BAR', 'BEVERAGE', true) ON CONFLICT (ingredient_id, department) DO NOTHING;
INSERT INTO ingredient_departments (ingredient_id, department, usage_context, is_primary) VALUES ('M9203', 'BAR', 'BEVERAGE', true) ON CONFLICT (ingredient_id, department) DO NOTHING;
INSERT INTO ingredient_departments (ingredient_id, department, usage_context, is_primary) VALUES ('M6001', 'BAR', 'BEVERAGE', true) ON CONFLICT (ingredient_id, department) DO NOTHING;
INSERT INTO ingredient_departments (ingredient_id, department, usage_context, is_primary) VALUES ('M6002', 'BAR', 'BEVERAGE', true) ON CONFLICT (ingredient_id, department) DO NOTHING;
INSERT INTO ingredient_departments (ingredient_id, department, usage_context, is_primary) VALUES ('M6004', 'BAR', 'BEVERAGE', true) ON CONFLICT (ingredient_id, department) DO NOTHING;
INSERT INTO ingredient_departments (ingredient_id, department, usage_context, is_primary) VALUES ('M6006', 'BAR', 'BEVERAGE', true) ON CONFLICT (ingredient_id, department) DO NOTHING;
INSERT INTO ingredient_departments (ingredient_id, department, usage_context, is_primary) VALUES ('M6008', 'BAR', 'BEVERAGE', true) ON CONFLICT (ingredient_id, department) DO NOTHING;
INSERT INTO ingredient_departments (ingredient_id, department, usage_context, is_primary) VALUES ('M6010', 'BAR', 'BEVERAGE', true) ON CONFLICT (ingredient_id, department) DO NOTHING;
INSERT INTO ingredient_departments (ingredient_id, department, usage_context, is_primary) VALUES ('M6020', 'BAR', 'BEVERAGE', true) ON CONFLICT (ingredient_id, department) DO NOTHING;


-- --- SYNCED COCKTAIL SANGRIA (M7020) RECIPE ---
INSERT INTO pos_alias_map (pos_code, menu_item_id, confidence) VALUES ('M7020', 'M7020', 100.00) ON CONFLICT (pos_code) DO NOTHING;
INSERT INTO recipes (menu_item_id, ingredient_id, qty_net, yield_pct, recipe_uom) VALUES ('M7020', 'M9801', 15.0000, 100.00, 'ML') ON CONFLICT (menu_item_id, ingredient_id) DO NOTHING;
INSERT INTO recipes (menu_item_id, ingredient_id, qty_net, yield_pct, recipe_uom) VALUES ('M7020', 'ING-072', 15.0000, 100.00, 'ML') ON CONFLICT (menu_item_id, ingredient_id) DO NOTHING;
INSERT INTO recipes (menu_item_id, ingredient_id, qty_net, yield_pct, recipe_uom) VALUES ('M7020', 'ING-115', 120.0000, 100.00, 'ML') ON CONFLICT (menu_item_id, ingredient_id) DO NOTHING;
INSERT INTO recipes (menu_item_id, ingredient_id, qty_net, yield_pct, recipe_uom) VALUES ('M7020', 'ING-110', 0.0300, 100.00, 'L') ON CONFLICT (menu_item_id, ingredient_id) DO NOTHING;
INSERT INTO recipes (menu_item_id, ingredient_id, qty_net, yield_pct, recipe_uom) VALUES ('M7020', 'ING-049', 50.0000, 100.00, 'G') ON CONFLICT (menu_item_id, ingredient_id) DO NOTHING;


-- --- SYNCED TONIC (M6003) 1:1 RECIPE ---
INSERT INTO pos_alias_map (pos_code, menu_item_id, confidence) VALUES ('M6003', 'M6003', 100.00) ON CONFLICT (pos_code) DO NOTHING;
INSERT INTO recipes (menu_item_id, ingredient_id, qty_net, yield_pct, recipe_uom) VALUES ('M6003', 'M6003', 1.0000, 100.00, 'CAN') ON CONFLICT (menu_item_id, ingredient_id) DO NOTHING;
INSERT INTO ingredient_departments (ingredient_id, department, usage_context, is_primary) VALUES ('M6003', 'BAR', 'BEVERAGE', true) ON CONFLICT (ingredient_id, department) DO NOTHING;


-- --- SYNCED ALL BEVERAGE/BAR CATALOG ITEMS ---
INSERT INTO pos_alias_map (pos_code, menu_item_id, confidence) VALUES ('B5016', 'B5016', 100.00) ON CONFLICT (pos_code) DO NOTHING;
INSERT INTO recipes (menu_item_id, ingredient_id, qty_net, yield_pct, recipe_uom) VALUES ('M6005', 'M6005', 1.0000, 100.00, 'CAN') ON CONFLICT (menu_item_id, ingredient_id) DO NOTHING;
INSERT INTO pos_alias_map (pos_code, menu_item_id, confidence) VALUES ('M6005', 'M6005', 100.00) ON CONFLICT (pos_code) DO NOTHING;
INSERT INTO recipes (menu_item_id, ingredient_id, qty_net, yield_pct, recipe_uom) VALUES ('M6009', 'M6009', 1.0000, 100.00, 'BOTTLE') ON CONFLICT (menu_item_id, ingredient_id) DO NOTHING;
INSERT INTO pos_alias_map (pos_code, menu_item_id, confidence) VALUES ('M6009', 'M6009', 100.00) ON CONFLICT (pos_code) DO NOTHING;
INSERT INTO recipes (menu_item_id, ingredient_id, qty_net, yield_pct, recipe_uom) VALUES ('M6014', 'M6014', 1.0000, 100.00, 'BOTTLE') ON CONFLICT (menu_item_id, ingredient_id) DO NOTHING;
INSERT INTO pos_alias_map (pos_code, menu_item_id, confidence) VALUES ('M6014', 'M6014', 100.00) ON CONFLICT (pos_code) DO NOTHING;
INSERT INTO menu_items (id, name, sale_price, is_set_menu) VALUES ('M9202', 'Cigarettes Imported', 65000.0, false) ON CONFLICT (id) DO NOTHING;
INSERT INTO recipes (menu_item_id, ingredient_id, qty_net, yield_pct, recipe_uom) VALUES ('M9202', 'M9202', 1.0000, 100.00, 'PACK') ON CONFLICT (menu_item_id, ingredient_id) DO NOTHING;
INSERT INTO pos_alias_map (pos_code, menu_item_id, confidence) VALUES ('M9202', 'M9202', 100.00) ON CONFLICT (pos_code) DO NOTHING;
INSERT INTO menu_items (id, name, sale_price, is_set_menu) VALUES ('M9402', 'Bailey', 850000.0, false) ON CONFLICT (id) DO NOTHING;
INSERT INTO recipes (menu_item_id, ingredient_id, qty_net, yield_pct, recipe_uom) VALUES ('M9402', 'M9402', 1.0000, 100.00, 'BOTTLE') ON CONFLICT (menu_item_id, ingredient_id) DO NOTHING;
INSERT INTO pos_alias_map (pos_code, menu_item_id, confidence) VALUES ('M9402', 'M9402', 100.00) ON CONFLICT (pos_code) DO NOTHING;
INSERT INTO menu_items (id, name, sale_price, is_set_menu) VALUES ('M9403', 'Campari', 820000.0, false) ON CONFLICT (id) DO NOTHING;
INSERT INTO recipes (menu_item_id, ingredient_id, qty_net, yield_pct, recipe_uom) VALUES ('M9403', 'M9403', 1.0000, 100.00, 'BOTTLE') ON CONFLICT (menu_item_id, ingredient_id) DO NOTHING;
INSERT INTO pos_alias_map (pos_code, menu_item_id, confidence) VALUES ('M9403', 'M9403', 100.00) ON CONFLICT (pos_code) DO NOTHING;
INSERT INTO menu_items (id, name, sale_price, is_set_menu) VALUES ('M9405', 'Cointrau', 850000.0, false) ON CONFLICT (id) DO NOTHING;
INSERT INTO recipes (menu_item_id, ingredient_id, qty_net, yield_pct, recipe_uom) VALUES ('M9405', 'M9405', 1.0000, 100.00, 'BOTTLE') ON CONFLICT (menu_item_id, ingredient_id) DO NOTHING;
INSERT INTO pos_alias_map (pos_code, menu_item_id, confidence) VALUES ('M9405', 'M9405', 100.00) ON CONFLICT (pos_code) DO NOTHING;
INSERT INTO menu_items (id, name, sale_price, is_set_menu) VALUES ('M9406', 'Grand Marnier', 1500000.0, false) ON CONFLICT (id) DO NOTHING;
INSERT INTO recipes (menu_item_id, ingredient_id, qty_net, yield_pct, recipe_uom) VALUES ('M9406', 'M9406', 1.0000, 100.00, 'BOTTLE') ON CONFLICT (menu_item_id, ingredient_id) DO NOTHING;
INSERT INTO pos_alias_map (pos_code, menu_item_id, confidence) VALUES ('M9406', 'M9406', 100.00) ON CONFLICT (pos_code) DO NOTHING;
INSERT INTO menu_items (id, name, sale_price, is_set_menu) VALUES ('M9407', 'Kalua', 700000.0, false) ON CONFLICT (id) DO NOTHING;
INSERT INTO recipes (menu_item_id, ingredient_id, qty_net, yield_pct, recipe_uom) VALUES ('M9407', 'M9407', 1.0000, 100.00, 'BOTTLE') ON CONFLICT (menu_item_id, ingredient_id) DO NOTHING;
INSERT INTO pos_alias_map (pos_code, menu_item_id, confidence) VALUES ('M9407', 'M9407', 100.00) ON CONFLICT (pos_code) DO NOTHING;
INSERT INTO menu_items (id, name, sale_price, is_set_menu) VALUES ('M9408', 'Malibu', 700000.0, false) ON CONFLICT (id) DO NOTHING;
INSERT INTO recipes (menu_item_id, ingredient_id, qty_net, yield_pct, recipe_uom) VALUES ('M9408', 'M9408', 1.0000, 100.00, 'BOTTLE') ON CONFLICT (menu_item_id, ingredient_id) DO NOTHING;
INSERT INTO pos_alias_map (pos_code, menu_item_id, confidence) VALUES ('M9408', 'M9408', 100.00) ON CONFLICT (pos_code) DO NOTHING;
INSERT INTO menu_items (id, name, sale_price, is_set_menu) VALUES ('M9409', 'Martini Bianco', 650000.0, false) ON CONFLICT (id) DO NOTHING;
INSERT INTO recipes (menu_item_id, ingredient_id, qty_net, yield_pct, recipe_uom) VALUES ('M9409', 'M9409', 1.0000, 100.00, 'BOTTLE') ON CONFLICT (menu_item_id, ingredient_id) DO NOTHING;
INSERT INTO pos_alias_map (pos_code, menu_item_id, confidence) VALUES ('M9409', 'M9409', 100.00) ON CONFLICT (pos_code) DO NOTHING;
INSERT INTO menu_items (id, name, sale_price, is_set_menu) VALUES ('M9410', 'Martini Dry', 700000.0, false) ON CONFLICT (id) DO NOTHING;
INSERT INTO recipes (menu_item_id, ingredient_id, qty_net, yield_pct, recipe_uom) VALUES ('M9410', 'M9410', 1.0000, 100.00, 'BOTTLE') ON CONFLICT (menu_item_id, ingredient_id) DO NOTHING;
INSERT INTO pos_alias_map (pos_code, menu_item_id, confidence) VALUES ('M9410', 'M9410', 100.00) ON CONFLICT (pos_code) DO NOTHING;
INSERT INTO menu_items (id, name, sale_price, is_set_menu) VALUES ('M9411', 'Martini Rosso', 650000.0, false) ON CONFLICT (id) DO NOTHING;
INSERT INTO recipes (menu_item_id, ingredient_id, qty_net, yield_pct, recipe_uom) VALUES ('M9411', 'M9411', 1.0000, 100.00, 'BOTTLE') ON CONFLICT (menu_item_id, ingredient_id) DO NOTHING;
INSERT INTO pos_alias_map (pos_code, menu_item_id, confidence) VALUES ('M9411', 'M9411', 100.00) ON CONFLICT (pos_code) DO NOTHING;
INSERT INTO menu_items (id, name, sale_price, is_set_menu) VALUES ('M9413', 'Porto', 820000.0, false) ON CONFLICT (id) DO NOTHING;
INSERT INTO recipes (menu_item_id, ingredient_id, qty_net, yield_pct, recipe_uom) VALUES ('M9413', 'M9413', 1.0000, 100.00, 'BOTTLE') ON CONFLICT (menu_item_id, ingredient_id) DO NOTHING;
INSERT INTO pos_alias_map (pos_code, menu_item_id, confidence) VALUES ('M9413', 'M9413', 100.00) ON CONFLICT (pos_code) DO NOTHING;
INSERT INTO menu_items (id, name, sale_price, is_set_menu) VALUES ('M9414', 'Ricard', 750000.0, false) ON CONFLICT (id) DO NOTHING;
INSERT INTO recipes (menu_item_id, ingredient_id, qty_net, yield_pct, recipe_uom) VALUES ('M9414', 'M9414', 1.0000, 100.00, 'BOTTLE') ON CONFLICT (menu_item_id, ingredient_id) DO NOTHING;
INSERT INTO pos_alias_map (pos_code, menu_item_id, confidence) VALUES ('M9414', 'M9414', 100.00) ON CONFLICT (pos_code) DO NOTHING;
INSERT INTO menu_items (id, name, sale_price, is_set_menu) VALUES ('M9507', 'Mens Vodka', 90000.0, false) ON CONFLICT (id) DO NOTHING;
INSERT INTO recipes (menu_item_id, ingredient_id, qty_net, yield_pct, recipe_uom) VALUES ('M9507', 'M9507', 1.0000, 100.00, 'BOTTLE') ON CONFLICT (menu_item_id, ingredient_id) DO NOTHING;
INSERT INTO pos_alias_map (pos_code, menu_item_id, confidence) VALUES ('M9507', 'M9507', 100.00) ON CONFLICT (pos_code) DO NOTHING;
INSERT INTO menu_items (id, name, sale_price, is_set_menu) VALUES ('M9508', 'Lua moi 500ml', 180000.0, false) ON CONFLICT (id) DO NOTHING;
INSERT INTO recipes (menu_item_id, ingredient_id, qty_net, yield_pct, recipe_uom) VALUES ('M9508', 'M9508', 1.0000, 100.00, 'BOTTLE') ON CONFLICT (menu_item_id, ingredient_id) DO NOTHING;
INSERT INTO pos_alias_map (pos_code, menu_item_id, confidence) VALUES ('M9508', 'M9508', 100.00) ON CONFLICT (pos_code) DO NOTHING;
INSERT INTO menu_items (id, name, sale_price, is_set_menu) VALUES ('M9512', 'Smirnoff Red Label', 520000.0, false) ON CONFLICT (id) DO NOTHING;
INSERT INTO recipes (menu_item_id, ingredient_id, qty_net, yield_pct, recipe_uom) VALUES ('M9512', 'M9512', 1.0000, 100.00, 'BOTTLE') ON CONFLICT (menu_item_id, ingredient_id) DO NOTHING;
INSERT INTO pos_alias_map (pos_code, menu_item_id, confidence) VALUES ('M9512', 'M9512', 100.00) ON CONFLICT (pos_code) DO NOTHING;
INSERT INTO menu_items (id, name, sale_price, is_set_menu) VALUES ('M9513', 'Vodka Hanoi 300ml', 100000.0, false) ON CONFLICT (id) DO NOTHING;
INSERT INTO recipes (menu_item_id, ingredient_id, qty_net, yield_pct, recipe_uom) VALUES ('M9513', 'M9513', 1.0000, 100.00, 'BOTTLE') ON CONFLICT (menu_item_id, ingredient_id) DO NOTHING;
INSERT INTO pos_alias_map (pos_code, menu_item_id, confidence) VALUES ('M9513', 'M9513', 100.00) ON CONFLICT (pos_code) DO NOTHING;
INSERT INTO menu_items (id, name, sale_price, is_set_menu) VALUES ('M9514', 'Vodka Hanoi 500ml', 150000.0, false) ON CONFLICT (id) DO NOTHING;
INSERT INTO recipes (menu_item_id, ingredient_id, qty_net, yield_pct, recipe_uom) VALUES ('M9514', 'M9514', 1.0000, 100.00, 'BOTTLE') ON CONFLICT (menu_item_id, ingredient_id) DO NOTHING;
INSERT INTO pos_alias_map (pos_code, menu_item_id, confidence) VALUES ('M9514', 'M9514', 100.00) ON CONFLICT (pos_code) DO NOTHING;
INSERT INTO menu_items (id, name, sale_price, is_set_menu) VALUES ('M9602', 'Ballentines 12', 1250000.0, false) ON CONFLICT (id) DO NOTHING;
INSERT INTO recipes (menu_item_id, ingredient_id, qty_net, yield_pct, recipe_uom) VALUES ('M9602', 'M9602', 1.0000, 100.00, 'BOTTLE') ON CONFLICT (menu_item_id, ingredient_id) DO NOTHING;
INSERT INTO pos_alias_map (pos_code, menu_item_id, confidence) VALUES ('M9602', 'M9602', 100.00) ON CONFLICT (pos_code) DO NOTHING;
INSERT INTO menu_items (id, name, sale_price, is_set_menu) VALUES ('M9603', 'Ballentines 17', 2380000.0, false) ON CONFLICT (id) DO NOTHING;
INSERT INTO recipes (menu_item_id, ingredient_id, qty_net, yield_pct, recipe_uom) VALUES ('M9603', 'M9603', 1.0000, 100.00, 'BOTTLE') ON CONFLICT (menu_item_id, ingredient_id) DO NOTHING;
INSERT INTO pos_alias_map (pos_code, menu_item_id, confidence) VALUES ('M9603', 'M9603', 100.00) ON CONFLICT (pos_code) DO NOTHING;
INSERT INTO menu_items (id, name, sale_price, is_set_menu) VALUES ('M9604', 'Ballentines 21', 3750000.0, false) ON CONFLICT (id) DO NOTHING;
INSERT INTO recipes (menu_item_id, ingredient_id, qty_net, yield_pct, recipe_uom) VALUES ('M9604', 'M9604', 1.0000, 100.00, 'BOTTLE') ON CONFLICT (menu_item_id, ingredient_id) DO NOTHING;
INSERT INTO pos_alias_map (pos_code, menu_item_id, confidence) VALUES ('M9604', 'M9604', 100.00) ON CONFLICT (pos_code) DO NOTHING;
INSERT INTO menu_items (id, name, sale_price, is_set_menu) VALUES ('M9606', 'Ballentines Finese', 900000.0, false) ON CONFLICT (id) DO NOTHING;
INSERT INTO recipes (menu_item_id, ingredient_id, qty_net, yield_pct, recipe_uom) VALUES ('M9606', 'M9606', 1.0000, 100.00, 'BOTTLE') ON CONFLICT (menu_item_id, ingredient_id) DO NOTHING;
INSERT INTO pos_alias_map (pos_code, menu_item_id, confidence) VALUES ('M9606', 'M9606', 100.00) ON CONFLICT (pos_code) DO NOTHING;
INSERT INTO menu_items (id, name, sale_price, is_set_menu) VALUES ('M9609', 'Chivas Regal 0.75L (12 years old)', 1300000.0, false) ON CONFLICT (id) DO NOTHING;
INSERT INTO recipes (menu_item_id, ingredient_id, qty_net, yield_pct, recipe_uom) VALUES ('M9609', 'M9609', 1.0000, 100.00, 'BOTTLE') ON CONFLICT (menu_item_id, ingredient_id) DO NOTHING;
INSERT INTO pos_alias_map (pos_code, menu_item_id, confidence) VALUES ('M9609', 'M9609', 100.00) ON CONFLICT (pos_code) DO NOTHING;
INSERT INTO menu_items (id, name, sale_price, is_set_menu) VALUES ('M9611', 'Creame de cassic', 620000.0, false) ON CONFLICT (id) DO NOTHING;
INSERT INTO recipes (menu_item_id, ingredient_id, qty_net, yield_pct, recipe_uom) VALUES ('M9611', 'M9611', 1.0000, 100.00, 'BOTTLE') ON CONFLICT (menu_item_id, ingredient_id) DO NOTHING;
INSERT INTO pos_alias_map (pos_code, menu_item_id, confidence) VALUES ('M9611', 'M9611', 100.00) ON CONFLICT (pos_code) DO NOTHING;
INSERT INTO menu_items (id, name, sale_price, is_set_menu) VALUES ('M9612', 'Gordon Gin Bottle', 580000.0, false) ON CONFLICT (id) DO NOTHING;
INSERT INTO recipes (menu_item_id, ingredient_id, qty_net, yield_pct, recipe_uom) VALUES ('M9612', 'M9612', 1.0000, 100.00, 'BOTTLE') ON CONFLICT (menu_item_id, ingredient_id) DO NOTHING;
INSERT INTO pos_alias_map (pos_code, menu_item_id, confidence) VALUES ('M9612', 'M9612', 100.00) ON CONFLICT (pos_code) DO NOTHING;
INSERT INTO menu_items (id, name, sale_price, is_set_menu) VALUES ('M9620', 'J - B', 920000.0, false) ON CONFLICT (id) DO NOTHING;
INSERT INTO recipes (menu_item_id, ingredient_id, qty_net, yield_pct, recipe_uom) VALUES ('M9620', 'M9620', 1.0000, 100.00, 'BOTTLE') ON CONFLICT (menu_item_id, ingredient_id) DO NOTHING;
INSERT INTO pos_alias_map (pos_code, menu_item_id, confidence) VALUES ('M9620', 'M9620', 100.00) ON CONFLICT (pos_code) DO NOTHING;
INSERT INTO menu_items (id, name, sale_price, is_set_menu) VALUES ('M9621', 'Jack Daniel', 1120000.0, false) ON CONFLICT (id) DO NOTHING;
INSERT INTO recipes (menu_item_id, ingredient_id, qty_net, yield_pct, recipe_uom) VALUES ('M9621', 'M9621', 1.0000, 100.00, 'BOTTLE') ON CONFLICT (menu_item_id, ingredient_id) DO NOTHING;
INSERT INTO pos_alias_map (pos_code, menu_item_id, confidence) VALUES ('M9621', 'M9621', 100.00) ON CONFLICT (pos_code) DO NOTHING;
INSERT INTO menu_items (id, name, sale_price, is_set_menu) VALUES ('M9623', 'Jimbeam', 580000.0, false) ON CONFLICT (id) DO NOTHING;
INSERT INTO recipes (menu_item_id, ingredient_id, qty_net, yield_pct, recipe_uom) VALUES ('M9623', 'M9623', 1.0000, 100.00, 'BOTTLE') ON CONFLICT (menu_item_id, ingredient_id) DO NOTHING;
INSERT INTO pos_alias_map (pos_code, menu_item_id, confidence) VALUES ('M9623', 'M9623', 100.00) ON CONFLICT (pos_code) DO NOTHING;
INSERT INTO menu_items (id, name, sale_price, is_set_menu) VALUES ('M9629', 'Johnny Walker red label', 710000.0, false) ON CONFLICT (id) DO NOTHING;
INSERT INTO recipes (menu_item_id, ingredient_id, qty_net, yield_pct, recipe_uom) VALUES ('M9629', 'M9629', 1.0000, 100.00, 'BOTTLE') ON CONFLICT (menu_item_id, ingredient_id) DO NOTHING;
INSERT INTO pos_alias_map (pos_code, menu_item_id, confidence) VALUES ('M9629', 'M9629', 100.00) ON CONFLICT (pos_code) DO NOTHING;
INSERT INTO menu_items (id, name, sale_price, is_set_menu) VALUES ('M9632', 'Marcallan 12 year old', 6620000.0, false) ON CONFLICT (id) DO NOTHING;
INSERT INTO recipes (menu_item_id, ingredient_id, qty_net, yield_pct, recipe_uom) VALUES ('M9632', 'M9632', 1.0000, 100.00, 'BOTTLE') ON CONFLICT (menu_item_id, ingredient_id) DO NOTHING;
INSERT INTO pos_alias_map (pos_code, menu_item_id, confidence) VALUES ('M9632', 'M9632', 100.00) ON CONFLICT (pos_code) DO NOTHING;
INSERT INTO menu_items (id, name, sale_price, is_set_menu) VALUES ('M9636', 'Single Barrel Jack Daniel''s', 2990000.0, false) ON CONFLICT (id) DO NOTHING;
INSERT INTO recipes (menu_item_id, ingredient_id, qty_net, yield_pct, recipe_uom) VALUES ('M9636', 'M9636', 1.0000, 100.00, 'BOTTLE') ON CONFLICT (menu_item_id, ingredient_id) DO NOTHING;
INSERT INTO pos_alias_map (pos_code, menu_item_id, confidence) VALUES ('M9636', 'M9636', 100.00) ON CONFLICT (pos_code) DO NOTHING;
INSERT INTO menu_items (id, name, sale_price, is_set_menu) VALUES ('M9642', 'GlenAllaChie 11', 6120000.0, false) ON CONFLICT (id) DO NOTHING;
INSERT INTO recipes (menu_item_id, ingredient_id, qty_net, yield_pct, recipe_uom) VALUES ('M9642', 'M9642', 1.0000, 100.00, 'BOTTLE') ON CONFLICT (menu_item_id, ingredient_id) DO NOTHING;
INSERT INTO pos_alias_map (pos_code, menu_item_id, confidence) VALUES ('M9642', 'M9642', 100.00) ON CONFLICT (pos_code) DO NOTHING;
INSERT INTO menu_items (id, name, sale_price, is_set_menu) VALUES ('M9643', 'FinLaggan 58', 5620000.0, false) ON CONFLICT (id) DO NOTHING;
INSERT INTO recipes (menu_item_id, ingredient_id, qty_net, yield_pct, recipe_uom) VALUES ('M9643', 'M9643', 1.0000, 100.00, 'BOTTLE') ON CONFLICT (menu_item_id, ingredient_id) DO NOTHING;
INSERT INTO pos_alias_map (pos_code, menu_item_id, confidence) VALUES ('M9643', 'M9643', 100.00) ON CONFLICT (pos_code) DO NOTHING;
INSERT INTO menu_items (id, name, sale_price, is_set_menu) VALUES ('M9644', 'Liqueur Bols Cherry Brandy 70cl', 1250000.0, false) ON CONFLICT (id) DO NOTHING;
INSERT INTO recipes (menu_item_id, ingredient_id, qty_net, yield_pct, recipe_uom) VALUES ('M9644', 'M9644', 1.0000, 100.00, 'BOTTLE') ON CONFLICT (menu_item_id, ingredient_id) DO NOTHING;
INSERT INTO pos_alias_map (pos_code, menu_item_id, confidence) VALUES ('M9644', 'M9644', 100.00) ON CONFLICT (pos_code) DO NOTHING;
INSERT INTO menu_items (id, name, sale_price, is_set_menu) VALUES ('M9645', 'Liqueur D.O.M Benedictine 70cl', 2620000.0, false) ON CONFLICT (id) DO NOTHING;
INSERT INTO recipes (menu_item_id, ingredient_id, qty_net, yield_pct, recipe_uom) VALUES ('M9645', 'M9645', 1.0000, 100.00, 'BOTTLE') ON CONFLICT (menu_item_id, ingredient_id) DO NOTHING;
INSERT INTO pos_alias_map (pos_code, menu_item_id, confidence) VALUES ('M9645', 'M9645', 100.00) ON CONFLICT (pos_code) DO NOTHING;
INSERT INTO menu_items (id, name, sale_price, is_set_menu) VALUES ('M9702', 'Bacardi Light', 600000.0, false) ON CONFLICT (id) DO NOTHING;
INSERT INTO recipes (menu_item_id, ingredient_id, qty_net, yield_pct, recipe_uom) VALUES ('M9702', 'M9702', 1.0000, 100.00, 'BOTTLE') ON CONFLICT (menu_item_id, ingredient_id) DO NOTHING;
INSERT INTO pos_alias_map (pos_code, menu_item_id, confidence) VALUES ('M9702', 'M9702', 100.00) ON CONFLICT (pos_code) DO NOTHING;
INSERT INTO menu_items (id, name, sale_price, is_set_menu) VALUES ('M9705', 'Tequila light', 900000.0, false) ON CONFLICT (id) DO NOTHING;
INSERT INTO recipes (menu_item_id, ingredient_id, qty_net, yield_pct, recipe_uom) VALUES ('M9705', 'M9705', 1.0000, 100.00, 'BOTTLE') ON CONFLICT (menu_item_id, ingredient_id) DO NOTHING;
INSERT INTO pos_alias_map (pos_code, menu_item_id, confidence) VALUES ('M9705', 'M9705', 100.00) ON CONFLICT (pos_code) DO NOTHING;
INSERT INTO menu_items (id, name, sale_price, is_set_menu) VALUES ('M9801', 'Creme de cassic (Triple Sec)', 710000.0, false) ON CONFLICT (id) DO NOTHING;
INSERT INTO recipes (menu_item_id, ingredient_id, qty_net, yield_pct, recipe_uom) VALUES ('M9801', 'M9801', 1.0000, 100.00, 'BOTTLE') ON CONFLICT (menu_item_id, ingredient_id) DO NOTHING;
INSERT INTO pos_alias_map (pos_code, menu_item_id, confidence) VALUES ('M9801', 'M9801', 100.00) ON CONFLICT (pos_code) DO NOTHING;
INSERT INTO menu_items (id, name, sale_price, is_set_menu) VALUES ('M9802', 'Chabot Napoleon Special Reserve Armagnac', 2000000.0, false) ON CONFLICT (id) DO NOTHING;
INSERT INTO recipes (menu_item_id, ingredient_id, qty_net, yield_pct, recipe_uom) VALUES ('M9802', 'M9802', 1.0000, 100.00, 'BOTTLE') ON CONFLICT (menu_item_id, ingredient_id) DO NOTHING;
INSERT INTO pos_alias_map (pos_code, menu_item_id, confidence) VALUES ('M9802', 'M9802', 100.00) ON CONFLICT (pos_code) DO NOTHING;
INSERT INTO menu_items (id, name, sale_price, is_set_menu) VALUES ('M98021', 'Armagnac bottle', 2000000.0, false) ON CONFLICT (id) DO NOTHING;
INSERT INTO recipes (menu_item_id, ingredient_id, qty_net, yield_pct, recipe_uom) VALUES ('M98021', 'M98021', 1.0000, 100.00, 'BOTTLE') ON CONFLICT (menu_item_id, ingredient_id) DO NOTHING;
INSERT INTO pos_alias_map (pos_code, menu_item_id, confidence) VALUES ('M98021', 'M98021', 100.00) ON CONFLICT (pos_code) DO NOTHING;
INSERT INTO menu_items (id, name, sale_price, is_set_menu) VALUES ('M9803', 'Framboise', 2600000.0, false) ON CONFLICT (id) DO NOTHING;
INSERT INTO recipes (menu_item_id, ingredient_id, qty_net, yield_pct, recipe_uom) VALUES ('M9803', 'M9803', 1.0000, 100.00, 'BOTTLE') ON CONFLICT (menu_item_id, ingredient_id) DO NOTHING;
INSERT INTO pos_alias_map (pos_code, menu_item_id, confidence) VALUES ('M9803', 'M9803', 100.00) ON CONFLICT (pos_code) DO NOTHING;
INSERT INTO menu_items (id, name, sale_price, is_set_menu) VALUES ('M9804', 'Mirabelle (Massenez Wild Raspberry)', 1990000.0, false) ON CONFLICT (id) DO NOTHING;
INSERT INTO recipes (menu_item_id, ingredient_id, qty_net, yield_pct, recipe_uom) VALUES ('M9804', 'M9804', 1.0000, 100.00, 'BOTTLE') ON CONFLICT (menu_item_id, ingredient_id) DO NOTHING;
INSERT INTO pos_alias_map (pos_code, menu_item_id, confidence) VALUES ('M9804', 'M9804', 100.00) ON CONFLICT (pos_code) DO NOTHING;
INSERT INTO menu_items (id, name, sale_price, is_set_menu) VALUES ('M9805', 'Massenez Poire Williams', 3410000.0, false) ON CONFLICT (id) DO NOTHING;
INSERT INTO recipes (menu_item_id, ingredient_id, qty_net, yield_pct, recipe_uom) VALUES ('M9805', 'M9805', 1.0000, 100.00, 'BOTTLE') ON CONFLICT (menu_item_id, ingredient_id) DO NOTHING;
INSERT INTO pos_alias_map (pos_code, menu_item_id, confidence) VALUES ('M9805', 'M9805', 100.00) ON CONFLICT (pos_code) DO NOTHING;
INSERT INTO menu_items (id, name, sale_price, is_set_menu) VALUES ('M9806', 'Parisiennes Napoleon X.O 70cl', 500000.0, false) ON CONFLICT (id) DO NOTHING;
INSERT INTO recipes (menu_item_id, ingredient_id, qty_net, yield_pct, recipe_uom) VALUES ('M9806', 'M9806', 1.0000, 100.00, 'BOTTLE') ON CONFLICT (menu_item_id, ingredient_id) DO NOTHING;
INSERT INTO pos_alias_map (pos_code, menu_item_id, confidence) VALUES ('M9806', 'M9806', 100.00) ON CONFLICT (pos_code) DO NOTHING;
INSERT INTO menu_items (id, name, sale_price, is_set_menu) VALUES ('M9808', 'Hennessy VSOP 0.7 liter', 2380000.0, false) ON CONFLICT (id) DO NOTHING;
INSERT INTO recipes (menu_item_id, ingredient_id, qty_net, yield_pct, recipe_uom) VALUES ('M9808', 'M9808', 1.0000, 100.00, 'BOTTLE') ON CONFLICT (menu_item_id, ingredient_id) DO NOTHING;
INSERT INTO pos_alias_map (pos_code, menu_item_id, confidence) VALUES ('M9808', 'M9808', 100.00) ON CONFLICT (pos_code) DO NOTHING;
INSERT INTO menu_items (id, name, sale_price, is_set_menu) VALUES ('M9809', 'Hennessy XO', 9250000.0, false) ON CONFLICT (id) DO NOTHING;
INSERT INTO recipes (menu_item_id, ingredient_id, qty_net, yield_pct, recipe_uom) VALUES ('M9809', 'M9809', 1.0000, 100.00, 'BOTTLE') ON CONFLICT (menu_item_id, ingredient_id) DO NOTHING;
INSERT INTO pos_alias_map (pos_code, menu_item_id, confidence) VALUES ('M9809', 'M9809', 100.00) ON CONFLICT (pos_code) DO NOTHING;
INSERT INTO menu_items (id, name, sale_price, is_set_menu) VALUES ('M9812', 'Remy Martin VSOP', 2300000.0, false) ON CONFLICT (id) DO NOTHING;
INSERT INTO recipes (menu_item_id, ingredient_id, qty_net, yield_pct, recipe_uom) VALUES ('M9812', 'M9812', 1.0000, 100.00, 'BOTTLE') ON CONFLICT (menu_item_id, ingredient_id) DO NOTHING;
INSERT INTO pos_alias_map (pos_code, menu_item_id, confidence) VALUES ('M9812', 'M9812', 100.00) ON CONFLICT (pos_code) DO NOTHING;
INSERT INTO menu_items (id, name, sale_price, is_set_menu) VALUES ('NLP004', 'Trà olong  Tam Châu 100g', 190000.0, false) ON CONFLICT (id) DO NOTHING;
INSERT INTO recipes (menu_item_id, ingredient_id, qty_net, yield_pct, recipe_uom) VALUES ('NLP004', 'NLP004', 1.0000, 100.00, 'BAG') ON CONFLICT (menu_item_id, ingredient_id) DO NOTHING;
INSERT INTO pos_alias_map (pos_code, menu_item_id, confidence) VALUES ('NLP004', 'NLP004', 100.00) ON CONFLICT (pos_code) DO NOTHING;
INSERT INTO menu_items (id, name, sale_price, is_set_menu) VALUES ('NLP3021', 'Sữa tươi TH True Milk Nguyên chất 1L', 80000.0, false) ON CONFLICT (id) DO NOTHING;
INSERT INTO recipes (menu_item_id, ingredient_id, qty_net, yield_pct, recipe_uom) VALUES ('NLP3021', 'NLP3021', 1.0000, 100.00, 'BOX') ON CONFLICT (menu_item_id, ingredient_id) DO NOTHING;
INSERT INTO pos_alias_map (pos_code, menu_item_id, confidence) VALUES ('NLP3021', 'NLP3021', 100.00) ON CONFLICT (pos_code) DO NOTHING;
INSERT INTO menu_items (id, name, sale_price, is_set_menu) VALUES ('NLP30251', 'Đường nước Hàn Quốc', 60000.0, false) ON CONFLICT (id) DO NOTHING;
INSERT INTO recipes (menu_item_id, ingredient_id, qty_net, yield_pct, recipe_uom) VALUES ('NLP30251', 'NLP30251', 1.0000, 100.00, 'KG') ON CONFLICT (menu_item_id, ingredient_id) DO NOTHING;
INSERT INTO pos_alias_map (pos_code, menu_item_id, confidence) VALUES ('NLP30251', 'NLP30251', 100.00) ON CONFLICT (pos_code) DO NOTHING;
INSERT INTO menu_items (id, name, sale_price, is_set_menu) VALUES ('NLP600351', 'Chè mạn', 420000.0, false) ON CONFLICT (id) DO NOTHING;
INSERT INTO recipes (menu_item_id, ingredient_id, qty_net, yield_pct, recipe_uom) VALUES ('NLP600351', 'NLP600351', 1.0000, 100.00, 'KG') ON CONFLICT (menu_item_id, ingredient_id) DO NOTHING;
INSERT INTO pos_alias_map (pos_code, menu_item_id, confidence) VALUES ('NLP600351', 'NLP600351', 100.00) ON CONFLICT (pos_code) DO NOTHING;
INSERT INTO menu_items (id, name, sale_price, is_set_menu) VALUES ('NLP60038', 'Chanh leo', 80000.0, false) ON CONFLICT (id) DO NOTHING;
INSERT INTO recipes (menu_item_id, ingredient_id, qty_net, yield_pct, recipe_uom) VALUES ('NLP60038', 'NLP60038', 1.0000, 100.00, 'KG') ON CONFLICT (menu_item_id, ingredient_id) DO NOTHING;
INSERT INTO pos_alias_map (pos_code, menu_item_id, confidence) VALUES ('NLP60038', 'NLP60038', 100.00) ON CONFLICT (pos_code) DO NOTHING;
INSERT INTO menu_items (id, name, sale_price, is_set_menu) VALUES ('NLP60057', 'Cà rốt tươi', 40000.0, false) ON CONFLICT (id) DO NOTHING;
INSERT INTO recipes (menu_item_id, ingredient_id, qty_net, yield_pct, recipe_uom) VALUES ('NLP60057', 'NLP60057', 1.0000, 100.00, 'KG') ON CONFLICT (menu_item_id, ingredient_id) DO NOTHING;
INSERT INTO pos_alias_map (pos_code, menu_item_id, confidence) VALUES ('NLP60057', 'NLP60057', 100.00) ON CONFLICT (pos_code) DO NOTHING;
INSERT INTO menu_items (id, name, sale_price, is_set_menu) VALUES ('NLP60058', 'Gừng tươi', 100000.0, false) ON CONFLICT (id) DO NOTHING;
INSERT INTO recipes (menu_item_id, ingredient_id, qty_net, yield_pct, recipe_uom) VALUES ('NLP60058', 'NLP60058', 1.0000, 100.00, 'KG') ON CONFLICT (menu_item_id, ingredient_id) DO NOTHING;
INSERT INTO pos_alias_map (pos_code, menu_item_id, confidence) VALUES ('NLP60058', 'NLP60058', 100.00) ON CONFLICT (pos_code) DO NOTHING;
INSERT INTO menu_items (id, name, sale_price, is_set_menu) VALUES ('NLP60059', 'Bạc hà tươi', 120000.0, false) ON CONFLICT (id) DO NOTHING;
INSERT INTO recipes (menu_item_id, ingredient_id, qty_net, yield_pct, recipe_uom) VALUES ('NLP60059', 'NLP60059', 1.0000, 100.00, 'KG') ON CONFLICT (menu_item_id, ingredient_id) DO NOTHING;
INSERT INTO pos_alias_map (pos_code, menu_item_id, confidence) VALUES ('NLP60059', 'NLP60059', 100.00) ON CONFLICT (pos_code) DO NOTHING;
INSERT INTO menu_items (id, name, sale_price, is_set_menu) VALUES ('NLP60061', 'Dưa chuột tươi', 40000.0, false) ON CONFLICT (id) DO NOTHING;
INSERT INTO recipes (menu_item_id, ingredient_id, qty_net, yield_pct, recipe_uom) VALUES ('NLP60061', 'NLP60061', 1.0000, 100.00, 'KG') ON CONFLICT (menu_item_id, ingredient_id) DO NOTHING;
INSERT INTO pos_alias_map (pos_code, menu_item_id, confidence) VALUES ('NLP60061', 'NLP60061', 100.00) ON CONFLICT (pos_code) DO NOTHING;
INSERT INTO menu_items (id, name, sale_price, is_set_menu) VALUES ('NLP9001', 'Cafe hương chồn 500g', 380000.0, false) ON CONFLICT (id) DO NOTHING;
INSERT INTO recipes (menu_item_id, ingredient_id, qty_net, yield_pct, recipe_uom) VALUES ('NLP9001', 'NLP9001', 1.0000, 100.00, 'KG') ON CONFLICT (menu_item_id, ingredient_id) DO NOTHING;
INSERT INTO pos_alias_map (pos_code, menu_item_id, confidence) VALUES ('NLP9001', 'NLP9001', 100.00) ON CONFLICT (pos_code) DO NOTHING;
INSERT INTO menu_items (id, name, sale_price, is_set_menu) VALUES ('NLP9002', 'Cafe season 500g/ túi', 500000.0, false) ON CONFLICT (id) DO NOTHING;
INSERT INTO recipes (menu_item_id, ingredient_id, qty_net, yield_pct, recipe_uom) VALUES ('NLP9002', 'NLP9002', 1.0000, 100.00, 'KG') ON CONFLICT (menu_item_id, ingredient_id) DO NOTHING;
INSERT INTO pos_alias_map (pos_code, menu_item_id, confidence) VALUES ('NLP9002', 'NLP9002', 100.00) ON CONFLICT (pos_code) DO NOTHING;
INSERT INTO menu_items (id, name, sale_price, is_set_menu) VALUES ('NLP90023', 'Cafe hạt Javador 73 Italya', 770000.0, false) ON CONFLICT (id) DO NOTHING;
INSERT INTO recipes (menu_item_id, ingredient_id, qty_net, yield_pct, recipe_uom) VALUES ('NLP90023', 'NLP90023', 1.0000, 100.00, 'KG') ON CONFLICT (menu_item_id, ingredient_id) DO NOTHING;
INSERT INTO pos_alias_map (pos_code, menu_item_id, confidence) VALUES ('NLP90023', 'NLP90023', 100.00) ON CONFLICT (pos_code) DO NOTHING;
INSERT INTO menu_items (id, name, sale_price, is_set_menu) VALUES ('NLP9003', 'Trà lipton túi lọc (25g/h)', 90000.0, false) ON CONFLICT (id) DO NOTHING;
INSERT INTO recipes (menu_item_id, ingredient_id, qty_net, yield_pct, recipe_uom) VALUES ('NLP9003', 'NLP9003', 1.0000, 100.00, 'BOX') ON CONFLICT (menu_item_id, ingredient_id) DO NOTHING;
INSERT INTO pos_alias_map (pos_code, menu_item_id, confidence) VALUES ('NLP9003', 'NLP9003', 100.00) ON CONFLICT (pos_code) DO NOTHING;
INSERT INTO menu_items (id, name, sale_price, is_set_menu) VALUES ('NLP9004', 'Trà Kim Anh (sen, nhài)', 60000.0, false) ON CONFLICT (id) DO NOTHING;
INSERT INTO recipes (menu_item_id, ingredient_id, qty_net, yield_pct, recipe_uom) VALUES ('NLP9004', 'NLP9004', 1.0000, 100.00, 'BOX') ON CONFLICT (menu_item_id, ingredient_id) DO NOTHING;
INSERT INTO pos_alias_map (pos_code, menu_item_id, confidence) VALUES ('NLP9004', 'NLP9004', 100.00) ON CONFLICT (pos_code) DO NOTHING;
INSERT INTO menu_items (id, name, sale_price, is_set_menu) VALUES ('NLP9005', 'Đường que', 30000.0, false) ON CONFLICT (id) DO NOTHING;
INSERT INTO recipes (menu_item_id, ingredient_id, qty_net, yield_pct, recipe_uom) VALUES ('NLP9005', 'NLP9005', 1.0000, 100.00, 'PACK') ON CONFLICT (menu_item_id, ingredient_id) DO NOTHING;
INSERT INTO pos_alias_map (pos_code, menu_item_id, confidence) VALUES ('NLP9005', 'NLP9005', 100.00) ON CONFLICT (pos_code) DO NOTHING;
INSERT INTO menu_items (id, name, sale_price, is_set_menu) VALUES ('NLP9006', 'Sữa đặc', 40000.0, false) ON CONFLICT (id) DO NOTHING;
INSERT INTO recipes (menu_item_id, ingredient_id, qty_net, yield_pct, recipe_uom) VALUES ('NLP9006', 'NLP9006', 1.0000, 100.00, 'BOX') ON CONFLICT (menu_item_id, ingredient_id) DO NOTHING;
INSERT INTO pos_alias_map (pos_code, menu_item_id, confidence) VALUES ('NLP9006', 'NLP9006', 100.00) ON CONFLICT (pos_code) DO NOTHING;
INSERT INTO menu_items (id, name, sale_price, is_set_menu) VALUES ('NLP9020', 'Trà gừng', 100000.0, false) ON CONFLICT (id) DO NOTHING;
INSERT INTO recipes (menu_item_id, ingredient_id, qty_net, yield_pct, recipe_uom) VALUES ('NLP9020', 'NLP9020', 1.0000, 100.00, 'BOX') ON CONFLICT (menu_item_id, ingredient_id) DO NOTHING;
INSERT INTO pos_alias_map (pos_code, menu_item_id, confidence) VALUES ('NLP9020', 'NLP9020', 100.00) ON CONFLICT (pos_code) DO NOTHING;
INSERT INTO menu_items (id, name, sale_price, is_set_menu) VALUES ('NLP9024', 'Trà Eargrey', 110000.0, false) ON CONFLICT (id) DO NOTHING;
INSERT INTO recipes (menu_item_id, ingredient_id, qty_net, yield_pct, recipe_uom) VALUES ('NLP9024', 'NLP9024', 1.0000, 100.00, 'BOX') ON CONFLICT (menu_item_id, ingredient_id) DO NOTHING;
INSERT INTO pos_alias_map (pos_code, menu_item_id, confidence) VALUES ('NLP9024', 'NLP9024', 100.00) ON CONFLICT (pos_code) DO NOTHING;
INSERT INTO menu_items (id, name, sale_price, is_set_menu) VALUES ('NLP9026', 'Trà hoa cúc', 280000.0, false) ON CONFLICT (id) DO NOTHING;
INSERT INTO recipes (menu_item_id, ingredient_id, qty_net, yield_pct, recipe_uom) VALUES ('NLP9026', 'NLP9026', 1.0000, 100.00, 'BOX') ON CONFLICT (menu_item_id, ingredient_id) DO NOTHING;
INSERT INTO pos_alias_map (pos_code, menu_item_id, confidence) VALUES ('NLP9026', 'NLP9026', 100.00) ON CONFLICT (pos_code) DO NOTHING;
INSERT INTO menu_items (id, name, sale_price, is_set_menu) VALUES ('PKG-001', 'Cốc giấy mang về 270ml', 0.0, false) ON CONFLICT (id) DO NOTHING;
INSERT INTO recipes (menu_item_id, ingredient_id, qty_net, yield_pct, recipe_uom) VALUES ('PKG-001', 'PKG-001', 1.0000, 100.00, 'PIECE') ON CONFLICT (menu_item_id, ingredient_id) DO NOTHING;
INSERT INTO pos_alias_map (pos_code, menu_item_id, confidence) VALUES ('PKG-001', 'PKG-001', 100.00) ON CONFLICT (pos_code) DO NOTHING;
INSERT INTO ingredient_departments (ingredient_id, department, usage_context, is_primary) VALUES ('PKG-001', 'BAR', 'BEVERAGE', true) ON CONFLICT (ingredient_id, department) DO NOTHING;
INSERT INTO menu_items (id, name, sale_price, is_set_menu) VALUES ('PKG-002', 'Nắp cốc mang về', 0.0, false) ON CONFLICT (id) DO NOTHING;
INSERT INTO recipes (menu_item_id, ingredient_id, qty_net, yield_pct, recipe_uom) VALUES ('PKG-002', 'PKG-002', 1.0000, 100.00, 'PIECE') ON CONFLICT (menu_item_id, ingredient_id) DO NOTHING;
INSERT INTO pos_alias_map (pos_code, menu_item_id, confidence) VALUES ('PKG-002', 'PKG-002', 100.00) ON CONFLICT (pos_code) DO NOTHING;
INSERT INTO ingredient_departments (ingredient_id, department, usage_context, is_primary) VALUES ('PKG-002', 'BAR', 'BEVERAGE', true) ON CONFLICT (ingredient_id, department) DO NOTHING;
INSERT INTO menu_items (id, name, sale_price, is_set_menu) VALUES ('PKG-003', 'Ống hút giấy', 0.0, false) ON CONFLICT (id) DO NOTHING;
INSERT INTO recipes (menu_item_id, ingredient_id, qty_net, yield_pct, recipe_uom) VALUES ('PKG-003', 'PKG-003', 1.0000, 100.00, 'PIECE') ON CONFLICT (menu_item_id, ingredient_id) DO NOTHING;
INSERT INTO pos_alias_map (pos_code, menu_item_id, confidence) VALUES ('PKG-003', 'PKG-003', 100.00) ON CONFLICT (pos_code) DO NOTHING;
INSERT INTO ingredient_departments (ingredient_id, department, usage_context, is_primary) VALUES ('PKG-003', 'BAR', 'BEVERAGE', true) ON CONFLICT (ingredient_id, department) DO NOTHING;
INSERT INTO menu_items (id, name, sale_price, is_set_menu) VALUES ('PKG-004', 'Túi giấy mang về', 0.0, false) ON CONFLICT (id) DO NOTHING;
INSERT INTO recipes (menu_item_id, ingredient_id, qty_net, yield_pct, recipe_uom) VALUES ('PKG-004', 'PKG-004', 1.0000, 100.00, 'PIECE') ON CONFLICT (menu_item_id, ingredient_id) DO NOTHING;
INSERT INTO pos_alias_map (pos_code, menu_item_id, confidence) VALUES ('PKG-004', 'PKG-004', 100.00) ON CONFLICT (pos_code) DO NOTHING;
INSERT INTO ingredient_departments (ingredient_id, department, usage_context, is_primary) VALUES ('PKG-004', 'BAR', 'BEVERAGE', true) ON CONFLICT (ingredient_id, department) DO NOTHING;
INSERT INTO menu_items (id, name, sale_price, is_set_menu) VALUES ('S1003', 'Grenadine (Siro Lựu)', 500000.0, false) ON CONFLICT (id) DO NOTHING;
INSERT INTO recipes (menu_item_id, ingredient_id, qty_net, yield_pct, recipe_uom) VALUES ('S1003', 'S1003', 1.0000, 100.00, 'BOTTLE') ON CONFLICT (menu_item_id, ingredient_id) DO NOTHING;
INSERT INTO pos_alias_map (pos_code, menu_item_id, confidence) VALUES ('S1003', 'S1003', 100.00) ON CONFLICT (pos_code) DO NOTHING;
INSERT INTO menu_items (id, name, sale_price, is_set_menu) VALUES ('S1004', 'Syrup - Pineapple 70cl', 650000.0, false) ON CONFLICT (id) DO NOTHING;
INSERT INTO recipes (menu_item_id, ingredient_id, qty_net, yield_pct, recipe_uom) VALUES ('S1004', 'S1004', 1.0000, 100.00, 'BOTTLE') ON CONFLICT (menu_item_id, ingredient_id) DO NOTHING;
INSERT INTO pos_alias_map (pos_code, menu_item_id, confidence) VALUES ('S1004', 'S1004', 100.00) ON CONFLICT (pos_code) DO NOTHING;
INSERT INTO pos_alias_map (pos_code, menu_item_id, confidence) VALUES ('V1001', 'V1001', 100.00) ON CONFLICT (pos_code) DO NOTHING;
INSERT INTO menu_items (id, name, sale_price, is_set_menu) VALUES ('V1008', 'La Palma Cabernet Sauvignon 37.5cl, Chile', 310000.0, false) ON CONFLICT (id) DO NOTHING;
INSERT INTO recipes (menu_item_id, ingredient_id, qty_net, yield_pct, recipe_uom) VALUES ('V1008', 'V1008', 1.0000, 100.00, 'BOTTLE') ON CONFLICT (menu_item_id, ingredient_id) DO NOTHING;
INSERT INTO pos_alias_map (pos_code, menu_item_id, confidence) VALUES ('V1008', 'V1008', 100.00) ON CONFLICT (pos_code) DO NOTHING;
INSERT INTO recipes (menu_item_id, ingredient_id, qty_net, yield_pct, recipe_uom) VALUES ('V2001', 'V2001', 1.0000, 100.00, 'BOTTLE') ON CONFLICT (menu_item_id, ingredient_id) DO NOTHING;
INSERT INTO pos_alias_map (pos_code, menu_item_id, confidence) VALUES ('V2001', 'V2001', 100.00) ON CONFLICT (pos_code) DO NOTHING;
INSERT INTO pos_alias_map (pos_code, menu_item_id, confidence) VALUES ('V2002', 'V2002', 100.00) ON CONFLICT (pos_code) DO NOTHING;
INSERT INTO menu_items (id, name, sale_price, is_set_menu) VALUES ('V2006', 'Champagne Taittinger Brut Reserve NV, France', 3390000.0, false) ON CONFLICT (id) DO NOTHING;
INSERT INTO recipes (menu_item_id, ingredient_id, qty_net, yield_pct, recipe_uom) VALUES ('V2006', 'V2006', 1.0000, 100.00, 'BOTTLE') ON CONFLICT (menu_item_id, ingredient_id) DO NOTHING;
INSERT INTO pos_alias_map (pos_code, menu_item_id, confidence) VALUES ('V2006', 'V2006', 100.00) ON CONFLICT (pos_code) DO NOTHING;
INSERT INTO menu_items (id, name, sale_price, is_set_menu) VALUES ('V2009', 'Champagne Moët & Chandon', 2990000.0, false) ON CONFLICT (id) DO NOTHING;
INSERT INTO recipes (menu_item_id, ingredient_id, qty_net, yield_pct, recipe_uom) VALUES ('V2009', 'V2009', 1.0000, 100.00, 'BOTTLE') ON CONFLICT (menu_item_id, ingredient_id) DO NOTHING;
INSERT INTO pos_alias_map (pos_code, menu_item_id, confidence) VALUES ('V2009', 'V2009', 100.00) ON CONFLICT (pos_code) DO NOTHING;
INSERT INTO menu_items (id, name, sale_price, is_set_menu) VALUES ('V2015', 'Chanoine Frères Brut NV (Champagne AOC — France)', 2720000.0, false) ON CONFLICT (id) DO NOTHING;
INSERT INTO recipes (menu_item_id, ingredient_id, qty_net, yield_pct, recipe_uom) VALUES ('V2015', 'V2015', 1.0000, 100.00, 'BOTTLE') ON CONFLICT (menu_item_id, ingredient_id) DO NOTHING;
INSERT INTO pos_alias_map (pos_code, menu_item_id, confidence) VALUES ('V2015', 'V2015', 100.00) ON CONFLICT (pos_code) DO NOTHING;
INSERT INTO menu_items (id, name, sale_price, is_set_menu) VALUES ('V2016', 'Jean-Noël Haton Cuvée Classic Brut NV ( Champagne AOC, Damery)', 3580000.0, false) ON CONFLICT (id) DO NOTHING;
INSERT INTO recipes (menu_item_id, ingredient_id, qty_net, yield_pct, recipe_uom) VALUES ('V2016', 'V2016', 1.0000, 100.00, 'BOTTLE') ON CONFLICT (menu_item_id, ingredient_id) DO NOTHING;
INSERT INTO pos_alias_map (pos_code, menu_item_id, confidence) VALUES ('V2016', 'V2016', 100.00) ON CONFLICT (pos_code) DO NOTHING;
INSERT INTO menu_items (id, name, sale_price, is_set_menu) VALUES ('V2018', 'Crémant de Bourgogne Brut Vignerons de Buxy, Chardonnay, Aligoté, Gamay', 1780000.0, false) ON CONFLICT (id) DO NOTHING;
INSERT INTO recipes (menu_item_id, ingredient_id, qty_net, yield_pct, recipe_uom) VALUES ('V2018', 'V2018', 1.0000, 100.00, 'BOTTLE') ON CONFLICT (menu_item_id, ingredient_id) DO NOTHING;
INSERT INTO pos_alias_map (pos_code, menu_item_id, confidence) VALUES ('V2018', 'V2018', 100.00) ON CONFLICT (pos_code) DO NOTHING;
INSERT INTO menu_items (id, name, sale_price, is_set_menu) VALUES ('V3002', 'Baron Philippe de Rothschild, Mouton Cadet Réserve, Sauternes Half Bottle, France', 1335000.0, false) ON CONFLICT (id) DO NOTHING;
INSERT INTO recipes (menu_item_id, ingredient_id, qty_net, yield_pct, recipe_uom) VALUES ('V3002', 'V3002', 1.0000, 100.00, 'BOTTLE') ON CONFLICT (menu_item_id, ingredient_id) DO NOTHING;
INSERT INTO pos_alias_map (pos_code, menu_item_id, confidence) VALUES ('V3002', 'V3002', 100.00) ON CONFLICT (pos_code) DO NOTHING;
INSERT INTO menu_items (id, name, sale_price, is_set_menu) VALUES ('V3003', 'Baron Philippe de Rothschild, Mouton Cadet Réserve, Sauternes full  Bottle, France', 2690000.0, false) ON CONFLICT (id) DO NOTHING;
INSERT INTO recipes (menu_item_id, ingredient_id, qty_net, yield_pct, recipe_uom) VALUES ('V3003', 'V3003', 1.0000, 100.00, 'BOTTLE') ON CONFLICT (menu_item_id, ingredient_id) DO NOTHING;
INSERT INTO pos_alias_map (pos_code, menu_item_id, confidence) VALUES ('V3003', 'V3003', 100.00) ON CONFLICT (pos_code) DO NOTHING;
INSERT INTO menu_items (id, name, sale_price, is_set_menu) VALUES ('V4008', 'M. Chapoutier Belleruche, Côtes du Rhône Rouge', 990000.0, false) ON CONFLICT (id) DO NOTHING;
INSERT INTO recipes (menu_item_id, ingredient_id, qty_net, yield_pct, recipe_uom) VALUES ('V4008', 'V4008', 1.0000, 100.00, 'BOTTLE') ON CONFLICT (menu_item_id, ingredient_id) DO NOTHING;
INSERT INTO pos_alias_map (pos_code, menu_item_id, confidence) VALUES ('V4008', 'V4008', 100.00) ON CONFLICT (pos_code) DO NOTHING;
INSERT INTO menu_items (id, name, sale_price, is_set_menu) VALUES ('V4009', 'Les Hauts de La Gaffeliere, Bordeaux Rouge', 1090000.0, false) ON CONFLICT (id) DO NOTHING;
INSERT INTO recipes (menu_item_id, ingredient_id, qty_net, yield_pct, recipe_uom) VALUES ('V4009', 'V4009', 1.0000, 100.00, 'BOTTLE') ON CONFLICT (menu_item_id, ingredient_id) DO NOTHING;
INSERT INTO pos_alias_map (pos_code, menu_item_id, confidence) VALUES ('V4009', 'V4009', 100.00) ON CONFLICT (pos_code) DO NOTHING;
INSERT INTO menu_items (id, name, sale_price, is_set_menu) VALUES ('V4014', 'Château Noaillac Cru Bourgeois', 1350000.0, false) ON CONFLICT (id) DO NOTHING;
INSERT INTO recipes (menu_item_id, ingredient_id, qty_net, yield_pct, recipe_uom) VALUES ('V4014', 'V4014', 1.0000, 100.00, 'BOTTLE') ON CONFLICT (menu_item_id, ingredient_id) DO NOTHING;
INSERT INTO pos_alias_map (pos_code, menu_item_id, confidence) VALUES ('V4014', 'V4014', 100.00) ON CONFLICT (pos_code) DO NOTHING;
INSERT INTO menu_items (id, name, sale_price, is_set_menu) VALUES ('V4017', 'Château Haut-Rocher Grand Cru', 1890000.0, false) ON CONFLICT (id) DO NOTHING;
INSERT INTO recipes (menu_item_id, ingredient_id, qty_net, yield_pct, recipe_uom) VALUES ('V4017', 'V4017', 1.0000, 100.00, 'BOTTLE') ON CONFLICT (menu_item_id, ingredient_id) DO NOTHING;
INSERT INTO pos_alias_map (pos_code, menu_item_id, confidence) VALUES ('V4017', 'V4017', 100.00) ON CONFLICT (pos_code) DO NOTHING;
INSERT INTO pos_alias_map (pos_code, menu_item_id, confidence) VALUES ('V4045', 'V4045', 100.00) ON CONFLICT (pos_code) DO NOTHING;
INSERT INTO menu_items (id, name, sale_price, is_set_menu) VALUES ('V4062', 'Château Moulin De La Faye', 680000.0, false) ON CONFLICT (id) DO NOTHING;
INSERT INTO recipes (menu_item_id, ingredient_id, qty_net, yield_pct, recipe_uom) VALUES ('V4062', 'V4062', 1.0000, 100.00, 'BOTTLE') ON CONFLICT (menu_item_id, ingredient_id) DO NOTHING;
INSERT INTO pos_alias_map (pos_code, menu_item_id, confidence) VALUES ('V4062', 'V4062', 100.00) ON CONFLICT (pos_code) DO NOTHING;
INSERT INTO menu_items (id, name, sale_price, is_set_menu) VALUES ('V4063', 'Chantecaille Bordeaux AOC Red', 570000.0, false) ON CONFLICT (id) DO NOTHING;
INSERT INTO recipes (menu_item_id, ingredient_id, qty_net, yield_pct, recipe_uom) VALUES ('V4063', 'V4063', 1.0000, 100.00, 'BOTTLE') ON CONFLICT (menu_item_id, ingredient_id) DO NOTHING;
INSERT INTO pos_alias_map (pos_code, menu_item_id, confidence) VALUES ('V4063', 'V4063', 100.00) ON CONFLICT (pos_code) DO NOTHING;
INSERT INTO pos_alias_map (pos_code, menu_item_id, confidence) VALUES ('V4064', 'V4064', 100.00) ON CONFLICT (pos_code) DO NOTHING;
INSERT INTO pos_alias_map (pos_code, menu_item_id, confidence) VALUES ('V4065', 'V4065', 100.00) ON CONFLICT (pos_code) DO NOTHING;
INSERT INTO menu_items (id, name, sale_price, is_set_menu) VALUES ('V4068', 'Nicolas Thienpont, Chateau Puygueraud,(Merlot/Cab Franc/ Malbec) Francs Cotes de Bordeaux', 2170000.0, false) ON CONFLICT (id) DO NOTHING;
INSERT INTO recipes (menu_item_id, ingredient_id, qty_net, yield_pct, recipe_uom) VALUES ('V4068', 'V4068', 1.0000, 100.00, 'BOTTLE') ON CONFLICT (menu_item_id, ingredient_id) DO NOTHING;
INSERT INTO pos_alias_map (pos_code, menu_item_id, confidence) VALUES ('V4068', 'V4068', 100.00) ON CONFLICT (pos_code) DO NOTHING;
INSERT INTO menu_items (id, name, sale_price, is_set_menu) VALUES ('V4069', 'Alain Brumont, Chateau Bouscasse, Madiran - Red', 2200000.0, false) ON CONFLICT (id) DO NOTHING;
INSERT INTO recipes (menu_item_id, ingredient_id, qty_net, yield_pct, recipe_uom) VALUES ('V4069', 'V4069', 1.0000, 100.00, 'BOTTLE') ON CONFLICT (menu_item_id, ingredient_id) DO NOTHING;
INSERT INTO pos_alias_map (pos_code, menu_item_id, confidence) VALUES ('V4069', 'V4069', 100.00) ON CONFLICT (pos_code) DO NOTHING;
INSERT INTO menu_items (id, name, sale_price, is_set_menu) VALUES ('V4071', 'Baron P. de Rothschild Mouton Cadet Reserve Pauillac - Red', 2650000.0, false) ON CONFLICT (id) DO NOTHING;
INSERT INTO recipes (menu_item_id, ingredient_id, qty_net, yield_pct, recipe_uom) VALUES ('V4071', 'V4071', 1.0000, 100.00, 'BOTTLE') ON CONFLICT (menu_item_id, ingredient_id) DO NOTHING;
INSERT INTO pos_alias_map (pos_code, menu_item_id, confidence) VALUES ('V4071', 'V4071', 100.00) ON CONFLICT (pos_code) DO NOTHING;
INSERT INTO menu_items (id, name, sale_price, is_set_menu) VALUES ('V4072', 'Château La Garenne Pomerol - Red', 2950000.0, false) ON CONFLICT (id) DO NOTHING;
INSERT INTO recipes (menu_item_id, ingredient_id, qty_net, yield_pct, recipe_uom) VALUES ('V4072', 'V4072', 1.0000, 100.00, 'BOTTLE') ON CONFLICT (menu_item_id, ingredient_id) DO NOTHING;
INSERT INTO pos_alias_map (pos_code, menu_item_id, confidence) VALUES ('V4072', 'V4072', 100.00) ON CONFLICT (pos_code) DO NOTHING;
INSERT INTO menu_items (id, name, sale_price, is_set_menu) VALUES ('V4074', 'Louis Latour Domaine De Valmoissine - Red', 730000.0, false) ON CONFLICT (id) DO NOTHING;
INSERT INTO recipes (menu_item_id, ingredient_id, qty_net, yield_pct, recipe_uom) VALUES ('V4074', 'V4074', 1.0000, 100.00, 'BOTTLE') ON CONFLICT (menu_item_id, ingredient_id) DO NOTHING;
INSERT INTO pos_alias_map (pos_code, menu_item_id, confidence) VALUES ('V4074', 'V4074', 100.00) ON CONFLICT (pos_code) DO NOTHING;
INSERT INTO pos_alias_map (pos_code, menu_item_id, confidence) VALUES ('V4075', 'V4075', 100.00) ON CONFLICT (pos_code) DO NOTHING;
INSERT INTO menu_items (id, name, sale_price, is_set_menu) VALUES ('V4076', 'Guigal, Cotes du Rhone - Red', 1600000.0, false) ON CONFLICT (id) DO NOTHING;
INSERT INTO recipes (menu_item_id, ingredient_id, qty_net, yield_pct, recipe_uom) VALUES ('V4076', 'V4076', 1.0000, 100.00, 'BOTTLE') ON CONFLICT (menu_item_id, ingredient_id) DO NOTHING;
INSERT INTO pos_alias_map (pos_code, menu_item_id, confidence) VALUES ('V4076', 'V4076', 100.00) ON CONFLICT (pos_code) DO NOTHING;
INSERT INTO menu_items (id, name, sale_price, is_set_menu) VALUES ('V4077', 'Dufouleur Monopole Red Wine Bt', 510000.0, false) ON CONFLICT (id) DO NOTHING;
INSERT INTO recipes (menu_item_id, ingredient_id, qty_net, yield_pct, recipe_uom) VALUES ('V4077', 'V4077', 1.0000, 100.00, 'BOTTLE') ON CONFLICT (menu_item_id, ingredient_id) DO NOTHING;
INSERT INTO pos_alias_map (pos_code, menu_item_id, confidence) VALUES ('V4077', 'V4077', 100.00) ON CONFLICT (pos_code) DO NOTHING;
INSERT INTO recipes (menu_item_id, ingredient_id, qty_net, yield_pct, recipe_uom) VALUES ('V4078', 'V4078', 1.0000, 100.00, 'BOTTLE') ON CONFLICT (menu_item_id, ingredient_id) DO NOTHING;
INSERT INTO pos_alias_map (pos_code, menu_item_id, confidence) VALUES ('V4078', 'V4078', 100.00) ON CONFLICT (pos_code) DO NOTHING;
INSERT INTO menu_items (id, name, sale_price, is_set_menu) VALUES ('V4081', 'Château La Branne Médoc Cru Bourgeois, France', 1610000.0, false) ON CONFLICT (id) DO NOTHING;
INSERT INTO recipes (menu_item_id, ingredient_id, qty_net, yield_pct, recipe_uom) VALUES ('V4081', 'V4081', 1.0000, 100.00, 'BOTTLE') ON CONFLICT (menu_item_id, ingredient_id) DO NOTHING;
INSERT INTO pos_alias_map (pos_code, menu_item_id, confidence) VALUES ('V4081', 'V4081', 100.00) ON CONFLICT (pos_code) DO NOTHING;
INSERT INTO menu_items (id, name, sale_price, is_set_menu) VALUES ('V4082', 'CHÂTEAU HAUT SAINT BRICE (Merlot - Cabernet Franc) Saint-Émilion Grand Cru', 1800000.0, false) ON CONFLICT (id) DO NOTHING;
INSERT INTO recipes (menu_item_id, ingredient_id, qty_net, yield_pct, recipe_uom) VALUES ('V4082', 'V4082', 1.0000, 100.00, 'BOTTLE') ON CONFLICT (menu_item_id, ingredient_id) DO NOTHING;
INSERT INTO pos_alias_map (pos_code, menu_item_id, confidence) VALUES ('V4082', 'V4082', 100.00) ON CONFLICT (pos_code) DO NOTHING;
INSERT INTO menu_items (id, name, sale_price, is_set_menu) VALUES ('V4083', 'CHÂTEAU MONT- PÉRAT (Merlot/Cabernet Franc/Cabernet Sauvignon) Bordeaux', 1960000.0, false) ON CONFLICT (id) DO NOTHING;
INSERT INTO recipes (menu_item_id, ingredient_id, qty_net, yield_pct, recipe_uom) VALUES ('V4083', 'V4083', 1.0000, 100.00, 'BOTTLE') ON CONFLICT (menu_item_id, ingredient_id) DO NOTHING;
INSERT INTO pos_alias_map (pos_code, menu_item_id, confidence) VALUES ('V4083', 'V4083', 100.00) ON CONFLICT (pos_code) DO NOTHING;
INSERT INTO pos_alias_map (pos_code, menu_item_id, confidence) VALUES ('V4088', 'V4088', 100.00) ON CONFLICT (pos_code) DO NOTHING;
INSERT INTO menu_items (id, name, sale_price, is_set_menu) VALUES ('V4089', 'Chateau Haut Mouleyre AOP Bordeaux Rouge', 400000.0, false) ON CONFLICT (id) DO NOTHING;
INSERT INTO recipes (menu_item_id, ingredient_id, qty_net, yield_pct, recipe_uom) VALUES ('V4089', 'V4089', 1.0000, 100.00, 'BOTTLE') ON CONFLICT (menu_item_id, ingredient_id) DO NOTHING;
INSERT INTO pos_alias_map (pos_code, menu_item_id, confidence) VALUES ('V4089', 'V4089', 100.00) ON CONFLICT (pos_code) DO NOTHING;
INSERT INTO menu_items (id, name, sale_price, is_set_menu) VALUES ('V4090', 'M. Chapoutier « Les Meysonniers »Crozes-Hermitage Syrah (organic)', 2350000.0, false) ON CONFLICT (id) DO NOTHING;
INSERT INTO recipes (menu_item_id, ingredient_id, qty_net, yield_pct, recipe_uom) VALUES ('V4090', 'V4090', 1.0000, 100.00, 'BOTTLE') ON CONFLICT (menu_item_id, ingredient_id) DO NOTHING;
INSERT INTO pos_alias_map (pos_code, menu_item_id, confidence) VALUES ('V4090', 'V4090', 100.00) ON CONFLICT (pos_code) DO NOTHING;
INSERT INTO pos_alias_map (pos_code, menu_item_id, confidence) VALUES ('V4091', 'V4091', 100.00) ON CONFLICT (pos_code) DO NOTHING;
INSERT INTO menu_items (id, name, sale_price, is_set_menu) VALUES ('V4092', 'Grand Bateau Bordeaux Rouge (by Beychevelle) (Merlot · CS · AOC)', 980000.0, false) ON CONFLICT (id) DO NOTHING;
INSERT INTO recipes (menu_item_id, ingredient_id, qty_net, yield_pct, recipe_uom) VALUES ('V4092', 'V4092', 1.0000, 100.00, 'BOTTLE') ON CONFLICT (menu_item_id, ingredient_id) DO NOTHING;
INSERT INTO pos_alias_map (pos_code, menu_item_id, confidence) VALUES ('V4092', 'V4092', 100.00) ON CONFLICT (pos_code) DO NOTHING;
INSERT INTO menu_items (id, name, sale_price, is_set_menu) VALUES ('V5004', 'Les Hauts de La Gaffeliere, Bordeaux Blanc', 1090000.0, false) ON CONFLICT (id) DO NOTHING;
INSERT INTO recipes (menu_item_id, ingredient_id, qty_net, yield_pct, recipe_uom) VALUES ('V5004', 'V5004', 1.0000, 100.00, 'BOTTLE') ON CONFLICT (menu_item_id, ingredient_id) DO NOTHING;
INSERT INTO pos_alias_map (pos_code, menu_item_id, confidence) VALUES ('V5004', 'V5004', 100.00) ON CONFLICT (pos_code) DO NOTHING;
INSERT INTO recipes (menu_item_id, ingredient_id, qty_net, yield_pct, recipe_uom) VALUES ('V5008', 'V5008', 1.0000, 100.00, 'BOTTLE') ON CONFLICT (menu_item_id, ingredient_id) DO NOTHING;
INSERT INTO pos_alias_map (pos_code, menu_item_id, confidence) VALUES ('V5008', 'V5008', 100.00) ON CONFLICT (pos_code) DO NOTHING;
INSERT INTO menu_items (id, name, sale_price, is_set_menu) VALUES ('V5027', 'Chantecaille Bordeaux AOC White', 570000.0, false) ON CONFLICT (id) DO NOTHING;
INSERT INTO recipes (menu_item_id, ingredient_id, qty_net, yield_pct, recipe_uom) VALUES ('V5027', 'V5027', 1.0000, 100.00, 'BOTTLE') ON CONFLICT (menu_item_id, ingredient_id) DO NOTHING;
INSERT INTO pos_alias_map (pos_code, menu_item_id, confidence) VALUES ('V5027', 'V5027', 100.00) ON CONFLICT (pos_code) DO NOTHING;
INSERT INTO menu_items (id, name, sale_price, is_set_menu) VALUES ('V5028', 'F. Thienpont Sauvignon Blanc - White', 1060000.0, false) ON CONFLICT (id) DO NOTHING;
INSERT INTO recipes (menu_item_id, ingredient_id, qty_net, yield_pct, recipe_uom) VALUES ('V5028', 'V5028', 1.0000, 100.00, 'BOTTLE') ON CONFLICT (menu_item_id, ingredient_id) DO NOTHING;
INSERT INTO pos_alias_map (pos_code, menu_item_id, confidence) VALUES ('V5028', 'V5028', 100.00) ON CONFLICT (pos_code) DO NOTHING;
INSERT INTO menu_items (id, name, sale_price, is_set_menu) VALUES ('V5029', 'Ronan By Clinet (by Chateau Clinet, Pomerol) Bordauex Blanc - White', 1240000.0, false) ON CONFLICT (id) DO NOTHING;
INSERT INTO recipes (menu_item_id, ingredient_id, qty_net, yield_pct, recipe_uom) VALUES ('V5029', 'V5029', 1.0000, 100.00, 'BOTTLE') ON CONFLICT (menu_item_id, ingredient_id) DO NOTHING;
INSERT INTO pos_alias_map (pos_code, menu_item_id, confidence) VALUES ('V5029', 'V5029', 100.00) ON CONFLICT (pos_code) DO NOTHING;
INSERT INTO menu_items (id, name, sale_price, is_set_menu) VALUES ('V5030', 'Nicolas Thienpont, Chateau Puygueraud,  Francs Cotes de Bordeaux -White', 1980000.0, false) ON CONFLICT (id) DO NOTHING;
INSERT INTO recipes (menu_item_id, ingredient_id, qty_net, yield_pct, recipe_uom) VALUES ('V5030', 'V5030', 1.0000, 100.00, 'BOTTLE') ON CONFLICT (menu_item_id, ingredient_id) DO NOTHING;
INSERT INTO pos_alias_map (pos_code, menu_item_id, confidence) VALUES ('V5030', 'V5030', 100.00) ON CONFLICT (pos_code) DO NOTHING;
INSERT INTO menu_items (id, name, sale_price, is_set_menu) VALUES ('V5032', 'Louis Latour Chablis La Chanfleure, Chardonnay  - White', 1650000.0, false) ON CONFLICT (id) DO NOTHING;
INSERT INTO recipes (menu_item_id, ingredient_id, qty_net, yield_pct, recipe_uom) VALUES ('V5032', 'V5032', 1.0000, 100.00, 'BOTTLE') ON CONFLICT (menu_item_id, ingredient_id) DO NOTHING;
INSERT INTO pos_alias_map (pos_code, menu_item_id, confidence) VALUES ('V5032', 'V5032', 100.00) ON CONFLICT (pos_code) DO NOTHING;
INSERT INTO menu_items (id, name, sale_price, is_set_menu) VALUES ('V5033', 'Louis Latour Pouilly-Fuissé - White', 2010000.0, false) ON CONFLICT (id) DO NOTHING;
INSERT INTO recipes (menu_item_id, ingredient_id, qty_net, yield_pct, recipe_uom) VALUES ('V5033', 'V5033', 1.0000, 100.00, 'BOTTLE') ON CONFLICT (menu_item_id, ingredient_id) DO NOTHING;
INSERT INTO pos_alias_map (pos_code, menu_item_id, confidence) VALUES ('V5033', 'V5033', 100.00) ON CONFLICT (pos_code) DO NOTHING;
INSERT INTO menu_items (id, name, sale_price, is_set_menu) VALUES ('V5034', 'Dufouleur Monopole White wine Bt', 510000.0, false) ON CONFLICT (id) DO NOTHING;
INSERT INTO recipes (menu_item_id, ingredient_id, qty_net, yield_pct, recipe_uom) VALUES ('V5034', 'V5034', 1.0000, 100.00, 'BOTTLE') ON CONFLICT (menu_item_id, ingredient_id) DO NOTHING;
INSERT INTO pos_alias_map (pos_code, menu_item_id, confidence) VALUES ('V5034', 'V5034', 100.00) ON CONFLICT (pos_code) DO NOTHING;
INSERT INTO menu_items (id, name, sale_price, is_set_menu) VALUES ('V5037', 'PASCAL JOLIVET ATTITUDE (Sauvignon Blanc) Loire Valley', 1340000.0, false) ON CONFLICT (id) DO NOTHING;
INSERT INTO recipes (menu_item_id, ingredient_id, qty_net, yield_pct, recipe_uom) VALUES ('V5037', 'V5037', 1.0000, 100.00, 'BOTTLE') ON CONFLICT (menu_item_id, ingredient_id) DO NOTHING;
INSERT INTO pos_alias_map (pos_code, menu_item_id, confidence) VALUES ('V5037', 'V5037', 100.00) ON CONFLICT (pos_code) DO NOTHING;
INSERT INTO menu_items (id, name, sale_price, is_set_menu) VALUES ('V5038', 'Château Baratet, Sauvignon Blanc, France', 480000.0, false) ON CONFLICT (id) DO NOTHING;
INSERT INTO recipes (menu_item_id, ingredient_id, qty_net, yield_pct, recipe_uom) VALUES ('V5038', 'V5038', 1.0000, 100.00, 'BOTTLE') ON CONFLICT (menu_item_id, ingredient_id) DO NOTHING;
INSERT INTO pos_alias_map (pos_code, menu_item_id, confidence) VALUES ('V5038', 'V5038', 100.00) ON CONFLICT (pos_code) DO NOTHING;
INSERT INTO recipes (menu_item_id, ingredient_id, qty_net, yield_pct, recipe_uom) VALUES ('V5039', 'V5039', 1.0000, 100.00, 'BOTTLE') ON CONFLICT (menu_item_id, ingredient_id) DO NOTHING;
INSERT INTO pos_alias_map (pos_code, menu_item_id, confidence) VALUES ('V5039', 'V5039', 100.00) ON CONFLICT (pos_code) DO NOTHING;
INSERT INTO menu_items (id, name, sale_price, is_set_menu) VALUES ('V5040', 'M. Chapoutier « Belleruche » Côtes du Rhône Blanc, Grenache Blanc • Clairette', 1130000.0, false) ON CONFLICT (id) DO NOTHING;
INSERT INTO recipes (menu_item_id, ingredient_id, qty_net, yield_pct, recipe_uom) VALUES ('V5040', 'V5040', 1.0000, 100.00, 'BOTTLE') ON CONFLICT (menu_item_id, ingredient_id) DO NOTHING;
INSERT INTO pos_alias_map (pos_code, menu_item_id, confidence) VALUES ('V5040', 'V5040', 100.00) ON CONFLICT (pos_code) DO NOTHING;
INSERT INTO menu_items (id, name, sale_price, is_set_menu) VALUES ('V5041', 'Bernard Magrez « Le Prélat » Blanc Côtes du Rhône Villages Laudun', 1350000.0, false) ON CONFLICT (id) DO NOTHING;
INSERT INTO recipes (menu_item_id, ingredient_id, qty_net, yield_pct, recipe_uom) VALUES ('V5041', 'V5041', 1.0000, 100.00, 'BOTTLE') ON CONFLICT (menu_item_id, ingredient_id) DO NOTHING;
INSERT INTO pos_alias_map (pos_code, menu_item_id, confidence) VALUES ('V5041', 'V5041', 100.00) ON CONFLICT (pos_code) DO NOTHING;
INSERT INTO menu_items (id, name, sale_price, is_set_menu) VALUES ('V5042', 'M.Chapoutier Domaine des Granges de Mirabel', 1510000.0, false) ON CONFLICT (id) DO NOTHING;
INSERT INTO recipes (menu_item_id, ingredient_id, qty_net, yield_pct, recipe_uom) VALUES ('V5042', 'V5042', 1.0000, 100.00, 'BOTTLE') ON CONFLICT (menu_item_id, ingredient_id) DO NOTHING;
INSERT INTO pos_alias_map (pos_code, menu_item_id, confidence) VALUES ('V5042', 'V5042', 100.00) ON CONFLICT (pos_code) DO NOTHING;
INSERT INTO menu_items (id, name, sale_price, is_set_menu) VALUES ('V5043', 'Gustave Lorentz Gewurztraminer', 1960000.0, false) ON CONFLICT (id) DO NOTHING;
INSERT INTO recipes (menu_item_id, ingredient_id, qty_net, yield_pct, recipe_uom) VALUES ('V5043', 'V5043', 1.0000, 100.00, 'BOTTLE') ON CONFLICT (menu_item_id, ingredient_id) DO NOTHING;
INSERT INTO pos_alias_map (pos_code, menu_item_id, confidence) VALUES ('V5043', 'V5043', 100.00) ON CONFLICT (pos_code) DO NOTHING;
INSERT INTO menu_items (id, name, sale_price, is_set_menu) VALUES ('V6026', 'Marques Casa Cabernet Sauvignon Chile', 1290000.0, false) ON CONFLICT (id) DO NOTHING;
INSERT INTO recipes (menu_item_id, ingredient_id, qty_net, yield_pct, recipe_uom) VALUES ('V6026', 'V6026', 1.0000, 100.00, 'BOTTLE') ON CONFLICT (menu_item_id, ingredient_id) DO NOTHING;
INSERT INTO pos_alias_map (pos_code, menu_item_id, confidence) VALUES ('V6026', 'V6026', 100.00) ON CONFLICT (pos_code) DO NOTHING;
INSERT INTO menu_items (id, name, sale_price, is_set_menu) VALUES ('V60261', 'Concha Y Toro, Marques de Casa Concha Chardonnay, Limari Valley - White Chile', 1610000.0, false) ON CONFLICT (id) DO NOTHING;
INSERT INTO recipes (menu_item_id, ingredient_id, qty_net, yield_pct, recipe_uom) VALUES ('V60261', 'V60261', 1.0000, 100.00, 'BOTTLE') ON CONFLICT (menu_item_id, ingredient_id) DO NOTHING;
INSERT INTO pos_alias_map (pos_code, menu_item_id, confidence) VALUES ('V60261', 'V60261', 100.00) ON CONFLICT (pos_code) DO NOTHING;
INSERT INTO pos_alias_map (pos_code, menu_item_id, confidence) VALUES ('V6027', 'V6027', 100.00) ON CONFLICT (pos_code) DO NOTHING;
INSERT INTO pos_alias_map (pos_code, menu_item_id, confidence) VALUES ('V6034', 'V6034', 100.00) ON CONFLICT (pos_code) DO NOTHING;
INSERT INTO menu_items (id, name, sale_price, is_set_menu) VALUES ('V6035', 'Frontera Sauvignon Blanc 75cl (White)', 490000.0, false) ON CONFLICT (id) DO NOTHING;
INSERT INTO recipes (menu_item_id, ingredient_id, qty_net, yield_pct, recipe_uom) VALUES ('V6035', 'V6035', 1.0000, 100.00, 'BOTTLE') ON CONFLICT (menu_item_id, ingredient_id) DO NOTHING;
INSERT INTO pos_alias_map (pos_code, menu_item_id, confidence) VALUES ('V6035', 'V6035', 100.00) ON CONFLICT (pos_code) DO NOTHING;
INSERT INTO menu_items (id, name, sale_price, is_set_menu) VALUES ('V6049', 'Luis Felipe Red Wine Bottle', 490000.0, false) ON CONFLICT (id) DO NOTHING;
INSERT INTO recipes (menu_item_id, ingredient_id, qty_net, yield_pct, recipe_uom) VALUES ('V6049', 'V6049', 1.0000, 100.00, 'BOTTLE') ON CONFLICT (menu_item_id, ingredient_id) DO NOTHING;
INSERT INTO pos_alias_map (pos_code, menu_item_id, confidence) VALUES ('V6049', 'V6049', 100.00) ON CONFLICT (pos_code) DO NOTHING;
INSERT INTO menu_items (id, name, sale_price, is_set_menu) VALUES ('V6053', 'MIGUEL TORRES, LAS MULAS ORGANIC (Cabernet Sauvignon) Central Valley', 980000.0, false) ON CONFLICT (id) DO NOTHING;
INSERT INTO recipes (menu_item_id, ingredient_id, qty_net, yield_pct, recipe_uom) VALUES ('V6053', 'V6053', 1.0000, 100.00, 'BOTTLE') ON CONFLICT (menu_item_id, ingredient_id) DO NOTHING;
INSERT INTO pos_alias_map (pos_code, menu_item_id, confidence) VALUES ('V6053', 'V6053', 100.00) ON CONFLICT (pos_code) DO NOTHING;
INSERT INTO menu_items (id, name, sale_price, is_set_menu) VALUES ('V6054', 'MIGUEL TORRES, ANDICA RESERVA (Gewurztraminer) Curico Valley', 1120000.0, false) ON CONFLICT (id) DO NOTHING;
INSERT INTO recipes (menu_item_id, ingredient_id, qty_net, yield_pct, recipe_uom) VALUES ('V6054', 'V6054', 1.0000, 100.00, 'BOTTLE') ON CONFLICT (menu_item_id, ingredient_id) DO NOTHING;
INSERT INTO pos_alias_map (pos_code, menu_item_id, confidence) VALUES ('V6054', 'V6054', 100.00) ON CONFLICT (pos_code) DO NOTHING;
INSERT INTO pos_alias_map (pos_code, menu_item_id, confidence) VALUES ('V6056', 'V6056', 100.00) ON CONFLICT (pos_code) DO NOTHING;
INSERT INTO menu_items (id, name, sale_price, is_set_menu) VALUES ('V6057', 'Karku Cabernet Sauvignon ( Red )', 550000.0, false) ON CONFLICT (id) DO NOTHING;
INSERT INTO recipes (menu_item_id, ingredient_id, qty_net, yield_pct, recipe_uom) VALUES ('V6057', 'V6057', 1.0000, 100.00, 'BOTTLE') ON CONFLICT (menu_item_id, ingredient_id) DO NOTHING;
INSERT INTO pos_alias_map (pos_code, menu_item_id, confidence) VALUES ('V6057', 'V6057', 100.00) ON CONFLICT (pos_code) DO NOTHING;
INSERT INTO menu_items (id, name, sale_price, is_set_menu) VALUES ('V6058', 'Karku Sauvignon Blanc- Chile ( White )', 550000.0, false) ON CONFLICT (id) DO NOTHING;
INSERT INTO recipes (menu_item_id, ingredient_id, qty_net, yield_pct, recipe_uom) VALUES ('V6058', 'V6058', 1.0000, 100.00, 'BOTTLE') ON CONFLICT (menu_item_id, ingredient_id) DO NOTHING;
INSERT INTO pos_alias_map (pos_code, menu_item_id, confidence) VALUES ('V6058', 'V6058', 100.00) ON CONFLICT (pos_code) DO NOTHING;
INSERT INTO pos_alias_map (pos_code, menu_item_id, confidence) VALUES ('V6059', 'V6059', 100.00) ON CONFLICT (pos_code) DO NOTHING;
INSERT INTO menu_items (id, name, sale_price, is_set_menu) VALUES ('V6060', 'Cremaschi Furlotti Chardonnay (Valle Central DO — Chile)', 520000.0, false) ON CONFLICT (id) DO NOTHING;
INSERT INTO recipes (menu_item_id, ingredient_id, qty_net, yield_pct, recipe_uom) VALUES ('V6060', 'V6060', 1.0000, 100.00, 'BOTTLE') ON CONFLICT (menu_item_id, ingredient_id) DO NOTHING;
INSERT INTO pos_alias_map (pos_code, menu_item_id, confidence) VALUES ('V6060', 'V6060', 100.00) ON CONFLICT (pos_code) DO NOTHING;
INSERT INTO menu_items (id, name, sale_price, is_set_menu) VALUES ('V6061', 'Cremaschi Furlotti Sauvignon Blanc (Valle Central DO — Chile)', 520000.0, false) ON CONFLICT (id) DO NOTHING;
INSERT INTO recipes (menu_item_id, ingredient_id, qty_net, yield_pct, recipe_uom) VALUES ('V6061', 'V6061', 1.0000, 100.00, 'BOTTLE') ON CONFLICT (menu_item_id, ingredient_id) DO NOTHING;
INSERT INTO pos_alias_map (pos_code, menu_item_id, confidence) VALUES ('V6061', 'V6061', 100.00) ON CONFLICT (pos_code) DO NOTHING;
INSERT INTO menu_items (id, name, sale_price, is_set_menu) VALUES ('V6062', 'Cremaschi Furlotti Cabernet Sauvignon (Valle Central DO — Chile)', 520000.0, false) ON CONFLICT (id) DO NOTHING;
INSERT INTO recipes (menu_item_id, ingredient_id, qty_net, yield_pct, recipe_uom) VALUES ('V6062', 'V6062', 1.0000, 100.00, 'BOTTLE') ON CONFLICT (menu_item_id, ingredient_id) DO NOTHING;
INSERT INTO pos_alias_map (pos_code, menu_item_id, confidence) VALUES ('V6062', 'V6062', 100.00) ON CONFLICT (pos_code) DO NOTHING;
INSERT INTO menu_items (id, name, sale_price, is_set_menu) VALUES ('V6063', 'Montes Alpha Cabernet Sauvignon - Red', 1600000.0, false) ON CONFLICT (id) DO NOTHING;
INSERT INTO recipes (menu_item_id, ingredient_id, qty_net, yield_pct, recipe_uom) VALUES ('V6063', 'V6063', 1.0000, 100.00, 'BOTTLE') ON CONFLICT (menu_item_id, ingredient_id) DO NOTHING;
INSERT INTO pos_alias_map (pos_code, menu_item_id, confidence) VALUES ('V6063', 'V6063', 100.00) ON CONFLICT (pos_code) DO NOTHING;
INSERT INTO menu_items (id, name, sale_price, is_set_menu) VALUES ('V7012', 'F Negroamaro San Marzano Italy Red WIne', 2220000.0, false) ON CONFLICT (id) DO NOTHING;
INSERT INTO recipes (menu_item_id, ingredient_id, qty_net, yield_pct, recipe_uom) VALUES ('V7012', 'V7012', 1.0000, 100.00, 'BOTTLE') ON CONFLICT (menu_item_id, ingredient_id) DO NOTHING;
INSERT INTO pos_alias_map (pos_code, menu_item_id, confidence) VALUES ('V7012', 'V7012', 100.00) ON CONFLICT (pos_code) DO NOTHING;
INSERT INTO menu_items (id, name, sale_price, is_set_menu) VALUES ('V7015', 'Caselletti  Negroamaro Primitivo - Red', 950000.0, false) ON CONFLICT (id) DO NOTHING;
INSERT INTO recipes (menu_item_id, ingredient_id, qty_net, yield_pct, recipe_uom) VALUES ('V7015', 'V7015', 1.0000, 100.00, 'BOTTLE') ON CONFLICT (menu_item_id, ingredient_id) DO NOTHING;
INSERT INTO pos_alias_map (pos_code, menu_item_id, confidence) VALUES ('V7015', 'V7015', 100.00) ON CONFLICT (pos_code) DO NOTHING;
INSERT INTO menu_items (id, name, sale_price, is_set_menu) VALUES ('V7016', 'Talò Primitivo di Manduria « San Marzano »', 1130000.0, false) ON CONFLICT (id) DO NOTHING;
INSERT INTO recipes (menu_item_id, ingredient_id, qty_net, yield_pct, recipe_uom) VALUES ('V7016', 'V7016', 1.0000, 100.00, 'BOTTLE') ON CONFLICT (menu_item_id, ingredient_id) DO NOTHING;
INSERT INTO pos_alias_map (pos_code, menu_item_id, confidence) VALUES ('V7016', 'V7016', 100.00) ON CONFLICT (pos_code) DO NOTHING;
INSERT INTO menu_items (id, name, sale_price, is_set_menu) VALUES ('V8003', 'LE BONHEUR (Cabernet Sauvignon) Stellenbosch', 1480000.0, false) ON CONFLICT (id) DO NOTHING;
INSERT INTO recipes (menu_item_id, ingredient_id, qty_net, yield_pct, recipe_uom) VALUES ('V8003', 'V8003', 1.0000, 100.00, 'BOTTLE') ON CONFLICT (menu_item_id, ingredient_id) DO NOTHING;
INSERT INTO pos_alias_map (pos_code, menu_item_id, confidence) VALUES ('V8003', 'V8003', 100.00) ON CONFLICT (pos_code) DO NOTHING;
INSERT INTO menu_items (id, name, sale_price, is_set_menu) VALUES ('V8004', 'LE BONHEUR, THE EAGLE''S LAIR (Chardonnay) Stellenbosch', 1280000.0, false) ON CONFLICT (id) DO NOTHING;
INSERT INTO recipes (menu_item_id, ingredient_id, qty_net, yield_pct, recipe_uom) VALUES ('V8004', 'V8004', 1.0000, 100.00, 'BOTTLE') ON CONFLICT (menu_item_id, ingredient_id) DO NOTHING;
INSERT INTO pos_alias_map (pos_code, menu_item_id, confidence) VALUES ('V8004', 'V8004', 100.00) ON CONFLICT (pos_code) DO NOTHING;
INSERT INTO menu_items (id, name, sale_price, is_set_menu) VALUES ('V9004', 'Kaiken Estate Sauvignon Blanc–Sémillon', 960000.0, false) ON CONFLICT (id) DO NOTHING;
INSERT INTO recipes (menu_item_id, ingredient_id, qty_net, yield_pct, recipe_uom) VALUES ('V9004', 'V9004', 1.0000, 100.00, 'BOTTLE') ON CONFLICT (menu_item_id, ingredient_id) DO NOTHING;
INSERT INTO pos_alias_map (pos_code, menu_item_id, confidence) VALUES ('V9004', 'V9004', 100.00) ON CONFLICT (pos_code) DO NOTHING;
INSERT INTO menu_items (id, name, sale_price, is_set_menu) VALUES ('V9005', 'Kaiken Estate Malbec, Argentina', 960000.0, false) ON CONFLICT (id) DO NOTHING;
INSERT INTO recipes (menu_item_id, ingredient_id, qty_net, yield_pct, recipe_uom) VALUES ('V9005', 'V9005', 1.0000, 100.00, 'BOTTLE') ON CONFLICT (menu_item_id, ingredient_id) DO NOTHING;
INSERT INTO pos_alias_map (pos_code, menu_item_id, confidence) VALUES ('V9005', 'V9005', 100.00) ON CONFLICT (pos_code) DO NOTHING;
INSERT INTO menu_items (id, name, sale_price, is_set_menu) VALUES ('V9006', 'Kaiken « Ultra » Malbec (Malbec · Uco Valley, Mendoza — Argentina)', 1600000.0, false) ON CONFLICT (id) DO NOTHING;
INSERT INTO recipes (menu_item_id, ingredient_id, qty_net, yield_pct, recipe_uom) VALUES ('V9006', 'V9006', 1.0000, 100.00, 'BOTTLE') ON CONFLICT (menu_item_id, ingredient_id) DO NOTHING;
INSERT INTO pos_alias_map (pos_code, menu_item_id, confidence) VALUES ('V9006', 'V9006', 100.00) ON CONFLICT (pos_code) DO NOTHING;
INSERT INTO ingredient_departments (ingredient_id, department, usage_context, is_primary) VALUES ('V9006', 'BAR', 'BEVERAGE', true) ON CONFLICT (ingredient_id, department) DO NOTHING;
INSERT INTO menu_items (id, name, sale_price, is_set_menu) VALUES ('V9106', 'Barramundi, Shiraz - Australia', 620000.0, false) ON CONFLICT (id) DO NOTHING;
INSERT INTO recipes (menu_item_id, ingredient_id, qty_net, yield_pct, recipe_uom) VALUES ('V9106', 'V9106', 1.0000, 100.00, 'BOTTLE') ON CONFLICT (menu_item_id, ingredient_id) DO NOTHING;
INSERT INTO pos_alias_map (pos_code, menu_item_id, confidence) VALUES ('V9106', 'V9106', 100.00) ON CONFLICT (pos_code) DO NOTHING;
INSERT INTO menu_items (id, name, sale_price, is_set_menu) VALUES ('V9201', 'Private Bin Sauvignon Blanc, Villa Maria (White)', 1190000.0, false) ON CONFLICT (id) DO NOTHING;
INSERT INTO recipes (menu_item_id, ingredient_id, qty_net, yield_pct, recipe_uom) VALUES ('V9201', 'V9201', 1.0000, 100.00, 'BOTTLE') ON CONFLICT (menu_item_id, ingredient_id) DO NOTHING;
INSERT INTO pos_alias_map (pos_code, menu_item_id, confidence) VALUES ('V9201', 'V9201', 100.00) ON CONFLICT (pos_code) DO NOTHING;
INSERT INTO menu_items (id, name, sale_price, is_set_menu) VALUES ('V9202', 'Private Bin Cabernet Merlot, Villa Maria (Red)', 1190000.0, false) ON CONFLICT (id) DO NOTHING;
INSERT INTO recipes (menu_item_id, ingredient_id, qty_net, yield_pct, recipe_uom) VALUES ('V9202', 'V9202', 1.0000, 100.00, 'BOTTLE') ON CONFLICT (menu_item_id, ingredient_id) DO NOTHING;
INSERT INTO pos_alias_map (pos_code, menu_item_id, confidence) VALUES ('V9202', 'V9202', 100.00) ON CONFLICT (pos_code) DO NOTHING;
INSERT INTO recipes (menu_item_id, ingredient_id, qty_net, yield_pct, recipe_uom) VALUES ('V9203', 'V9203', 1.0000, 100.00, 'BOTTLE') ON CONFLICT (menu_item_id, ingredient_id) DO NOTHING;
INSERT INTO pos_alias_map (pos_code, menu_item_id, confidence) VALUES ('V9203', 'V9203', 100.00) ON CONFLICT (pos_code) DO NOTHING;
INSERT INTO menu_items (id, name, sale_price, is_set_menu) VALUES ('V9204', 'Allan Scott Sauvignon Blanc(Marlborough GI — New Zealand)', 990000.0, false) ON CONFLICT (id) DO NOTHING;
INSERT INTO recipes (menu_item_id, ingredient_id, qty_net, yield_pct, recipe_uom) VALUES ('V9204', 'V9204', 1.0000, 100.00, 'BOTTLE') ON CONFLICT (menu_item_id, ingredient_id) DO NOTHING;
INSERT INTO pos_alias_map (pos_code, menu_item_id, confidence) VALUES ('V9204', 'V9204', 100.00) ON CONFLICT (pos_code) DO NOTHING;
INSERT INTO menu_items (id, name, sale_price, is_set_menu) VALUES ('V9301', 'Torrès Sangre de Toro White (Parellada) (White)', 890000.0, false) ON CONFLICT (id) DO NOTHING;
INSERT INTO recipes (menu_item_id, ingredient_id, qty_net, yield_pct, recipe_uom) VALUES ('V9301', 'V9301', 1.0000, 100.00, 'BOTTLE') ON CONFLICT (menu_item_id, ingredient_id) DO NOTHING;
INSERT INTO pos_alias_map (pos_code, menu_item_id, confidence) VALUES ('V9301', 'V9301', 100.00) ON CONFLICT (pos_code) DO NOTHING;
INSERT INTO menu_items (id, name, sale_price, is_set_menu) VALUES ('V9302', 'Torrès, Sangre de Toro (Grenáche) (Red)', 890000.0, false) ON CONFLICT (id) DO NOTHING;
INSERT INTO recipes (menu_item_id, ingredient_id, qty_net, yield_pct, recipe_uom) VALUES ('V9302', 'V9302', 1.0000, 100.00, 'BOTTLE') ON CONFLICT (menu_item_id, ingredient_id) DO NOTHING;
INSERT INTO pos_alias_map (pos_code, menu_item_id, confidence) VALUES ('V9302', 'V9302', 100.00) ON CONFLICT (pos_code) DO NOTHING;
INSERT INTO menu_items (id, name, sale_price, is_set_menu) VALUES ('V9304', 'Marqués de Cáceres Crianza, Spain', 1190000.0, false) ON CONFLICT (id) DO NOTHING;
INSERT INTO recipes (menu_item_id, ingredient_id, qty_net, yield_pct, recipe_uom) VALUES ('V9304', 'V9304', 1.0000, 100.00, 'BOTTLE') ON CONFLICT (menu_item_id, ingredient_id) DO NOTHING;
INSERT INTO pos_alias_map (pos_code, menu_item_id, confidence) VALUES ('V9304', 'V9304', 100.00) ON CONFLICT (pos_code) DO NOTHING;
INSERT INTO menu_items (id, name, sale_price, is_set_menu) VALUES ('V9402', 'Villa Garrel Rosé, France', 780000.0, false) ON CONFLICT (id) DO NOTHING;
INSERT INTO recipes (menu_item_id, ingredient_id, qty_net, yield_pct, recipe_uom) VALUES ('V9402', 'V9402', 1.0000, 100.00, 'BOTTLE') ON CONFLICT (menu_item_id, ingredient_id) DO NOTHING;
INSERT INTO pos_alias_map (pos_code, menu_item_id, confidence) VALUES ('V9402', 'V9402', 100.00) ON CONFLICT (pos_code) DO NOTHING;
INSERT INTO menu_items (id, name, sale_price, is_set_menu) VALUES ('V9408', 'Bosio Moscato Rose Spumante Aromatico Dolce 7.5%', 800000.0, false) ON CONFLICT (id) DO NOTHING;
INSERT INTO recipes (menu_item_id, ingredient_id, qty_net, yield_pct, recipe_uom) VALUES ('V9408', 'V9408', 1.0000, 100.00, 'BOTTLE') ON CONFLICT (menu_item_id, ingredient_id) DO NOTHING;
INSERT INTO pos_alias_map (pos_code, menu_item_id, confidence) VALUES ('V9408', 'V9408', 100.00) ON CONFLICT (pos_code) DO NOTHING;
INSERT INTO pos_alias_map (pos_code, menu_item_id, confidence) VALUES ('V9410', 'V9410', 100.00) ON CONFLICT (pos_code) DO NOTHING;
INSERT INTO menu_items (id, name, sale_price, is_set_menu) VALUES ('V9411', 'Gérard Bertrand « Gris Blanc » IGP, France', 980000.0, false) ON CONFLICT (id) DO NOTHING;
INSERT INTO recipes (menu_item_id, ingredient_id, qty_net, yield_pct, recipe_uom) VALUES ('V9411', 'V9411', 1.0000, 100.00, 'BOTTLE') ON CONFLICT (menu_item_id, ingredient_id) DO NOTHING;
INSERT INTO pos_alias_map (pos_code, menu_item_id, confidence) VALUES ('V9411', 'V9411', 100.00) ON CONFLICT (pos_code) DO NOTHING;
INSERT INTO menu_items (id, name, sale_price, is_set_menu) VALUES ('V9412', 'Croix de Peyrassol Rosé IGP, France', 1090000.0, false) ON CONFLICT (id) DO NOTHING;
INSERT INTO recipes (menu_item_id, ingredient_id, qty_net, yield_pct, recipe_uom) VALUES ('V9412', 'V9412', 1.0000, 100.00, 'BOTTLE') ON CONFLICT (menu_item_id, ingredient_id) DO NOTHING;
INSERT INTO pos_alias_map (pos_code, menu_item_id, confidence) VALUES ('V9412', 'V9412', 100.00) ON CONFLICT (pos_code) DO NOTHING;
INSERT INTO pos_alias_map (pos_code, menu_item_id, confidence) VALUES ('V9501', 'V9501', 100.00) ON CONFLICT (pos_code) DO NOTHING;
INSERT INTO pos_alias_map (pos_code, menu_item_id, confidence) VALUES ('V9502', 'V9502', 100.00) ON CONFLICT (pos_code) DO NOTHING;
INSERT INTO menu_items (id, name, sale_price, is_set_menu) VALUES ('V9504', 'Chateau Dalat Special Cabernet Sauvignon 750ml', 650000.0, false) ON CONFLICT (id) DO NOTHING;
INSERT INTO recipes (menu_item_id, ingredient_id, qty_net, yield_pct, recipe_uom) VALUES ('V9504', 'V9504', 1.0000, 100.00, 'BOTTLE') ON CONFLICT (menu_item_id, ingredient_id) DO NOTHING;
INSERT INTO pos_alias_map (pos_code, menu_item_id, confidence) VALUES ('V9504', 'V9504', 100.00) ON CONFLICT (pos_code) DO NOTHING;
INSERT INTO menu_items (id, name, sale_price, is_set_menu) VALUES ('V9508', 'Chateau Dalat Special Sauvignon Blanc 750ml', 450000.0, false) ON CONFLICT (id) DO NOTHING;
INSERT INTO recipes (menu_item_id, ingredient_id, qty_net, yield_pct, recipe_uom) VALUES ('V9508', 'V9508', 1.0000, 100.00, 'BOTTLE') ON CONFLICT (menu_item_id, ingredient_id) DO NOTHING;
INSERT INTO pos_alias_map (pos_code, menu_item_id, confidence) VALUES ('V9508', 'V9508', 100.00) ON CONFLICT (pos_code) DO NOTHING;
