-- Seed file for ingredients and recipes

INSERT INTO categories (id, name, type, department) VALUES ('f09a1423-afa4-5fe6-99f6-789561f23c83', 'Stock', 'ingredient', 'BEP') ON CONFLICT DO NOTHING;
INSERT INTO categories (id, name, type, department) VALUES ('7f22ca72-c04e-5a95-a1b9-64c4e573cb76', 'Meat', 'ingredient', 'BEP') ON CONFLICT DO NOTHING;
INSERT INTO categories (id, name, type, department) VALUES ('5fbe46c0-78c8-5e66-ae7e-5f78ebb2b1af', 'Fruit', 'ingredient', 'BEP') ON CONFLICT DO NOTHING;
INSERT INTO categories (id, name, type, department) VALUES ('30c427bf-d412-516b-b5dc-7022fe29971a', 'Seafood', 'ingredient', 'BEP') ON CONFLICT DO NOTHING;
INSERT INTO categories (id, name, type, department) VALUES ('b0f0e57e-464d-562f-80ec-b216c92d5e88', 'Grain', 'ingredient', 'BEP') ON CONFLICT DO NOTHING;
INSERT INTO categories (id, name, type, department) VALUES ('5b0ee48b-8e19-5d8f-853a-4056cefff5e5', 'Alcohol', 'ingredient', 'BEP') ON CONFLICT DO NOTHING;
INSERT INTO categories (id, name, type, department) VALUES ('bf200869-b2aa-5a0e-a314-0e8521a1a74d', 'Pastry', 'ingredient', 'BEP') ON CONFLICT DO NOTHING;
INSERT INTO categories (id, name, type, department) VALUES ('e6425b0c-c723-5aab-a812-986210aba984', 'Condiment', 'ingredient', 'BEP') ON CONFLICT DO NOTHING;
INSERT INTO categories (id, name, type, department) VALUES ('2cca3ed1-29e5-51f3-be0a-3037c3e177fd', 'Dairy', 'ingredient', 'BEP') ON CONFLICT DO NOTHING;
INSERT INTO categories (id, name, type, department) VALUES ('efd070f6-3ca8-53a7-ad6a-4a7a25a8837d', 'Vegetable', 'ingredient', 'BEP') ON CONFLICT DO NOTHING;
INSERT INTO categories (id, name, type, department) VALUES ('cfcfda7d-dc94-5c3c-a4ec-ef8e14482480', 'Pulse', 'ingredient', 'BEP') ON CONFLICT DO NOTHING;
INSERT INTO categories (id, name, type, department) VALUES ('1e30501d-5b66-5465-a06c-11fc3ef2d6c8', 'Herb', 'ingredient', 'BEP') ON CONFLICT DO NOTHING;

-- Seed Ingredients
INSERT INTO ingredients (id, nom_fr, ten_vi, name_en, unit, unit_price, yield_rate, category_id) VALUES ('ING-001', 'Thon rouge sashimi-grade', 'Cá ngừ fillet tươi', 'Tuna sashimi-grade', 'kg', 580000.0, 85.0, '30c427bf-d412-516b-b5dc-7022fe29971a') ON CONFLICT (id) DO UPDATE SET unit_price = EXCLUDED.unit_price, yield_rate = EXCLUDED.yield_rate;
INSERT INTO ingredients (id, nom_fr, ten_vi, name_en, unit, unit_price, yield_rate, category_id) VALUES ('ING-002', 'Saint-Jacques', 'Sò điệp Nhật 60-70g', 'Scallops Hokkaido', 'kg', 950000.0, 85.0, '30c427bf-d412-516b-b5dc-7022fe29971a') ON CONFLICT (id) DO UPDATE SET unit_price = EXCLUDED.unit_price, yield_rate = EXCLUDED.yield_rate;
INSERT INTO ingredients (id, nom_fr, ten_vi, name_en, unit, unit_price, yield_rate, category_id) VALUES ('ING-003', 'Cabillaud noir d''Alaska', 'Cá tuyết đen đông lạnh', 'Black cod Alaska', 'kg', 1400000.0, 80.0, '30c427bf-d412-516b-b5dc-7022fe29971a') ON CONFLICT (id) DO UPDATE SET unit_price = EXCLUDED.unit_price, yield_rate = EXCLUDED.yield_rate;
INSERT INTO ingredients (id, nom_fr, ten_vi, name_en, unit, unit_price, yield_rate, category_id) VALUES ('ING-004', 'Bar du Vietnam (fillet)', 'Cá vược file tươi', 'Vietnamese seabass', 'kg', 300000.0, 80.0, '30c427bf-d412-516b-b5dc-7022fe29971a') ON CONFLICT (id) DO UPDATE SET unit_price = EXCLUDED.unit_price, yield_rate = EXCLUDED.yield_rate;
INSERT INTO ingredients (id, nom_fr, ten_vi, name_en, unit, unit_price, yield_rate, category_id) VALUES ('ING-005', 'Langoustine (Local)', 'Tôm hùm baby Local', 'Langoustine Local', 'kg', 750000.0, 50.0, '30c427bf-d412-516b-b5dc-7022fe29971a') ON CONFLICT (id) DO UPDATE SET unit_price = EXCLUDED.unit_price, yield_rate = EXCLUDED.yield_rate;
INSERT INTO ingredients (id, nom_fr, ten_vi, name_en, unit, unit_price, yield_rate, category_id) VALUES ('ING-006', 'Crevettes de Nha Trang', 'Tôm bạc Nha Trang', 'Nha Trang shrimp', 'kg', 300000.0, 55.00000000000001, '30c427bf-d412-516b-b5dc-7022fe29971a') ON CONFLICT (id) DO UPDATE SET unit_price = EXCLUDED.unit_price, yield_rate = EXCLUDED.yield_rate;
INSERT INTO ingredients (id, nom_fr, ten_vi, name_en, unit, unit_price, yield_rate, category_id) VALUES ('ING-007', 'Saumon de Norvège', 'Cá hồi Na Uy', 'Norwegian salmon', 'kg', 535000.0, 70.0, '30c427bf-d412-516b-b5dc-7022fe29971a') ON CONFLICT (id) DO UPDATE SET unit_price = EXCLUDED.unit_price, yield_rate = EXCLUDED.yield_rate;
INSERT INTO ingredients (id, nom_fr, ten_vi, name_en, unit, unit_price, yield_rate, category_id) VALUES ('ING-008', 'Crabe de Cà Mau  (Local)', 'Cua Cà Mau', 'Cà Mau mud crab', 'kg', 950000.0, 70.0, '30c427bf-d412-516b-b5dc-7022fe29971a') ON CONFLICT (id) DO UPDATE SET unit_price = EXCLUDED.unit_price, yield_rate = EXCLUDED.yield_rate;
INSERT INTO ingredients (id, nom_fr, ten_vi, name_en, unit, unit_price, yield_rate, category_id) VALUES ('ING-009', 'Caviar (box 30g)', 'Trứng cá muối caviar', 'Caviar', 'gram', 6167.0, 100.0, '30c427bf-d412-516b-b5dc-7022fe29971a') ON CONFLICT (id) DO UPDATE SET unit_price = EXCLUDED.unit_price, yield_rate = EXCLUDED.yield_rate;
INSERT INTO ingredients (id, nom_fr, ten_vi, name_en, unit, unit_price, yield_rate, category_id) VALUES ('ING-010', 'Bœuf Wagyu MBS 6-7', 'Bò Wagyu MBS 6-7', 'Wagyu MBS 6-7', 'kg', 2350000.0, 85.0, '7f22ca72-c04e-5a95-a1b9-64c4e573cb76') ON CONFLICT (id) DO UPDATE SET unit_price = EXCLUDED.unit_price, yield_rate = EXCLUDED.yield_rate;
INSERT INTO ingredients (id, nom_fr, ten_vi, name_en, unit, unit_price, yield_rate, category_id) VALUES ('ING-011', 'Buffle du Vietnam', 'Trâu Việt Nam', 'VN buffalo', 'kg', 350000.0, 75.0, '7f22ca72-c04e-5a95-a1b9-64c4e573cb76') ON CONFLICT (id) DO UPDATE SET unit_price = EXCLUDED.unit_price, yield_rate = EXCLUDED.yield_rate;
INSERT INTO ingredients (id, nom_fr, ten_vi, name_en, unit, unit_price, yield_rate, category_id) VALUES ('ING-012', 'Magret de canard VN', 'Lườn vịt VN', 'VN duck breast', 'kg', 250000.0, 85.0, '7f22ca72-c04e-5a95-a1b9-64c4e573cb76') ON CONFLICT (id) DO UPDATE SET unit_price = EXCLUDED.unit_price, yield_rate = EXCLUDED.yield_rate;
INSERT INTO ingredients (id, nom_fr, ten_vi, name_en, unit, unit_price, yield_rate, category_id) VALUES ('ING-013', 'Carré d''agneau NZ', 'Sườn cừu NZ', 'NZ lamb rack', 'kg', 1417500.0, 90.0, '7f22ca72-c04e-5a95-a1b9-64c4e573cb76') ON CONFLICT (id) DO UPDATE SET unit_price = EXCLUDED.unit_price, yield_rate = EXCLUDED.yield_rate;
INSERT INTO ingredients (id, nom_fr, ten_vi, name_en, unit, unit_price, yield_rate, category_id) VALUES ('ING-014', 'Foie gras de canard (slice)', 'Gan ngỗng slice', 'Duck foie gras slice', 'kg', 1778000.0, 90.0, '7f22ca72-c04e-5a95-a1b9-64c4e573cb76') ON CONFLICT (id) DO UPDATE SET unit_price = EXCLUDED.unit_price, yield_rate = EXCLUDED.yield_rate;
INSERT INTO ingredients (id, nom_fr, ten_vi, name_en, unit, unit_price, yield_rate, category_id) VALUES ('ING-014B', 'Foie gras entier (whole)', 'Gan ngỗng nguyên buồng', 'Foie gras whole lobe', 'kg', 1245000.0, 85.0, '7f22ca72-c04e-5a95-a1b9-64c4e573cb76') ON CONFLICT (id) DO UPDATE SET unit_price = EXCLUDED.unit_price, yield_rate = EXCLUDED.yield_rate;
INSERT INTO ingredients (id, nom_fr, ten_vi, name_en, unit, unit_price, yield_rate, category_id) VALUES ('ING-015', 'Volaille fermière', 'Gà nuôi thả', 'Free-range chicken', 'kg', 120000.0, 65.0, '7f22ca72-c04e-5a95-a1b9-64c4e573cb76') ON CONFLICT (id) DO UPDATE SET unit_price = EXCLUDED.unit_price, yield_rate = EXCLUDED.yield_rate;
INSERT INTO ingredients (id, nom_fr, ten_vi, name_en, unit, unit_price, yield_rate, category_id) VALUES ('ING-016', 'Escargots de Bourgogne', 'Ốc sên Burgundy', 'Burgundy snails', 'kg', 807840.0, 95.0, '7f22ca72-c04e-5a95-a1b9-64c4e573cb76') ON CONFLICT (id) DO UPDATE SET unit_price = EXCLUDED.unit_price, yield_rate = EXCLUDED.yield_rate;
INSERT INTO ingredients (id, nom_fr, ten_vi, name_en, unit, unit_price, yield_rate, category_id) VALUES ('ING-017', 'Beurre d''Isigny AOP', 'Bơ Isigny AOP', 'Isigny butter', 'kg', 760000.0, 100.0, '2cca3ed1-29e5-51f3-be0a-3037c3e177fd') ON CONFLICT (id) DO UPDATE SET unit_price = EXCLUDED.unit_price, yield_rate = EXCLUDED.yield_rate;
INSERT INTO ingredients (id, nom_fr, ten_vi, name_en, unit, unit_price, yield_rate, category_id) VALUES ('ING-018', 'Crème fraîche d''Isigny', 'Kem chua Isigny', 'Isigny crème', 'L', 115000.0, 100.0, '2cca3ed1-29e5-51f3-be0a-3037c3e177fd') ON CONFLICT (id) DO UPDATE SET unit_price = EXCLUDED.unit_price, yield_rate = EXCLUDED.yield_rate;
INSERT INTO ingredients (id, nom_fr, ten_vi, name_en, unit, unit_price, yield_rate, category_id) VALUES ('ING-019', 'Crème liquide 35%', 'Kem tươi 35%', 'Heavy cream', 'L', 137160.0, 100.0, '2cca3ed1-29e5-51f3-be0a-3037c3e177fd') ON CONFLICT (id) DO UPDATE SET unit_price = EXCLUDED.unit_price, yield_rate = EXCLUDED.yield_rate;
INSERT INTO ingredients (id, nom_fr, ten_vi, name_en, unit, unit_price, yield_rate, category_id) VALUES ('ING-020', 'Lait entier', 'Sữa tươi nguyên kem', 'Whole milk', 'L', 38195.0, 100.0, '2cca3ed1-29e5-51f3-be0a-3037c3e177fd') ON CONFLICT (id) DO UPDATE SET unit_price = EXCLUDED.unit_price, yield_rate = EXCLUDED.yield_rate;
INSERT INTO ingredients (id, nom_fr, ten_vi, name_en, unit, unit_price, yield_rate, category_id) VALUES ('ING-021', 'Œufs fermiers', 'Trứng gà ta', 'Farm eggs', 'pc', 2600.0, 100.0, '2cca3ed1-29e5-51f3-be0a-3037c3e177fd') ON CONFLICT (id) DO UPDATE SET unit_price = EXCLUDED.unit_price, yield_rate = EXCLUDED.yield_rate;
INSERT INTO ingredients (id, nom_fr, ten_vi, name_en, unit, unit_price, yield_rate, category_id) VALUES ('ING-022', 'Mascarpone', 'Mascarpone', 'Mascarpone', 'kg', 272160.0, 100.0, '2cca3ed1-29e5-51f3-be0a-3037c3e177fd') ON CONFLICT (id) DO UPDATE SET unit_price = EXCLUDED.unit_price, yield_rate = EXCLUDED.yield_rate;
INSERT INTO ingredients (id, nom_fr, ten_vi, name_en, unit, unit_price, yield_rate, category_id) VALUES ('ING-023', 'Plateau de fromages français', 'Phô mai Pháp ủ chín', 'French cheese plate', 'kg', 1350000.0, 95.0, '2cca3ed1-29e5-51f3-be0a-3037c3e177fd') ON CONFLICT (id) DO UPDATE SET unit_price = EXCLUDED.unit_price, yield_rate = EXCLUDED.yield_rate;
INSERT INTO ingredients (id, nom_fr, ten_vi, name_en, unit, unit_price, yield_rate, category_id) VALUES ('ING-024', 'Légumes verts de Đà Lạt', 'Rau xanh Đà Lạt', 'Đà Lạt greens', 'kg', 40000.0, 75.0, 'efd070f6-3ca8-53a7-ad6a-4a7a25a8837d') ON CONFLICT (id) DO UPDATE SET unit_price = EXCLUDED.unit_price, yield_rate = EXCLUDED.yield_rate;
INSERT INTO ingredients (id, nom_fr, ten_vi, name_en, unit, unit_price, yield_rate, category_id) VALUES ('ING-025', 'Champignons de Tam Đảo', 'Nấm Tam Đảo', 'Tam Đảo mushrooms', 'kg', 350000.0, 80.0, 'efd070f6-3ca8-53a7-ad6a-4a7a25a8837d') ON CONFLICT (id) DO UPDATE SET unit_price = EXCLUDED.unit_price, yield_rate = EXCLUDED.yield_rate;
INSERT INTO ingredients (id, nom_fr, ten_vi, name_en, unit, unit_price, yield_rate, category_id) VALUES ('ING-026', 'Champignons shiitake', 'Nấm hương tươi', 'Shiitake', 'kg', 120000.0, 85.0, 'efd070f6-3ca8-53a7-ad6a-4a7a25a8837d') ON CONFLICT (id) DO UPDATE SET unit_price = EXCLUDED.unit_price, yield_rate = EXCLUDED.yield_rate;
INSERT INTO ingredients (id, nom_fr, ten_vi, name_en, unit, unit_price, yield_rate, category_id) VALUES ('ING-027', 'Cèpes séchés', 'Nấm porcini sấy', 'Dried porcini', 'kg', 2800000.0, 100.0, 'efd070f6-3ca8-53a7-ad6a-4a7a25a8837d') ON CONFLICT (id) DO UPDATE SET unit_price = EXCLUDED.unit_price, yield_rate = EXCLUDED.yield_rate;
INSERT INTO ingredients (id, nom_fr, ten_vi, name_en, unit, unit_price, yield_rate, category_id) VALUES ('ING-028', 'Artichaut Local', 'Atisô Local', 'Local artichoke', 'kg', 153200.0, 65.0, 'efd070f6-3ca8-53a7-ad6a-4a7a25a8837d') ON CONFLICT (id) DO UPDATE SET unit_price = EXCLUDED.unit_price, yield_rate = EXCLUDED.yield_rate;
INSERT INTO ingredients (id, nom_fr, ten_vi, name_en, unit, unit_price, yield_rate, category_id) VALUES ('ING-029', 'Céleri-rave', 'Củ cải tây', 'Celeriac', 'kg', 40000.0, 70.0, 'efd070f6-3ca8-53a7-ad6a-4a7a25a8837d') ON CONFLICT (id) DO UPDATE SET unit_price = EXCLUDED.unit_price, yield_rate = EXCLUDED.yield_rate;
INSERT INTO ingredients (id, nom_fr, ten_vi, name_en, unit, unit_price, yield_rate, category_id) VALUES ('ING-030', 'Betterave Chioggia', 'Củ dền Chioggia', 'Chioggia beetroot', 'kg', 60000.0, 78.0, 'efd070f6-3ca8-53a7-ad6a-4a7a25a8837d') ON CONFLICT (id) DO UPDATE SET unit_price = EXCLUDED.unit_price, yield_rate = EXCLUDED.yield_rate;
INSERT INTO ingredients (id, nom_fr, ten_vi, name_en, unit, unit_price, yield_rate, category_id) VALUES ('ING-031', 'Avocat Hass de Đà Lạt', 'Bơ Hass Đà Lạt', 'Đà Lạt avocado', 'kg', 130000.0, 65.0, 'efd070f6-3ca8-53a7-ad6a-4a7a25a8837d') ON CONFLICT (id) DO UPDATE SET unit_price = EXCLUDED.unit_price, yield_rate = EXCLUDED.yield_rate;
INSERT INTO ingredients (id, nom_fr, ten_vi, name_en, unit, unit_price, yield_rate, category_id) VALUES ('ING-032', 'Échalote française', 'Hành tím Pháp', 'French shallot', 'kg', 50000.0, 85.0, 'efd070f6-3ca8-53a7-ad6a-4a7a25a8837d') ON CONFLICT (id) DO UPDATE SET unit_price = EXCLUDED.unit_price, yield_rate = EXCLUDED.yield_rate;
INSERT INTO ingredients (id, nom_fr, ten_vi, name_en, unit, unit_price, yield_rate, category_id) VALUES ('ING-033', 'Ail noir', 'Tỏi đen', 'Black garlic', 'kg', 800000.0, 95.0, 'efd070f6-3ca8-53a7-ad6a-4a7a25a8837d') ON CONFLICT (id) DO UPDATE SET unit_price = EXCLUDED.unit_price, yield_rate = EXCLUDED.yield_rate;
INSERT INTO ingredients (id, nom_fr, ten_vi, name_en, unit, unit_price, yield_rate, category_id) VALUES ('ING-034', 'Asperges blanches', 'Măng tây trắng', 'White asparagus', 'kg', 100000.0, 55.00000000000001, 'efd070f6-3ca8-53a7-ad6a-4a7a25a8837d') ON CONFLICT (id) DO UPDATE SET unit_price = EXCLUDED.unit_price, yield_rate = EXCLUDED.yield_rate;
INSERT INTO ingredients (id, nom_fr, ten_vi, name_en, unit, unit_price, yield_rate, category_id) VALUES ('ING-035', 'Pois gourmands', 'Đậu Hà Lan', 'Snow peas', 'kg', 100000.0, 92.0, 'efd070f6-3ca8-53a7-ad6a-4a7a25a8837d') ON CONFLICT (id) DO UPDATE SET unit_price = EXCLUDED.unit_price, yield_rate = EXCLUDED.yield_rate;
INSERT INTO ingredients (id, nom_fr, ten_vi, name_en, unit, unit_price, yield_rate, category_id) VALUES ('ING-036', 'Légumes racines de saison', 'Rau củ theo mùa', 'Root veg', 'kg', 45000.0, 70.0, 'efd070f6-3ca8-53a7-ad6a-4a7a25a8837d') ON CONFLICT (id) DO UPDATE SET unit_price = EXCLUDED.unit_price, yield_rate = EXCLUDED.yield_rate;
INSERT INTO ingredients (id, nom_fr, ten_vi, name_en, unit, unit_price, yield_rate, category_id) VALUES ('ING-037', 'Estragon', 'Ngải giấm', 'Tarragon', 'kg', 400000.0, 60.0, '1e30501d-5b66-5465-a06c-11fc3ef2d6c8') ON CONFLICT (id) DO UPDATE SET unit_price = EXCLUDED.unit_price, yield_rate = EXCLUDED.yield_rate;
INSERT INTO ingredients (id, nom_fr, ten_vi, name_en, unit, unit_price, yield_rate, category_id) VALUES ('ING-038', 'Cerfeuil', 'Ngò tây', 'Chervil', 'kg', 500000.0, 60.0, '1e30501d-5b66-5465-a06c-11fc3ef2d6c8') ON CONFLICT (id) DO UPDATE SET unit_price = EXCLUDED.unit_price, yield_rate = EXCLUDED.yield_rate;
INSERT INTO ingredients (id, nom_fr, ten_vi, name_en, unit, unit_price, yield_rate, category_id) VALUES ('ING-039', 'Ciboulette', 'Hẹ', 'Chives', 'kg', 50000.0, 75.0, '1e30501d-5b66-5465-a06c-11fc3ef2d6c8') ON CONFLICT (id) DO UPDATE SET unit_price = EXCLUDED.unit_price, yield_rate = EXCLUDED.yield_rate;
INSERT INTO ingredients (id, nom_fr, ten_vi, name_en, unit, unit_price, yield_rate, category_id) VALUES ('ING-040', 'Persil plat', 'Mùi tây lá phẳng', 'Flat parsley', 'kg', 120000.0, 70.0, '1e30501d-5b66-5465-a06c-11fc3ef2d6c8') ON CONFLICT (id) DO UPDATE SET unit_price = EXCLUDED.unit_price, yield_rate = EXCLUDED.yield_rate;
INSERT INTO ingredients (id, nom_fr, ten_vi, name_en, unit, unit_price, yield_rate, category_id) VALUES ('ING-041', 'Thym frais', 'Húng tây', 'Fresh thyme', 'kg', 500000.0, 55.00000000000001, '1e30501d-5b66-5465-a06c-11fc3ef2d6c8') ON CONFLICT (id) DO UPDATE SET unit_price = EXCLUDED.unit_price, yield_rate = EXCLUDED.yield_rate;
INSERT INTO ingredients (id, nom_fr, ten_vi, name_en, unit, unit_price, yield_rate, category_id) VALUES ('ING-042', 'Rau răm', 'Rau răm', 'VN coriander', 'kg', 40000.0, 80.0, '1e30501d-5b66-5465-a06c-11fc3ef2d6c8') ON CONFLICT (id) DO UPDATE SET unit_price = EXCLUDED.unit_price, yield_rate = EXCLUDED.yield_rate;
INSERT INTO ingredients (id, nom_fr, ten_vi, name_en, unit, unit_price, yield_rate, category_id) VALUES ('ING-043', 'Húng quế', 'Húng quế', 'Thai basil', 'kg', 30000.0, 75.0, '1e30501d-5b66-5465-a06c-11fc3ef2d6c8') ON CONFLICT (id) DO UPDATE SET unit_price = EXCLUDED.unit_price, yield_rate = EXCLUDED.yield_rate;
INSERT INTO ingredients (id, nom_fr, ten_vi, name_en, unit, unit_price, yield_rate, category_id) VALUES ('ING-044', 'Vanille Madagascar Gourmet', 'Vani Madagascar', 'Madagascar vanilla', 'kg', 3000000.0, 100.0, '1e30501d-5b66-5465-a06c-11fc3ef2d6c8') ON CONFLICT (id) DO UPDATE SET unit_price = EXCLUDED.unit_price, yield_rate = EXCLUDED.yield_rate;
INSERT INTO ingredients (id, nom_fr, ten_vi, name_en, unit, unit_price, yield_rate, category_id) VALUES ('ING-045', 'Yuzu (substitute)', 'Quả yuzu thay thế', 'Yuzu substitute', 'kg', 57500.0, 65.0, '5fbe46c0-78c8-5e66-ae7e-5f78ebb2b1af') ON CONFLICT (id) DO UPDATE SET unit_price = EXCLUDED.unit_price, yield_rate = EXCLUDED.yield_rate;
INSERT INTO ingredients (id, nom_fr, ten_vi, name_en, unit, unit_price, yield_rate, category_id) VALUES ('ING-046', 'Kumquat', 'Quả tắc', 'Kumquat', 'kg', 30000.0, 80.0, '5fbe46c0-78c8-5e66-ae7e-5f78ebb2b1af') ON CONFLICT (id) DO UPDATE SET unit_price = EXCLUDED.unit_price, yield_rate = EXCLUDED.yield_rate;
INSERT INTO ingredients (id, nom_fr, ten_vi, name_en, unit, unit_price, yield_rate, category_id) VALUES ('ING-047', 'Citron jaune', 'Chanh vàng', 'Lemon', 'kg', 85000.0, 55.00000000000001, '5fbe46c0-78c8-5e66-ae7e-5f78ebb2b1af') ON CONFLICT (id) DO UPDATE SET unit_price = EXCLUDED.unit_price, yield_rate = EXCLUDED.yield_rate;
INSERT INTO ingredients (id, nom_fr, ten_vi, name_en, unit, unit_price, yield_rate, category_id) VALUES ('ING-048', 'Litchi de Lục Ngạn', 'Vải Lục Ngạn', 'Lục Ngạn lychee', 'kg', 50000.0, 75.0, '5fbe46c0-78c8-5e66-ae7e-5f78ebb2b1af') ON CONFLICT (id) DO UPDATE SET unit_price = EXCLUDED.unit_price, yield_rate = EXCLUDED.yield_rate;
INSERT INTO ingredients (id, nom_fr, ten_vi, name_en, unit, unit_price, yield_rate, category_id) VALUES ('ING-049', 'Fruits tropicaux de saison', 'Trái cây nhiệt đới', 'Tropical fruit', 'kg', 80000.0, 78.0, '5fbe46c0-78c8-5e66-ae7e-5f78ebb2b1af') ON CONFLICT (id) DO UPDATE SET unit_price = EXCLUDED.unit_price, yield_rate = EXCLUDED.yield_rate;
INSERT INTO ingredients (id, nom_fr, ten_vi, name_en, unit, unit_price, yield_rate, category_id) VALUES ('ING-050', 'Mangue Cát Hòa Lộc', 'Xoài Cát Hòa Lộc', 'Cát Hòa Lộc mango', 'kg', 100000.0, 60.0, '5fbe46c0-78c8-5e66-ae7e-5f78ebb2b1af') ON CONFLICT (id) DO UPDATE SET unit_price = EXCLUDED.unit_price, yield_rate = EXCLUDED.yield_rate;
INSERT INTO ingredients (id, nom_fr, ten_vi, name_en, unit, unit_price, yield_rate, category_id) VALUES ('ING-051', 'Lentilles vertes du Puy AOP', 'Đậu lăng xanh Le Puy', 'Le Puy lentils', 'kg', 200000.0, 100.0, 'cfcfda7d-dc94-5c3c-a4ec-ef8e14482480') ON CONFLICT (id) DO UPDATE SET unit_price = EXCLUDED.unit_price, yield_rate = EXCLUDED.yield_rate;
INSERT INTO ingredients (id, nom_fr, ten_vi, name_en, unit, unit_price, yield_rate, category_id) VALUES ('ING-052', 'Riz Carnaroli/Arborio', 'Gạo risotto Carnaroli', 'Carnaroli rice', 'kg', 350000.0, 100.0, 'b0f0e57e-464d-562f-80ec-b216c92d5e88') ON CONFLICT (id) DO UPDATE SET unit_price = EXCLUDED.unit_price, yield_rate = EXCLUDED.yield_rate;
INSERT INTO ingredients (id, nom_fr, ten_vi, name_en, unit, unit_price, yield_rate, category_id) VALUES ('ING-053', 'Farine T55', 'Bột mì T55', 'T55 flour', 'kg', 33800.0, 100.0, 'b0f0e57e-464d-562f-80ec-b216c92d5e88') ON CONFLICT (id) DO UPDATE SET unit_price = EXCLUDED.unit_price, yield_rate = EXCLUDED.yield_rate;
INSERT INTO ingredients (id, nom_fr, ten_vi, name_en, unit, unit_price, yield_rate, category_id) VALUES ('ING-054', 'Sucre semoule', 'Đường', 'Caster sugar', 'kg', 25000.0, 100.0, 'b0f0e57e-464d-562f-80ec-b216c92d5e88') ON CONFLICT (id) DO UPDATE SET unit_price = EXCLUDED.unit_price, yield_rate = EXCLUDED.yield_rate;
INSERT INTO ingredients (id, nom_fr, ten_vi, name_en, unit, unit_price, yield_rate, category_id) VALUES ('ING-055', 'Miso blanc Kyoto', 'Miso trắng Kyoto', 'Kyoto miso', 'kg', 350000.0, 100.0, 'e6425b0c-c723-5aab-a812-986210aba984') ON CONFLICT (id) DO UPDATE SET unit_price = EXCLUDED.unit_price, yield_rate = EXCLUDED.yield_rate;
INSERT INTO ingredients (id, nom_fr, ten_vi, name_en, unit, unit_price, yield_rate, category_id) VALUES ('ING-056', 'Sauce soja Kikkoman', 'Nước tương Kikkoman', 'Soy sauce', 'L', 210000.0, 100.0, 'e6425b0c-c723-5aab-a812-986210aba984') ON CONFLICT (id) DO UPDATE SET unit_price = EXCLUDED.unit_price, yield_rate = EXCLUDED.yield_rate;
INSERT INTO ingredients (id, nom_fr, ten_vi, name_en, unit, unit_price, yield_rate, category_id) VALUES ('ING-057', 'Saké de cuisine', 'Sake nấu', 'Cooking sake', 'L', 110000.0, 100.0, 'e6425b0c-c723-5aab-a812-986210aba984') ON CONFLICT (id) DO UPDATE SET unit_price = EXCLUDED.unit_price, yield_rate = EXCLUDED.yield_rate;
INSERT INTO ingredients (id, nom_fr, ten_vi, name_en, unit, unit_price, yield_rate, category_id) VALUES ('ING-058', 'Mirin', 'Mirin', 'Mirin', 'L', 110000.0, 100.0, 'e6425b0c-c723-5aab-a812-986210aba984') ON CONFLICT (id) DO UPDATE SET unit_price = EXCLUDED.unit_price, yield_rate = EXCLUDED.yield_rate;
INSERT INTO ingredients (id, nom_fr, ten_vi, name_en, unit, unit_price, yield_rate, category_id) VALUES ('ING-059', 'Huile d''olive extra vierge', 'Dầu olive EV', 'EVOO', 'L', 162000.0, 100.0, 'e6425b0c-c723-5aab-a812-986210aba984') ON CONFLICT (id) DO UPDATE SET unit_price = EXCLUDED.unit_price, yield_rate = EXCLUDED.yield_rate;
INSERT INTO ingredients (id, nom_fr, ten_vi, name_en, unit, unit_price, yield_rate, category_id) VALUES ('ING-060', 'Huile de noisette', 'Dầu hạt phỉ', 'Hazelnut oil', 'L', 1456000.0, 100.0, 'e6425b0c-c723-5aab-a812-986210aba984') ON CONFLICT (id) DO UPDATE SET unit_price = EXCLUDED.unit_price, yield_rate = EXCLUDED.yield_rate;
INSERT INTO ingredients (id, nom_fr, ten_vi, name_en, unit, unit_price, yield_rate, category_id) VALUES ('ING-061', 'Huile de pépins de raisin', 'Dầu hạt nho', 'Grapeseed oil', 'L', 120000.0, 100.0, 'e6425b0c-c723-5aab-a812-986210aba984') ON CONFLICT (id) DO UPDATE SET unit_price = EXCLUDED.unit_price, yield_rate = EXCLUDED.yield_rate;
INSERT INTO ingredients (id, nom_fr, ten_vi, name_en, unit, unit_price, yield_rate, category_id) VALUES ('ING-062', 'Vinaigre de xérès', 'Giấm Xérès', 'Sherry vinegar', 'L', 480000.0, 100.0, 'e6425b0c-c723-5aab-a812-986210aba984') ON CONFLICT (id) DO UPDATE SET unit_price = EXCLUDED.unit_price, yield_rate = EXCLUDED.yield_rate;
INSERT INTO ingredients (id, nom_fr, ten_vi, name_en, unit, unit_price, yield_rate, category_id) VALUES ('ING-063', 'Vinaigre balsamique', 'Giấm balsamic', 'Balsamic', 'L', 140400.0, 100.0, 'e6425b0c-c723-5aab-a812-986210aba984') ON CONFLICT (id) DO UPDATE SET unit_price = EXCLUDED.unit_price, yield_rate = EXCLUDED.yield_rate;
INSERT INTO ingredients (id, nom_fr, ten_vi, name_en, unit, unit_price, yield_rate, category_id) VALUES ('ING-064', 'Fleur de sel de Bà Rịa', 'Hoa muối Bà Rịa', 'Bà Rịa fleur de sel', 'kg', 15000.0, 100.0, 'e6425b0c-c723-5aab-a812-986210aba984') ON CONFLICT (id) DO UPDATE SET unit_price = EXCLUDED.unit_price, yield_rate = EXCLUDED.yield_rate;
INSERT INTO ingredients (id, nom_fr, ten_vi, name_en, unit, unit_price, yield_rate, category_id) VALUES ('ING-065', 'Sel de Guérande', 'Muối Guérande', 'Guérande salt', 'kg', 500000.0, 100.0, 'e6425b0c-c723-5aab-a812-986210aba984') ON CONFLICT (id) DO UPDATE SET unit_price = EXCLUDED.unit_price, yield_rate = EXCLUDED.yield_rate;
INSERT INTO ingredients (id, nom_fr, ten_vi, name_en, unit, unit_price, yield_rate, category_id) VALUES ('ING-066', 'Poivre noir Phú Quốc', 'Tiêu Phú Quốc', 'Phú Quốc black pepper', 'kg', 230000.0, 100.0, 'e6425b0c-c723-5aab-a812-986210aba984') ON CONFLICT (id) DO UPDATE SET unit_price = EXCLUDED.unit_price, yield_rate = EXCLUDED.yield_rate;
INSERT INTO ingredients (id, nom_fr, ten_vi, name_en, unit, unit_price, yield_rate, category_id) VALUES ('ING-067', 'Poivre de Sichuan', 'Tiêu Tứ Xuyên', 'Sichuan peppercorn', 'kg', 250000.0, 100.0, 'e6425b0c-c723-5aab-a812-986210aba984') ON CONFLICT (id) DO UPDATE SET unit_price = EXCLUDED.unit_price, yield_rate = EXCLUDED.yield_rate;
INSERT INTO ingredients (id, nom_fr, ten_vi, name_en, unit, unit_price, yield_rate, category_id) VALUES ('ING-068', 'Safran', 'Nghệ tây', 'Saffron', 'gram', 195000.0, 100.0, 'e6425b0c-c723-5aab-a812-986210aba984') ON CONFLICT (id) DO UPDATE SET unit_price = EXCLUDED.unit_price, yield_rate = EXCLUDED.yield_rate;
INSERT INTO ingredients (id, nom_fr, ten_vi, name_en, unit, unit_price, yield_rate, category_id) VALUES ('ING-069', 'Champagne brut cuisine', 'Champagne nấu', 'Cooking champagne', 'L', 453000.0, 100.0, '5b0ee48b-8e19-5d8f-853a-4056cefff5e5') ON CONFLICT (id) DO UPDATE SET unit_price = EXCLUDED.unit_price, yield_rate = EXCLUDED.yield_rate;
INSERT INTO ingredients (id, nom_fr, ten_vi, name_en, unit, unit_price, yield_rate, category_id) VALUES ('ING-070', 'Vin blanc sec', 'Vang trắng khô', 'Dry white', 'L', 86000.0, 100.0, '5b0ee48b-8e19-5d8f-853a-4056cefff5e5') ON CONFLICT (id) DO UPDATE SET unit_price = EXCLUDED.unit_price, yield_rate = EXCLUDED.yield_rate;
INSERT INTO ingredients (id, nom_fr, ten_vi, name_en, unit, unit_price, yield_rate, category_id) VALUES ('ING-071', 'Vin rouge corsé', 'Vang đỏ đậm', 'Full red', 'L', 86000.0, 100.0, '5b0ee48b-8e19-5d8f-853a-4056cefff5e5') ON CONFLICT (id) DO UPDATE SET unit_price = EXCLUDED.unit_price, yield_rate = EXCLUDED.yield_rate;
INSERT INTO ingredients (id, nom_fr, ten_vi, name_en, unit, unit_price, yield_rate, category_id) VALUES ('ING-072', 'Cognac VSOP', 'Cognac VSOP', 'Cognac', 'L', 250000.0, 100.0, '5b0ee48b-8e19-5d8f-853a-4056cefff5e5') ON CONFLICT (id) DO UPDATE SET unit_price = EXCLUDED.unit_price, yield_rate = EXCLUDED.yield_rate;
INSERT INTO ingredients (id, nom_fr, ten_vi, name_en, unit, unit_price, yield_rate, category_id) VALUES ('ING-073', 'Calvados', 'Calvados', 'Calvados', 'L', 895000.0, 100.0, '5b0ee48b-8e19-5d8f-853a-4056cefff5e5') ON CONFLICT (id) DO UPDATE SET unit_price = EXCLUDED.unit_price, yield_rate = EXCLUDED.yield_rate;
INSERT INTO ingredients (id, nom_fr, ten_vi, name_en, unit, unit_price, yield_rate, category_id) VALUES ('ING-074', 'Madère', 'Madeira', 'Madeira', 'L', 800000.0, 100.0, '5b0ee48b-8e19-5d8f-853a-4056cefff5e5') ON CONFLICT (id) DO UPDATE SET unit_price = EXCLUDED.unit_price, yield_rate = EXCLUDED.yield_rate;
INSERT INTO ingredients (id, nom_fr, ten_vi, name_en, unit, unit_price, yield_rate, category_id) VALUES ('ING-075', 'Chocolat Marou 70%', 'Sô-cô-la Marou 70%', 'Marou chocolate', 'kg', 355000.0, 100.0, 'bf200869-b2aa-5a0e-a314-0e8521a1a74d') ON CONFLICT (id) DO UPDATE SET unit_price = EXCLUDED.unit_price, yield_rate = EXCLUDED.yield_rate;
INSERT INTO ingredients (id, nom_fr, ten_vi, name_en, unit, unit_price, yield_rate, category_id) VALUES ('ING-076', 'Chocolat blanc Valrhona', 'Sô-cô-la trắng Valrhona', 'Valrhona white', 'kg', 135000.0, 100.0, 'bf200869-b2aa-5a0e-a314-0e8521a1a74d') ON CONFLICT (id) DO UPDATE SET unit_price = EXCLUDED.unit_price, yield_rate = EXCLUDED.yield_rate;
INSERT INTO ingredients (id, nom_fr, ten_vi, name_en, unit, unit_price, yield_rate, category_id) VALUES ('ING-077', 'Beurre de cacao', 'Bơ ca cao', 'Cocoa butter', 'kg', 738000.0, 100.0, 'bf200869-b2aa-5a0e-a314-0e8521a1a74d') ON CONFLICT (id) DO UPDATE SET unit_price = EXCLUDED.unit_price, yield_rate = EXCLUDED.yield_rate;
INSERT INTO ingredients (id, nom_fr, ten_vi, name_en, unit, unit_price, yield_rate, category_id) VALUES ('ING-078', 'Gélatine en feuille', 'Gelatin lá', 'Gelatin sheets', 'kg', 810000.0, 100.0, 'bf200869-b2aa-5a0e-a314-0e8521a1a74d') ON CONFLICT (id) DO UPDATE SET unit_price = EXCLUDED.unit_price, yield_rate = EXCLUDED.yield_rate;
INSERT INTO ingredients (id, nom_fr, ten_vi, name_en, unit, unit_price, yield_rate, category_id) VALUES ('ING-079', 'Pâte feuilletée beurre', 'Bột bánh ngàn lớp', 'Puff pastry', 'kg', 111240.0, 100.0, 'bf200869-b2aa-5a0e-a314-0e8521a1a74d') ON CONFLICT (id) DO UPDATE SET unit_price = EXCLUDED.unit_price, yield_rate = EXCLUDED.yield_rate;
INSERT INTO ingredients (id, nom_fr, ten_vi, name_en, unit, unit_price, yield_rate, category_id) VALUES ('ING-080', 'Glace vanille maison', 'Kem vani nhà làm', 'Vanilla ice cream', 'L', 92000.0, 100.0, 'bf200869-b2aa-5a0e-a314-0e8521a1a74d') ON CONFLICT (id) DO UPDATE SET unit_price = EXCLUDED.unit_price, yield_rate = EXCLUDED.yield_rate;
INSERT INTO ingredients (id, nom_fr, ten_vi, name_en, unit, unit_price, yield_rate, category_id) VALUES ('ING-081', 'Fond de volaille maison', 'Nước dùng gà', 'Chicken stock', 'L', 13800.0, 100.0, 'f09a1423-afa4-5fe6-99f6-789561f23c83') ON CONFLICT (id) DO UPDATE SET unit_price = EXCLUDED.unit_price, yield_rate = EXCLUDED.yield_rate;
INSERT INTO ingredients (id, nom_fr, ten_vi, name_en, unit, unit_price, yield_rate, category_id) VALUES ('ING-082', 'Fond de poisson maison', 'Nước dùng cá', 'Fish stock', 'L', 10200.0, 100.0, 'f09a1423-afa4-5fe6-99f6-789561f23c83') ON CONFLICT (id) DO UPDATE SET unit_price = EXCLUDED.unit_price, yield_rate = EXCLUDED.yield_rate;
INSERT INTO ingredients (id, nom_fr, ten_vi, name_en, unit, unit_price, yield_rate, category_id) VALUES ('ING-083', 'Jus veau/buffle maison', 'Nước sốt bê/trâu', 'Veal/buffalo jus', 'L', 50000.0, 100.0, 'f09a1423-afa4-5fe6-99f6-789561f23c83') ON CONFLICT (id) DO UPDATE SET unit_price = EXCLUDED.unit_price, yield_rate = EXCLUDED.yield_rate;
INSERT INTO ingredients (id, nom_fr, ten_vi, name_en, unit, unit_price, yield_rate, category_id) VALUES ('ING-084', 'Beurre clarifié maison', 'Bơ tinh luyện', 'Clarified butter', 'kg', 350000.0, 75.0, 'f09a1423-afa4-5fe6-99f6-789561f23c83') ON CONFLICT (id) DO UPDATE SET unit_price = EXCLUDED.unit_price, yield_rate = EXCLUDED.yield_rate;
INSERT INTO ingredients (id, nom_fr, ten_vi, name_en, unit, unit_price, yield_rate, category_id) VALUES ('ING-085', 'Algues nori', 'Rong biển nori', 'Nori', 'gram', 2750.0, 100.0, 'e6425b0c-c723-5aab-a812-986210aba984') ON CONFLICT (id) DO UPDATE SET unit_price = EXCLUDED.unit_price, yield_rate = EXCLUDED.yield_rate;
INSERT INTO ingredients (id, nom_fr, ten_vi, name_en, unit, unit_price, yield_rate, category_id) VALUES ('ING-086', 'Algues kombu', 'Rong biển kombu', 'Kombu', 'kg', 710000.0, 100.0, 'e6425b0c-c723-5aab-a812-986210aba984') ON CONFLICT (id) DO UPDATE SET unit_price = EXCLUDED.unit_price, yield_rate = EXCLUDED.yield_rate;
INSERT INTO ingredients (id, nom_fr, ten_vi, name_en, unit, unit_price, yield_rate, category_id) VALUES ('ING-087', 'Truffe d''été surgelée Plantin', 'Nấm cục hè đông lạnh', 'Summer truffle Plantin', 'gram', 9304.0, 92.0, 'efd070f6-3ca8-53a7-ad6a-4a7a25a8837d') ON CONFLICT (id) DO UPDATE SET unit_price = EXCLUDED.unit_price, yield_rate = EXCLUDED.yield_rate;
INSERT INTO ingredients (id, nom_fr, ten_vi, name_en, unit, unit_price, yield_rate, category_id) VALUES ('ING-088', 'Pignons de pin', 'Hạt thông', 'Pine nuts', 'kg', 920000.0, 100.0, 'bf200869-b2aa-5a0e-a314-0e8521a1a74d') ON CONFLICT (id) DO UPDATE SET unit_price = EXCLUDED.unit_price, yield_rate = EXCLUDED.yield_rate;
INSERT INTO ingredients (id, nom_fr, ten_vi, name_en, unit, unit_price, yield_rate, category_id) VALUES ('ING-089', 'Amandes effilées', 'Hạnh nhân lát', 'Sliced almonds', 'kg', 280000.0, 100.0, 'bf200869-b2aa-5a0e-a314-0e8521a1a74d') ON CONFLICT (id) DO UPDATE SET unit_price = EXCLUDED.unit_price, yield_rate = EXCLUDED.yield_rate;
INSERT INTO ingredients (id, nom_fr, ten_vi, name_en, unit, unit_price, yield_rate, category_id) VALUES ('ING-090', 'Noisettes du Piémont', 'Hạt phỉ Piedmont', 'Hazelnuts', 'kg', 642600.0, 100.0, 'bf200869-b2aa-5a0e-a314-0e8521a1a74d') ON CONFLICT (id) DO UPDATE SET unit_price = EXCLUDED.unit_price, yield_rate = EXCLUDED.yield_rate;
INSERT INTO ingredients (id, nom_fr, ten_vi, name_en, unit, unit_price, yield_rate, category_id) VALUES ('ING-091', 'Sucre glace', 'Đường bột', 'Icing sugar', 'kg', 40000.0, 100.0, 'bf200869-b2aa-5a0e-a314-0e8521a1a74d') ON CONFLICT (id) DO UPDATE SET unit_price = EXCLUDED.unit_price, yield_rate = EXCLUDED.yield_rate;
INSERT INTO ingredients (id, nom_fr, ten_vi, name_en, unit, unit_price, yield_rate, category_id) VALUES ('ING-092', 'Beurre noisette maison', 'Bơ nâu nhà làm', 'Brown butter', 'kg', 324000.0, 85.0, 'f09a1423-afa4-5fe6-99f6-789561f23c83') ON CONFLICT (id) DO UPDATE SET unit_price = EXCLUDED.unit_price, yield_rate = EXCLUDED.yield_rate;
INSERT INTO ingredients (id, nom_fr, ten_vi, name_en, unit, unit_price, yield_rate, category_id) VALUES ('ING-094', 'Bacon', 'Bacon', 'Bacon', 'kg', 179280.0, 100.0, '7f22ca72-c04e-5a95-a1b9-64c4e573cb76') ON CONFLICT (id) DO UPDATE SET unit_price = EXCLUDED.unit_price, yield_rate = EXCLUDED.yield_rate;
INSERT INTO ingredients (id, nom_fr, ten_vi, name_en, unit, unit_price, yield_rate, category_id) VALUES ('ING-100', 'Pamplemousse rose', 'Bưởi hồng', 'Pink grapefruit', 'kg', 35000.0, 55.00000000000001, '5fbe46c0-78c8-5e66-ae7e-5f78ebb2b1af') ON CONFLICT (id) DO UPDATE SET unit_price = EXCLUDED.unit_price, yield_rate = EXCLUDED.yield_rate;
INSERT INTO ingredients (id, nom_fr, ten_vi, name_en, unit, unit_price, yield_rate, category_id) VALUES ('ING-093', 'Côte de Bœuf Black Angus US', 'Bò Black Angus ribeye US', 'Black Angus ribeye US', 'kg', 1113000.0, 80.0, '7f22ca72-c04e-5a95-a1b9-64c4e573cb76') ON CONFLICT (id) DO UPDATE SET unit_price = EXCLUDED.unit_price, yield_rate = EXCLUDED.yield_rate;

-- Seed Menu Items & Recipes
INSERT INTO menu_items (id, name, sale_price) VALUES ('R-001', 'Carpaccio de Thon — Agrumes, Sel marin', 300000.0) ON CONFLICT (id) DO NOTHING;
INSERT INTO recipes (recipe_code, ingredient_id, qty_net, yield_rate, qty_eff) VALUES ('R-001', 'ING-001', 0.08, 85.0, 0.09411764705882353) ON CONFLICT (recipe_code, ingredient_id) DO NOTHING;
INSERT INTO recipes (recipe_code, ingredient_id, qty_net, yield_rate, qty_eff) VALUES ('R-001', 'ING-045', 0.01, 65.0, 0.015384615384615384) ON CONFLICT (recipe_code, ingredient_id) DO NOTHING;
INSERT INTO recipes (recipe_code, ingredient_id, qty_net, yield_rate, qty_eff) VALUES ('R-001', 'ING-046', 0.01, 80.0, 0.012499999999999999) ON CONFLICT (recipe_code, ingredient_id) DO NOTHING;
INSERT INTO recipes (recipe_code, ingredient_id, qty_net, yield_rate, qty_eff) VALUES ('R-001', 'ING-064', 0.001, 100.0, 0.001) ON CONFLICT (recipe_code, ingredient_id) DO NOTHING;
INSERT INTO recipes (recipe_code, ingredient_id, qty_net, yield_rate, qty_eff) VALUES ('R-001', 'ING-059', 0.008, 100.0, 0.008) ON CONFLICT (recipe_code, ingredient_id) DO NOTHING;
INSERT INTO recipes (recipe_code, ingredient_id, qty_net, yield_rate, qty_eff) VALUES ('R-001', 'ING-039', 0.002, 75.0, 0.0026666666666666666) ON CONFLICT (recipe_code, ingredient_id) DO NOTHING;
INSERT INTO recipes (recipe_code, ingredient_id, qty_net, yield_rate, qty_eff) VALUES ('R-001', 'ING-038', 0.0015, 60.0, 0.0025) ON CONFLICT (recipe_code, ingredient_id) DO NOTHING;
INSERT INTO menu_items (id, name, sale_price) VALUES ('R-002', 'Saumon Gravlax, Herbes du Vietnam', 300000.0) ON CONFLICT (id) DO NOTHING;
INSERT INTO recipes (recipe_code, ingredient_id, qty_net, yield_rate, qty_eff) VALUES ('R-002', 'ING-007', 0.09, 70.0, 0.1285714285714286) ON CONFLICT (recipe_code, ingredient_id) DO NOTHING;
INSERT INTO recipes (recipe_code, ingredient_id, qty_net, yield_rate, qty_eff) VALUES ('R-002', 'ING-054', 0.02, 100.0, 0.02) ON CONFLICT (recipe_code, ingredient_id) DO NOTHING;
INSERT INTO recipes (recipe_code, ingredient_id, qty_net, yield_rate, qty_eff) VALUES ('R-002', 'ING-064', 0.01, 100.0, 0.01) ON CONFLICT (recipe_code, ingredient_id) DO NOTHING;
INSERT INTO recipes (recipe_code, ingredient_id, qty_net, yield_rate, qty_eff) VALUES ('R-002', 'ING-042', 0.004, 80.0, 0.005) ON CONFLICT (recipe_code, ingredient_id) DO NOTHING;
INSERT INTO recipes (recipe_code, ingredient_id, qty_net, yield_rate, qty_eff) VALUES ('R-002', 'ING-043', 0.0025, 75.0, 0.0033333333333333335) ON CONFLICT (recipe_code, ingredient_id) DO NOTHING;
INSERT INTO recipes (recipe_code, ingredient_id, qty_net, yield_rate, qty_eff) VALUES ('R-002', 'ING-018', 0.015, 100.0, 0.015) ON CONFLICT (recipe_code, ingredient_id) DO NOTHING;
INSERT INTO recipes (recipe_code, ingredient_id, qty_net, yield_rate, qty_eff) VALUES ('R-002', 'ING-047', 0.005, 55.00000000000001, 0.00909090909090909) ON CONFLICT (recipe_code, ingredient_id) DO NOTHING;
INSERT INTO recipes (recipe_code, ingredient_id, qty_net, yield_rate, qty_eff) VALUES ('R-002', 'ING-039', 0.002, 75.0, 0.0026666666666666666) ON CONFLICT (recipe_code, ingredient_id) DO NOTHING;
INSERT INTO menu_items (id, name, sale_price) VALUES ('R-003', 'Salade de Crabe Royal, Agrumes et Avocat', 535000.0) ON CONFLICT (id) DO NOTHING;
INSERT INTO recipes (recipe_code, ingredient_id, qty_net, yield_rate, qty_eff) VALUES ('R-003', 'ING-008', 0.08, 70.0, 0.1142857142857143) ON CONFLICT (recipe_code, ingredient_id) DO NOTHING;
INSERT INTO recipes (recipe_code, ingredient_id, qty_net, yield_rate, qty_eff) VALUES ('R-003', 'ING-031', 0.045, 65.0, 0.06923076923076922) ON CONFLICT (recipe_code, ingredient_id) DO NOTHING;
INSERT INTO recipes (recipe_code, ingredient_id, qty_net, yield_rate, qty_eff) VALUES ('R-003', 'ING-100', 0.05, 55.00000000000001, 0.09090909090909091) ON CONFLICT (recipe_code, ingredient_id) DO NOTHING;
INSERT INTO recipes (recipe_code, ingredient_id, qty_net, yield_rate, qty_eff) VALUES ('R-003', 'ING-047', 0.015, 55.00000000000001, 0.027272727272727268) ON CONFLICT (recipe_code, ingredient_id) DO NOTHING;
INSERT INTO recipes (recipe_code, ingredient_id, qty_net, yield_rate, qty_eff) VALUES ('R-003', 'ING-059', 0.01, 100.0, 0.01) ON CONFLICT (recipe_code, ingredient_id) DO NOTHING;
INSERT INTO recipes (recipe_code, ingredient_id, qty_net, yield_rate, qty_eff) VALUES ('R-003', 'ING-062', 0.005, 100.0, 0.005) ON CONFLICT (recipe_code, ingredient_id) DO NOTHING;
INSERT INTO recipes (recipe_code, ingredient_id, qty_net, yield_rate, qty_eff) VALUES ('R-003', 'ING-064', 0.001, 100.0, 0.001) ON CONFLICT (recipe_code, ingredient_id) DO NOTHING;
INSERT INTO recipes (recipe_code, ingredient_id, qty_net, yield_rate, qty_eff) VALUES ('R-003', 'ING-066', 0.0005, 100.0, 0.0005) ON CONFLICT (recipe_code, ingredient_id) DO NOTHING;
INSERT INTO recipes (recipe_code, ingredient_id, qty_net, yield_rate, qty_eff) VALUES ('R-003', 'ING-039', 0.0025, 75.0, 0.0033333333333333335) ON CONFLICT (recipe_code, ingredient_id) DO NOTHING;
INSERT INTO menu_items (id, name, sale_price) VALUES ('R-004', 'Tartare de Saint-Jacques — Caviar, Crème de Yuzu', 495000.0) ON CONFLICT (id) DO NOTHING;
INSERT INTO recipes (recipe_code, ingredient_id, qty_net, yield_rate, qty_eff) VALUES ('R-004', 'ING-002', 0.06, 85.0, 0.07058823529411765) ON CONFLICT (recipe_code, ingredient_id) DO NOTHING;
INSERT INTO recipes (recipe_code, ingredient_id, qty_net, yield_rate, qty_eff) VALUES ('R-004', 'ING-009', 7.5, 100.0, 7.5) ON CONFLICT (recipe_code, ingredient_id) DO NOTHING;
INSERT INTO recipes (recipe_code, ingredient_id, qty_net, yield_rate, qty_eff) VALUES ('R-004', 'ING-031', 0.03, 65.0, 0.04615384615384615) ON CONFLICT (recipe_code, ingredient_id) DO NOTHING;
INSERT INTO recipes (recipe_code, ingredient_id, qty_net, yield_rate, qty_eff) VALUES ('R-004', 'ING-045', 0.01, 65.0, 0.015384615384615384) ON CONFLICT (recipe_code, ingredient_id) DO NOTHING;
INSERT INTO recipes (recipe_code, ingredient_id, qty_net, yield_rate, qty_eff) VALUES ('R-004', 'ING-064', 0.0012, 100.0, 0.0012) ON CONFLICT (recipe_code, ingredient_id) DO NOTHING;
INSERT INTO recipes (recipe_code, ingredient_id, qty_net, yield_rate, qty_eff) VALUES ('R-004', 'ING-039', 0.0025, 75.0, 0.0033333333333333335) ON CONFLICT (recipe_code, ingredient_id) DO NOTHING;
INSERT INTO recipes (recipe_code, ingredient_id, qty_net, yield_rate, qty_eff) VALUES ('R-004', 'ING-019', 0.01, 100.0, 0.01) ON CONFLICT (recipe_code, ingredient_id) DO NOTHING;
INSERT INTO menu_items (id, name, sale_price) VALUES ('R-005', 'Légumes de Đà Lạt — Émulsion d''Herbes', 150000.0) ON CONFLICT (id) DO NOTHING;
INSERT INTO recipes (recipe_code, ingredient_id, qty_net, yield_rate, qty_eff) VALUES ('R-005', 'ING-024', 0.075, 75.0, 0.09999999999999999) ON CONFLICT (recipe_code, ingredient_id) DO NOTHING;
INSERT INTO recipes (recipe_code, ingredient_id, qty_net, yield_rate, qty_eff) VALUES ('R-005', 'ING-031', 0.04, 65.0, 0.061538461538461535) ON CONFLICT (recipe_code, ingredient_id) DO NOTHING;
INSERT INTO recipes (recipe_code, ingredient_id, qty_net, yield_rate, qty_eff) VALUES ('R-005', 'ING-019', 0.015, 100.0, 0.015) ON CONFLICT (recipe_code, ingredient_id) DO NOTHING;
INSERT INTO recipes (recipe_code, ingredient_id, qty_net, yield_rate, qty_eff) VALUES ('R-005', 'ING-039', 0.003, 75.0, 0.004) ON CONFLICT (recipe_code, ingredient_id) DO NOTHING;
INSERT INTO recipes (recipe_code, ingredient_id, qty_net, yield_rate, qty_eff) VALUES ('R-005', 'ING-040', 0.004, 70.0, 0.005714285714285715) ON CONFLICT (recipe_code, ingredient_id) DO NOTHING;
INSERT INTO recipes (recipe_code, ingredient_id, qty_net, yield_rate, qty_eff) VALUES ('R-005', 'ING-038', 0.002, 60.0, 0.0033333333333333335) ON CONFLICT (recipe_code, ingredient_id) DO NOTHING;
INSERT INTO recipes (recipe_code, ingredient_id, qty_net, yield_rate, qty_eff) VALUES ('R-005', 'ING-059', 0.008, 100.0, 0.008) ON CONFLICT (recipe_code, ingredient_id) DO NOTHING;
INSERT INTO recipes (recipe_code, ingredient_id, qty_net, yield_rate, qty_eff) VALUES ('R-005', 'ING-064', 0.001, 100.0, 0.001) ON CONFLICT (recipe_code, ingredient_id) DO NOTHING;
INSERT INTO menu_items (id, name, sale_price) VALUES ('R-006', 'Soupe à l''Oignon — Fromage, Croûton', 225000.0) ON CONFLICT (id) DO NOTHING;
INSERT INTO recipes (recipe_code, ingredient_id, qty_net, yield_rate, qty_eff) VALUES ('R-006', 'ING-032', 0.075, 85.0, 0.08823529411764706) ON CONFLICT (recipe_code, ingredient_id) DO NOTHING;
INSERT INTO recipes (recipe_code, ingredient_id, qty_net, yield_rate, qty_eff) VALUES ('R-006', 'ING-017', 0.0125, 100.0, 0.0125) ON CONFLICT (recipe_code, ingredient_id) DO NOTHING;
INSERT INTO recipes (recipe_code, ingredient_id, qty_net, yield_rate, qty_eff) VALUES ('R-006', 'ING-070', 0.025, 100.0, 0.025) ON CONFLICT (recipe_code, ingredient_id) DO NOTHING;
INSERT INTO recipes (recipe_code, ingredient_id, qty_net, yield_rate, qty_eff) VALUES ('R-006', 'ING-081', 0.25, 100.0, 0.25) ON CONFLICT (recipe_code, ingredient_id) DO NOTHING;
INSERT INTO recipes (recipe_code, ingredient_id, qty_net, yield_rate, qty_eff) VALUES ('R-006', 'ING-023', 0.015, 95.0, 0.015789473684210527) ON CONFLICT (recipe_code, ingredient_id) DO NOTHING;
INSERT INTO recipes (recipe_code, ingredient_id, qty_net, yield_rate, qty_eff) VALUES ('R-006', 'ING-079', 0.02, 100.0, 0.02) ON CONFLICT (recipe_code, ingredient_id) DO NOTHING;
INSERT INTO recipes (recipe_code, ingredient_id, qty_net, yield_rate, qty_eff) VALUES ('R-006', 'ING-066', 0.0004, 100.0, 0.0004) ON CONFLICT (recipe_code, ingredient_id) DO NOTHING;
INSERT INTO recipes (recipe_code, ingredient_id, qty_net, yield_rate, qty_eff) VALUES ('R-006', 'ING-041', 0.0006, 55.00000000000001, 0.0010909090909090907) ON CONFLICT (recipe_code, ingredient_id) DO NOTHING;
INSERT INTO menu_items (id, name, sale_price) VALUES ('R-007', 'Bisque de Crevettes de Nha Trang, Crème au Cognac', 265000.0) ON CONFLICT (id) DO NOTHING;
INSERT INTO recipes (recipe_code, ingredient_id, qty_net, yield_rate, qty_eff) VALUES ('R-007', 'ING-006', 0.07, 55.00000000000001, 0.1272727272727273) ON CONFLICT (recipe_code, ingredient_id) DO NOTHING;
INSERT INTO recipes (recipe_code, ingredient_id, qty_net, yield_rate, qty_eff) VALUES ('R-007', 'ING-018', 0.019, 100.0, 0.019) ON CONFLICT (recipe_code, ingredient_id) DO NOTHING;
INSERT INTO recipes (recipe_code, ingredient_id, qty_net, yield_rate, qty_eff) VALUES ('R-007', 'ING-019', 0.038, 100.0, 0.038) ON CONFLICT (recipe_code, ingredient_id) DO NOTHING;
INSERT INTO recipes (recipe_code, ingredient_id, qty_net, yield_rate, qty_eff) VALUES ('R-007', 'ING-072', 0.008, 100.0, 0.008) ON CONFLICT (recipe_code, ingredient_id) DO NOTHING;
INSERT INTO recipes (recipe_code, ingredient_id, qty_net, yield_rate, qty_eff) VALUES ('R-007', 'ING-082', 0.19, 100.0, 0.19) ON CONFLICT (recipe_code, ingredient_id) DO NOTHING;
INSERT INTO recipes (recipe_code, ingredient_id, qty_net, yield_rate, qty_eff) VALUES ('R-007', 'ING-017', 0.01, 100.0, 0.01) ON CONFLICT (recipe_code, ingredient_id) DO NOTHING;
INSERT INTO recipes (recipe_code, ingredient_id, qty_net, yield_rate, qty_eff) VALUES ('R-007', 'ING-032', 0.012, 85.0, 0.01411764705882353) ON CONFLICT (recipe_code, ingredient_id) DO NOTHING;
INSERT INTO recipes (recipe_code, ingredient_id, qty_net, yield_rate, qty_eff) VALUES ('R-007', 'ING-070', 0.019, 100.0, 0.019) ON CONFLICT (recipe_code, ingredient_id) DO NOTHING;
INSERT INTO recipes (recipe_code, ingredient_id, qty_net, yield_rate, qty_eff) VALUES ('R-007', 'ING-064', 0.0006, 100.0, 0.0006) ON CONFLICT (recipe_code, ingredient_id) DO NOTHING;
INSERT INTO recipes (recipe_code, ingredient_id, qty_net, yield_rate, qty_eff) VALUES ('R-007', 'ING-066', 0.0003, 100.0, 0.0003) ON CONFLICT (recipe_code, ingredient_id) DO NOTHING;
INSERT INTO menu_items (id, name, sale_price) VALUES ('R-008', 'Champignons de Tam Đảo — Infusion de Sous-bois', 235000.0) ON CONFLICT (id) DO NOTHING;
INSERT INTO recipes (recipe_code, ingredient_id, qty_net, yield_rate, qty_eff) VALUES ('R-008', 'ING-025', 0.0525, 80.0, 0.06562499999999999) ON CONFLICT (recipe_code, ingredient_id) DO NOTHING;
INSERT INTO recipes (recipe_code, ingredient_id, qty_net, yield_rate, qty_eff) VALUES ('R-008', 'ING-026', 0.028, 85.0, 0.03294117647058824) ON CONFLICT (recipe_code, ingredient_id) DO NOTHING;
INSERT INTO recipes (recipe_code, ingredient_id, qty_net, yield_rate, qty_eff) VALUES ('R-008', 'ING-027', 0.002, 100.0, 0.002) ON CONFLICT (recipe_code, ingredient_id) DO NOTHING;
INSERT INTO recipes (recipe_code, ingredient_id, qty_net, yield_rate, qty_eff) VALUES ('R-008', 'ING-019', 0.05, 100.0, 0.05) ON CONFLICT (recipe_code, ingredient_id) DO NOTHING;
INSERT INTO recipes (recipe_code, ingredient_id, qty_net, yield_rate, qty_eff) VALUES ('R-008', 'ING-017', 0.015, 100.0, 0.015) ON CONFLICT (recipe_code, ingredient_id) DO NOTHING;
INSERT INTO recipes (recipe_code, ingredient_id, qty_net, yield_rate, qty_eff) VALUES ('R-008', 'ING-032', 0.015, 85.0, 0.01764705882352941) ON CONFLICT (recipe_code, ingredient_id) DO NOTHING;
INSERT INTO recipes (recipe_code, ingredient_id, qty_net, yield_rate, qty_eff) VALUES ('R-008', 'ING-081', 0.15, 100.0, 0.15) ON CONFLICT (recipe_code, ingredient_id) DO NOTHING;
INSERT INTO recipes (recipe_code, ingredient_id, qty_net, yield_rate, qty_eff) VALUES ('R-008', 'ING-041', 0.0006, 55.00000000000001, 0.0010909090909090907) ON CONFLICT (recipe_code, ingredient_id) DO NOTHING;
INSERT INTO recipes (recipe_code, ingredient_id, qty_net, yield_rate, qty_eff) VALUES ('R-008', 'ING-074', 0.005, 100.0, 0.005) ON CONFLICT (recipe_code, ingredient_id) DO NOTHING;
INSERT INTO menu_items (id, name, sale_price) VALUES ('R-009', 'Escargots de Bourgogne au Beurre à l''Ail', 330000.0) ON CONFLICT (id) DO NOTHING;
INSERT INTO recipes (recipe_code, ingredient_id, qty_net, yield_rate, qty_eff) VALUES ('R-009', 'ING-016', 0.05, 95.0, 0.052631578947368425) ON CONFLICT (recipe_code, ingredient_id) DO NOTHING;
INSERT INTO recipes (recipe_code, ingredient_id, qty_net, yield_rate, qty_eff) VALUES ('R-009', 'ING-017', 0.038, 100.0, 0.038) ON CONFLICT (recipe_code, ingredient_id) DO NOTHING;
INSERT INTO recipes (recipe_code, ingredient_id, qty_net, yield_rate, qty_eff) VALUES ('R-009', 'ING-040', 0.0075, 70.0, 0.010714285714285714) ON CONFLICT (recipe_code, ingredient_id) DO NOTHING;
INSERT INTO recipes (recipe_code, ingredient_id, qty_net, yield_rate, qty_eff) VALUES ('R-009', 'ING-033', 0.003, 95.0, 0.0031578947368421056) ON CONFLICT (recipe_code, ingredient_id) DO NOTHING;
INSERT INTO recipes (recipe_code, ingredient_id, qty_net, yield_rate, qty_eff) VALUES ('R-009', 'ING-064', 0.001, 100.0, 0.001) ON CONFLICT (recipe_code, ingredient_id) DO NOTHING;
INSERT INTO recipes (recipe_code, ingredient_id, qty_net, yield_rate, qty_eff) VALUES ('R-009', 'ING-053', 0.01, 100.0, 0.01) ON CONFLICT (recipe_code, ingredient_id) DO NOTHING;
INSERT INTO recipes (recipe_code, ingredient_id, qty_net, yield_rate, qty_eff) VALUES ('R-009', 'ING-066', 0.0008, 100.0, 0.0008) ON CONFLICT (recipe_code, ingredient_id) DO NOTHING;
INSERT INTO menu_items (id, name, sale_price) VALUES ('R-010', 'Foie Gras Poêlé — Fruit de Saison, Jus Réduit', 495000.0) ON CONFLICT (id) DO NOTHING;
INSERT INTO recipes (recipe_code, ingredient_id, qty_net, yield_rate, qty_eff) VALUES ('R-010', 'ING-014', 0.05, 90.0, 0.05555555555555556) ON CONFLICT (recipe_code, ingredient_id) DO NOTHING;
INSERT INTO recipes (recipe_code, ingredient_id, qty_net, yield_rate, qty_eff) VALUES ('R-010', 'ING-048', 0.03, 75.0, 0.04) ON CONFLICT (recipe_code, ingredient_id) DO NOTHING;
INSERT INTO recipes (recipe_code, ingredient_id, qty_net, yield_rate, qty_eff) VALUES ('R-010', 'ING-083', 0.038, 100.0, 0.038) ON CONFLICT (recipe_code, ingredient_id) DO NOTHING;
INSERT INTO recipes (recipe_code, ingredient_id, qty_net, yield_rate, qty_eff) VALUES ('R-010', 'ING-074', 0.01, 100.0, 0.01) ON CONFLICT (recipe_code, ingredient_id) DO NOTHING;
INSERT INTO recipes (recipe_code, ingredient_id, qty_net, yield_rate, qty_eff) VALUES ('R-010', 'ING-063', 0.005, 100.0, 0.005) ON CONFLICT (recipe_code, ingredient_id) DO NOTHING;
INSERT INTO recipes (recipe_code, ingredient_id, qty_net, yield_rate, qty_eff) VALUES ('R-010', 'ING-064', 0.0008, 100.0, 0.0008) ON CONFLICT (recipe_code, ingredient_id) DO NOTHING;
INSERT INTO recipes (recipe_code, ingredient_id, qty_net, yield_rate, qty_eff) VALUES ('R-010', 'ING-066', 0.0005, 100.0, 0.0005) ON CONFLICT (recipe_code, ingredient_id) DO NOTHING;
INSERT INTO menu_items (id, name, sale_price) VALUES ('R-011', 'Cabillaud au Miso — Légumes Verts', 855000.0) ON CONFLICT (id) DO NOTHING;
INSERT INTO recipes (recipe_code, ingredient_id, qty_net, yield_rate, qty_eff) VALUES ('R-011', 'ING-003', 0.12, 80.0, 0.15) ON CONFLICT (recipe_code, ingredient_id) DO NOTHING;
INSERT INTO recipes (recipe_code, ingredient_id, qty_net, yield_rate, qty_eff) VALUES ('R-011', 'ING-055', 0.02, 100.0, 0.02) ON CONFLICT (recipe_code, ingredient_id) DO NOTHING;
INSERT INTO recipes (recipe_code, ingredient_id, qty_net, yield_rate, qty_eff) VALUES ('R-011', 'ING-057', 0.0075, 100.0, 0.0075) ON CONFLICT (recipe_code, ingredient_id) DO NOTHING;
INSERT INTO recipes (recipe_code, ingredient_id, qty_net, yield_rate, qty_eff) VALUES ('R-011', 'ING-058', 0.0075, 100.0, 0.0075) ON CONFLICT (recipe_code, ingredient_id) DO NOTHING;
INSERT INTO recipes (recipe_code, ingredient_id, qty_net, yield_rate, qty_eff) VALUES ('R-011', 'ING-054', 0.005, 100.0, 0.005) ON CONFLICT (recipe_code, ingredient_id) DO NOTHING;
INSERT INTO recipes (recipe_code, ingredient_id, qty_net, yield_rate, qty_eff) VALUES ('R-011', 'ING-024', 0.05, 75.0, 0.06666666666666667) ON CONFLICT (recipe_code, ingredient_id) DO NOTHING;
INSERT INTO recipes (recipe_code, ingredient_id, qty_net, yield_rate, qty_eff) VALUES ('R-011', 'ING-035', 0.02, 92.0, 0.021739130434782608) ON CONFLICT (recipe_code, ingredient_id) DO NOTHING;
INSERT INTO recipes (recipe_code, ingredient_id, qty_net, yield_rate, qty_eff) VALUES ('R-011', 'ING-086', 0.0025, 100.0, 0.0025) ON CONFLICT (recipe_code, ingredient_id) DO NOTHING;
INSERT INTO recipes (recipe_code, ingredient_id, qty_net, yield_rate, qty_eff) VALUES ('R-011', 'ING-082', 0.05, 100.0, 0.05) ON CONFLICT (recipe_code, ingredient_id) DO NOTHING;
INSERT INTO recipes (recipe_code, ingredient_id, qty_net, yield_rate, qty_eff) VALUES ('R-011', 'ING-056', 0.005, 100.0, 0.005) ON CONFLICT (recipe_code, ingredient_id) DO NOTHING;
INSERT INTO recipes (recipe_code, ingredient_id, qty_net, yield_rate, qty_eff) VALUES ('R-011', 'ING-092', 0.01, 85.0, 0.011764705882352941) ON CONFLICT (recipe_code, ingredient_id) DO NOTHING;
INSERT INTO menu_items (id, name, sale_price) VALUES ('R-012', 'Wellington de Buffle — Champignons, Poivre Phú Quốc', 535000.0) ON CONFLICT (id) DO NOTHING;
INSERT INTO recipes (recipe_code, ingredient_id, qty_net, yield_rate, qty_eff) VALUES ('R-012', 'ING-011', 0.16, 75.0, 0.21333333333333335) ON CONFLICT (recipe_code, ingredient_id) DO NOTHING;
INSERT INTO recipes (recipe_code, ingredient_id, qty_net, yield_rate, qty_eff) VALUES ('R-012', 'ING-079', 0.075, 100.0, 0.075) ON CONFLICT (recipe_code, ingredient_id) DO NOTHING;
INSERT INTO recipes (recipe_code, ingredient_id, qty_net, yield_rate, qty_eff) VALUES ('R-012', 'ING-025', 0.05, 80.0, 0.0625) ON CONFLICT (recipe_code, ingredient_id) DO NOTHING;
INSERT INTO recipes (recipe_code, ingredient_id, qty_net, yield_rate, qty_eff) VALUES ('R-012', 'ING-026', 0.025, 85.0, 0.029411764705882356) ON CONFLICT (recipe_code, ingredient_id) DO NOTHING;
INSERT INTO recipes (recipe_code, ingredient_id, qty_net, yield_rate, qty_eff) VALUES ('R-012', 'ING-032', 0.015, 85.0, 0.01764705882352941) ON CONFLICT (recipe_code, ingredient_id) DO NOTHING;
INSERT INTO recipes (recipe_code, ingredient_id, qty_net, yield_rate, qty_eff) VALUES ('R-012', 'ING-021', 0.25, 100.0, 0.25) ON CONFLICT (recipe_code, ingredient_id) DO NOTHING;
INSERT INTO recipes (recipe_code, ingredient_id, qty_net, yield_rate, qty_eff) VALUES ('R-012', 'ING-083', 0.063, 100.0, 0.063) ON CONFLICT (recipe_code, ingredient_id) DO NOTHING;
INSERT INTO recipes (recipe_code, ingredient_id, qty_net, yield_rate, qty_eff) VALUES ('R-012', 'ING-066', 0.0025, 100.0, 0.0025) ON CONFLICT (recipe_code, ingredient_id) DO NOTHING;
INSERT INTO recipes (recipe_code, ingredient_id, qty_net, yield_rate, qty_eff) VALUES ('R-012', 'ING-017', 0.01, 100.0, 0.01) ON CONFLICT (recipe_code, ingredient_id) DO NOTHING;
INSERT INTO recipes (recipe_code, ingredient_id, qty_net, yield_rate, qty_eff) VALUES ('R-012', 'ING-040', 0.0025, 70.0, 0.0035714285714285718) ON CONFLICT (recipe_code, ingredient_id) DO NOTHING;
INSERT INTO menu_items (id, name, sale_price) VALUES ('R-013', 'Risotto — Truffe Noire, Champignons de Tam Đảo', 435000.0) ON CONFLICT (id) DO NOTHING;
INSERT INTO recipes (recipe_code, ingredient_id, qty_net, yield_rate, qty_eff) VALUES ('R-013', 'ING-052', 0.07, 100.0, 0.07) ON CONFLICT (recipe_code, ingredient_id) DO NOTHING;
INSERT INTO recipes (recipe_code, ingredient_id, qty_net, yield_rate, qty_eff) VALUES ('R-013', 'ING-087', 2.0, 92.0, 2.1739130434782608) ON CONFLICT (recipe_code, ingredient_id) DO NOTHING;
INSERT INTO recipes (recipe_code, ingredient_id, qty_net, yield_rate, qty_eff) VALUES ('R-013', 'ING-025', 0.05, 80.0, 0.0625) ON CONFLICT (recipe_code, ingredient_id) DO NOTHING;
INSERT INTO recipes (recipe_code, ingredient_id, qty_net, yield_rate, qty_eff) VALUES ('R-013', 'ING-017', 0.025, 100.0, 0.025) ON CONFLICT (recipe_code, ingredient_id) DO NOTHING;
INSERT INTO recipes (recipe_code, ingredient_id, qty_net, yield_rate, qty_eff) VALUES ('R-013', 'ING-023', 0.01, 95.0, 0.010526315789473686) ON CONFLICT (recipe_code, ingredient_id) DO NOTHING;
INSERT INTO recipes (recipe_code, ingredient_id, qty_net, yield_rate, qty_eff) VALUES ('R-013', 'ING-032', 0.015, 85.0, 0.01764705882352941) ON CONFLICT (recipe_code, ingredient_id) DO NOTHING;
INSERT INTO recipes (recipe_code, ingredient_id, qty_net, yield_rate, qty_eff) VALUES ('R-013', 'ING-070', 0.03, 100.0, 0.03) ON CONFLICT (recipe_code, ingredient_id) DO NOTHING;
INSERT INTO recipes (recipe_code, ingredient_id, qty_net, yield_rate, qty_eff) VALUES ('R-013', 'ING-081', 0.2, 100.0, 0.2) ON CONFLICT (recipe_code, ingredient_id) DO NOTHING;
INSERT INTO recipes (recipe_code, ingredient_id, qty_net, yield_rate, qty_eff) VALUES ('R-013', 'ING-064', 0.0008, 100.0, 0.0008) ON CONFLICT (recipe_code, ingredient_id) DO NOTHING;
INSERT INTO menu_items (id, name, sale_price) VALUES ('R-014', 'Langoustine Rôtie — Beurre Noisette', 990000.0) ON CONFLICT (id) DO NOTHING;
INSERT INTO recipes (recipe_code, ingredient_id, qty_net, yield_rate, qty_eff) VALUES ('R-014', 'ING-005', 0.16, 50.0, 0.32) ON CONFLICT (recipe_code, ingredient_id) DO NOTHING;
INSERT INTO recipes (recipe_code, ingredient_id, qty_net, yield_rate, qty_eff) VALUES ('R-014', 'ING-092', 0.02, 85.0, 0.023529411764705882) ON CONFLICT (recipe_code, ingredient_id) DO NOTHING;
INSERT INTO recipes (recipe_code, ingredient_id, qty_net, yield_rate, qty_eff) VALUES ('R-014', 'ING-038', 0.0025, 60.0, 0.004166666666666667) ON CONFLICT (recipe_code, ingredient_id) DO NOTHING;
INSERT INTO recipes (recipe_code, ingredient_id, qty_net, yield_rate, qty_eff) VALUES ('R-014', 'ING-047', 0.005, 55.00000000000001, 0.00909090909090909) ON CONFLICT (recipe_code, ingredient_id) DO NOTHING;
INSERT INTO recipes (recipe_code, ingredient_id, qty_net, yield_rate, qty_eff) VALUES ('R-014', 'ING-064', 0.0008, 100.0, 0.0008) ON CONFLICT (recipe_code, ingredient_id) DO NOTHING;
INSERT INTO recipes (recipe_code, ingredient_id, qty_net, yield_rate, qty_eff) VALUES ('R-014', 'ING-066', 0.0005, 100.0, 0.0005) ON CONFLICT (recipe_code, ingredient_id) DO NOTHING;
INSERT INTO recipes (recipe_code, ingredient_id, qty_net, yield_rate, qty_eff) VALUES ('R-014', 'ING-035', 0.03, 92.0, 0.03260869565217391) ON CONFLICT (recipe_code, ingredient_id) DO NOTHING;
INSERT INTO recipes (recipe_code, ingredient_id, qty_net, yield_rate, qty_eff) VALUES ('R-014', 'ING-088', 0.005, 100.0, 0.005) ON CONFLICT (recipe_code, ingredient_id) DO NOTHING;
INSERT INTO menu_items (id, name, sale_price) VALUES ('R-015', 'Saint-Jacques — Beurre Blanc, Agrumes', 695000.0) ON CONFLICT (id) DO NOTHING;
INSERT INTO recipes (recipe_code, ingredient_id, qty_net, yield_rate, qty_eff) VALUES ('R-015', 'ING-002', 0.1, 85.0, 0.11764705882352942) ON CONFLICT (recipe_code, ingredient_id) DO NOTHING;
INSERT INTO recipes (recipe_code, ingredient_id, qty_net, yield_rate, qty_eff) VALUES ('R-015', 'ING-017', 0.038, 100.0, 0.038) ON CONFLICT (recipe_code, ingredient_id) DO NOTHING;
INSERT INTO recipes (recipe_code, ingredient_id, qty_net, yield_rate, qty_eff) VALUES ('R-015', 'ING-032', 0.02, 85.0, 0.023529411764705882) ON CONFLICT (recipe_code, ingredient_id) DO NOTHING;
INSERT INTO recipes (recipe_code, ingredient_id, qty_net, yield_rate, qty_eff) VALUES ('R-015', 'ING-070', 0.025, 100.0, 0.025) ON CONFLICT (recipe_code, ingredient_id) DO NOTHING;
INSERT INTO recipes (recipe_code, ingredient_id, qty_net, yield_rate, qty_eff) VALUES ('R-015', 'ING-062', 0.0075, 100.0, 0.0075) ON CONFLICT (recipe_code, ingredient_id) DO NOTHING;
INSERT INTO recipes (recipe_code, ingredient_id, qty_net, yield_rate, qty_eff) VALUES ('R-015', 'ING-047', 0.0075, 55.00000000000001, 0.013636363636363634) ON CONFLICT (recipe_code, ingredient_id) DO NOTHING;
INSERT INTO recipes (recipe_code, ingredient_id, qty_net, yield_rate, qty_eff) VALUES ('R-015', 'ING-019', 0.015, 100.0, 0.015) ON CONFLICT (recipe_code, ingredient_id) DO NOTHING;
INSERT INTO recipes (recipe_code, ingredient_id, qty_net, yield_rate, qty_eff) VALUES ('R-015', 'ING-024', 0.045, 75.0, 0.06) ON CONFLICT (recipe_code, ingredient_id) DO NOTHING;
INSERT INTO recipes (recipe_code, ingredient_id, qty_net, yield_rate, qty_eff) VALUES ('R-015', 'ING-061', 0.005, 100.0, 0.005) ON CONFLICT (recipe_code, ingredient_id) DO NOTHING;
INSERT INTO recipes (recipe_code, ingredient_id, qty_net, yield_rate, qty_eff) VALUES ('R-015', 'ING-064', 0.0008, 100.0, 0.0008) ON CONFLICT (recipe_code, ingredient_id) DO NOTHING;
INSERT INTO recipes (recipe_code, ingredient_id, qty_net, yield_rate, qty_eff) VALUES ('R-015', 'ING-009', 1.0, 100.0, 1.0) ON CONFLICT (recipe_code, ingredient_id) DO NOTHING;
INSERT INTO menu_items (id, name, sale_price) VALUES ('R-016', 'Bar du Vietnam — Beurre Blanc, Agrumes', 435000.0) ON CONFLICT (id) DO NOTHING;
INSERT INTO recipes (recipe_code, ingredient_id, qty_net, yield_rate, qty_eff) VALUES ('R-016', 'ING-004', 0.14, 80.0, 0.17500000000000002) ON CONFLICT (recipe_code, ingredient_id) DO NOTHING;
INSERT INTO recipes (recipe_code, ingredient_id, qty_net, yield_rate, qty_eff) VALUES ('R-016', 'ING-017', 0.038, 100.0, 0.038) ON CONFLICT (recipe_code, ingredient_id) DO NOTHING;
INSERT INTO recipes (recipe_code, ingredient_id, qty_net, yield_rate, qty_eff) VALUES ('R-016', 'ING-032', 0.02, 85.0, 0.023529411764705882) ON CONFLICT (recipe_code, ingredient_id) DO NOTHING;
INSERT INTO recipes (recipe_code, ingredient_id, qty_net, yield_rate, qty_eff) VALUES ('R-016', 'ING-070', 0.025, 100.0, 0.025) ON CONFLICT (recipe_code, ingredient_id) DO NOTHING;
INSERT INTO recipes (recipe_code, ingredient_id, qty_net, yield_rate, qty_eff) VALUES ('R-016', 'ING-062', 0.0075, 100.0, 0.0075) ON CONFLICT (recipe_code, ingredient_id) DO NOTHING;
INSERT INTO recipes (recipe_code, ingredient_id, qty_net, yield_rate, qty_eff) VALUES ('R-016', 'ING-047', 0.0075, 55.00000000000001, 0.013636363636363634) ON CONFLICT (recipe_code, ingredient_id) DO NOTHING;
INSERT INTO recipes (recipe_code, ingredient_id, qty_net, yield_rate, qty_eff) VALUES ('R-016', 'ING-019', 0.015, 100.0, 0.015) ON CONFLICT (recipe_code, ingredient_id) DO NOTHING;
INSERT INTO recipes (recipe_code, ingredient_id, qty_net, yield_rate, qty_eff) VALUES ('R-016', 'ING-024', 0.045, 75.0, 0.06) ON CONFLICT (recipe_code, ingredient_id) DO NOTHING;
INSERT INTO recipes (recipe_code, ingredient_id, qty_net, yield_rate, qty_eff) VALUES ('R-016', 'ING-061', 0.005, 100.0, 0.005) ON CONFLICT (recipe_code, ingredient_id) DO NOTHING;
INSERT INTO recipes (recipe_code, ingredient_id, qty_net, yield_rate, qty_eff) VALUES ('R-016', 'ING-064', 0.0008, 100.0, 0.0008) ON CONFLICT (recipe_code, ingredient_id) DO NOTHING;
INSERT INTO menu_items (id, name, sale_price) VALUES ('R-017', 'Magret de Canard — Prunes de Sapa, Madère', 435000.0) ON CONFLICT (id) DO NOTHING;
INSERT INTO recipes (recipe_code, ingredient_id, qty_net, yield_rate, qty_eff) VALUES ('R-017', 'ING-012', 0.16, 85.0, 0.18823529411764706) ON CONFLICT (recipe_code, ingredient_id) DO NOTHING;
INSERT INTO recipes (recipe_code, ingredient_id, qty_net, yield_rate, qty_eff) VALUES ('R-017', 'ING-049', 0.03, 78.0, 0.03846153846153846) ON CONFLICT (recipe_code, ingredient_id) DO NOTHING;
INSERT INTO recipes (recipe_code, ingredient_id, qty_net, yield_rate, qty_eff) VALUES ('R-017', 'ING-083', 0.063, 100.0, 0.063) ON CONFLICT (recipe_code, ingredient_id) DO NOTHING;
INSERT INTO recipes (recipe_code, ingredient_id, qty_net, yield_rate, qty_eff) VALUES ('R-017', 'ING-074', 0.0125, 100.0, 0.0125) ON CONFLICT (recipe_code, ingredient_id) DO NOTHING;
INSERT INTO recipes (recipe_code, ingredient_id, qty_net, yield_rate, qty_eff) VALUES ('R-017', 'ING-017', 0.01, 100.0, 0.01) ON CONFLICT (recipe_code, ingredient_id) DO NOTHING;
INSERT INTO recipes (recipe_code, ingredient_id, qty_net, yield_rate, qty_eff) VALUES ('R-017', 'ING-033', 0.005, 95.0, 0.005263157894736843) ON CONFLICT (recipe_code, ingredient_id) DO NOTHING;
INSERT INTO recipes (recipe_code, ingredient_id, qty_net, yield_rate, qty_eff) VALUES ('R-017', 'ING-036', 0.075, 70.0, 0.10714285714285715) ON CONFLICT (recipe_code, ingredient_id) DO NOTHING;
INSERT INTO recipes (recipe_code, ingredient_id, qty_net, yield_rate, qty_eff) VALUES ('R-017', 'ING-064', 0.0008, 100.0, 0.0008) ON CONFLICT (recipe_code, ingredient_id) DO NOTHING;
INSERT INTO recipes (recipe_code, ingredient_id, qty_net, yield_rate, qty_eff) VALUES ('R-017', 'ING-066', 0.0005, 100.0, 0.0005) ON CONFLICT (recipe_code, ingredient_id) DO NOTHING;
INSERT INTO menu_items (id, name, sale_price) VALUES ('R-018', 'Carré d''Agneau — Herbes Vietnamiennes', 990000.0) ON CONFLICT (id) DO NOTHING;
INSERT INTO recipes (recipe_code, ingredient_id, qty_net, yield_rate, qty_eff) VALUES ('R-018', 'ING-013', 0.2, 90.0, 0.22222222222222224) ON CONFLICT (recipe_code, ingredient_id) DO NOTHING;
INSERT INTO recipes (recipe_code, ingredient_id, qty_net, yield_rate, qty_eff) VALUES ('R-018', 'ING-040', 0.005, 70.0, 0.0071428571428571435) ON CONFLICT (recipe_code, ingredient_id) DO NOTHING;
INSERT INTO recipes (recipe_code, ingredient_id, qty_net, yield_rate, qty_eff) VALUES ('R-018', 'ING-041', 0.0025, 55.00000000000001, 0.004545454545454545) ON CONFLICT (recipe_code, ingredient_id) DO NOTHING;
INSERT INTO recipes (recipe_code, ingredient_id, qty_net, yield_rate, qty_eff) VALUES ('R-018', 'ING-042', 0.0025, 80.0, 0.0031249999999999997) ON CONFLICT (recipe_code, ingredient_id) DO NOTHING;
INSERT INTO recipes (recipe_code, ingredient_id, qty_net, yield_rate, qty_eff) VALUES ('R-018', 'ING-053', 0.015, 100.0, 0.015) ON CONFLICT (recipe_code, ingredient_id) DO NOTHING;
INSERT INTO recipes (recipe_code, ingredient_id, qty_net, yield_rate, qty_eff) VALUES ('R-018', 'ING-017', 0.02, 100.0, 0.02) ON CONFLICT (recipe_code, ingredient_id) DO NOTHING;
INSERT INTO recipes (recipe_code, ingredient_id, qty_net, yield_rate, qty_eff) VALUES ('R-018', 'ING-051', 0.038, 100.0, 0.038) ON CONFLICT (recipe_code, ingredient_id) DO NOTHING;
INSERT INTO recipes (recipe_code, ingredient_id, qty_net, yield_rate, qty_eff) VALUES ('R-018', 'ING-029', 0.05, 70.0, 0.07142857142857144) ON CONFLICT (recipe_code, ingredient_id) DO NOTHING;
INSERT INTO recipes (recipe_code, ingredient_id, qty_net, yield_rate, qty_eff) VALUES ('R-018', 'ING-083', 0.063, 100.0, 0.063) ON CONFLICT (recipe_code, ingredient_id) DO NOTHING;
INSERT INTO recipes (recipe_code, ingredient_id, qty_net, yield_rate, qty_eff) VALUES ('R-018', 'ING-066', 0.0008, 100.0, 0.0008) ON CONFLICT (recipe_code, ingredient_id) DO NOTHING;
INSERT INTO recipes (recipe_code, ingredient_id, qty_net, yield_rate, qty_eff) VALUES ('R-018', 'ING-064', 0.0008, 100.0, 0.0008) ON CONFLICT (recipe_code, ingredient_id) DO NOTHING;
INSERT INTO menu_items (id, name, sale_price) VALUES ('R-019', 'Bœuf Wagyu MBS 6-7 — Jus Maison', 1595000.0) ON CONFLICT (id) DO NOTHING;
INSERT INTO recipes (recipe_code, ingredient_id, qty_net, yield_rate, qty_eff) VALUES ('R-019', 'ING-010', 0.12, 85.0, 0.1411764705882353) ON CONFLICT (recipe_code, ingredient_id) DO NOTHING;
INSERT INTO recipes (recipe_code, ingredient_id, qty_net, yield_rate, qty_eff) VALUES ('R-019', 'ING-028', 0.063, 65.0, 0.09692307692307692) ON CONFLICT (recipe_code, ingredient_id) DO NOTHING;
INSERT INTO recipes (recipe_code, ingredient_id, qty_net, yield_rate, qty_eff) VALUES ('R-019', 'ING-030', 0.045, 78.0, 0.05769230769230769) ON CONFLICT (recipe_code, ingredient_id) DO NOTHING;
INSERT INTO recipes (recipe_code, ingredient_id, qty_net, yield_rate, qty_eff) VALUES ('R-019', 'ING-083', 0.063, 100.0, 0.063) ON CONFLICT (recipe_code, ingredient_id) DO NOTHING;
INSERT INTO recipes (recipe_code, ingredient_id, qty_net, yield_rate, qty_eff) VALUES ('R-019', 'ING-033', 0.004, 95.0, 0.004210526315789474) ON CONFLICT (recipe_code, ingredient_id) DO NOTHING;
INSERT INTO recipes (recipe_code, ingredient_id, qty_net, yield_rate, qty_eff) VALUES ('R-019', 'ING-017', 0.015, 100.0, 0.015) ON CONFLICT (recipe_code, ingredient_id) DO NOTHING;
INSERT INTO recipes (recipe_code, ingredient_id, qty_net, yield_rate, qty_eff) VALUES ('R-019', 'ING-064', 0.0008, 100.0, 0.0008) ON CONFLICT (recipe_code, ingredient_id) DO NOTHING;
INSERT INTO recipes (recipe_code, ingredient_id, qty_net, yield_rate, qty_eff) VALUES ('R-019', 'ING-066', 0.0008, 100.0, 0.0008) ON CONFLICT (recipe_code, ingredient_id) DO NOTHING;
INSERT INTO recipes (recipe_code, ingredient_id, qty_net, yield_rate, qty_eff) VALUES ('R-019', 'ING-061', 0.005, 100.0, 0.005) ON CONFLICT (recipe_code, ingredient_id) DO NOTHING;
INSERT INTO menu_items (id, name, sale_price) VALUES ('R-020', 'Plat Végétal — Légumineuses, Racines', 290000.0) ON CONFLICT (id) DO NOTHING;
INSERT INTO recipes (recipe_code, ingredient_id, qty_net, yield_rate, qty_eff) VALUES ('R-020', 'ING-051', 0.06, 100.0, 0.06) ON CONFLICT (recipe_code, ingredient_id) DO NOTHING;
INSERT INTO recipes (recipe_code, ingredient_id, qty_net, yield_rate, qty_eff) VALUES ('R-020', 'ING-028', 0.05, 65.0, 0.07692307692307693) ON CONFLICT (recipe_code, ingredient_id) DO NOTHING;
INSERT INTO recipes (recipe_code, ingredient_id, qty_net, yield_rate, qty_eff) VALUES ('R-020', 'ING-030', 0.045, 78.0, 0.05769230769230769) ON CONFLICT (recipe_code, ingredient_id) DO NOTHING;
INSERT INTO recipes (recipe_code, ingredient_id, qty_net, yield_rate, qty_eff) VALUES ('R-020', 'ING-029', 0.04, 70.0, 0.05714285714285715) ON CONFLICT (recipe_code, ingredient_id) DO NOTHING;
INSERT INTO recipes (recipe_code, ingredient_id, qty_net, yield_rate, qty_eff) VALUES ('R-020', 'ING-017', 0.015, 100.0, 0.015) ON CONFLICT (recipe_code, ingredient_id) DO NOTHING;
INSERT INTO recipes (recipe_code, ingredient_id, qty_net, yield_rate, qty_eff) VALUES ('R-020', 'ING-019', 0.02, 100.0, 0.02) ON CONFLICT (recipe_code, ingredient_id) DO NOTHING;
INSERT INTO recipes (recipe_code, ingredient_id, qty_net, yield_rate, qty_eff) VALUES ('R-020', 'ING-081', 0.05, 100.0, 0.05) ON CONFLICT (recipe_code, ingredient_id) DO NOTHING;
INSERT INTO recipes (recipe_code, ingredient_id, qty_net, yield_rate, qty_eff) VALUES ('R-020', 'ING-033', 0.0025, 95.0, 0.0026315789473684214) ON CONFLICT (recipe_code, ingredient_id) DO NOTHING;
INSERT INTO recipes (recipe_code, ingredient_id, qty_net, yield_rate, qty_eff) VALUES ('R-020', 'ING-064', 0.0008, 100.0, 0.0008) ON CONFLICT (recipe_code, ingredient_id) DO NOTHING;
INSERT INTO recipes (recipe_code, ingredient_id, qty_net, yield_rate, qty_eff) VALUES ('R-020', 'ING-040', 0.0025, 70.0, 0.0035714285714285718) ON CONFLICT (recipe_code, ingredient_id) DO NOTHING;
INSERT INTO menu_items (id, name, sale_price) VALUES ('R-021', 'Sélection de Fromages Français Affinés', 390000.0) ON CONFLICT (id) DO NOTHING;
INSERT INTO recipes (recipe_code, ingredient_id, qty_net, yield_rate, qty_eff) VALUES ('R-021', 'ING-023', 0.06, 95.0, 0.06315789473684211) ON CONFLICT (recipe_code, ingredient_id) DO NOTHING;
INSERT INTO recipes (recipe_code, ingredient_id, qty_net, yield_rate, qty_eff) VALUES ('R-021', 'ING-088', 0.005, 100.0, 0.005) ON CONFLICT (recipe_code, ingredient_id) DO NOTHING;
INSERT INTO recipes (recipe_code, ingredient_id, qty_net, yield_rate, qty_eff) VALUES ('R-021', 'ING-049', 0.015, 78.0, 0.01923076923076923) ON CONFLICT (recipe_code, ingredient_id) DO NOTHING;
INSERT INTO menu_items (id, name, sale_price) VALUES ('R-022', 'Soufflé du Moment — Glace Vanille', 235000.0) ON CONFLICT (id) DO NOTHING;
INSERT INTO recipes (recipe_code, ingredient_id, qty_net, yield_rate, qty_eff) VALUES ('R-022', 'ING-021', 1.5, 100.0, 1.5) ON CONFLICT (recipe_code, ingredient_id) DO NOTHING;
INSERT INTO recipes (recipe_code, ingredient_id, qty_net, yield_rate, qty_eff) VALUES ('R-022', 'ING-020', 0.063, 100.0, 0.063) ON CONFLICT (recipe_code, ingredient_id) DO NOTHING;
INSERT INTO recipes (recipe_code, ingredient_id, qty_net, yield_rate, qty_eff) VALUES ('R-022', 'ING-054', 0.03, 100.0, 0.03) ON CONFLICT (recipe_code, ingredient_id) DO NOTHING;
INSERT INTO recipes (recipe_code, ingredient_id, qty_net, yield_rate, qty_eff) VALUES ('R-022', 'ING-053', 0.01, 100.0, 0.01) ON CONFLICT (recipe_code, ingredient_id) DO NOTHING;
INSERT INTO recipes (recipe_code, ingredient_id, qty_net, yield_rate, qty_eff) VALUES ('R-022', 'ING-017', 0.01, 100.0, 0.01) ON CONFLICT (recipe_code, ingredient_id) DO NOTHING;
INSERT INTO recipes (recipe_code, ingredient_id, qty_net, yield_rate, qty_eff) VALUES ('R-022', 'ING-091', 0.005, 100.0, 0.005) ON CONFLICT (recipe_code, ingredient_id) DO NOTHING;
INSERT INTO recipes (recipe_code, ingredient_id, qty_net, yield_rate, qty_eff) VALUES ('R-022', 'ING-080', 0.05, 100.0, 0.05) ON CONFLICT (recipe_code, ingredient_id) DO NOTHING;
INSERT INTO recipes (recipe_code, ingredient_id, qty_net, yield_rate, qty_eff) VALUES ('R-022', 'ING-049', 0.02, 78.0, 0.02564102564102564) ON CONFLICT (recipe_code, ingredient_id) DO NOTHING;
INSERT INTO menu_items (id, name, sale_price) VALUES ('R-023', 'Chocolat du Vietnam — Contraste d''Agrumes', 155000.0) ON CONFLICT (id) DO NOTHING;
INSERT INTO recipes (recipe_code, ingredient_id, qty_net, yield_rate, qty_eff) VALUES ('R-023', 'ING-075', 0.05, 100.0, 0.05) ON CONFLICT (recipe_code, ingredient_id) DO NOTHING;
INSERT INTO recipes (recipe_code, ingredient_id, qty_net, yield_rate, qty_eff) VALUES ('R-023', 'ING-019', 0.045, 100.0, 0.045) ON CONFLICT (recipe_code, ingredient_id) DO NOTHING;
INSERT INTO recipes (recipe_code, ingredient_id, qty_net, yield_rate, qty_eff) VALUES ('R-023', 'ING-021', 0.5, 100.0, 0.5) ON CONFLICT (recipe_code, ingredient_id) DO NOTHING;
INSERT INTO recipes (recipe_code, ingredient_id, qty_net, yield_rate, qty_eff) VALUES ('R-023', 'ING-017', 0.015, 100.0, 0.015) ON CONFLICT (recipe_code, ingredient_id) DO NOTHING;
INSERT INTO recipes (recipe_code, ingredient_id, qty_net, yield_rate, qty_eff) VALUES ('R-023', 'ING-046', 0.01, 80.0, 0.012499999999999999) ON CONFLICT (recipe_code, ingredient_id) DO NOTHING;
INSERT INTO recipes (recipe_code, ingredient_id, qty_net, yield_rate, qty_eff) VALUES ('R-023', 'ING-047', 0.005, 55.00000000000001, 0.00909090909090909) ON CONFLICT (recipe_code, ingredient_id) DO NOTHING;
INSERT INTO recipes (recipe_code, ingredient_id, qty_net, yield_rate, qty_eff) VALUES ('R-023', 'ING-077', 0.005, 100.0, 0.005) ON CONFLICT (recipe_code, ingredient_id) DO NOTHING;
INSERT INTO recipes (recipe_code, ingredient_id, qty_net, yield_rate, qty_eff) VALUES ('R-023', 'ING-054', 0.01, 100.0, 0.01) ON CONFLICT (recipe_code, ingredient_id) DO NOTHING;
INSERT INTO menu_items (id, name, sale_price) VALUES ('R-024', 'Crème Brûlée — Vanille', 135000.0) ON CONFLICT (id) DO NOTHING;
INSERT INTO recipes (recipe_code, ingredient_id, qty_net, yield_rate, qty_eff) VALUES ('R-024', 'ING-019', 0.083, 100.0, 0.083) ON CONFLICT (recipe_code, ingredient_id) DO NOTHING;
INSERT INTO recipes (recipe_code, ingredient_id, qty_net, yield_rate, qty_eff) VALUES ('R-024', 'ING-020', 0.025, 100.0, 0.025) ON CONFLICT (recipe_code, ingredient_id) DO NOTHING;
INSERT INTO recipes (recipe_code, ingredient_id, qty_net, yield_rate, qty_eff) VALUES ('R-024', 'ING-021', 1.0, 100.0, 1.0) ON CONFLICT (recipe_code, ingredient_id) DO NOTHING;
INSERT INTO recipes (recipe_code, ingredient_id, qty_net, yield_rate, qty_eff) VALUES ('R-024', 'ING-054', 0.015, 100.0, 0.015) ON CONFLICT (recipe_code, ingredient_id) DO NOTHING;
INSERT INTO recipes (recipe_code, ingredient_id, qty_net, yield_rate, qty_eff) VALUES ('R-024', 'ING-044', 0.0002, 100.0, 0.0002) ON CONFLICT (recipe_code, ingredient_id) DO NOTHING;
INSERT INTO recipes (recipe_code, ingredient_id, qty_net, yield_rate, qty_eff) VALUES ('R-024', 'ING-054', 0.007, 100.0, 0.007) ON CONFLICT (recipe_code, ingredient_id) DO NOTHING;
INSERT INTO menu_items (id, name, sale_price) VALUES ('R-025', 'Assiette de Fruits Tropicaux', 195000.0) ON CONFLICT (id) DO NOTHING;
INSERT INTO recipes (recipe_code, ingredient_id, qty_net, yield_rate, qty_eff) VALUES ('R-025', 'ING-049', 0.125, 78.0, 0.16025641025641024) ON CONFLICT (recipe_code, ingredient_id) DO NOTHING;
INSERT INTO recipes (recipe_code, ingredient_id, qty_net, yield_rate, qty_eff) VALUES ('R-025', 'ING-050', 0.038, 60.0, 0.06333333333333334) ON CONFLICT (recipe_code, ingredient_id) DO NOTHING;
INSERT INTO recipes (recipe_code, ingredient_id, qty_net, yield_rate, qty_eff) VALUES ('R-025', 'ING-048', 0.025, 75.0, 0.03333333333333333) ON CONFLICT (recipe_code, ingredient_id) DO NOTHING;
INSERT INTO recipes (recipe_code, ingredient_id, qty_net, yield_rate, qty_eff) VALUES ('R-025', 'ING-047', 0.005, 55.00000000000001, 0.00909090909090909) ON CONFLICT (recipe_code, ingredient_id) DO NOTHING;
INSERT INTO recipes (recipe_code, ingredient_id, qty_net, yield_rate, qty_eff) VALUES ('R-025', 'ING-042', 0.0012, 80.0, 0.0014999999999999998) ON CONFLICT (recipe_code, ingredient_id) DO NOTHING;
INSERT INTO recipes (recipe_code, ingredient_id, qty_net, yield_rate, qty_eff) VALUES ('R-025', 'ING-091', 0.005, 100.0, 0.005) ON CONFLICT (recipe_code, ingredient_id) DO NOTHING;
INSERT INTO menu_items (id, name, sale_price) VALUES ('R-026', 'Sorbet de Fruits Vietnamiens (Intermezzo)', 30000.0) ON CONFLICT (id) DO NOTHING;
INSERT INTO recipes (recipe_code, ingredient_id, qty_net, yield_rate, qty_eff) VALUES ('R-026', 'ING-049', 0.05, 78.0, 0.06410256410256411) ON CONFLICT (recipe_code, ingredient_id) DO NOTHING;
INSERT INTO recipes (recipe_code, ingredient_id, qty_net, yield_rate, qty_eff) VALUES ('R-026', 'ING-054', 0.012, 100.0, 0.012) ON CONFLICT (recipe_code, ingredient_id) DO NOTHING;
INSERT INTO recipes (recipe_code, ingredient_id, qty_net, yield_rate, qty_eff) VALUES ('R-026', 'ING-047', 0.004, 55.00000000000001, 0.007272727272727273) ON CONFLICT (recipe_code, ingredient_id) DO NOTHING;
INSERT INTO recipes (recipe_code, ingredient_id, qty_net, yield_rate, qty_eff) VALUES ('R-026', 'ING-042', 0.0005, 80.0, 0.000625) ON CONFLICT (recipe_code, ingredient_id) DO NOTHING;
INSERT INTO menu_items (id, name, sale_price) VALUES ('R-027', 'Amuse-Bouche du Chef', 110000.0) ON CONFLICT (id) DO NOTHING;
INSERT INTO recipes (recipe_code, ingredient_id, qty_net, yield_rate, qty_eff) VALUES ('R-027', 'ING-021', 0.5, 100.0, 0.5) ON CONFLICT (recipe_code, ingredient_id) DO NOTHING;
INSERT INTO recipes (recipe_code, ingredient_id, qty_net, yield_rate, qty_eff) VALUES ('R-027', 'ING-017', 0.0075, 100.0, 0.0075) ON CONFLICT (recipe_code, ingredient_id) DO NOTHING;
INSERT INTO recipes (recipe_code, ingredient_id, qty_net, yield_rate, qty_eff) VALUES ('R-027', 'ING-024', 0.01, 75.0, 0.013333333333333334) ON CONFLICT (recipe_code, ingredient_id) DO NOTHING;
INSERT INTO recipes (recipe_code, ingredient_id, qty_net, yield_rate, qty_eff) VALUES ('R-027', 'ING-064', 0.00025, 100.0, 0.00025) ON CONFLICT (recipe_code, ingredient_id) DO NOTHING;
INSERT INTO recipes (recipe_code, ingredient_id, qty_net, yield_rate, qty_eff) VALUES ('R-027', 'ING-009', 0.5, 100.0, 0.5) ON CONFLICT (recipe_code, ingredient_id) DO NOTHING;
INSERT INTO menu_items (id, name, sale_price) VALUES ('R-028', 'Côte de Bœuf Black Angus — Pommes grenaille, Échalote confite', 890000.0) ON CONFLICT (id) DO NOTHING;
INSERT INTO recipes (recipe_code, ingredient_id, qty_net, yield_rate, qty_eff) VALUES ('R-028', 'ING-093', 0.15, 80.0, 0.18749999999999997) ON CONFLICT (recipe_code, ingredient_id) DO NOTHING;
INSERT INTO recipes (recipe_code, ingredient_id, qty_net, yield_rate, qty_eff) VALUES ('R-028', 'ING-083', 0.063, 100.0, 0.063) ON CONFLICT (recipe_code, ingredient_id) DO NOTHING;
INSERT INTO recipes (recipe_code, ingredient_id, qty_net, yield_rate, qty_eff) VALUES ('R-028', 'ING-032', 0.06, 85.0, 0.07058823529411765) ON CONFLICT (recipe_code, ingredient_id) DO NOTHING;
INSERT INTO recipes (recipe_code, ingredient_id, qty_net, yield_rate, qty_eff) VALUES ('R-028', 'ING-017', 0.02, 100.0, 0.02) ON CONFLICT (recipe_code, ingredient_id) DO NOTHING;
INSERT INTO recipes (recipe_code, ingredient_id, qty_net, yield_rate, qty_eff) VALUES ('R-028', 'ING-061', 0.005, 100.0, 0.005) ON CONFLICT (recipe_code, ingredient_id) DO NOTHING;
INSERT INTO recipes (recipe_code, ingredient_id, qty_net, yield_rate, qty_eff) VALUES ('R-028', 'ING-064', 0.0008, 100.0, 0.0008) ON CONFLICT (recipe_code, ingredient_id) DO NOTHING;
INSERT INTO recipes (recipe_code, ingredient_id, qty_net, yield_rate, qty_eff) VALUES ('R-028', 'ING-066', 0.0008, 100.0, 0.0008) ON CONFLICT (recipe_code, ingredient_id) DO NOTHING;
INSERT INTO recipes (recipe_code, ingredient_id, qty_net, yield_rate, qty_eff) VALUES ('R-028', 'ING-036', 0.08, 70.0, 0.1142857142857143) ON CONFLICT (recipe_code, ingredient_id) DO NOTHING;
INSERT INTO menu_items (id, name, sale_price) VALUES ('R-001', 'Carpaccio de Thon de Nha Trang', 0.0) ON CONFLICT (id) DO NOTHING;
INSERT INTO recipes (recipe_code, ingredient_id, qty_net, yield_rate, qty_eff) VALUES ('R-001', 'ING-001', 0.05, 85.0, 0.05882352941176471) ON CONFLICT (recipe_code, ingredient_id) DO NOTHING;
INSERT INTO recipes (recipe_code, ingredient_id, qty_net, yield_rate, qty_eff) VALUES ('R-001', 'ING-045', 0.01, 65.0, 0.015384615384615384) ON CONFLICT (recipe_code, ingredient_id) DO NOTHING;
INSERT INTO recipes (recipe_code, ingredient_id, qty_net, yield_rate, qty_eff) VALUES ('R-001', 'ING-046', 0.01, 80.0, 0.012499999999999999) ON CONFLICT (recipe_code, ingredient_id) DO NOTHING;
INSERT INTO recipes (recipe_code, ingredient_id, qty_net, yield_rate, qty_eff) VALUES ('R-001', 'ING-064', 0.001, 100.0, 0.001) ON CONFLICT (recipe_code, ingredient_id) DO NOTHING;
INSERT INTO recipes (recipe_code, ingredient_id, qty_net, yield_rate, qty_eff) VALUES ('R-001', 'ING-059', 0.008, 100.0, 0.008) ON CONFLICT (recipe_code, ingredient_id) DO NOTHING;
INSERT INTO recipes (recipe_code, ingredient_id, qty_net, yield_rate, qty_eff) VALUES ('R-001', 'ING-039', 0.002, 75.0, 0.0026666666666666666) ON CONFLICT (recipe_code, ingredient_id) DO NOTHING;
INSERT INTO recipes (recipe_code, ingredient_id, qty_net, yield_rate, qty_eff) VALUES ('R-001', 'ING-038', 0.0015, 60.0, 0.0025) ON CONFLICT (recipe_code, ingredient_id) DO NOTHING;
INSERT INTO menu_items (id, name, sale_price) VALUES ('R-004', 'Tartare de Saint-Jacques au Caviar d''Aquitaine', 0.0) ON CONFLICT (id) DO NOTHING;
INSERT INTO recipes (recipe_code, ingredient_id, qty_net, yield_rate, qty_eff) VALUES ('R-004', 'ING-002', 0.04, 85.0, 0.047058823529411764) ON CONFLICT (recipe_code, ingredient_id) DO NOTHING;
INSERT INTO recipes (recipe_code, ingredient_id, qty_net, yield_rate, qty_eff) VALUES ('R-004', 'ING-009', 7.5, 100.0, 7.5) ON CONFLICT (recipe_code, ingredient_id) DO NOTHING;
INSERT INTO recipes (recipe_code, ingredient_id, qty_net, yield_rate, qty_eff) VALUES ('R-004', 'ING-031', 0.024, 65.0, 0.03692307692307692) ON CONFLICT (recipe_code, ingredient_id) DO NOTHING;
INSERT INTO recipes (recipe_code, ingredient_id, qty_net, yield_rate, qty_eff) VALUES ('R-004', 'ING-045', 0.01, 65.0, 0.015384615384615384) ON CONFLICT (recipe_code, ingredient_id) DO NOTHING;
INSERT INTO recipes (recipe_code, ingredient_id, qty_net, yield_rate, qty_eff) VALUES ('R-004', 'ING-064', 0.0012, 100.0, 0.0012) ON CONFLICT (recipe_code, ingredient_id) DO NOTHING;
INSERT INTO recipes (recipe_code, ingredient_id, qty_net, yield_rate, qty_eff) VALUES ('R-004', 'ING-039', 0.0025, 75.0, 0.0033333333333333335) ON CONFLICT (recipe_code, ingredient_id) DO NOTHING;
INSERT INTO recipes (recipe_code, ingredient_id, qty_net, yield_rate, qty_eff) VALUES ('R-004', 'ING-019', 0.01, 100.0, 0.01) ON CONFLICT (recipe_code, ingredient_id) DO NOTHING;
INSERT INTO menu_items (id, name, sale_price) VALUES ('R-005', 'Expression Végétale de Đà Lạt', 0.0) ON CONFLICT (id) DO NOTHING;
INSERT INTO recipes (recipe_code, ingredient_id, qty_net, yield_rate, qty_eff) VALUES ('R-005', 'ING-024', 0.06, 75.0, 0.08) ON CONFLICT (recipe_code, ingredient_id) DO NOTHING;
INSERT INTO recipes (recipe_code, ingredient_id, qty_net, yield_rate, qty_eff) VALUES ('R-005', 'ING-031', 0.03, 65.0, 0.04615384615384615) ON CONFLICT (recipe_code, ingredient_id) DO NOTHING;
INSERT INTO recipes (recipe_code, ingredient_id, qty_net, yield_rate, qty_eff) VALUES ('R-005', 'ING-019', 0.015, 100.0, 0.015) ON CONFLICT (recipe_code, ingredient_id) DO NOTHING;
INSERT INTO recipes (recipe_code, ingredient_id, qty_net, yield_rate, qty_eff) VALUES ('R-005', 'ING-039', 0.003, 75.0, 0.004) ON CONFLICT (recipe_code, ingredient_id) DO NOTHING;
INSERT INTO recipes (recipe_code, ingredient_id, qty_net, yield_rate, qty_eff) VALUES ('R-005', 'ING-040', 0.004, 70.0, 0.005714285714285715) ON CONFLICT (recipe_code, ingredient_id) DO NOTHING;
INSERT INTO recipes (recipe_code, ingredient_id, qty_net, yield_rate, qty_eff) VALUES ('R-005', 'ING-038', 0.002, 60.0, 0.0033333333333333335) ON CONFLICT (recipe_code, ingredient_id) DO NOTHING;
INSERT INTO recipes (recipe_code, ingredient_id, qty_net, yield_rate, qty_eff) VALUES ('R-005', 'ING-059', 0.008, 100.0, 0.008) ON CONFLICT (recipe_code, ingredient_id) DO NOTHING;
INSERT INTO recipes (recipe_code, ingredient_id, qty_net, yield_rate, qty_eff) VALUES ('R-005', 'ING-064', 0.001, 100.0, 0.001) ON CONFLICT (recipe_code, ingredient_id) DO NOTHING;
INSERT INTO menu_items (id, name, sale_price) VALUES ('R-007', 'Bisque de Crevettes de Nha Trang', 0.0) ON CONFLICT (id) DO NOTHING;
INSERT INTO recipes (recipe_code, ingredient_id, qty_net, yield_rate, qty_eff) VALUES ('R-007', 'ING-006', 0.075, 55.00000000000001, 0.13636363636363635) ON CONFLICT (recipe_code, ingredient_id) DO NOTHING;
INSERT INTO recipes (recipe_code, ingredient_id, qty_net, yield_rate, qty_eff) VALUES ('R-007', 'ING-018', 0.019, 100.0, 0.019) ON CONFLICT (recipe_code, ingredient_id) DO NOTHING;
INSERT INTO recipes (recipe_code, ingredient_id, qty_net, yield_rate, qty_eff) VALUES ('R-007', 'ING-019', 0.038, 100.0, 0.038) ON CONFLICT (recipe_code, ingredient_id) DO NOTHING;
INSERT INTO recipes (recipe_code, ingredient_id, qty_net, yield_rate, qty_eff) VALUES ('R-007', 'ING-072', 0.008, 100.0, 0.008) ON CONFLICT (recipe_code, ingredient_id) DO NOTHING;
INSERT INTO recipes (recipe_code, ingredient_id, qty_net, yield_rate, qty_eff) VALUES ('R-007', 'ING-082', 0.19, 100.0, 0.19) ON CONFLICT (recipe_code, ingredient_id) DO NOTHING;
INSERT INTO recipes (recipe_code, ingredient_id, qty_net, yield_rate, qty_eff) VALUES ('R-007', 'ING-017', 0.01, 100.0, 0.01) ON CONFLICT (recipe_code, ingredient_id) DO NOTHING;
INSERT INTO recipes (recipe_code, ingredient_id, qty_net, yield_rate, qty_eff) VALUES ('R-007', 'ING-032', 0.012, 85.0, 0.01411764705882353) ON CONFLICT (recipe_code, ingredient_id) DO NOTHING;
INSERT INTO recipes (recipe_code, ingredient_id, qty_net, yield_rate, qty_eff) VALUES ('R-007', 'ING-070', 0.019, 100.0, 0.019) ON CONFLICT (recipe_code, ingredient_id) DO NOTHING;
INSERT INTO recipes (recipe_code, ingredient_id, qty_net, yield_rate, qty_eff) VALUES ('R-007', 'ING-064', 0.0006, 100.0, 0.0006) ON CONFLICT (recipe_code, ingredient_id) DO NOTHING;
INSERT INTO recipes (recipe_code, ingredient_id, qty_net, yield_rate, qty_eff) VALUES ('R-007', 'ING-066', 0.0003, 100.0, 0.0003) ON CONFLICT (recipe_code, ingredient_id) DO NOTHING;
INSERT INTO menu_items (id, name, sale_price) VALUES ('R-008', 'Velouté de Champignons de Tam Đảo', 0.0) ON CONFLICT (id) DO NOTHING;
INSERT INTO recipes (recipe_code, ingredient_id, qty_net, yield_rate, qty_eff) VALUES ('R-008', 'ING-025', 0.045, 80.0, 0.056249999999999994) ON CONFLICT (recipe_code, ingredient_id) DO NOTHING;
INSERT INTO recipes (recipe_code, ingredient_id, qty_net, yield_rate, qty_eff) VALUES ('R-008', 'ING-026', 0.0285, 85.0, 0.033529411764705884) ON CONFLICT (recipe_code, ingredient_id) DO NOTHING;
INSERT INTO recipes (recipe_code, ingredient_id, qty_net, yield_rate, qty_eff) VALUES ('R-008', 'ING-027', 0.003, 100.0, 0.003) ON CONFLICT (recipe_code, ingredient_id) DO NOTHING;
INSERT INTO recipes (recipe_code, ingredient_id, qty_net, yield_rate, qty_eff) VALUES ('R-008', 'ING-019', 0.05, 100.0, 0.05) ON CONFLICT (recipe_code, ingredient_id) DO NOTHING;
INSERT INTO recipes (recipe_code, ingredient_id, qty_net, yield_rate, qty_eff) VALUES ('R-008', 'ING-017', 0.015, 100.0, 0.015) ON CONFLICT (recipe_code, ingredient_id) DO NOTHING;
INSERT INTO recipes (recipe_code, ingredient_id, qty_net, yield_rate, qty_eff) VALUES ('R-008', 'ING-032', 0.015, 85.0, 0.01764705882352941) ON CONFLICT (recipe_code, ingredient_id) DO NOTHING;
INSERT INTO recipes (recipe_code, ingredient_id, qty_net, yield_rate, qty_eff) VALUES ('R-008', 'ING-081', 0.15, 100.0, 0.15) ON CONFLICT (recipe_code, ingredient_id) DO NOTHING;
INSERT INTO recipes (recipe_code, ingredient_id, qty_net, yield_rate, qty_eff) VALUES ('R-008', 'ING-041', 0.0006, 55.00000000000001, 0.0010909090909090907) ON CONFLICT (recipe_code, ingredient_id) DO NOTHING;
INSERT INTO recipes (recipe_code, ingredient_id, qty_net, yield_rate, qty_eff) VALUES ('R-008', 'ING-074', 0.005, 100.0, 0.005) ON CONFLICT (recipe_code, ingredient_id) DO NOTHING;
INSERT INTO menu_items (id, name, sale_price) VALUES ('R-011', 'Cabillaud Noir Mariné au Miso', 0.0) ON CONFLICT (id) DO NOTHING;
INSERT INTO recipes (recipe_code, ingredient_id, qty_net, yield_rate, qty_eff) VALUES ('R-011', 'ING-003', 0.08, 80.0, 0.09999999999999999) ON CONFLICT (recipe_code, ingredient_id) DO NOTHING;
INSERT INTO recipes (recipe_code, ingredient_id, qty_net, yield_rate, qty_eff) VALUES ('R-011', 'ING-055', 0.02, 100.0, 0.02) ON CONFLICT (recipe_code, ingredient_id) DO NOTHING;
INSERT INTO recipes (recipe_code, ingredient_id, qty_net, yield_rate, qty_eff) VALUES ('R-011', 'ING-057', 0.0075, 100.0, 0.0075) ON CONFLICT (recipe_code, ingredient_id) DO NOTHING;
INSERT INTO recipes (recipe_code, ingredient_id, qty_net, yield_rate, qty_eff) VALUES ('R-011', 'ING-058', 0.0075, 100.0, 0.0075) ON CONFLICT (recipe_code, ingredient_id) DO NOTHING;
INSERT INTO recipes (recipe_code, ingredient_id, qty_net, yield_rate, qty_eff) VALUES ('R-011', 'ING-054', 0.005, 100.0, 0.005) ON CONFLICT (recipe_code, ingredient_id) DO NOTHING;
INSERT INTO recipes (recipe_code, ingredient_id, qty_net, yield_rate, qty_eff) VALUES ('R-011', 'ING-024', 0.05, 75.0, 0.06666666666666667) ON CONFLICT (recipe_code, ingredient_id) DO NOTHING;
INSERT INTO recipes (recipe_code, ingredient_id, qty_net, yield_rate, qty_eff) VALUES ('R-011', 'ING-035', 0.02, 92.0, 0.021739130434782608) ON CONFLICT (recipe_code, ingredient_id) DO NOTHING;
INSERT INTO recipes (recipe_code, ingredient_id, qty_net, yield_rate, qty_eff) VALUES ('R-011', 'ING-086', 0.0025, 100.0, 0.0025) ON CONFLICT (recipe_code, ingredient_id) DO NOTHING;
INSERT INTO recipes (recipe_code, ingredient_id, qty_net, yield_rate, qty_eff) VALUES ('R-011', 'ING-082', 0.05, 100.0, 0.05) ON CONFLICT (recipe_code, ingredient_id) DO NOTHING;
INSERT INTO recipes (recipe_code, ingredient_id, qty_net, yield_rate, qty_eff) VALUES ('R-011', 'ING-056', 0.005, 100.0, 0.005) ON CONFLICT (recipe_code, ingredient_id) DO NOTHING;
INSERT INTO recipes (recipe_code, ingredient_id, qty_net, yield_rate, qty_eff) VALUES ('R-011', 'ING-092', 0.01, 85.0, 0.011764705882352941) ON CONFLICT (recipe_code, ingredient_id) DO NOTHING;
INSERT INTO menu_items (id, name, sale_price) VALUES ('R-016', 'Bar du Vietnam Poêlé', 0.0) ON CONFLICT (id) DO NOTHING;
INSERT INTO recipes (recipe_code, ingredient_id, qty_net, yield_rate, qty_eff) VALUES ('R-016', 'ING-004', 0.095, 80.0, 0.11875) ON CONFLICT (recipe_code, ingredient_id) DO NOTHING;
INSERT INTO recipes (recipe_code, ingredient_id, qty_net, yield_rate, qty_eff) VALUES ('R-016', 'ING-017', 0.038, 100.0, 0.038) ON CONFLICT (recipe_code, ingredient_id) DO NOTHING;
INSERT INTO recipes (recipe_code, ingredient_id, qty_net, yield_rate, qty_eff) VALUES ('R-016', 'ING-032', 0.02, 85.0, 0.023529411764705882) ON CONFLICT (recipe_code, ingredient_id) DO NOTHING;
INSERT INTO recipes (recipe_code, ingredient_id, qty_net, yield_rate, qty_eff) VALUES ('R-016', 'ING-070', 0.025, 100.0, 0.025) ON CONFLICT (recipe_code, ingredient_id) DO NOTHING;
INSERT INTO recipes (recipe_code, ingredient_id, qty_net, yield_rate, qty_eff) VALUES ('R-016', 'ING-062', 0.0075, 100.0, 0.0075) ON CONFLICT (recipe_code, ingredient_id) DO NOTHING;
INSERT INTO recipes (recipe_code, ingredient_id, qty_net, yield_rate, qty_eff) VALUES ('R-016', 'ING-047', 0.0075, 55.00000000000001, 0.013636363636363634) ON CONFLICT (recipe_code, ingredient_id) DO NOTHING;
INSERT INTO recipes (recipe_code, ingredient_id, qty_net, yield_rate, qty_eff) VALUES ('R-016', 'ING-019', 0.015, 100.0, 0.015) ON CONFLICT (recipe_code, ingredient_id) DO NOTHING;
INSERT INTO recipes (recipe_code, ingredient_id, qty_net, yield_rate, qty_eff) VALUES ('R-016', 'ING-024', 0.045, 75.0, 0.06) ON CONFLICT (recipe_code, ingredient_id) DO NOTHING;
INSERT INTO recipes (recipe_code, ingredient_id, qty_net, yield_rate, qty_eff) VALUES ('R-016', 'ING-061', 0.005, 100.0, 0.005) ON CONFLICT (recipe_code, ingredient_id) DO NOTHING;
INSERT INTO recipes (recipe_code, ingredient_id, qty_net, yield_rate, qty_eff) VALUES ('R-016', 'ING-064', 0.0008, 100.0, 0.0008) ON CONFLICT (recipe_code, ingredient_id) DO NOTHING;
INSERT INTO menu_items (id, name, sale_price) VALUES ('R-014', 'Langoustine Rôtie au Beurre Noisette', 0.0) ON CONFLICT (id) DO NOTHING;
INSERT INTO recipes (recipe_code, ingredient_id, qty_net, yield_rate, qty_eff) VALUES ('R-014', 'ING-005', 0.105, 50.0, 0.21) ON CONFLICT (recipe_code, ingredient_id) DO NOTHING;
INSERT INTO recipes (recipe_code, ingredient_id, qty_net, yield_rate, qty_eff) VALUES ('R-014', 'ING-092', 0.02, 85.0, 0.023529411764705882) ON CONFLICT (recipe_code, ingredient_id) DO NOTHING;
INSERT INTO recipes (recipe_code, ingredient_id, qty_net, yield_rate, qty_eff) VALUES ('R-014', 'ING-038', 0.0025, 60.0, 0.004166666666666667) ON CONFLICT (recipe_code, ingredient_id) DO NOTHING;
INSERT INTO recipes (recipe_code, ingredient_id, qty_net, yield_rate, qty_eff) VALUES ('R-014', 'ING-047', 0.005, 55.00000000000001, 0.00909090909090909) ON CONFLICT (recipe_code, ingredient_id) DO NOTHING;
INSERT INTO recipes (recipe_code, ingredient_id, qty_net, yield_rate, qty_eff) VALUES ('R-014', 'ING-064', 0.0008, 100.0, 0.0008) ON CONFLICT (recipe_code, ingredient_id) DO NOTHING;
INSERT INTO recipes (recipe_code, ingredient_id, qty_net, yield_rate, qty_eff) VALUES ('R-014', 'ING-066', 0.0005, 100.0, 0.0005) ON CONFLICT (recipe_code, ingredient_id) DO NOTHING;
INSERT INTO recipes (recipe_code, ingredient_id, qty_net, yield_rate, qty_eff) VALUES ('R-014', 'ING-035', 0.03, 92.0, 0.03260869565217391) ON CONFLICT (recipe_code, ingredient_id) DO NOTHING;
INSERT INTO recipes (recipe_code, ingredient_id, qty_net, yield_rate, qty_eff) VALUES ('R-014', 'ING-088', 0.005, 100.0, 0.005) ON CONFLICT (recipe_code, ingredient_id) DO NOTHING;
INSERT INTO menu_items (id, name, sale_price) VALUES ('R-026', 'Sorbet de Fruits Vietnamiens (Intermezzo)', 0.0) ON CONFLICT (id) DO NOTHING;
INSERT INTO recipes (recipe_code, ingredient_id, qty_net, yield_rate, qty_eff) VALUES ('R-026', 'ING-049', 0.05, 78.0, 0.06410256410256411) ON CONFLICT (recipe_code, ingredient_id) DO NOTHING;
INSERT INTO recipes (recipe_code, ingredient_id, qty_net, yield_rate, qty_eff) VALUES ('R-026', 'ING-054', 0.012, 100.0, 0.012) ON CONFLICT (recipe_code, ingredient_id) DO NOTHING;
INSERT INTO recipes (recipe_code, ingredient_id, qty_net, yield_rate, qty_eff) VALUES ('R-026', 'ING-047', 0.004, 55.00000000000001, 0.007272727272727273) ON CONFLICT (recipe_code, ingredient_id) DO NOTHING;
INSERT INTO recipes (recipe_code, ingredient_id, qty_net, yield_rate, qty_eff) VALUES ('R-026', 'ING-042', 0.0005, 80.0, 0.000625) ON CONFLICT (recipe_code, ingredient_id) DO NOTHING;
INSERT INTO menu_items (id, name, sale_price) VALUES ('R-017', 'Magret de Canard du Vietnam', 0.0) ON CONFLICT (id) DO NOTHING;
INSERT INTO recipes (recipe_code, ingredient_id, qty_net, yield_rate, qty_eff) VALUES ('R-017', 'ING-012', 0.105, 85.0, 0.12352941176470589) ON CONFLICT (recipe_code, ingredient_id) DO NOTHING;
INSERT INTO recipes (recipe_code, ingredient_id, qty_net, yield_rate, qty_eff) VALUES ('R-017', 'ING-049', 0.03, 78.0, 0.03846153846153846) ON CONFLICT (recipe_code, ingredient_id) DO NOTHING;
INSERT INTO recipes (recipe_code, ingredient_id, qty_net, yield_rate, qty_eff) VALUES ('R-017', 'ING-083', 0.063, 100.0, 0.063) ON CONFLICT (recipe_code, ingredient_id) DO NOTHING;
INSERT INTO recipes (recipe_code, ingredient_id, qty_net, yield_rate, qty_eff) VALUES ('R-017', 'ING-074', 0.0125, 100.0, 0.0125) ON CONFLICT (recipe_code, ingredient_id) DO NOTHING;
INSERT INTO recipes (recipe_code, ingredient_id, qty_net, yield_rate, qty_eff) VALUES ('R-017', 'ING-017', 0.01, 100.0, 0.01) ON CONFLICT (recipe_code, ingredient_id) DO NOTHING;
INSERT INTO recipes (recipe_code, ingredient_id, qty_net, yield_rate, qty_eff) VALUES ('R-017', 'ING-033', 0.005, 95.0, 0.005263157894736843) ON CONFLICT (recipe_code, ingredient_id) DO NOTHING;
INSERT INTO recipes (recipe_code, ingredient_id, qty_net, yield_rate, qty_eff) VALUES ('R-017', 'ING-036', 0.075, 70.0, 0.10714285714285715) ON CONFLICT (recipe_code, ingredient_id) DO NOTHING;
INSERT INTO recipes (recipe_code, ingredient_id, qty_net, yield_rate, qty_eff) VALUES ('R-017', 'ING-064', 0.0008, 100.0, 0.0008) ON CONFLICT (recipe_code, ingredient_id) DO NOTHING;
INSERT INTO recipes (recipe_code, ingredient_id, qty_net, yield_rate, qty_eff) VALUES ('R-017', 'ING-066', 0.0005, 100.0, 0.0005) ON CONFLICT (recipe_code, ingredient_id) DO NOTHING;
INSERT INTO menu_items (id, name, sale_price) VALUES ('R-012', 'Wellington de Buffle du Vietnam', 0.0) ON CONFLICT (id) DO NOTHING;
INSERT INTO recipes (recipe_code, ingredient_id, qty_net, yield_rate, qty_eff) VALUES ('R-012', 'ING-011', 0.11, 75.0, 0.14666666666666667) ON CONFLICT (recipe_code, ingredient_id) DO NOTHING;
INSERT INTO recipes (recipe_code, ingredient_id, qty_net, yield_rate, qty_eff) VALUES ('R-012', 'ING-079', 0.05, 100.0, 0.05) ON CONFLICT (recipe_code, ingredient_id) DO NOTHING;
INSERT INTO recipes (recipe_code, ingredient_id, qty_net, yield_rate, qty_eff) VALUES ('R-012', 'ING-025', 0.035, 80.0, 0.043750000000000004) ON CONFLICT (recipe_code, ingredient_id) DO NOTHING;
INSERT INTO recipes (recipe_code, ingredient_id, qty_net, yield_rate, qty_eff) VALUES ('R-012', 'ING-026', 0.0175, 85.0, 0.02058823529411765) ON CONFLICT (recipe_code, ingredient_id) DO NOTHING;
INSERT INTO recipes (recipe_code, ingredient_id, qty_net, yield_rate, qty_eff) VALUES ('R-012', 'ING-032', 0.015, 85.0, 0.01764705882352941) ON CONFLICT (recipe_code, ingredient_id) DO NOTHING;
INSERT INTO recipes (recipe_code, ingredient_id, qty_net, yield_rate, qty_eff) VALUES ('R-012', 'ING-021', 0.25, 100.0, 0.25) ON CONFLICT (recipe_code, ingredient_id) DO NOTHING;
INSERT INTO recipes (recipe_code, ingredient_id, qty_net, yield_rate, qty_eff) VALUES ('R-012', 'ING-083', 0.063, 100.0, 0.063) ON CONFLICT (recipe_code, ingredient_id) DO NOTHING;
INSERT INTO recipes (recipe_code, ingredient_id, qty_net, yield_rate, qty_eff) VALUES ('R-012', 'ING-066', 0.0025, 100.0, 0.0025) ON CONFLICT (recipe_code, ingredient_id) DO NOTHING;
INSERT INTO recipes (recipe_code, ingredient_id, qty_net, yield_rate, qty_eff) VALUES ('R-012', 'ING-017', 0.01, 100.0, 0.01) ON CONFLICT (recipe_code, ingredient_id) DO NOTHING;
INSERT INTO recipes (recipe_code, ingredient_id, qty_net, yield_rate, qty_eff) VALUES ('R-012', 'ING-040', 0.0025, 70.0, 0.0035714285714285718) ON CONFLICT (recipe_code, ingredient_id) DO NOTHING;
INSERT INTO menu_items (id, name, sale_price) VALUES ('R-018', 'Carré d''Agneau aux Herbes Vietnamiennes', 0.0) ON CONFLICT (id) DO NOTHING;
INSERT INTO recipes (recipe_code, ingredient_id, qty_net, yield_rate, qty_eff) VALUES ('R-018', 'ING-013', 0.135, 90.0, 0.15) ON CONFLICT (recipe_code, ingredient_id) DO NOTHING;
INSERT INTO recipes (recipe_code, ingredient_id, qty_net, yield_rate, qty_eff) VALUES ('R-018', 'ING-040', 0.005, 70.0, 0.0071428571428571435) ON CONFLICT (recipe_code, ingredient_id) DO NOTHING;
INSERT INTO recipes (recipe_code, ingredient_id, qty_net, yield_rate, qty_eff) VALUES ('R-018', 'ING-041', 0.0025, 55.00000000000001, 0.004545454545454545) ON CONFLICT (recipe_code, ingredient_id) DO NOTHING;
INSERT INTO recipes (recipe_code, ingredient_id, qty_net, yield_rate, qty_eff) VALUES ('R-018', 'ING-042', 0.0025, 80.0, 0.0031249999999999997) ON CONFLICT (recipe_code, ingredient_id) DO NOTHING;
INSERT INTO recipes (recipe_code, ingredient_id, qty_net, yield_rate, qty_eff) VALUES ('R-018', 'ING-053', 0.015, 100.0, 0.015) ON CONFLICT (recipe_code, ingredient_id) DO NOTHING;
INSERT INTO recipes (recipe_code, ingredient_id, qty_net, yield_rate, qty_eff) VALUES ('R-018', 'ING-017', 0.02, 100.0, 0.02) ON CONFLICT (recipe_code, ingredient_id) DO NOTHING;
INSERT INTO recipes (recipe_code, ingredient_id, qty_net, yield_rate, qty_eff) VALUES ('R-018', 'ING-051', 0.038, 100.0, 0.038) ON CONFLICT (recipe_code, ingredient_id) DO NOTHING;
INSERT INTO recipes (recipe_code, ingredient_id, qty_net, yield_rate, qty_eff) VALUES ('R-018', 'ING-029', 0.05, 70.0, 0.07142857142857144) ON CONFLICT (recipe_code, ingredient_id) DO NOTHING;
INSERT INTO recipes (recipe_code, ingredient_id, qty_net, yield_rate, qty_eff) VALUES ('R-018', 'ING-083', 0.063, 100.0, 0.063) ON CONFLICT (recipe_code, ingredient_id) DO NOTHING;
INSERT INTO recipes (recipe_code, ingredient_id, qty_net, yield_rate, qty_eff) VALUES ('R-018', 'ING-066', 0.0008, 100.0, 0.0008) ON CONFLICT (recipe_code, ingredient_id) DO NOTHING;
INSERT INTO recipes (recipe_code, ingredient_id, qty_net, yield_rate, qty_eff) VALUES ('R-018', 'ING-064', 0.0008, 100.0, 0.0008) ON CONFLICT (recipe_code, ingredient_id) DO NOTHING;
INSERT INTO menu_items (id, name, sale_price) VALUES ('R-019', 'Bœuf Wagyu MBS 6-7', 0.0) ON CONFLICT (id) DO NOTHING;
INSERT INTO recipes (recipe_code, ingredient_id, qty_net, yield_rate, qty_eff) VALUES ('R-019', 'ING-010', 0.08, 85.0, 0.09411764705882353) ON CONFLICT (recipe_code, ingredient_id) DO NOTHING;
INSERT INTO recipes (recipe_code, ingredient_id, qty_net, yield_rate, qty_eff) VALUES ('R-019', 'ING-028', 0.063, 65.0, 0.09692307692307692) ON CONFLICT (recipe_code, ingredient_id) DO NOTHING;
INSERT INTO recipes (recipe_code, ingredient_id, qty_net, yield_rate, qty_eff) VALUES ('R-019', 'ING-030', 0.045, 78.0, 0.05769230769230769) ON CONFLICT (recipe_code, ingredient_id) DO NOTHING;
INSERT INTO recipes (recipe_code, ingredient_id, qty_net, yield_rate, qty_eff) VALUES ('R-019', 'ING-083', 0.063, 100.0, 0.063) ON CONFLICT (recipe_code, ingredient_id) DO NOTHING;
INSERT INTO recipes (recipe_code, ingredient_id, qty_net, yield_rate, qty_eff) VALUES ('R-019', 'ING-033', 0.004, 95.0, 0.004210526315789474) ON CONFLICT (recipe_code, ingredient_id) DO NOTHING;
INSERT INTO recipes (recipe_code, ingredient_id, qty_net, yield_rate, qty_eff) VALUES ('R-019', 'ING-017', 0.015, 100.0, 0.015) ON CONFLICT (recipe_code, ingredient_id) DO NOTHING;
INSERT INTO recipes (recipe_code, ingredient_id, qty_net, yield_rate, qty_eff) VALUES ('R-019', 'ING-064', 0.0008, 100.0, 0.0008) ON CONFLICT (recipe_code, ingredient_id) DO NOTHING;
INSERT INTO recipes (recipe_code, ingredient_id, qty_net, yield_rate, qty_eff) VALUES ('R-019', 'ING-066', 0.0008, 100.0, 0.0008) ON CONFLICT (recipe_code, ingredient_id) DO NOTHING;
INSERT INTO recipes (recipe_code, ingredient_id, qty_net, yield_rate, qty_eff) VALUES ('R-019', 'ING-061', 0.005, 100.0, 0.005) ON CONFLICT (recipe_code, ingredient_id) DO NOTHING;
INSERT INTO menu_items (id, name, sale_price) VALUES ('R-021', 'Sélection de Fromages Français Affinés', 0.0) ON CONFLICT (id) DO NOTHING;
INSERT INTO recipes (recipe_code, ingredient_id, qty_net, yield_rate, qty_eff) VALUES ('R-021', 'ING-023', 0.04, 95.0, 0.04210526315789474) ON CONFLICT (recipe_code, ingredient_id) DO NOTHING;
INSERT INTO recipes (recipe_code, ingredient_id, qty_net, yield_rate, qty_eff) VALUES ('R-021', 'ING-088', 0.005, 100.0, 0.005) ON CONFLICT (recipe_code, ingredient_id) DO NOTHING;
INSERT INTO recipes (recipe_code, ingredient_id, qty_net, yield_rate, qty_eff) VALUES ('R-021', 'ING-049', 0.015, 78.0, 0.01923076923076923) ON CONFLICT (recipe_code, ingredient_id) DO NOTHING;
INSERT INTO menu_items (id, name, sale_price) VALUES ('R-013', 'Risotto à la Truffe et Champignons de Tam Đảo', 0.0) ON CONFLICT (id) DO NOTHING;
INSERT INTO recipes (recipe_code, ingredient_id, qty_net, yield_rate, qty_eff) VALUES ('R-013', 'ING-052', 0.05, 100.0, 0.05) ON CONFLICT (recipe_code, ingredient_id) DO NOTHING;
INSERT INTO recipes (recipe_code, ingredient_id, qty_net, yield_rate, qty_eff) VALUES ('R-013', 'ING-087', 3.0, 92.0, 3.260869565217391) ON CONFLICT (recipe_code, ingredient_id) DO NOTHING;
INSERT INTO recipes (recipe_code, ingredient_id, qty_net, yield_rate, qty_eff) VALUES ('R-013', 'ING-025', 0.04, 80.0, 0.049999999999999996) ON CONFLICT (recipe_code, ingredient_id) DO NOTHING;
INSERT INTO recipes (recipe_code, ingredient_id, qty_net, yield_rate, qty_eff) VALUES ('R-013', 'ING-017', 0.025, 100.0, 0.025) ON CONFLICT (recipe_code, ingredient_id) DO NOTHING;
INSERT INTO recipes (recipe_code, ingredient_id, qty_net, yield_rate, qty_eff) VALUES ('R-013', 'ING-023', 0.02, 95.0, 0.02105263157894737) ON CONFLICT (recipe_code, ingredient_id) DO NOTHING;
INSERT INTO recipes (recipe_code, ingredient_id, qty_net, yield_rate, qty_eff) VALUES ('R-013', 'ING-032', 0.015, 85.0, 0.01764705882352941) ON CONFLICT (recipe_code, ingredient_id) DO NOTHING;
INSERT INTO recipes (recipe_code, ingredient_id, qty_net, yield_rate, qty_eff) VALUES ('R-013', 'ING-070', 0.03, 100.0, 0.03) ON CONFLICT (recipe_code, ingredient_id) DO NOTHING;
INSERT INTO recipes (recipe_code, ingredient_id, qty_net, yield_rate, qty_eff) VALUES ('R-013', 'ING-081', 0.2, 100.0, 0.2) ON CONFLICT (recipe_code, ingredient_id) DO NOTHING;
INSERT INTO recipes (recipe_code, ingredient_id, qty_net, yield_rate, qty_eff) VALUES ('R-013', 'ING-064', 0.0008, 100.0, 0.0008) ON CONFLICT (recipe_code, ingredient_id) DO NOTHING;
INSERT INTO menu_items (id, name, sale_price) VALUES ('R-022', 'Soufflé Chaud du Moment', 0.0) ON CONFLICT (id) DO NOTHING;
INSERT INTO recipes (recipe_code, ingredient_id, qty_net, yield_rate, qty_eff) VALUES ('R-022', 'ING-021', 1.5, 100.0, 1.5) ON CONFLICT (recipe_code, ingredient_id) DO NOTHING;
INSERT INTO recipes (recipe_code, ingredient_id, qty_net, yield_rate, qty_eff) VALUES ('R-022', 'ING-020', 0.063, 100.0, 0.063) ON CONFLICT (recipe_code, ingredient_id) DO NOTHING;
INSERT INTO recipes (recipe_code, ingredient_id, qty_net, yield_rate, qty_eff) VALUES ('R-022', 'ING-054', 0.03, 100.0, 0.03) ON CONFLICT (recipe_code, ingredient_id) DO NOTHING;
INSERT INTO recipes (recipe_code, ingredient_id, qty_net, yield_rate, qty_eff) VALUES ('R-022', 'ING-053', 0.01, 100.0, 0.01) ON CONFLICT (recipe_code, ingredient_id) DO NOTHING;
INSERT INTO recipes (recipe_code, ingredient_id, qty_net, yield_rate, qty_eff) VALUES ('R-022', 'ING-017', 0.01, 100.0, 0.01) ON CONFLICT (recipe_code, ingredient_id) DO NOTHING;
INSERT INTO recipes (recipe_code, ingredient_id, qty_net, yield_rate, qty_eff) VALUES ('R-022', 'ING-091', 0.005, 100.0, 0.005) ON CONFLICT (recipe_code, ingredient_id) DO NOTHING;
INSERT INTO recipes (recipe_code, ingredient_id, qty_net, yield_rate, qty_eff) VALUES ('R-022', 'ING-080', 0.05, 100.0, 0.05) ON CONFLICT (recipe_code, ingredient_id) DO NOTHING;
INSERT INTO recipes (recipe_code, ingredient_id, qty_net, yield_rate, qty_eff) VALUES ('R-022', 'ING-049', 0.02, 78.0, 0.02564102564102564) ON CONFLICT (recipe_code, ingredient_id) DO NOTHING;
INSERT INTO menu_items (id, name, sale_price) VALUES ('R-023', 'Chocolat du Vietnam — Contraste d''Agrumes', 0.0) ON CONFLICT (id) DO NOTHING;
INSERT INTO recipes (recipe_code, ingredient_id, qty_net, yield_rate, qty_eff) VALUES ('R-023', 'ING-075', 0.05, 100.0, 0.05) ON CONFLICT (recipe_code, ingredient_id) DO NOTHING;
INSERT INTO recipes (recipe_code, ingredient_id, qty_net, yield_rate, qty_eff) VALUES ('R-023', 'ING-019', 0.045, 100.0, 0.045) ON CONFLICT (recipe_code, ingredient_id) DO NOTHING;
INSERT INTO recipes (recipe_code, ingredient_id, qty_net, yield_rate, qty_eff) VALUES ('R-023', 'ING-021', 0.5, 100.0, 0.5) ON CONFLICT (recipe_code, ingredient_id) DO NOTHING;
INSERT INTO recipes (recipe_code, ingredient_id, qty_net, yield_rate, qty_eff) VALUES ('R-023', 'ING-017', 0.015, 100.0, 0.015) ON CONFLICT (recipe_code, ingredient_id) DO NOTHING;
INSERT INTO recipes (recipe_code, ingredient_id, qty_net, yield_rate, qty_eff) VALUES ('R-023', 'ING-046', 0.01, 80.0, 0.012499999999999999) ON CONFLICT (recipe_code, ingredient_id) DO NOTHING;
INSERT INTO recipes (recipe_code, ingredient_id, qty_net, yield_rate, qty_eff) VALUES ('R-023', 'ING-047', 0.005, 55.00000000000001, 0.00909090909090909) ON CONFLICT (recipe_code, ingredient_id) DO NOTHING;
INSERT INTO recipes (recipe_code, ingredient_id, qty_net, yield_rate, qty_eff) VALUES ('R-023', 'ING-077', 0.005, 100.0, 0.005) ON CONFLICT (recipe_code, ingredient_id) DO NOTHING;
INSERT INTO recipes (recipe_code, ingredient_id, qty_net, yield_rate, qty_eff) VALUES ('R-023', 'ING-054', 0.01, 100.0, 0.01) ON CONFLICT (recipe_code, ingredient_id) DO NOTHING;
INSERT INTO menu_items (id, name, sale_price) VALUES ('R-024', 'Crème Brûlée à la Vanille', 0.0) ON CONFLICT (id) DO NOTHING;
INSERT INTO recipes (recipe_code, ingredient_id, qty_net, yield_rate, qty_eff) VALUES ('R-024', 'ING-019', 0.083, 100.0, 0.083) ON CONFLICT (recipe_code, ingredient_id) DO NOTHING;
INSERT INTO recipes (recipe_code, ingredient_id, qty_net, yield_rate, qty_eff) VALUES ('R-024', 'ING-020', 0.025, 100.0, 0.025) ON CONFLICT (recipe_code, ingredient_id) DO NOTHING;
INSERT INTO recipes (recipe_code, ingredient_id, qty_net, yield_rate, qty_eff) VALUES ('R-024', 'ING-021', 1.0, 100.0, 1.0) ON CONFLICT (recipe_code, ingredient_id) DO NOTHING;
INSERT INTO recipes (recipe_code, ingredient_id, qty_net, yield_rate, qty_eff) VALUES ('R-024', 'ING-054', 0.015, 100.0, 0.015) ON CONFLICT (recipe_code, ingredient_id) DO NOTHING;
INSERT INTO recipes (recipe_code, ingredient_id, qty_net, yield_rate, qty_eff) VALUES ('R-024', 'ING-044', 0.0002, 100.0, 0.0002) ON CONFLICT (recipe_code, ingredient_id) DO NOTHING;
INSERT INTO recipes (recipe_code, ingredient_id, qty_net, yield_rate, qty_eff) VALUES ('R-024', 'ING-054', 0.007, 100.0, 0.007) ON CONFLICT (recipe_code, ingredient_id) DO NOTHING;
INSERT INTO menu_items (id, name, sale_price) VALUES ('R-028', 'Côte de Bœuf Black Angus', 0.0) ON CONFLICT (id) DO NOTHING;
INSERT INTO recipes (recipe_code, ingredient_id, qty_net, yield_rate, qty_eff) VALUES ('R-028', 'ING-093', 0.1, 80.0, 0.125) ON CONFLICT (recipe_code, ingredient_id) DO NOTHING;
INSERT INTO recipes (recipe_code, ingredient_id, qty_net, yield_rate, qty_eff) VALUES ('R-028', 'ING-083', 0.05, 100.0, 0.05) ON CONFLICT (recipe_code, ingredient_id) DO NOTHING;
INSERT INTO recipes (recipe_code, ingredient_id, qty_net, yield_rate, qty_eff) VALUES ('R-028', 'ING-032', 0.04, 85.0, 0.047058823529411764) ON CONFLICT (recipe_code, ingredient_id) DO NOTHING;
INSERT INTO recipes (recipe_code, ingredient_id, qty_net, yield_rate, qty_eff) VALUES ('R-028', 'ING-017', 0.015, 100.0, 0.015) ON CONFLICT (recipe_code, ingredient_id) DO NOTHING;
INSERT INTO recipes (recipe_code, ingredient_id, qty_net, yield_rate, qty_eff) VALUES ('R-028', 'ING-061', 0.004, 100.0, 0.004) ON CONFLICT (recipe_code, ingredient_id) DO NOTHING;
INSERT INTO recipes (recipe_code, ingredient_id, qty_net, yield_rate, qty_eff) VALUES ('R-028', 'ING-064', 0.0008, 100.0, 0.0008) ON CONFLICT (recipe_code, ingredient_id) DO NOTHING;
INSERT INTO recipes (recipe_code, ingredient_id, qty_net, yield_rate, qty_eff) VALUES ('R-028', 'ING-066', 0.0008, 100.0, 0.0008) ON CONFLICT (recipe_code, ingredient_id) DO NOTHING;
INSERT INTO recipes (recipe_code, ingredient_id, qty_net, yield_rate, qty_eff) VALUES ('R-028', 'ING-036', 0.06, 70.0, 0.08571428571428572) ON CONFLICT (recipe_code, ingredient_id) DO NOTHING;