-- Seed file regenerated for Maison Vie CRM v8.0 schema
COMMIT;
BEGIN;

-- 1. Seed Purchase Categories
INSERT INTO purchase_categories (id, code, name, is_active) VALUES ('5b0ee48b-8e19-5d8f-853a-4056cefff5e5', 'ALCOHOL', 'Alcohol', true) ON CONFLICT (code) DO NOTHING;
INSERT INTO purchase_categories (id, code, name, is_active) VALUES ('b3b4e57e-464d-562f-80ec-b216c92d5e88', 'BEVERAGE', 'Beverage', true) ON CONFLICT (code) DO NOTHING;
INSERT INTO purchase_categories (id, code, name, is_active) VALUES ('e6425b0c-c723-5aab-a812-986210aba984', 'CONDIMENT', 'Condiment', true) ON CONFLICT (code) DO NOTHING;
INSERT INTO purchase_categories (id, code, name, is_active) VALUES ('2cca3ed1-29e5-51f3-be0a-3037c3e177fd', 'DAIRY', 'Dairy', true) ON CONFLICT (code) DO NOTHING;
INSERT INTO purchase_categories (id, code, name, is_active) VALUES ('5fbe46c0-78c8-5e66-ae7e-5f78ebb2b1af', 'FRUIT', 'Fruit', true) ON CONFLICT (code) DO NOTHING;
INSERT INTO purchase_categories (id, code, name, is_active) VALUES ('b0f0e57e-464d-562f-80ec-b216c92d5e88', 'GRAIN', 'Grain', true) ON CONFLICT (code) DO NOTHING;
INSERT INTO purchase_categories (id, code, name, is_active) VALUES ('1e30501d-5b66-5465-a06c-11fc3ef2d6c8', 'HERB', 'Herb', true) ON CONFLICT (code) DO NOTHING;
INSERT INTO purchase_categories (id, code, name, is_active) VALUES ('7f22ca72-c04e-5a95-a1b9-64c4e573cb76', 'MEAT', 'Meat', true) ON CONFLICT (code) DO NOTHING;
INSERT INTO purchase_categories (id, code, name, is_active) VALUES ('bf200869-b2aa-5a0e-a314-0e8521a1a74d', 'PASTRY', 'Pastry', true) ON CONFLICT (code) DO NOTHING;
INSERT INTO purchase_categories (id, code, name, is_active) VALUES ('cfcfda7d-dc94-5c3c-a4ec-ef8e14482480', 'PULSE', 'Pulse', true) ON CONFLICT (code) DO NOTHING;
INSERT INTO purchase_categories (id, code, name, is_active) VALUES ('30c427bf-d412-516b-b5dc-7022fe29971a', 'SEAFOOD', 'Seafood', true) ON CONFLICT (code) DO NOTHING;
INSERT INTO purchase_categories (id, code, name, is_active) VALUES ('f09a1423-afa4-5fe6-99f6-789561f23c83', 'STOCK', 'Stock', true) ON CONFLICT (code) DO NOTHING;
INSERT INTO purchase_categories (id, code, name, is_active) VALUES ('efd070f6-3ca8-53a7-ad6a-4a7a25a8837d', 'VEGETABLE', 'Vegetable', true) ON CONFLICT (code) DO NOTHING;

-- 2. Seed UoMs
INSERT INTO uom (id, name, uom_type) VALUES 
INSERT INTO uom (id, name, uom_type) VALUES ('CAN', 'Lon', 'COUNT') ON CONFLICT (id) DO NOTHING;
INSERT INTO uom (id, name, uom_type) VALUES ('GLASS', 'Ly', 'COUNT') ON CONFLICT (id) DO NOTHING;
('KG', 'Kilogram', 'WEIGHT'),
('g', 'Gram', 'WEIGHT'),
('L', 'Lít', 'VOLUME'),
('ML', 'Millilít', 'VOLUME'),
('BOTTLE', 'Chai', 'COUNT'),
('CASE', 'Thùng', 'COUNT'),
('pc', 'Quả/Củ/Cái', 'COUNT')
ON CONFLICT (id) DO NOTHING;

-- 3. Seed UoM Conversions
INSERT INTO uom_conversions (from_uom, to_uom, factor) VALUES
('KG', 'g', 1000.00),
('L', 'ML', 1000.00)
ON CONFLICT DO NOTHING;

-- 4. Seed Default Suppliers
INSERT INTO suppliers (id, name, contact, lead_time_days, cutoff_time, is_active) VALUES 
('s0000000-0000-0000-0000-000000000001', 'Công ty Cổ phần Thực phẩm An Nam (Imported Premium)', '{"phone": "024-3718-6200", "email": "order@annam.vn"}', 2, '17:00:00', true),
('s0000000-0000-0000-0000-000000000002', 'Nhà cung cấp Rau sạch Đà Lạt Hải Yến', '{"phone": "0912-345-678", "email": "sales@dalatyen.vn"}', 1, '20:00:00', true),
('s0000000-0000-0000-0000-000000000003', 'Tổng kho Rượu vang Đa Lộc', '{"phone": "024-3826-2090", "email": "sales@daloc.vn"}', 1, '16:30:00', true)
ON CONFLICT DO NOTHING;

-- 5. Seed Ingredients
INSERT INTO ingredients (id, code, nom_fr, ten_vi, name_en, purchase_category_id, stock_uom, recipe_uom, stock_to_recipe_factor, tare_weight_grams, tolerance_percent, wac_price, standard_price, yield_rate, min_stock, max_stock, safety_stock, is_import, track_lot, is_beverage, auto_po_group, is_active) VALUES ('ING-001', 'ING-001', 'Thon rouge sashimi-grade', 'Cá ngừ fillet tươi', 'Tuna sashimi-grade', '30c427bf-d412-516b-b5dc-7022fe29971a', 'kg', 'g', 1000, 0, 2.0, 580000.0, 580000.0, 85.0, 15.0, 50.0, 10.0, false, true, false, 'AUTO_PO', true) ON CONFLICT (id) DO UPDATE SET wac_price = EXCLUDED.wac_price, standard_price = EXCLUDED.standard_price, yield_rate = EXCLUDED.yield_rate;
INSERT INTO ingredients (id, code, nom_fr, ten_vi, name_en, purchase_category_id, stock_uom, recipe_uom, stock_to_recipe_factor, tare_weight_grams, tolerance_percent, wac_price, standard_price, yield_rate, min_stock, max_stock, safety_stock, is_import, track_lot, is_beverage, auto_po_group, is_active) VALUES ('ING-002', 'ING-002', 'Saint-Jacques', 'Sò điệp Nhật 60-70g', 'Scallops Hokkaido', '30c427bf-d412-516b-b5dc-7022fe29971a', 'kg', 'g', 1000, 0, 2.0, 950000.0, 950000.0, 85.0, 15.0, 50.0, 10.0, true, true, false, 'AUTO_PO', true) ON CONFLICT (id) DO UPDATE SET wac_price = EXCLUDED.wac_price, standard_price = EXCLUDED.standard_price, yield_rate = EXCLUDED.yield_rate;
INSERT INTO ingredients (id, code, nom_fr, ten_vi, name_en, purchase_category_id, stock_uom, recipe_uom, stock_to_recipe_factor, tare_weight_grams, tolerance_percent, wac_price, standard_price, yield_rate, min_stock, max_stock, safety_stock, is_import, track_lot, is_beverage, auto_po_group, is_active) VALUES ('ING-003', 'ING-003', 'Cabillaud noir d''Alaska', 'Cá tuyết đen đông lạnh', 'Black cod Alaska', '30c427bf-d412-516b-b5dc-7022fe29971a', 'kg', 'g', 1000, 0, 2.0, 1400000.0, 1400000.0, 80.0, 15.0, 50.0, 10.0, true, true, false, 'AUTO_PO', true) ON CONFLICT (id) DO UPDATE SET wac_price = EXCLUDED.wac_price, standard_price = EXCLUDED.standard_price, yield_rate = EXCLUDED.yield_rate;
INSERT INTO ingredients (id, code, nom_fr, ten_vi, name_en, purchase_category_id, stock_uom, recipe_uom, stock_to_recipe_factor, tare_weight_grams, tolerance_percent, wac_price, standard_price, yield_rate, min_stock, max_stock, safety_stock, is_import, track_lot, is_beverage, auto_po_group, is_active) VALUES ('ING-004', 'ING-004', 'Bar du Vietnam (fillet)', 'Cá vược file tươi', 'Vietnamese seabass', '30c427bf-d412-516b-b5dc-7022fe29971a', 'kg', 'g', 1000, 0, 2.0, 300000.0, 300000.0, 80.0, 15.0, 50.0, 10.0, false, true, false, 'AUTO_PO', true) ON CONFLICT (id) DO UPDATE SET wac_price = EXCLUDED.wac_price, standard_price = EXCLUDED.standard_price, yield_rate = EXCLUDED.yield_rate;
INSERT INTO ingredients (id, code, nom_fr, ten_vi, name_en, purchase_category_id, stock_uom, recipe_uom, stock_to_recipe_factor, tare_weight_grams, tolerance_percent, wac_price, standard_price, yield_rate, min_stock, max_stock, safety_stock, is_import, track_lot, is_beverage, auto_po_group, is_active) VALUES ('ING-005', 'ING-005', 'Langoustine (Local)', 'Tôm hùm baby Local', 'Langoustine Local', '30c427bf-d412-516b-b5dc-7022fe29971a', 'kg', 'g', 1000, 0, 2.0, 750000.0, 750000.0, 50.0, 15.0, 50.0, 10.0, false, true, false, 'AUTO_PO', true) ON CONFLICT (id) DO UPDATE SET wac_price = EXCLUDED.wac_price, standard_price = EXCLUDED.standard_price, yield_rate = EXCLUDED.yield_rate;
INSERT INTO ingredients (id, code, nom_fr, ten_vi, name_en, purchase_category_id, stock_uom, recipe_uom, stock_to_recipe_factor, tare_weight_grams, tolerance_percent, wac_price, standard_price, yield_rate, min_stock, max_stock, safety_stock, is_import, track_lot, is_beverage, auto_po_group, is_active) VALUES ('ING-006', 'ING-006', 'Crevettes de Nha Trang', 'Tôm bạc Nha Trang', 'Nha Trang shrimp', '30c427bf-d412-516b-b5dc-7022fe29971a', 'kg', 'g', 1000, 0, 2.0, 300000.0, 300000.0, 55.00000000000001, 15.0, 50.0, 10.0, false, true, false, 'AUTO_PO', true) ON CONFLICT (id) DO UPDATE SET wac_price = EXCLUDED.wac_price, standard_price = EXCLUDED.standard_price, yield_rate = EXCLUDED.yield_rate;
INSERT INTO ingredients (id, code, nom_fr, ten_vi, name_en, purchase_category_id, stock_uom, recipe_uom, stock_to_recipe_factor, tare_weight_grams, tolerance_percent, wac_price, standard_price, yield_rate, min_stock, max_stock, safety_stock, is_import, track_lot, is_beverage, auto_po_group, is_active) VALUES ('ING-007', 'ING-007', 'Saumon de Norvège', 'Cá hồi Na Uy', 'Norwegian salmon', '30c427bf-d412-516b-b5dc-7022fe29971a', 'kg', 'g', 1000, 0, 2.0, 535000.0, 535000.0, 70.0, 15.0, 50.0, 10.0, true, true, false, 'AUTO_PO', true) ON CONFLICT (id) DO UPDATE SET wac_price = EXCLUDED.wac_price, standard_price = EXCLUDED.standard_price, yield_rate = EXCLUDED.yield_rate;
INSERT INTO ingredients (id, code, nom_fr, ten_vi, name_en, purchase_category_id, stock_uom, recipe_uom, stock_to_recipe_factor, tare_weight_grams, tolerance_percent, wac_price, standard_price, yield_rate, min_stock, max_stock, safety_stock, is_import, track_lot, is_beverage, auto_po_group, is_active) VALUES ('ING-008', 'ING-008', 'Crabe de Cà Mau  (Local)', 'Cua Cà Mau', 'Cà Mau mud crab', '30c427bf-d412-516b-b5dc-7022fe29971a', 'kg', 'g', 1000, 0, 2.0, 950000.0, 950000.0, 70.0, 15.0, 50.0, 10.0, false, true, false, 'AUTO_PO', true) ON CONFLICT (id) DO UPDATE SET wac_price = EXCLUDED.wac_price, standard_price = EXCLUDED.standard_price, yield_rate = EXCLUDED.yield_rate;
INSERT INTO ingredients (id, code, nom_fr, ten_vi, name_en, purchase_category_id, stock_uom, recipe_uom, stock_to_recipe_factor, tare_weight_grams, tolerance_percent, wac_price, standard_price, yield_rate, min_stock, max_stock, safety_stock, is_import, track_lot, is_beverage, auto_po_group, is_active) VALUES ('ING-009', 'ING-009', 'Caviar (box 30g)', 'Trứng cá muối caviar', 'Caviar', '30c427bf-d412-516b-b5dc-7022fe29971a', 'gram', 'gram', 1, 0, 2.0, 6167.0, 6167.0, 100.0, 15.0, 50.0, 10.0, true, true, false, 'AUTO_PO', true) ON CONFLICT (id) DO UPDATE SET wac_price = EXCLUDED.wac_price, standard_price = EXCLUDED.standard_price, yield_rate = EXCLUDED.yield_rate;
INSERT INTO ingredients (id, code, nom_fr, ten_vi, name_en, purchase_category_id, stock_uom, recipe_uom, stock_to_recipe_factor, tare_weight_grams, tolerance_percent, wac_price, standard_price, yield_rate, min_stock, max_stock, safety_stock, is_import, track_lot, is_beverage, auto_po_group, is_active) VALUES ('ING-010', 'ING-010', 'Bœuf Wagyu MBS 6-7', 'Bò Wagyu MBS 6-7', 'Wagyu MBS 6-7', '7f22ca72-c04e-5a95-a1b9-64c4e573cb76', 'kg', 'g', 1000, 0, 2.0, 2350000.0, 2350000.0, 85.0, 15.0, 50.0, 10.0, true, true, false, 'AUTO_PO', true) ON CONFLICT (id) DO UPDATE SET wac_price = EXCLUDED.wac_price, standard_price = EXCLUDED.standard_price, yield_rate = EXCLUDED.yield_rate;
INSERT INTO ingredients (id, code, nom_fr, ten_vi, name_en, purchase_category_id, stock_uom, recipe_uom, stock_to_recipe_factor, tare_weight_grams, tolerance_percent, wac_price, standard_price, yield_rate, min_stock, max_stock, safety_stock, is_import, track_lot, is_beverage, auto_po_group, is_active) VALUES ('ING-011', 'ING-011', 'Buffle du Vietnam', 'Trâu Việt Nam', 'VN buffalo', '7f22ca72-c04e-5a95-a1b9-64c4e573cb76', 'kg', 'g', 1000, 0, 2.0, 350000.0, 350000.0, 75.0, 15.0, 50.0, 10.0, false, true, false, 'AUTO_PO', true) ON CONFLICT (id) DO UPDATE SET wac_price = EXCLUDED.wac_price, standard_price = EXCLUDED.standard_price, yield_rate = EXCLUDED.yield_rate;
INSERT INTO ingredients (id, code, nom_fr, ten_vi, name_en, purchase_category_id, stock_uom, recipe_uom, stock_to_recipe_factor, tare_weight_grams, tolerance_percent, wac_price, standard_price, yield_rate, min_stock, max_stock, safety_stock, is_import, track_lot, is_beverage, auto_po_group, is_active) VALUES ('ING-012', 'ING-012', 'Magret de canard VN', 'Lườn vịt VN', 'VN duck breast', '7f22ca72-c04e-5a95-a1b9-64c4e573cb76', 'kg', 'g', 1000, 0, 2.0, 250000.0, 250000.0, 85.0, 15.0, 50.0, 10.0, false, true, false, 'AUTO_PO', true) ON CONFLICT (id) DO UPDATE SET wac_price = EXCLUDED.wac_price, standard_price = EXCLUDED.standard_price, yield_rate = EXCLUDED.yield_rate;
INSERT INTO ingredients (id, code, nom_fr, ten_vi, name_en, purchase_category_id, stock_uom, recipe_uom, stock_to_recipe_factor, tare_weight_grams, tolerance_percent, wac_price, standard_price, yield_rate, min_stock, max_stock, safety_stock, is_import, track_lot, is_beverage, auto_po_group, is_active) VALUES ('ING-013', 'ING-013', 'Carré d''agneau NZ', 'Sườn cừu NZ', 'NZ lamb rack', '7f22ca72-c04e-5a95-a1b9-64c4e573cb76', 'kg', 'g', 1000, 0, 2.0, 1417500.0, 1417500.0, 90.0, 15.0, 50.0, 10.0, true, true, false, 'AUTO_PO', true) ON CONFLICT (id) DO UPDATE SET wac_price = EXCLUDED.wac_price, standard_price = EXCLUDED.standard_price, yield_rate = EXCLUDED.yield_rate;
INSERT INTO ingredients (id, code, nom_fr, ten_vi, name_en, purchase_category_id, stock_uom, recipe_uom, stock_to_recipe_factor, tare_weight_grams, tolerance_percent, wac_price, standard_price, yield_rate, min_stock, max_stock, safety_stock, is_import, track_lot, is_beverage, auto_po_group, is_active) VALUES ('ING-014', 'ING-014', 'Foie gras de canard (slice)', 'Gan ngỗng slice', 'Duck foie gras slice', '7f22ca72-c04e-5a95-a1b9-64c4e573cb76', 'kg', 'g', 1000, 0, 2.0, 1778000.0, 1778000.0, 90.0, 15.0, 50.0, 10.0, true, true, false, 'AUTO_PO', true) ON CONFLICT (id) DO UPDATE SET wac_price = EXCLUDED.wac_price, standard_price = EXCLUDED.standard_price, yield_rate = EXCLUDED.yield_rate;
INSERT INTO ingredients (id, code, nom_fr, ten_vi, name_en, purchase_category_id, stock_uom, recipe_uom, stock_to_recipe_factor, tare_weight_grams, tolerance_percent, wac_price, standard_price, yield_rate, min_stock, max_stock, safety_stock, is_import, track_lot, is_beverage, auto_po_group, is_active) VALUES ('ING-014B', 'ING-014B', 'Foie gras entier (whole)', 'Gan ngỗng nguyên buồng', 'Foie gras whole lobe', '7f22ca72-c04e-5a95-a1b9-64c4e573cb76', 'kg', 'g', 1000, 0, 2.0, 1245000.0, 1245000.0, 85.0, 15.0, 50.0, 10.0, true, true, false, 'AUTO_PO', true) ON CONFLICT (id) DO UPDATE SET wac_price = EXCLUDED.wac_price, standard_price = EXCLUDED.standard_price, yield_rate = EXCLUDED.yield_rate;
INSERT INTO ingredients (id, code, nom_fr, ten_vi, name_en, purchase_category_id, stock_uom, recipe_uom, stock_to_recipe_factor, tare_weight_grams, tolerance_percent, wac_price, standard_price, yield_rate, min_stock, max_stock, safety_stock, is_import, track_lot, is_beverage, auto_po_group, is_active) VALUES ('ING-015', 'ING-015', 'Volaille fermière', 'Gà nuôi thả', 'Free-range chicken', '7f22ca72-c04e-5a95-a1b9-64c4e573cb76', 'kg', 'g', 1000, 0, 2.0, 120000.0, 120000.0, 65.0, 15.0, 50.0, 10.0, false, true, false, 'AUTO_PO', true) ON CONFLICT (id) DO UPDATE SET wac_price = EXCLUDED.wac_price, standard_price = EXCLUDED.standard_price, yield_rate = EXCLUDED.yield_rate;
INSERT INTO ingredients (id, code, nom_fr, ten_vi, name_en, purchase_category_id, stock_uom, recipe_uom, stock_to_recipe_factor, tare_weight_grams, tolerance_percent, wac_price, standard_price, yield_rate, min_stock, max_stock, safety_stock, is_import, track_lot, is_beverage, auto_po_group, is_active) VALUES ('ING-016', 'ING-016', 'Escargots de Bourgogne', 'Ốc sên Burgundy', 'Burgundy snails', '7f22ca72-c04e-5a95-a1b9-64c4e573cb76', 'kg', 'g', 1000, 0, 2.0, 807840.0, 807840.0, 95.0, 15.0, 50.0, 10.0, true, true, false, 'AUTO_PO', true) ON CONFLICT (id) DO UPDATE SET wac_price = EXCLUDED.wac_price, standard_price = EXCLUDED.standard_price, yield_rate = EXCLUDED.yield_rate;
INSERT INTO ingredients (id, code, nom_fr, ten_vi, name_en, purchase_category_id, stock_uom, recipe_uom, stock_to_recipe_factor, tare_weight_grams, tolerance_percent, wac_price, standard_price, yield_rate, min_stock, max_stock, safety_stock, is_import, track_lot, is_beverage, auto_po_group, is_active) VALUES ('ING-017', 'ING-017', 'Beurre d''Isigny AOP', 'Bơ Isigny AOP', 'Isigny butter', '2cca3ed1-29e5-51f3-be0a-3037c3e177fd', 'kg', 'g', 1000, 0, 5.0, 760000.0, 760000.0, 100.0, 15.0, 50.0, 10.0, true, false, false, 'MANUAL_REQUISITION', true) ON CONFLICT (id) DO UPDATE SET wac_price = EXCLUDED.wac_price, standard_price = EXCLUDED.standard_price, yield_rate = EXCLUDED.yield_rate;
INSERT INTO ingredients (id, code, nom_fr, ten_vi, name_en, purchase_category_id, stock_uom, recipe_uom, stock_to_recipe_factor, tare_weight_grams, tolerance_percent, wac_price, standard_price, yield_rate, min_stock, max_stock, safety_stock, is_import, track_lot, is_beverage, auto_po_group, is_active) VALUES ('ING-018', 'ING-018', 'Crème fraîche d''Isigny', 'Kem chua Isigny', 'Isigny crème', '2cca3ed1-29e5-51f3-be0a-3037c3e177fd', 'L', 'L', 1, 0, 5.0, 115000.0, 115000.0, 100.0, 15.0, 50.0, 10.0, true, false, false, 'MANUAL_REQUISITION', true) ON CONFLICT (id) DO UPDATE SET wac_price = EXCLUDED.wac_price, standard_price = EXCLUDED.standard_price, yield_rate = EXCLUDED.yield_rate;
INSERT INTO ingredients (id, code, nom_fr, ten_vi, name_en, purchase_category_id, stock_uom, recipe_uom, stock_to_recipe_factor, tare_weight_grams, tolerance_percent, wac_price, standard_price, yield_rate, min_stock, max_stock, safety_stock, is_import, track_lot, is_beverage, auto_po_group, is_active) VALUES ('ING-019', 'ING-019', 'Crème liquide 35%', 'Kem tươi 35%', 'Heavy cream', '2cca3ed1-29e5-51f3-be0a-3037c3e177fd', 'L', 'L', 1, 0, 5.0, 137160.0, 137160.0, 100.0, 15.0, 50.0, 10.0, false, false, false, 'MANUAL_REQUISITION', true) ON CONFLICT (id) DO UPDATE SET wac_price = EXCLUDED.wac_price, standard_price = EXCLUDED.standard_price, yield_rate = EXCLUDED.yield_rate;
INSERT INTO ingredients (id, code, nom_fr, ten_vi, name_en, purchase_category_id, stock_uom, recipe_uom, stock_to_recipe_factor, tare_weight_grams, tolerance_percent, wac_price, standard_price, yield_rate, min_stock, max_stock, safety_stock, is_import, track_lot, is_beverage, auto_po_group, is_active) VALUES ('ING-020', 'ING-020', 'Lait entier', 'Sữa tươi nguyên kem', 'Whole milk', '2cca3ed1-29e5-51f3-be0a-3037c3e177fd', 'L', 'L', 1, 0, 5.0, 38195.0, 38195.0, 100.0, 15.0, 50.0, 10.0, false, false, false, 'MANUAL_REQUISITION', true) ON CONFLICT (id) DO UPDATE SET wac_price = EXCLUDED.wac_price, standard_price = EXCLUDED.standard_price, yield_rate = EXCLUDED.yield_rate;
INSERT INTO ingredients (id, code, nom_fr, ten_vi, name_en, purchase_category_id, stock_uom, recipe_uom, stock_to_recipe_factor, tare_weight_grams, tolerance_percent, wac_price, standard_price, yield_rate, min_stock, max_stock, safety_stock, is_import, track_lot, is_beverage, auto_po_group, is_active) VALUES ('ING-021', 'ING-021', 'Œufs fermiers', 'Trứng gà ta', 'Farm eggs', '2cca3ed1-29e5-51f3-be0a-3037c3e177fd', 'CASE', 'pc', 300, 0, 5.0, 2600.0, 2600.0, 100.0, 15.0, 50.0, 10.0, false, false, false, 'MANUAL_REQUISITION', true) ON CONFLICT (id) DO UPDATE SET wac_price = EXCLUDED.wac_price, standard_price = EXCLUDED.standard_price, yield_rate = EXCLUDED.yield_rate;
INSERT INTO ingredients (id, code, nom_fr, ten_vi, name_en, purchase_category_id, stock_uom, recipe_uom, stock_to_recipe_factor, tare_weight_grams, tolerance_percent, wac_price, standard_price, yield_rate, min_stock, max_stock, safety_stock, is_import, track_lot, is_beverage, auto_po_group, is_active) VALUES ('ING-022', 'ING-022', 'Mascarpone', 'Mascarpone', 'Mascarpone', '2cca3ed1-29e5-51f3-be0a-3037c3e177fd', 'kg', 'g', 1000, 0, 5.0, 272160.0, 272160.0, 100.0, 15.0, 50.0, 10.0, true, false, false, 'MANUAL_REQUISITION', true) ON CONFLICT (id) DO UPDATE SET wac_price = EXCLUDED.wac_price, standard_price = EXCLUDED.standard_price, yield_rate = EXCLUDED.yield_rate;
INSERT INTO ingredients (id, code, nom_fr, ten_vi, name_en, purchase_category_id, stock_uom, recipe_uom, stock_to_recipe_factor, tare_weight_grams, tolerance_percent, wac_price, standard_price, yield_rate, min_stock, max_stock, safety_stock, is_import, track_lot, is_beverage, auto_po_group, is_active) VALUES ('ING-023', 'ING-023', 'Plateau de fromages français', 'Phô mai Pháp ủ chín', 'French cheese plate', '2cca3ed1-29e5-51f3-be0a-3037c3e177fd', 'kg', 'g', 1000, 0, 5.0, 1350000.0, 1350000.0, 95.0, 15.0, 50.0, 10.0, true, false, false, 'MANUAL_REQUISITION', true) ON CONFLICT (id) DO UPDATE SET wac_price = EXCLUDED.wac_price, standard_price = EXCLUDED.standard_price, yield_rate = EXCLUDED.yield_rate;
INSERT INTO ingredients (id, code, nom_fr, ten_vi, name_en, purchase_category_id, stock_uom, recipe_uom, stock_to_recipe_factor, tare_weight_grams, tolerance_percent, wac_price, standard_price, yield_rate, min_stock, max_stock, safety_stock, is_import, track_lot, is_beverage, auto_po_group, is_active) VALUES ('ING-024', 'ING-024', 'Légumes verts de Đà Lạt', 'Rau xanh Đà Lạt', 'Đà Lạt greens', 'efd070f6-3ca8-53a7-ad6a-4a7a25a8837d', 'kg', 'g', 1000, 0, 10.0, 40000.0, 40000.0, 75.0, 15.0, 50.0, 10.0, false, false, false, 'MANUAL_REQUISITION', true) ON CONFLICT (id) DO UPDATE SET wac_price = EXCLUDED.wac_price, standard_price = EXCLUDED.standard_price, yield_rate = EXCLUDED.yield_rate;
INSERT INTO ingredients (id, code, nom_fr, ten_vi, name_en, purchase_category_id, stock_uom, recipe_uom, stock_to_recipe_factor, tare_weight_grams, tolerance_percent, wac_price, standard_price, yield_rate, min_stock, max_stock, safety_stock, is_import, track_lot, is_beverage, auto_po_group, is_active) VALUES ('ING-025', 'ING-025', 'Champignons de Tam Đảo', 'Nấm Tam Đảo', 'Tam Đảo mushrooms', 'efd070f6-3ca8-53a7-ad6a-4a7a25a8837d', 'kg', 'g', 1000, 0, 10.0, 350000.0, 350000.0, 80.0, 15.0, 50.0, 10.0, false, false, false, 'MANUAL_REQUISITION', true) ON CONFLICT (id) DO UPDATE SET wac_price = EXCLUDED.wac_price, standard_price = EXCLUDED.standard_price, yield_rate = EXCLUDED.yield_rate;
INSERT INTO ingredients (id, code, nom_fr, ten_vi, name_en, purchase_category_id, stock_uom, recipe_uom, stock_to_recipe_factor, tare_weight_grams, tolerance_percent, wac_price, standard_price, yield_rate, min_stock, max_stock, safety_stock, is_import, track_lot, is_beverage, auto_po_group, is_active) VALUES ('ING-026', 'ING-026', 'Champignons shiitake', 'Nấm hương tươi', 'Shiitake', 'efd070f6-3ca8-53a7-ad6a-4a7a25a8837d', 'kg', 'g', 1000, 0, 10.0, 120000.0, 120000.0, 85.0, 15.0, 50.0, 10.0, false, false, false, 'MANUAL_REQUISITION', true) ON CONFLICT (id) DO UPDATE SET wac_price = EXCLUDED.wac_price, standard_price = EXCLUDED.standard_price, yield_rate = EXCLUDED.yield_rate;
INSERT INTO ingredients (id, code, nom_fr, ten_vi, name_en, purchase_category_id, stock_uom, recipe_uom, stock_to_recipe_factor, tare_weight_grams, tolerance_percent, wac_price, standard_price, yield_rate, min_stock, max_stock, safety_stock, is_import, track_lot, is_beverage, auto_po_group, is_active) VALUES ('ING-027', 'ING-027', 'Cèpes séchés', 'Nấm porcini sấy', 'Dried porcini', 'efd070f6-3ca8-53a7-ad6a-4a7a25a8837d', 'kg', 'g', 1000, 0, 10.0, 2800000.0, 2800000.0, 100.0, 15.0, 50.0, 10.0, true, false, false, 'MANUAL_REQUISITION', true) ON CONFLICT (id) DO UPDATE SET wac_price = EXCLUDED.wac_price, standard_price = EXCLUDED.standard_price, yield_rate = EXCLUDED.yield_rate;
INSERT INTO ingredients (id, code, nom_fr, ten_vi, name_en, purchase_category_id, stock_uom, recipe_uom, stock_to_recipe_factor, tare_weight_grams, tolerance_percent, wac_price, standard_price, yield_rate, min_stock, max_stock, safety_stock, is_import, track_lot, is_beverage, auto_po_group, is_active) VALUES ('ING-028', 'ING-028', 'Artichaut Local', 'Atisô Local', 'Local artichoke', 'efd070f6-3ca8-53a7-ad6a-4a7a25a8837d', 'kg', 'g', 1000, 0, 10.0, 153200.0, 153200.0, 65.0, 15.0, 50.0, 10.0, false, false, false, 'MANUAL_REQUISITION', true) ON CONFLICT (id) DO UPDATE SET wac_price = EXCLUDED.wac_price, standard_price = EXCLUDED.standard_price, yield_rate = EXCLUDED.yield_rate;
INSERT INTO ingredients (id, code, nom_fr, ten_vi, name_en, purchase_category_id, stock_uom, recipe_uom, stock_to_recipe_factor, tare_weight_grams, tolerance_percent, wac_price, standard_price, yield_rate, min_stock, max_stock, safety_stock, is_import, track_lot, is_beverage, auto_po_group, is_active) VALUES ('ING-029', 'ING-029', 'Céleri-rave', 'Củ cải tây', 'Celeriac', 'efd070f6-3ca8-53a7-ad6a-4a7a25a8837d', 'kg', 'g', 1000, 0, 10.0, 40000.0, 40000.0, 70.0, 15.0, 50.0, 10.0, true, false, false, 'MANUAL_REQUISITION', true) ON CONFLICT (id) DO UPDATE SET wac_price = EXCLUDED.wac_price, standard_price = EXCLUDED.standard_price, yield_rate = EXCLUDED.yield_rate;
INSERT INTO ingredients (id, code, nom_fr, ten_vi, name_en, purchase_category_id, stock_uom, recipe_uom, stock_to_recipe_factor, tare_weight_grams, tolerance_percent, wac_price, standard_price, yield_rate, min_stock, max_stock, safety_stock, is_import, track_lot, is_beverage, auto_po_group, is_active) VALUES ('ING-030', 'ING-030', 'Betterave Chioggia', 'Củ dền Chioggia', 'Chioggia beetroot', 'efd070f6-3ca8-53a7-ad6a-4a7a25a8837d', 'kg', 'g', 1000, 0, 10.0, 60000.0, 60000.0, 78.0, 15.0, 50.0, 10.0, true, false, false, 'MANUAL_REQUISITION', true) ON CONFLICT (id) DO UPDATE SET wac_price = EXCLUDED.wac_price, standard_price = EXCLUDED.standard_price, yield_rate = EXCLUDED.yield_rate;
INSERT INTO ingredients (id, code, nom_fr, ten_vi, name_en, purchase_category_id, stock_uom, recipe_uom, stock_to_recipe_factor, tare_weight_grams, tolerance_percent, wac_price, standard_price, yield_rate, min_stock, max_stock, safety_stock, is_import, track_lot, is_beverage, auto_po_group, is_active) VALUES ('ING-031', 'ING-031', 'Avocat Hass de Đà Lạt', 'Bơ Hass Đà Lạt', 'Đà Lạt avocado', 'efd070f6-3ca8-53a7-ad6a-4a7a25a8837d', 'kg', 'g', 1000, 0, 10.0, 130000.0, 130000.0, 65.0, 15.0, 50.0, 10.0, false, false, false, 'MANUAL_REQUISITION', true) ON CONFLICT (id) DO UPDATE SET wac_price = EXCLUDED.wac_price, standard_price = EXCLUDED.standard_price, yield_rate = EXCLUDED.yield_rate;
INSERT INTO ingredients (id, code, nom_fr, ten_vi, name_en, purchase_category_id, stock_uom, recipe_uom, stock_to_recipe_factor, tare_weight_grams, tolerance_percent, wac_price, standard_price, yield_rate, min_stock, max_stock, safety_stock, is_import, track_lot, is_beverage, auto_po_group, is_active) VALUES ('ING-032', 'ING-032', 'Échalote française', 'Hành tím Pháp', 'French shallot', 'efd070f6-3ca8-53a7-ad6a-4a7a25a8837d', 'kg', 'g', 1000, 0, 10.0, 50000.0, 50000.0, 85.0, 15.0, 50.0, 10.0, true, false, false, 'MANUAL_REQUISITION', true) ON CONFLICT (id) DO UPDATE SET wac_price = EXCLUDED.wac_price, standard_price = EXCLUDED.standard_price, yield_rate = EXCLUDED.yield_rate;
INSERT INTO ingredients (id, code, nom_fr, ten_vi, name_en, purchase_category_id, stock_uom, recipe_uom, stock_to_recipe_factor, tare_weight_grams, tolerance_percent, wac_price, standard_price, yield_rate, min_stock, max_stock, safety_stock, is_import, track_lot, is_beverage, auto_po_group, is_active) VALUES ('ING-033', 'ING-033', 'Ail noir', 'Tỏi đen', 'Black garlic', 'efd070f6-3ca8-53a7-ad6a-4a7a25a8837d', 'kg', 'g', 1000, 0, 10.0, 800000.0, 800000.0, 95.0, 15.0, 50.0, 10.0, false, false, false, 'MANUAL_REQUISITION', true) ON CONFLICT (id) DO UPDATE SET wac_price = EXCLUDED.wac_price, standard_price = EXCLUDED.standard_price, yield_rate = EXCLUDED.yield_rate;
INSERT INTO ingredients (id, code, nom_fr, ten_vi, name_en, purchase_category_id, stock_uom, recipe_uom, stock_to_recipe_factor, tare_weight_grams, tolerance_percent, wac_price, standard_price, yield_rate, min_stock, max_stock, safety_stock, is_import, track_lot, is_beverage, auto_po_group, is_active) VALUES ('ING-034', 'ING-034', 'Asperges blanches', 'Măng tây trắng', 'White asparagus', 'efd070f6-3ca8-53a7-ad6a-4a7a25a8837d', 'kg', 'g', 1000, 0, 10.0, 100000.0, 100000.0, 55.00000000000001, 15.0, 50.0, 10.0, true, false, false, 'MANUAL_REQUISITION', true) ON CONFLICT (id) DO UPDATE SET wac_price = EXCLUDED.wac_price, standard_price = EXCLUDED.standard_price, yield_rate = EXCLUDED.yield_rate;
INSERT INTO ingredients (id, code, nom_fr, ten_vi, name_en, purchase_category_id, stock_uom, recipe_uom, stock_to_recipe_factor, tare_weight_grams, tolerance_percent, wac_price, standard_price, yield_rate, min_stock, max_stock, safety_stock, is_import, track_lot, is_beverage, auto_po_group, is_active) VALUES ('ING-035', 'ING-035', 'Pois gourmands', 'Đậu Hà Lan', 'Snow peas', 'efd070f6-3ca8-53a7-ad6a-4a7a25a8837d', 'kg', 'g', 1000, 0, 10.0, 100000.0, 100000.0, 92.0, 15.0, 50.0, 10.0, false, false, false, 'MANUAL_REQUISITION', true) ON CONFLICT (id) DO UPDATE SET wac_price = EXCLUDED.wac_price, standard_price = EXCLUDED.standard_price, yield_rate = EXCLUDED.yield_rate;
INSERT INTO ingredients (id, code, nom_fr, ten_vi, name_en, purchase_category_id, stock_uom, recipe_uom, stock_to_recipe_factor, tare_weight_grams, tolerance_percent, wac_price, standard_price, yield_rate, min_stock, max_stock, safety_stock, is_import, track_lot, is_beverage, auto_po_group, is_active) VALUES ('ING-036', 'ING-036', 'Légumes racines de saison', 'Rau củ theo mùa', 'Root veg', 'efd070f6-3ca8-53a7-ad6a-4a7a25a8837d', 'kg', 'g', 1000, 0, 10.0, 45000.0, 45000.0, 70.0, 15.0, 50.0, 10.0, false, false, false, 'MANUAL_REQUISITION', true) ON CONFLICT (id) DO UPDATE SET wac_price = EXCLUDED.wac_price, standard_price = EXCLUDED.standard_price, yield_rate = EXCLUDED.yield_rate;
INSERT INTO ingredients (id, code, nom_fr, ten_vi, name_en, purchase_category_id, stock_uom, recipe_uom, stock_to_recipe_factor, tare_weight_grams, tolerance_percent, wac_price, standard_price, yield_rate, min_stock, max_stock, safety_stock, is_import, track_lot, is_beverage, auto_po_group, is_active) VALUES ('ING-037', 'ING-037', 'Estragon', 'Ngải giấm', 'Tarragon', '1e30501d-5b66-5465-a06c-11fc3ef2d6c8', 'kg', 'g', 1000, 0, 10.0, 400000.0, 400000.0, 60.0, 15.0, 50.0, 10.0, false, false, false, 'MANUAL_REQUISITION', true) ON CONFLICT (id) DO UPDATE SET wac_price = EXCLUDED.wac_price, standard_price = EXCLUDED.standard_price, yield_rate = EXCLUDED.yield_rate;
INSERT INTO ingredients (id, code, nom_fr, ten_vi, name_en, purchase_category_id, stock_uom, recipe_uom, stock_to_recipe_factor, tare_weight_grams, tolerance_percent, wac_price, standard_price, yield_rate, min_stock, max_stock, safety_stock, is_import, track_lot, is_beverage, auto_po_group, is_active) VALUES ('ING-038', 'ING-038', 'Cerfeuil', 'Ngò tây', 'Chervil', '1e30501d-5b66-5465-a06c-11fc3ef2d6c8', 'kg', 'g', 1000, 0, 10.0, 500000.0, 500000.0, 60.0, 15.0, 50.0, 10.0, false, false, false, 'MANUAL_REQUISITION', true) ON CONFLICT (id) DO UPDATE SET wac_price = EXCLUDED.wac_price, standard_price = EXCLUDED.standard_price, yield_rate = EXCLUDED.yield_rate;
INSERT INTO ingredients (id, code, nom_fr, ten_vi, name_en, purchase_category_id, stock_uom, recipe_uom, stock_to_recipe_factor, tare_weight_grams, tolerance_percent, wac_price, standard_price, yield_rate, min_stock, max_stock, safety_stock, is_import, track_lot, is_beverage, auto_po_group, is_active) VALUES ('ING-039', 'ING-039', 'Ciboulette', 'Hẹ', 'Chives', '1e30501d-5b66-5465-a06c-11fc3ef2d6c8', 'kg', 'g', 1000, 0, 10.0, 50000.0, 50000.0, 75.0, 15.0, 50.0, 10.0, false, false, false, 'MANUAL_REQUISITION', true) ON CONFLICT (id) DO UPDATE SET wac_price = EXCLUDED.wac_price, standard_price = EXCLUDED.standard_price, yield_rate = EXCLUDED.yield_rate;
INSERT INTO ingredients (id, code, nom_fr, ten_vi, name_en, purchase_category_id, stock_uom, recipe_uom, stock_to_recipe_factor, tare_weight_grams, tolerance_percent, wac_price, standard_price, yield_rate, min_stock, max_stock, safety_stock, is_import, track_lot, is_beverage, auto_po_group, is_active) VALUES ('ING-040', 'ING-040', 'Persil plat', 'Mùi tây lá phẳng', 'Flat parsley', '1e30501d-5b66-5465-a06c-11fc3ef2d6c8', 'kg', 'g', 1000, 0, 10.0, 120000.0, 120000.0, 70.0, 15.0, 50.0, 10.0, false, false, false, 'MANUAL_REQUISITION', true) ON CONFLICT (id) DO UPDATE SET wac_price = EXCLUDED.wac_price, standard_price = EXCLUDED.standard_price, yield_rate = EXCLUDED.yield_rate;
INSERT INTO ingredients (id, code, nom_fr, ten_vi, name_en, purchase_category_id, stock_uom, recipe_uom, stock_to_recipe_factor, tare_weight_grams, tolerance_percent, wac_price, standard_price, yield_rate, min_stock, max_stock, safety_stock, is_import, track_lot, is_beverage, auto_po_group, is_active) VALUES ('ING-041', 'ING-041', 'Thym frais', 'Húng tây', 'Fresh thyme', '1e30501d-5b66-5465-a06c-11fc3ef2d6c8', 'kg', 'g', 1000, 0, 10.0, 500000.0, 500000.0, 55.00000000000001, 15.0, 50.0, 10.0, false, false, false, 'MANUAL_REQUISITION', true) ON CONFLICT (id) DO UPDATE SET wac_price = EXCLUDED.wac_price, standard_price = EXCLUDED.standard_price, yield_rate = EXCLUDED.yield_rate;
INSERT INTO ingredients (id, code, nom_fr, ten_vi, name_en, purchase_category_id, stock_uom, recipe_uom, stock_to_recipe_factor, tare_weight_grams, tolerance_percent, wac_price, standard_price, yield_rate, min_stock, max_stock, safety_stock, is_import, track_lot, is_beverage, auto_po_group, is_active) VALUES ('ING-042', 'ING-042', 'Rau răm', 'Rau răm', 'VN coriander', '1e30501d-5b66-5465-a06c-11fc3ef2d6c8', 'kg', 'g', 1000, 0, 10.0, 40000.0, 40000.0, 80.0, 15.0, 50.0, 10.0, false, false, false, 'MANUAL_REQUISITION', true) ON CONFLICT (id) DO UPDATE SET wac_price = EXCLUDED.wac_price, standard_price = EXCLUDED.standard_price, yield_rate = EXCLUDED.yield_rate;
INSERT INTO ingredients (id, code, nom_fr, ten_vi, name_en, purchase_category_id, stock_uom, recipe_uom, stock_to_recipe_factor, tare_weight_grams, tolerance_percent, wac_price, standard_price, yield_rate, min_stock, max_stock, safety_stock, is_import, track_lot, is_beverage, auto_po_group, is_active) VALUES ('ING-043', 'ING-043', 'Húng quế', 'Húng quế', 'Thai basil', '1e30501d-5b66-5465-a06c-11fc3ef2d6c8', 'kg', 'g', 1000, 0, 10.0, 30000.0, 30000.0, 75.0, 15.0, 50.0, 10.0, false, false, false, 'MANUAL_REQUISITION', true) ON CONFLICT (id) DO UPDATE SET wac_price = EXCLUDED.wac_price, standard_price = EXCLUDED.standard_price, yield_rate = EXCLUDED.yield_rate;
INSERT INTO ingredients (id, code, nom_fr, ten_vi, name_en, purchase_category_id, stock_uom, recipe_uom, stock_to_recipe_factor, tare_weight_grams, tolerance_percent, wac_price, standard_price, yield_rate, min_stock, max_stock, safety_stock, is_import, track_lot, is_beverage, auto_po_group, is_active) VALUES ('ING-044', 'ING-044', 'Vanille Madagascar Gourmet', 'Vani Madagascar', 'Madagascar vanilla', '1e30501d-5b66-5465-a06c-11fc3ef2d6c8', 'kg', 'g', 1000, 0, 10.0, 3000000.0, 3000000.0, 100.0, 15.0, 50.0, 10.0, true, false, false, 'MANUAL_REQUISITION', true) ON CONFLICT (id) DO UPDATE SET wac_price = EXCLUDED.wac_price, standard_price = EXCLUDED.standard_price, yield_rate = EXCLUDED.yield_rate;
INSERT INTO ingredients (id, code, nom_fr, ten_vi, name_en, purchase_category_id, stock_uom, recipe_uom, stock_to_recipe_factor, tare_weight_grams, tolerance_percent, wac_price, standard_price, yield_rate, min_stock, max_stock, safety_stock, is_import, track_lot, is_beverage, auto_po_group, is_active) VALUES ('ING-045', 'ING-045', 'Yuzu (substitute)', 'Quả yuzu thay thế', 'Yuzu substitute', '5fbe46c0-78c8-5e66-ae7e-5f78ebb2b1af', 'kg', 'g', 1000, 0, 10.0, 57500.0, 57500.0, 65.0, 15.0, 50.0, 10.0, true, false, false, 'MANUAL_REQUISITION', true) ON CONFLICT (id) DO UPDATE SET wac_price = EXCLUDED.wac_price, standard_price = EXCLUDED.standard_price, yield_rate = EXCLUDED.yield_rate;
INSERT INTO ingredients (id, code, nom_fr, ten_vi, name_en, purchase_category_id, stock_uom, recipe_uom, stock_to_recipe_factor, tare_weight_grams, tolerance_percent, wac_price, standard_price, yield_rate, min_stock, max_stock, safety_stock, is_import, track_lot, is_beverage, auto_po_group, is_active) VALUES ('ING-046', 'ING-046', 'Kumquat', 'Quả tắc', 'Kumquat', '5fbe46c0-78c8-5e66-ae7e-5f78ebb2b1af', 'kg', 'g', 1000, 0, 10.0, 30000.0, 30000.0, 80.0, 15.0, 50.0, 10.0, false, false, false, 'MANUAL_REQUISITION', true) ON CONFLICT (id) DO UPDATE SET wac_price = EXCLUDED.wac_price, standard_price = EXCLUDED.standard_price, yield_rate = EXCLUDED.yield_rate;
INSERT INTO ingredients (id, code, nom_fr, ten_vi, name_en, purchase_category_id, stock_uom, recipe_uom, stock_to_recipe_factor, tare_weight_grams, tolerance_percent, wac_price, standard_price, yield_rate, min_stock, max_stock, safety_stock, is_import, track_lot, is_beverage, auto_po_group, is_active) VALUES ('ING-047', 'ING-047', 'Citron jaune', 'Chanh vàng', 'Lemon', '5fbe46c0-78c8-5e66-ae7e-5f78ebb2b1af', 'kg', 'g', 1000, 0, 10.0, 85000.0, 85000.0, 55.00000000000001, 15.0, 50.0, 10.0, true, false, false, 'MANUAL_REQUISITION', true) ON CONFLICT (id) DO UPDATE SET wac_price = EXCLUDED.wac_price, standard_price = EXCLUDED.standard_price, yield_rate = EXCLUDED.yield_rate;
INSERT INTO ingredients (id, code, nom_fr, ten_vi, name_en, purchase_category_id, stock_uom, recipe_uom, stock_to_recipe_factor, tare_weight_grams, tolerance_percent, wac_price, standard_price, yield_rate, min_stock, max_stock, safety_stock, is_import, track_lot, is_beverage, auto_po_group, is_active) VALUES ('ING-048', 'ING-048', 'Litchi de Lục Ngạn', 'Vải Lục Ngạn', 'Lục Ngạn lychee', '5fbe46c0-78c8-5e66-ae7e-5f78ebb2b1af', 'kg', 'g', 1000, 0, 10.0, 50000.0, 50000.0, 75.0, 15.0, 50.0, 10.0, false, false, false, 'MANUAL_REQUISITION', true) ON CONFLICT (id) DO UPDATE SET wac_price = EXCLUDED.wac_price, standard_price = EXCLUDED.standard_price, yield_rate = EXCLUDED.yield_rate;
INSERT INTO ingredients (id, code, nom_fr, ten_vi, name_en, purchase_category_id, stock_uom, recipe_uom, stock_to_recipe_factor, tare_weight_grams, tolerance_percent, wac_price, standard_price, yield_rate, min_stock, max_stock, safety_stock, is_import, track_lot, is_beverage, auto_po_group, is_active) VALUES ('ING-049', 'ING-049', 'Fruits tropicaux de saison', 'Trái cây nhiệt đới', 'Tropical fruit', '5fbe46c0-78c8-5e66-ae7e-5f78ebb2b1af', 'kg', 'g', 1000, 0, 10.0, 80000.0, 80000.0, 78.0, 15.0, 50.0, 10.0, false, false, false, 'MANUAL_REQUISITION', true) ON CONFLICT (id) DO UPDATE SET wac_price = EXCLUDED.wac_price, standard_price = EXCLUDED.standard_price, yield_rate = EXCLUDED.yield_rate;
INSERT INTO ingredients (id, code, nom_fr, ten_vi, name_en, purchase_category_id, stock_uom, recipe_uom, stock_to_recipe_factor, tare_weight_grams, tolerance_percent, wac_price, standard_price, yield_rate, min_stock, max_stock, safety_stock, is_import, track_lot, is_beverage, auto_po_group, is_active) VALUES ('ING-050', 'ING-050', 'Mangue Cát Hòa Lộc', 'Xoài Cát Hòa Lộc', 'Cát Hòa Lộc mango', '5fbe46c0-78c8-5e66-ae7e-5f78ebb2b1af', 'kg', 'g', 1000, 0, 10.0, 100000.0, 100000.0, 60.0, 15.0, 50.0, 10.0, false, false, false, 'MANUAL_REQUISITION', true) ON CONFLICT (id) DO UPDATE SET wac_price = EXCLUDED.wac_price, standard_price = EXCLUDED.standard_price, yield_rate = EXCLUDED.yield_rate;
INSERT INTO ingredients (id, code, nom_fr, ten_vi, name_en, purchase_category_id, stock_uom, recipe_uom, stock_to_recipe_factor, tare_weight_grams, tolerance_percent, wac_price, standard_price, yield_rate, min_stock, max_stock, safety_stock, is_import, track_lot, is_beverage, auto_po_group, is_active) VALUES ('ING-051', 'ING-051', 'Lentilles vertes du Puy AOP', 'Đậu lăng xanh Le Puy', 'Le Puy lentils', 'cfcfda7d-dc94-5c3c-a4ec-ef8e14482480', 'kg', 'g', 1000, 0, 5.0, 200000.0, 200000.0, 100.0, 15.0, 50.0, 10.0, true, false, false, 'MANUAL_REQUISITION', true) ON CONFLICT (id) DO UPDATE SET wac_price = EXCLUDED.wac_price, standard_price = EXCLUDED.standard_price, yield_rate = EXCLUDED.yield_rate;
INSERT INTO ingredients (id, code, nom_fr, ten_vi, name_en, purchase_category_id, stock_uom, recipe_uom, stock_to_recipe_factor, tare_weight_grams, tolerance_percent, wac_price, standard_price, yield_rate, min_stock, max_stock, safety_stock, is_import, track_lot, is_beverage, auto_po_group, is_active) VALUES ('ING-052', 'ING-052', 'Riz Carnaroli/Arborio', 'Gạo risotto Carnaroli', 'Carnaroli rice', 'b0f0e57e-464d-562f-80ec-b216c92d5e88', 'kg', 'g', 1000, 0, 5.0, 350000.0, 350000.0, 100.0, 15.0, 50.0, 10.0, true, false, false, 'MANUAL_REQUISITION', true) ON CONFLICT (id) DO UPDATE SET wac_price = EXCLUDED.wac_price, standard_price = EXCLUDED.standard_price, yield_rate = EXCLUDED.yield_rate;
INSERT INTO ingredients (id, code, nom_fr, ten_vi, name_en, purchase_category_id, stock_uom, recipe_uom, stock_to_recipe_factor, tare_weight_grams, tolerance_percent, wac_price, standard_price, yield_rate, min_stock, max_stock, safety_stock, is_import, track_lot, is_beverage, auto_po_group, is_active) VALUES ('ING-053', 'ING-053', 'Farine T55', 'Bột mì T55', 'T55 flour', 'b0f0e57e-464d-562f-80ec-b216c92d5e88', 'kg', 'g', 1000, 0, 5.0, 33800.0, 33800.0, 100.0, 15.0, 50.0, 10.0, true, false, false, 'MANUAL_REQUISITION', true) ON CONFLICT (id) DO UPDATE SET wac_price = EXCLUDED.wac_price, standard_price = EXCLUDED.standard_price, yield_rate = EXCLUDED.yield_rate;
INSERT INTO ingredients (id, code, nom_fr, ten_vi, name_en, purchase_category_id, stock_uom, recipe_uom, stock_to_recipe_factor, tare_weight_grams, tolerance_percent, wac_price, standard_price, yield_rate, min_stock, max_stock, safety_stock, is_import, track_lot, is_beverage, auto_po_group, is_active) VALUES ('ING-054', 'ING-054', 'Sucre semoule', 'Đường', 'Caster sugar', 'b0f0e57e-464d-562f-80ec-b216c92d5e88', 'kg', 'g', 1000, 0, 5.0, 25000.0, 25000.0, 100.0, 15.0, 50.0, 10.0, false, false, false, 'MANUAL_REQUISITION', true) ON CONFLICT (id) DO UPDATE SET wac_price = EXCLUDED.wac_price, standard_price = EXCLUDED.standard_price, yield_rate = EXCLUDED.yield_rate;
INSERT INTO ingredients (id, code, nom_fr, ten_vi, name_en, purchase_category_id, stock_uom, recipe_uom, stock_to_recipe_factor, tare_weight_grams, tolerance_percent, wac_price, standard_price, yield_rate, min_stock, max_stock, safety_stock, is_import, track_lot, is_beverage, auto_po_group, is_active) VALUES ('ING-055', 'ING-055', 'Miso blanc Kyoto', 'Miso trắng Kyoto', 'Kyoto miso', 'e6425b0c-c723-5aab-a812-986210aba984', 'kg', 'g', 1000, 0, 5.0, 350000.0, 350000.0, 100.0, 15.0, 50.0, 10.0, true, false, false, 'MANUAL_REQUISITION', true) ON CONFLICT (id) DO UPDATE SET wac_price = EXCLUDED.wac_price, standard_price = EXCLUDED.standard_price, yield_rate = EXCLUDED.yield_rate;
INSERT INTO ingredients (id, code, nom_fr, ten_vi, name_en, purchase_category_id, stock_uom, recipe_uom, stock_to_recipe_factor, tare_weight_grams, tolerance_percent, wac_price, standard_price, yield_rate, min_stock, max_stock, safety_stock, is_import, track_lot, is_beverage, auto_po_group, is_active) VALUES ('ING-056', 'ING-056', 'Sauce soja Kikkoman', 'Nước tương Kikkoman', 'Soy sauce', 'e6425b0c-c723-5aab-a812-986210aba984', 'L', 'L', 1, 0, 5.0, 210000.0, 210000.0, 100.0, 15.0, 50.0, 10.0, true, false, false, 'MANUAL_REQUISITION', true) ON CONFLICT (id) DO UPDATE SET wac_price = EXCLUDED.wac_price, standard_price = EXCLUDED.standard_price, yield_rate = EXCLUDED.yield_rate;
INSERT INTO ingredients (id, code, nom_fr, ten_vi, name_en, purchase_category_id, stock_uom, recipe_uom, stock_to_recipe_factor, tare_weight_grams, tolerance_percent, wac_price, standard_price, yield_rate, min_stock, max_stock, safety_stock, is_import, track_lot, is_beverage, auto_po_group, is_active) VALUES ('ING-057', 'ING-057', 'Saké de cuisine', 'Sake nấu', 'Cooking sake', 'e6425b0c-c723-5aab-a812-986210aba984', 'L', 'L', 1, 0, 5.0, 110000.0, 110000.0, 100.0, 15.0, 50.0, 10.0, true, false, false, 'MANUAL_REQUISITION', true) ON CONFLICT (id) DO UPDATE SET wac_price = EXCLUDED.wac_price, standard_price = EXCLUDED.standard_price, yield_rate = EXCLUDED.yield_rate;
INSERT INTO ingredients (id, code, nom_fr, ten_vi, name_en, purchase_category_id, stock_uom, recipe_uom, stock_to_recipe_factor, tare_weight_grams, tolerance_percent, wac_price, standard_price, yield_rate, min_stock, max_stock, safety_stock, is_import, track_lot, is_beverage, auto_po_group, is_active) VALUES ('ING-058', 'ING-058', 'Mirin', 'Mirin', 'Mirin', 'e6425b0c-c723-5aab-a812-986210aba984', 'L', 'L', 1, 0, 5.0, 110000.0, 110000.0, 100.0, 15.0, 50.0, 10.0, true, false, false, 'MANUAL_REQUISITION', true) ON CONFLICT (id) DO UPDATE SET wac_price = EXCLUDED.wac_price, standard_price = EXCLUDED.standard_price, yield_rate = EXCLUDED.yield_rate;
INSERT INTO ingredients (id, code, nom_fr, ten_vi, name_en, purchase_category_id, stock_uom, recipe_uom, stock_to_recipe_factor, tare_weight_grams, tolerance_percent, wac_price, standard_price, yield_rate, min_stock, max_stock, safety_stock, is_import, track_lot, is_beverage, auto_po_group, is_active) VALUES ('ING-059', 'ING-059', 'Huile d''olive extra vierge', 'Dầu olive EV', 'EVOO', 'e6425b0c-c723-5aab-a812-986210aba984', 'L', 'L', 1, 0, 5.0, 162000.0, 162000.0, 100.0, 15.0, 50.0, 10.0, true, false, false, 'MANUAL_REQUISITION', true) ON CONFLICT (id) DO UPDATE SET wac_price = EXCLUDED.wac_price, standard_price = EXCLUDED.standard_price, yield_rate = EXCLUDED.yield_rate;
INSERT INTO ingredients (id, code, nom_fr, ten_vi, name_en, purchase_category_id, stock_uom, recipe_uom, stock_to_recipe_factor, tare_weight_grams, tolerance_percent, wac_price, standard_price, yield_rate, min_stock, max_stock, safety_stock, is_import, track_lot, is_beverage, auto_po_group, is_active) VALUES ('ING-060', 'ING-060', 'Huile de noisette', 'Dầu hạt phỉ', 'Hazelnut oil', 'e6425b0c-c723-5aab-a812-986210aba984', 'L', 'L', 1, 0, 5.0, 1456000.0, 1456000.0, 100.0, 15.0, 50.0, 10.0, true, false, false, 'MANUAL_REQUISITION', true) ON CONFLICT (id) DO UPDATE SET wac_price = EXCLUDED.wac_price, standard_price = EXCLUDED.standard_price, yield_rate = EXCLUDED.yield_rate;
INSERT INTO ingredients (id, code, nom_fr, ten_vi, name_en, purchase_category_id, stock_uom, recipe_uom, stock_to_recipe_factor, tare_weight_grams, tolerance_percent, wac_price, standard_price, yield_rate, min_stock, max_stock, safety_stock, is_import, track_lot, is_beverage, auto_po_group, is_active) VALUES ('ING-061', 'ING-061', 'Huile de pépins de raisin', 'Dầu hạt nho', 'Grapeseed oil', 'e6425b0c-c723-5aab-a812-986210aba984', 'L', 'L', 1, 0, 5.0, 120000.0, 120000.0, 100.0, 15.0, 50.0, 10.0, true, false, false, 'MANUAL_REQUISITION', true) ON CONFLICT (id) DO UPDATE SET wac_price = EXCLUDED.wac_price, standard_price = EXCLUDED.standard_price, yield_rate = EXCLUDED.yield_rate;
INSERT INTO ingredients (id, code, nom_fr, ten_vi, name_en, purchase_category_id, stock_uom, recipe_uom, stock_to_recipe_factor, tare_weight_grams, tolerance_percent, wac_price, standard_price, yield_rate, min_stock, max_stock, safety_stock, is_import, track_lot, is_beverage, auto_po_group, is_active) VALUES ('ING-062', 'ING-062', 'Vinaigre de xérès', 'Giấm Xérès', 'Sherry vinegar', 'e6425b0c-c723-5aab-a812-986210aba984', 'L', 'L', 1, 0, 5.0, 480000.0, 480000.0, 100.0, 15.0, 50.0, 10.0, true, false, false, 'MANUAL_REQUISITION', true) ON CONFLICT (id) DO UPDATE SET wac_price = EXCLUDED.wac_price, standard_price = EXCLUDED.standard_price, yield_rate = EXCLUDED.yield_rate;
INSERT INTO ingredients (id, code, nom_fr, ten_vi, name_en, purchase_category_id, stock_uom, recipe_uom, stock_to_recipe_factor, tare_weight_grams, tolerance_percent, wac_price, standard_price, yield_rate, min_stock, max_stock, safety_stock, is_import, track_lot, is_beverage, auto_po_group, is_active) VALUES ('ING-063', 'ING-063', 'Vinaigre balsamique', 'Giấm balsamic', 'Balsamic', 'e6425b0c-c723-5aab-a812-986210aba984', 'L', 'L', 1, 0, 5.0, 140400.0, 140400.0, 100.0, 15.0, 50.0, 10.0, true, false, false, 'MANUAL_REQUISITION', true) ON CONFLICT (id) DO UPDATE SET wac_price = EXCLUDED.wac_price, standard_price = EXCLUDED.standard_price, yield_rate = EXCLUDED.yield_rate;
INSERT INTO ingredients (id, code, nom_fr, ten_vi, name_en, purchase_category_id, stock_uom, recipe_uom, stock_to_recipe_factor, tare_weight_grams, tolerance_percent, wac_price, standard_price, yield_rate, min_stock, max_stock, safety_stock, is_import, track_lot, is_beverage, auto_po_group, is_active) VALUES ('ING-064', 'ING-064', 'Fleur de sel de Bà Rịa', 'Hoa muối Bà Rịa', 'Bà Rịa fleur de sel', 'e6425b0c-c723-5aab-a812-986210aba984', 'kg', 'g', 1000, 0, 5.0, 15000.0, 15000.0, 100.0, 15.0, 50.0, 10.0, false, false, false, 'MANUAL_REQUISITION', true) ON CONFLICT (id) DO UPDATE SET wac_price = EXCLUDED.wac_price, standard_price = EXCLUDED.standard_price, yield_rate = EXCLUDED.yield_rate;
INSERT INTO ingredients (id, code, nom_fr, ten_vi, name_en, purchase_category_id, stock_uom, recipe_uom, stock_to_recipe_factor, tare_weight_grams, tolerance_percent, wac_price, standard_price, yield_rate, min_stock, max_stock, safety_stock, is_import, track_lot, is_beverage, auto_po_group, is_active) VALUES ('ING-065', 'ING-065', 'Sel de Guérande', 'Muối Guérande', 'Guérande salt', 'e6425b0c-c723-5aab-a812-986210aba984', 'kg', 'g', 1000, 0, 5.0, 500000.0, 500000.0, 100.0, 15.0, 50.0, 10.0, true, false, false, 'MANUAL_REQUISITION', true) ON CONFLICT (id) DO UPDATE SET wac_price = EXCLUDED.wac_price, standard_price = EXCLUDED.standard_price, yield_rate = EXCLUDED.yield_rate;
INSERT INTO ingredients (id, code, nom_fr, ten_vi, name_en, purchase_category_id, stock_uom, recipe_uom, stock_to_recipe_factor, tare_weight_grams, tolerance_percent, wac_price, standard_price, yield_rate, min_stock, max_stock, safety_stock, is_import, track_lot, is_beverage, auto_po_group, is_active) VALUES ('ING-066', 'ING-066', 'Poivre noir Phú Quốc', 'Tiêu Phú Quốc', 'Phú Quốc black pepper', 'e6425b0c-c723-5aab-a812-986210aba984', 'kg', 'g', 1000, 0, 5.0, 230000.0, 230000.0, 100.0, 15.0, 50.0, 10.0, false, false, false, 'MANUAL_REQUISITION', true) ON CONFLICT (id) DO UPDATE SET wac_price = EXCLUDED.wac_price, standard_price = EXCLUDED.standard_price, yield_rate = EXCLUDED.yield_rate;
INSERT INTO ingredients (id, code, nom_fr, ten_vi, name_en, purchase_category_id, stock_uom, recipe_uom, stock_to_recipe_factor, tare_weight_grams, tolerance_percent, wac_price, standard_price, yield_rate, min_stock, max_stock, safety_stock, is_import, track_lot, is_beverage, auto_po_group, is_active) VALUES ('ING-067', 'ING-067', 'Poivre de Sichuan', 'Tiêu Tứ Xuyên', 'Sichuan peppercorn', 'e6425b0c-c723-5aab-a812-986210aba984', 'kg', 'g', 1000, 0, 5.0, 250000.0, 250000.0, 100.0, 15.0, 50.0, 10.0, true, false, false, 'MANUAL_REQUISITION', true) ON CONFLICT (id) DO UPDATE SET wac_price = EXCLUDED.wac_price, standard_price = EXCLUDED.standard_price, yield_rate = EXCLUDED.yield_rate;
INSERT INTO ingredients (id, code, nom_fr, ten_vi, name_en, purchase_category_id, stock_uom, recipe_uom, stock_to_recipe_factor, tare_weight_grams, tolerance_percent, wac_price, standard_price, yield_rate, min_stock, max_stock, safety_stock, is_import, track_lot, is_beverage, auto_po_group, is_active) VALUES ('ING-068', 'ING-068', 'Safran', 'Nghệ tây', 'Saffron', 'e6425b0c-c723-5aab-a812-986210aba984', 'gram', 'gram', 1, 0, 5.0, 195000.0, 195000.0, 100.0, 15.0, 50.0, 10.0, true, false, false, 'MANUAL_REQUISITION', true) ON CONFLICT (id) DO UPDATE SET wac_price = EXCLUDED.wac_price, standard_price = EXCLUDED.standard_price, yield_rate = EXCLUDED.yield_rate;
INSERT INTO ingredients (id, code, nom_fr, ten_vi, name_en, purchase_category_id, stock_uom, recipe_uom, stock_to_recipe_factor, tare_weight_grams, tolerance_percent, wac_price, standard_price, yield_rate, min_stock, max_stock, safety_stock, is_import, track_lot, is_beverage, auto_po_group, is_active) VALUES ('ING-069', 'ING-069', 'Champagne brut cuisine', 'Champagne nấu', 'Cooking champagne', '5b0ee48b-8e19-5d8f-853a-4056cefff5e5', 'BOTTLE', 'ML', 750, 450, 2.0, 453000.0, 453000.0, 100.0, 15.0, 50.0, 10.0, true, true, true, 'AUTO_PO', true) ON CONFLICT (id) DO UPDATE SET wac_price = EXCLUDED.wac_price, standard_price = EXCLUDED.standard_price, yield_rate = EXCLUDED.yield_rate;
INSERT INTO ingredients (id, code, nom_fr, ten_vi, name_en, purchase_category_id, stock_uom, recipe_uom, stock_to_recipe_factor, tare_weight_grams, tolerance_percent, wac_price, standard_price, yield_rate, min_stock, max_stock, safety_stock, is_import, track_lot, is_beverage, auto_po_group, is_active) VALUES ('ING-070', 'ING-070', 'Vin blanc sec', 'Vang trắng khô', 'Dry white', '5b0ee48b-8e19-5d8f-853a-4056cefff5e5', 'BOTTLE', 'ML', 750, 450, 2.0, 86000.0, 86000.0, 100.0, 15.0, 50.0, 10.0, true, true, true, 'AUTO_PO', true) ON CONFLICT (id) DO UPDATE SET wac_price = EXCLUDED.wac_price, standard_price = EXCLUDED.standard_price, yield_rate = EXCLUDED.yield_rate;
INSERT INTO ingredients (id, code, nom_fr, ten_vi, name_en, purchase_category_id, stock_uom, recipe_uom, stock_to_recipe_factor, tare_weight_grams, tolerance_percent, wac_price, standard_price, yield_rate, min_stock, max_stock, safety_stock, is_import, track_lot, is_beverage, auto_po_group, is_active) VALUES ('ING-071', 'ING-071', 'Vin rouge corsé', 'Vang đỏ đậm', 'Full red', '5b0ee48b-8e19-5d8f-853a-4056cefff5e5', 'BOTTLE', 'ML', 750, 450, 2.0, 86000.0, 86000.0, 100.0, 15.0, 50.0, 10.0, true, true, true, 'AUTO_PO', true) ON CONFLICT (id) DO UPDATE SET wac_price = EXCLUDED.wac_price, standard_price = EXCLUDED.standard_price, yield_rate = EXCLUDED.yield_rate;
INSERT INTO ingredients (id, code, nom_fr, ten_vi, name_en, purchase_category_id, stock_uom, recipe_uom, stock_to_recipe_factor, tare_weight_grams, tolerance_percent, wac_price, standard_price, yield_rate, min_stock, max_stock, safety_stock, is_import, track_lot, is_beverage, auto_po_group, is_active) VALUES ('ING-072', 'ING-072', 'Cognac VSOP', 'Cognac VSOP', 'Cognac', '5b0ee48b-8e19-5d8f-853a-4056cefff5e5', 'BOTTLE', 'ML', 750, 450, 2.0, 250000.0, 250000.0, 100.0, 15.0, 50.0, 10.0, true, true, true, 'AUTO_PO', true) ON CONFLICT (id) DO UPDATE SET wac_price = EXCLUDED.wac_price, standard_price = EXCLUDED.standard_price, yield_rate = EXCLUDED.yield_rate;
INSERT INTO ingredients (id, code, nom_fr, ten_vi, name_en, purchase_category_id, stock_uom, recipe_uom, stock_to_recipe_factor, tare_weight_grams, tolerance_percent, wac_price, standard_price, yield_rate, min_stock, max_stock, safety_stock, is_import, track_lot, is_beverage, auto_po_group, is_active) VALUES ('ING-073', 'ING-073', 'Calvados', 'Calvados', 'Calvados', '5b0ee48b-8e19-5d8f-853a-4056cefff5e5', 'BOTTLE', 'ML', 750, 450, 2.0, 895000.0, 895000.0, 100.0, 15.0, 50.0, 10.0, true, true, true, 'AUTO_PO', true) ON CONFLICT (id) DO UPDATE SET wac_price = EXCLUDED.wac_price, standard_price = EXCLUDED.standard_price, yield_rate = EXCLUDED.yield_rate;
INSERT INTO ingredients (id, code, nom_fr, ten_vi, name_en, purchase_category_id, stock_uom, recipe_uom, stock_to_recipe_factor, tare_weight_grams, tolerance_percent, wac_price, standard_price, yield_rate, min_stock, max_stock, safety_stock, is_import, track_lot, is_beverage, auto_po_group, is_active) VALUES ('ING-074', 'ING-074', 'Madère', 'Madeira', 'Madeira', '5b0ee48b-8e19-5d8f-853a-4056cefff5e5', 'BOTTLE', 'ML', 750, 450, 2.0, 800000.0, 800000.0, 100.0, 15.0, 50.0, 10.0, true, true, true, 'AUTO_PO', true) ON CONFLICT (id) DO UPDATE SET wac_price = EXCLUDED.wac_price, standard_price = EXCLUDED.standard_price, yield_rate = EXCLUDED.yield_rate;
INSERT INTO ingredients (id, code, nom_fr, ten_vi, name_en, purchase_category_id, stock_uom, recipe_uom, stock_to_recipe_factor, tare_weight_grams, tolerance_percent, wac_price, standard_price, yield_rate, min_stock, max_stock, safety_stock, is_import, track_lot, is_beverage, auto_po_group, is_active) VALUES ('ING-075', 'ING-075', 'Chocolat Marou 70%', 'Sô-cô-la Marou 70%', 'Marou chocolate', 'bf200869-b2aa-5a0e-a314-0e8521a1a74d', 'kg', 'g', 1000, 0, 5.0, 355000.0, 355000.0, 100.0, 15.0, 50.0, 10.0, false, false, false, 'MANUAL_REQUISITION', true) ON CONFLICT (id) DO UPDATE SET wac_price = EXCLUDED.wac_price, standard_price = EXCLUDED.standard_price, yield_rate = EXCLUDED.yield_rate;
INSERT INTO ingredients (id, code, nom_fr, ten_vi, name_en, purchase_category_id, stock_uom, recipe_uom, stock_to_recipe_factor, tare_weight_grams, tolerance_percent, wac_price, standard_price, yield_rate, min_stock, max_stock, safety_stock, is_import, track_lot, is_beverage, auto_po_group, is_active) VALUES ('ING-076', 'ING-076', 'Chocolat blanc Valrhona', 'Sô-cô-la trắng Valrhona', 'Valrhona white', 'bf200869-b2aa-5a0e-a314-0e8521a1a74d', 'kg', 'g', 1000, 0, 5.0, 135000.0, 135000.0, 100.0, 15.0, 50.0, 10.0, true, false, false, 'MANUAL_REQUISITION', true) ON CONFLICT (id) DO UPDATE SET wac_price = EXCLUDED.wac_price, standard_price = EXCLUDED.standard_price, yield_rate = EXCLUDED.yield_rate;
INSERT INTO ingredients (id, code, nom_fr, ten_vi, name_en, purchase_category_id, stock_uom, recipe_uom, stock_to_recipe_factor, tare_weight_grams, tolerance_percent, wac_price, standard_price, yield_rate, min_stock, max_stock, safety_stock, is_import, track_lot, is_beverage, auto_po_group, is_active) VALUES ('ING-077', 'ING-077', 'Beurre de cacao', 'Bơ ca cao', 'Cocoa butter', 'bf200869-b2aa-5a0e-a314-0e8521a1a74d', 'kg', 'g', 1000, 0, 5.0, 738000.0, 738000.0, 100.0, 15.0, 50.0, 10.0, true, false, false, 'MANUAL_REQUISITION', true) ON CONFLICT (id) DO UPDATE SET wac_price = EXCLUDED.wac_price, standard_price = EXCLUDED.standard_price, yield_rate = EXCLUDED.yield_rate;
INSERT INTO ingredients (id, code, nom_fr, ten_vi, name_en, purchase_category_id, stock_uom, recipe_uom, stock_to_recipe_factor, tare_weight_grams, tolerance_percent, wac_price, standard_price, yield_rate, min_stock, max_stock, safety_stock, is_import, track_lot, is_beverage, auto_po_group, is_active) VALUES ('ING-078', 'ING-078', 'Gélatine en feuille', 'Gelatin lá', 'Gelatin sheets', 'bf200869-b2aa-5a0e-a314-0e8521a1a74d', 'kg', 'g', 1000, 0, 5.0, 810000.0, 810000.0, 100.0, 15.0, 50.0, 10.0, true, false, false, 'MANUAL_REQUISITION', true) ON CONFLICT (id) DO UPDATE SET wac_price = EXCLUDED.wac_price, standard_price = EXCLUDED.standard_price, yield_rate = EXCLUDED.yield_rate;
INSERT INTO ingredients (id, code, nom_fr, ten_vi, name_en, purchase_category_id, stock_uom, recipe_uom, stock_to_recipe_factor, tare_weight_grams, tolerance_percent, wac_price, standard_price, yield_rate, min_stock, max_stock, safety_stock, is_import, track_lot, is_beverage, auto_po_group, is_active) VALUES ('ING-079', 'ING-079', 'Pâte feuilletée beurre', 'Bột bánh ngàn lớp', 'Puff pastry', 'bf200869-b2aa-5a0e-a314-0e8521a1a74d', 'kg', 'g', 1000, 0, 5.0, 111240.0, 111240.0, 100.0, 15.0, 50.0, 10.0, true, false, false, 'MANUAL_REQUISITION', true) ON CONFLICT (id) DO UPDATE SET wac_price = EXCLUDED.wac_price, standard_price = EXCLUDED.standard_price, yield_rate = EXCLUDED.yield_rate;
INSERT INTO ingredients (id, code, nom_fr, ten_vi, name_en, purchase_category_id, stock_uom, recipe_uom, stock_to_recipe_factor, tare_weight_grams, tolerance_percent, wac_price, standard_price, yield_rate, min_stock, max_stock, safety_stock, is_import, track_lot, is_beverage, auto_po_group, is_active) VALUES ('ING-080', 'ING-080', 'Glace vanille maison', 'Kem vani nhà làm', 'Vanilla ice cream', 'bf200869-b2aa-5a0e-a314-0e8521a1a74d', 'L', 'L', 1, 0, 5.0, 92000.0, 92000.0, 100.0, 15.0, 50.0, 10.0, false, false, false, 'MANUAL_REQUISITION', true) ON CONFLICT (id) DO UPDATE SET wac_price = EXCLUDED.wac_price, standard_price = EXCLUDED.standard_price, yield_rate = EXCLUDED.yield_rate;
INSERT INTO ingredients (id, code, nom_fr, ten_vi, name_en, purchase_category_id, stock_uom, recipe_uom, stock_to_recipe_factor, tare_weight_grams, tolerance_percent, wac_price, standard_price, yield_rate, min_stock, max_stock, safety_stock, is_import, track_lot, is_beverage, auto_po_group, is_active) VALUES ('ING-081', 'ING-081', 'Fond de volaille maison', 'Nước dùng gà', 'Chicken stock', 'f09a1423-afa4-5fe6-99f6-789561f23c83', 'L', 'L', 1, 0, 5.0, 13800.0, 13800.0, 100.0, 15.0, 50.0, 10.0, false, false, false, 'MANUAL_REQUISITION', true) ON CONFLICT (id) DO UPDATE SET wac_price = EXCLUDED.wac_price, standard_price = EXCLUDED.standard_price, yield_rate = EXCLUDED.yield_rate;
INSERT INTO ingredients (id, code, nom_fr, ten_vi, name_en, purchase_category_id, stock_uom, recipe_uom, stock_to_recipe_factor, tare_weight_grams, tolerance_percent, wac_price, standard_price, yield_rate, min_stock, max_stock, safety_stock, is_import, track_lot, is_beverage, auto_po_group, is_active) VALUES ('ING-082', 'ING-082', 'Fond de poisson maison', 'Nước dùng cá', 'Fish stock', 'f09a1423-afa4-5fe6-99f6-789561f23c83', 'L', 'L', 1, 0, 5.0, 10200.0, 10200.0, 100.0, 15.0, 50.0, 10.0, false, false, false, 'MANUAL_REQUISITION', true) ON CONFLICT (id) DO UPDATE SET wac_price = EXCLUDED.wac_price, standard_price = EXCLUDED.standard_price, yield_rate = EXCLUDED.yield_rate;
INSERT INTO ingredients (id, code, nom_fr, ten_vi, name_en, purchase_category_id, stock_uom, recipe_uom, stock_to_recipe_factor, tare_weight_grams, tolerance_percent, wac_price, standard_price, yield_rate, min_stock, max_stock, safety_stock, is_import, track_lot, is_beverage, auto_po_group, is_active) VALUES ('ING-083', 'ING-083', 'Jus veau/buffle maison', 'Nước sốt bê/trâu', 'Veal/buffalo jus', 'f09a1423-afa4-5fe6-99f6-789561f23c83', 'L', 'L', 1, 0, 5.0, 50000.0, 50000.0, 100.0, 15.0, 50.0, 10.0, false, false, false, 'MANUAL_REQUISITION', true) ON CONFLICT (id) DO UPDATE SET wac_price = EXCLUDED.wac_price, standard_price = EXCLUDED.standard_price, yield_rate = EXCLUDED.yield_rate;
INSERT INTO ingredients (id, code, nom_fr, ten_vi, name_en, purchase_category_id, stock_uom, recipe_uom, stock_to_recipe_factor, tare_weight_grams, tolerance_percent, wac_price, standard_price, yield_rate, min_stock, max_stock, safety_stock, is_import, track_lot, is_beverage, auto_po_group, is_active) VALUES ('ING-084', 'ING-084', 'Beurre clarifié maison', 'Bơ tinh luyện', 'Clarified butter', 'f09a1423-afa4-5fe6-99f6-789561f23c83', 'kg', 'g', 1000, 0, 5.0, 350000.0, 350000.0, 75.0, 15.0, 50.0, 10.0, false, false, false, 'MANUAL_REQUISITION', true) ON CONFLICT (id) DO UPDATE SET wac_price = EXCLUDED.wac_price, standard_price = EXCLUDED.standard_price, yield_rate = EXCLUDED.yield_rate;
INSERT INTO ingredients (id, code, nom_fr, ten_vi, name_en, purchase_category_id, stock_uom, recipe_uom, stock_to_recipe_factor, tare_weight_grams, tolerance_percent, wac_price, standard_price, yield_rate, min_stock, max_stock, safety_stock, is_import, track_lot, is_beverage, auto_po_group, is_active) VALUES ('ING-085', 'ING-085', 'Algues nori', 'Rong biển nori', 'Nori', 'e6425b0c-c723-5aab-a812-986210aba984', 'gram', 'gram', 1, 0, 5.0, 2750.0, 2750.0, 100.0, 15.0, 50.0, 10.0, true, false, false, 'MANUAL_REQUISITION', true) ON CONFLICT (id) DO UPDATE SET wac_price = EXCLUDED.wac_price, standard_price = EXCLUDED.standard_price, yield_rate = EXCLUDED.yield_rate;
INSERT INTO ingredients (id, code, nom_fr, ten_vi, name_en, purchase_category_id, stock_uom, recipe_uom, stock_to_recipe_factor, tare_weight_grams, tolerance_percent, wac_price, standard_price, yield_rate, min_stock, max_stock, safety_stock, is_import, track_lot, is_beverage, auto_po_group, is_active) VALUES ('ING-086', 'ING-086', 'Algues kombu', 'Rong biển kombu', 'Kombu', 'e6425b0c-c723-5aab-a812-986210aba984', 'kg', 'g', 1000, 0, 5.0, 710000.0, 710000.0, 100.0, 15.0, 50.0, 10.0, true, false, false, 'MANUAL_REQUISITION', true) ON CONFLICT (id) DO UPDATE SET wac_price = EXCLUDED.wac_price, standard_price = EXCLUDED.standard_price, yield_rate = EXCLUDED.yield_rate;
INSERT INTO ingredients (id, code, nom_fr, ten_vi, name_en, purchase_category_id, stock_uom, recipe_uom, stock_to_recipe_factor, tare_weight_grams, tolerance_percent, wac_price, standard_price, yield_rate, min_stock, max_stock, safety_stock, is_import, track_lot, is_beverage, auto_po_group, is_active) VALUES ('ING-087', 'ING-087', 'Truffe d''été surgelée Plantin', 'Nấm cục hè đông lạnh', 'Summer truffle Plantin', 'efd070f6-3ca8-53a7-ad6a-4a7a25a8837d', 'gram', 'gram', 1, 0, 10.0, 9304.0, 9304.0, 92.0, 15.0, 50.0, 10.0, true, false, false, 'MANUAL_REQUISITION', true) ON CONFLICT (id) DO UPDATE SET wac_price = EXCLUDED.wac_price, standard_price = EXCLUDED.standard_price, yield_rate = EXCLUDED.yield_rate;
INSERT INTO ingredients (id, code, nom_fr, ten_vi, name_en, purchase_category_id, stock_uom, recipe_uom, stock_to_recipe_factor, tare_weight_grams, tolerance_percent, wac_price, standard_price, yield_rate, min_stock, max_stock, safety_stock, is_import, track_lot, is_beverage, auto_po_group, is_active) VALUES ('ING-088', 'ING-088', 'Pignons de pin', 'Hạt thông', 'Pine nuts', 'bf200869-b2aa-5a0e-a314-0e8521a1a74d', 'kg', 'g', 1000, 0, 5.0, 920000.0, 920000.0, 100.0, 15.0, 50.0, 10.0, true, false, false, 'MANUAL_REQUISITION', true) ON CONFLICT (id) DO UPDATE SET wac_price = EXCLUDED.wac_price, standard_price = EXCLUDED.standard_price, yield_rate = EXCLUDED.yield_rate;
INSERT INTO ingredients (id, code, nom_fr, ten_vi, name_en, purchase_category_id, stock_uom, recipe_uom, stock_to_recipe_factor, tare_weight_grams, tolerance_percent, wac_price, standard_price, yield_rate, min_stock, max_stock, safety_stock, is_import, track_lot, is_beverage, auto_po_group, is_active) VALUES ('ING-089', 'ING-089', 'Amandes effilées', 'Hạnh nhân lát', 'Sliced almonds', 'bf200869-b2aa-5a0e-a314-0e8521a1a74d', 'kg', 'g', 1000, 0, 5.0, 280000.0, 280000.0, 100.0, 15.0, 50.0, 10.0, true, false, false, 'MANUAL_REQUISITION', true) ON CONFLICT (id) DO UPDATE SET wac_price = EXCLUDED.wac_price, standard_price = EXCLUDED.standard_price, yield_rate = EXCLUDED.yield_rate;
INSERT INTO ingredients (id, code, nom_fr, ten_vi, name_en, purchase_category_id, stock_uom, recipe_uom, stock_to_recipe_factor, tare_weight_grams, tolerance_percent, wac_price, standard_price, yield_rate, min_stock, max_stock, safety_stock, is_import, track_lot, is_beverage, auto_po_group, is_active) VALUES ('ING-090', 'ING-090', 'Noisettes du Piémont', 'Hạt phỉ Piedmont', 'Hazelnuts', 'bf200869-b2aa-5a0e-a314-0e8521a1a74d', 'kg', 'g', 1000, 0, 5.0, 642600.0, 642600.0, 100.0, 15.0, 50.0, 10.0, true, false, false, 'MANUAL_REQUISITION', true) ON CONFLICT (id) DO UPDATE SET wac_price = EXCLUDED.wac_price, standard_price = EXCLUDED.standard_price, yield_rate = EXCLUDED.yield_rate;
INSERT INTO ingredients (id, code, nom_fr, ten_vi, name_en, purchase_category_id, stock_uom, recipe_uom, stock_to_recipe_factor, tare_weight_grams, tolerance_percent, wac_price, standard_price, yield_rate, min_stock, max_stock, safety_stock, is_import, track_lot, is_beverage, auto_po_group, is_active) VALUES ('ING-091', 'ING-091', 'Sucre glace', 'Đường bột', 'Icing sugar', 'bf200869-b2aa-5a0e-a314-0e8521a1a74d', 'kg', 'g', 1000, 0, 5.0, 40000.0, 40000.0, 100.0, 15.0, 50.0, 10.0, false, false, false, 'MANUAL_REQUISITION', true) ON CONFLICT (id) DO UPDATE SET wac_price = EXCLUDED.wac_price, standard_price = EXCLUDED.standard_price, yield_rate = EXCLUDED.yield_rate;
INSERT INTO ingredients (id, code, nom_fr, ten_vi, name_en, purchase_category_id, stock_uom, recipe_uom, stock_to_recipe_factor, tare_weight_grams, tolerance_percent, wac_price, standard_price, yield_rate, min_stock, max_stock, safety_stock, is_import, track_lot, is_beverage, auto_po_group, is_active) VALUES ('ING-092', 'ING-092', 'Beurre noisette maison', 'Bơ nâu nhà làm', 'Brown butter', 'f09a1423-afa4-5fe6-99f6-789561f23c83', 'kg', 'g', 1000, 0, 5.0, 324000.0, 324000.0, 85.0, 15.0, 50.0, 10.0, false, false, false, 'MANUAL_REQUISITION', true) ON CONFLICT (id) DO UPDATE SET wac_price = EXCLUDED.wac_price, standard_price = EXCLUDED.standard_price, yield_rate = EXCLUDED.yield_rate;
INSERT INTO ingredients (id, code, nom_fr, ten_vi, name_en, purchase_category_id, stock_uom, recipe_uom, stock_to_recipe_factor, tare_weight_grams, tolerance_percent, wac_price, standard_price, yield_rate, min_stock, max_stock, safety_stock, is_import, track_lot, is_beverage, auto_po_group, is_active) VALUES ('ING-094', 'ING-094', 'Bacon', 'Bacon', 'Bacon', '7f22ca72-c04e-5a95-a1b9-64c4e573cb76', 'kg', 'g', 1000, 0, 2.0, 179280.0, 179280.0, 100.0, 15.0, 50.0, 10.0, true, true, false, 'AUTO_PO', true) ON CONFLICT (id) DO UPDATE SET wac_price = EXCLUDED.wac_price, standard_price = EXCLUDED.standard_price, yield_rate = EXCLUDED.yield_rate;
INSERT INTO ingredients (id, code, nom_fr, ten_vi, name_en, purchase_category_id, stock_uom, recipe_uom, stock_to_recipe_factor, tare_weight_grams, tolerance_percent, wac_price, standard_price, yield_rate, min_stock, max_stock, safety_stock, is_import, track_lot, is_beverage, auto_po_group, is_active) VALUES ('ING-100', 'ING-100', 'Pamplemousse rose', 'Bưởi hồng', 'Pink grapefruit', '5fbe46c0-78c8-5e66-ae7e-5f78ebb2b1af', 'kg', 'g', 1000, 0, 10.0, 35000.0, 35000.0, 55.00000000000001, 15.0, 50.0, 10.0, false, false, false, 'MANUAL_REQUISITION', true) ON CONFLICT (id) DO UPDATE SET wac_price = EXCLUDED.wac_price, standard_price = EXCLUDED.standard_price, yield_rate = EXCLUDED.yield_rate;
INSERT INTO ingredients (id, code, nom_fr, ten_vi, name_en, purchase_category_id, stock_uom, recipe_uom, stock_to_recipe_factor, tare_weight_grams, tolerance_percent, wac_price, standard_price, yield_rate, min_stock, max_stock, safety_stock, is_import, track_lot, is_beverage, auto_po_group, is_active) VALUES ('ING-093', 'ING-093', 'Côte de Bœuf Black Angus US', 'Bò Black Angus ribeye US', 'Black Angus ribeye US', '7f22ca72-c04e-5a95-a1b9-64c4e573cb76', 'kg', 'g', 1000, 0, 2.0, 1113000.0, 1113000.0, 80.0, 15.0, 50.0, 10.0, true, true, false, 'AUTO_PO', true) ON CONFLICT (id) DO UPDATE SET wac_price = EXCLUDED.wac_price, standard_price = EXCLUDED.standard_price, yield_rate = EXCLUDED.yield_rate;
INSERT INTO ingredients (id, code, nom_fr, ten_vi, name_en, purchase_category_id, stock_uom, recipe_uom, stock_to_recipe_factor, tare_weight_grams, tolerance_percent, wac_price, standard_price, yield_rate, min_stock, max_stock, safety_stock, is_import, track_lot, is_beverage, auto_po_group, is_active) VALUES ('ING-101', 'ING-101', 'Bière Heineken', 'Bia Heineken', 'Heineken Beer', '5b0ee48b-8e19-5d8f-853a-4056cefff5e5', 'BOTTLE', 'ML', 750, 450, 2.0, 35000.0, 35000.0, 100.0, 15.0, 50.0, 10.0, false, true, true, 'AUTO_PO', true) ON CONFLICT (id) DO UPDATE SET wac_price = EXCLUDED.wac_price, standard_price = EXCLUDED.standard_price, yield_rate = EXCLUDED.yield_rate;
INSERT INTO ingredients (id, code, nom_fr, ten_vi, name_en, purchase_category_id, stock_uom, recipe_uom, stock_to_recipe_factor, tare_weight_grams, tolerance_percent, wac_price, standard_price, yield_rate, min_stock, max_stock, safety_stock, is_import, track_lot, is_beverage, auto_po_group, is_active) VALUES ('ING-102', 'ING-102', 'Bière Tiger', 'Bia Tiger', 'Tiger Beer', '5b0ee48b-8e19-5d8f-853a-4056cefff5e5', 'BOTTLE', 'ML', 750, 450, 2.0, 30000.0, 30000.0, 100.0, 15.0, 50.0, 10.0, false, true, true, 'AUTO_PO', true) ON CONFLICT (id) DO UPDATE SET wac_price = EXCLUDED.wac_price, standard_price = EXCLUDED.standard_price, yield_rate = EXCLUDED.yield_rate;
INSERT INTO ingredients (id, code, nom_fr, ten_vi, name_en, purchase_category_id, stock_uom, recipe_uom, stock_to_recipe_factor, tare_weight_grams, tolerance_percent, wac_price, standard_price, yield_rate, min_stock, max_stock, safety_stock, is_import, track_lot, is_beverage, auto_po_group, is_active) VALUES ('ING-103', 'ING-103', 'Bière 333', 'Bia 333', '333 Beer', '5b0ee48b-8e19-5d8f-853a-4056cefff5e5', 'BOTTLE', 'ML', 750, 450, 2.0, 25000.0, 25000.0, 100.0, 15.0, 50.0, 10.0, false, true, true, 'AUTO_PO', true) ON CONFLICT (id) DO UPDATE SET wac_price = EXCLUDED.wac_price, standard_price = EXCLUDED.standard_price, yield_rate = EXCLUDED.yield_rate;
INSERT INTO ingredients (id, code, nom_fr, ten_vi, name_en, purchase_category_id, stock_uom, recipe_uom, stock_to_recipe_factor, tare_weight_grams, tolerance_percent, wac_price, standard_price, yield_rate, min_stock, max_stock, safety_stock, is_import, track_lot, is_beverage, auto_po_group, is_active) VALUES ('ING-104', 'ING-104', 'Bière Saigon', 'Bia Sài Gòn', 'Saigon Beer', '5b0ee48b-8e19-5d8f-853a-4056cefff5e5', 'BOTTLE', 'ML', 750, 450, 2.0, 25000.0, 25000.0, 100.0, 15.0, 50.0, 10.0, false, true, true, 'AUTO_PO', true) ON CONFLICT (id) DO UPDATE SET wac_price = EXCLUDED.wac_price, standard_price = EXCLUDED.standard_price, yield_rate = EXCLUDED.yield_rate;
INSERT INTO ingredients (id, code, nom_fr, ten_vi, name_en, purchase_category_id, stock_uom, recipe_uom, stock_to_recipe_factor, tare_weight_grams, tolerance_percent, wac_price, standard_price, yield_rate, min_stock, max_stock, safety_stock, is_import, track_lot, is_beverage, auto_po_group, is_active) VALUES ('ING-105', 'ING-105', 'Bière Sapporo', 'Bia Sapporo', 'Sapporo Beer', '5b0ee48b-8e19-5d8f-853a-4056cefff5e5', 'BOTTLE', 'ML', 750, 450, 2.0, 32000.0, 32000.0, 100.0, 15.0, 50.0, 10.0, false, true, true, 'AUTO_PO', true) ON CONFLICT (id) DO UPDATE SET wac_price = EXCLUDED.wac_price, standard_price = EXCLUDED.standard_price, yield_rate = EXCLUDED.yield_rate;
INSERT INTO ingredients (id, code, nom_fr, ten_vi, name_en, purchase_category_id, stock_uom, recipe_uom, stock_to_recipe_factor, tare_weight_grams, tolerance_percent, wac_price, standard_price, yield_rate, min_stock, max_stock, safety_stock, is_import, track_lot, is_beverage, auto_po_group, is_active) VALUES ('ING-106', 'ING-106', 'Coca Cola', 'Coca Cola', 'Coca Cola', 'b3b4e57e-464d-562f-80ec-b216c92d5e88', 'CAN', 'CAN', 1, 0, 5.0, 20000.0, 20000.0, 100.0, 15.0, 50.0, 10.0, false, true, true, 'AUTO_PO', true) ON CONFLICT (id) DO UPDATE SET wac_price = EXCLUDED.wac_price, standard_price = EXCLUDED.standard_price, yield_rate = EXCLUDED.yield_rate;
INSERT INTO ingredients (id, code, nom_fr, ten_vi, name_en, purchase_category_id, stock_uom, recipe_uom, stock_to_recipe_factor, tare_weight_grams, tolerance_percent, wac_price, standard_price, yield_rate, min_stock, max_stock, safety_stock, is_import, track_lot, is_beverage, auto_po_group, is_active) VALUES ('ING-107', 'ING-107', 'Sprite', 'Sprite', 'Sprite', 'b3b4e57e-464d-562f-80ec-b216c92d5e88', 'CAN', 'CAN', 1, 0, 5.0, 20000.0, 20000.0, 100.0, 15.0, 50.0, 10.0, false, true, true, 'AUTO_PO', true) ON CONFLICT (id) DO UPDATE SET wac_price = EXCLUDED.wac_price, standard_price = EXCLUDED.standard_price, yield_rate = EXCLUDED.yield_rate;
INSERT INTO ingredients (id, code, nom_fr, ten_vi, name_en, purchase_category_id, stock_uom, recipe_uom, stock_to_recipe_factor, tare_weight_grams, tolerance_percent, wac_price, standard_price, yield_rate, min_stock, max_stock, safety_stock, is_import, track_lot, is_beverage, auto_po_group, is_active) VALUES ('ING-108', 'ING-108', 'Fanta', 'Fanta', 'Fanta', 'b3b4e57e-464d-562f-80ec-b216c92d5e88', 'CAN', 'CAN', 1, 0, 5.0, 20000.0, 20000.0, 100.0, 15.0, 50.0, 10.0, false, true, true, 'AUTO_PO', true) ON CONFLICT (id) DO UPDATE SET wac_price = EXCLUDED.wac_price, standard_price = EXCLUDED.standard_price, yield_rate = EXCLUDED.yield_rate;
INSERT INTO ingredients (id, code, nom_fr, ten_vi, name_en, purchase_category_id, stock_uom, recipe_uom, stock_to_recipe_factor, tare_weight_grams, tolerance_percent, wac_price, standard_price, yield_rate, min_stock, max_stock, safety_stock, is_import, track_lot, is_beverage, auto_po_group, is_active) VALUES ('ING-109', 'ING-109', 'Eau gazeuse Schweppes', 'Soda Schweppes', 'Schweppes Soda', 'b3b4e57e-464d-562f-80ec-b216c92d5e88', 'CAN', 'CAN', 1, 0, 5.0, 18000.0, 18000.0, 100.0, 15.0, 50.0, 10.0, false, true, true, 'AUTO_PO', true) ON CONFLICT (id) DO UPDATE SET wac_price = EXCLUDED.wac_price, standard_price = EXCLUDED.standard_price, yield_rate = EXCLUDED.yield_rate;
INSERT INTO ingredients (id, code, nom_fr, ten_vi, name_en, purchase_category_id, stock_uom, recipe_uom, stock_to_recipe_factor, tare_weight_grams, tolerance_percent, wac_price, standard_price, yield_rate, min_stock, max_stock, safety_stock, is_import, track_lot, is_beverage, auto_po_group, is_active) VALUES ('ING-110', 'ING-110', 'Jus d''orange frais', 'Nước cam ép tươi', 'Fresh orange juice', 'b3b4e57e-464d-562f-80ec-b216c92d5e88', 'L', 'L', 1, 0, 5.0, 60000.0, 60000.0, 100.0, 15.0, 50.0, 10.0, false, true, true, 'AUTO_PO', true) ON CONFLICT (id) DO UPDATE SET wac_price = EXCLUDED.wac_price, standard_price = EXCLUDED.standard_price, yield_rate = EXCLUDED.yield_rate;
INSERT INTO ingredients (id, code, nom_fr, ten_vi, name_en, purchase_category_id, stock_uom, recipe_uom, stock_to_recipe_factor, tare_weight_grams, tolerance_percent, wac_price, standard_price, yield_rate, min_stock, max_stock, safety_stock, is_import, track_lot, is_beverage, auto_po_group, is_active) VALUES ('ING-111', 'ING-111', 'Jus de pastèque', 'Nước dưa hấu ép', 'Watermelon juice', 'b3b4e57e-464d-562f-80ec-b216c92d5e88', 'L', 'L', 1, 0, 5.0, 50000.0, 50000.0, 100.0, 15.0, 50.0, 10.0, false, true, true, 'AUTO_PO', true) ON CONFLICT (id) DO UPDATE SET wac_price = EXCLUDED.wac_price, standard_price = EXCLUDED.standard_price, yield_rate = EXCLUDED.yield_rate;
INSERT INTO ingredients (id, code, nom_fr, ten_vi, name_en, purchase_category_id, stock_uom, recipe_uom, stock_to_recipe_factor, tare_weight_grams, tolerance_percent, wac_price, standard_price, yield_rate, min_stock, max_stock, safety_stock, is_import, track_lot, is_beverage, auto_po_group, is_active) VALUES ('ING-112', 'ING-112', 'Jus de citron frais', 'Nước chanh tươi', 'Fresh lemon juice', 'b3b4e57e-464d-562f-80ec-b216c92d5e88', 'L', 'L', 1, 0, 5.0, 40000.0, 40000.0, 100.0, 15.0, 50.0, 10.0, false, true, true, 'AUTO_PO', true) ON CONFLICT (id) DO UPDATE SET wac_price = EXCLUDED.wac_price, standard_price = EXCLUDED.standard_price, yield_rate = EXCLUDED.yield_rate;
INSERT INTO ingredients (id, code, nom_fr, ten_vi, name_en, purchase_category_id, stock_uom, recipe_uom, stock_to_recipe_factor, tare_weight_grams, tolerance_percent, wac_price, standard_price, yield_rate, min_stock, max_stock, safety_stock, is_import, track_lot, is_beverage, auto_po_group, is_active) VALUES ('ING-113', 'ING-113', 'Mocktail Virgin Mojito', 'Mocktail Virgin Mojito', 'Virgin Mojito Mocktail', 'b3b4e57e-464d-562f-80ec-b216c92d5e88', 'GLASS', 'GLASS', 1, 0, 5.0, 85000.0, 85000.0, 100.0, 15.0, 50.0, 10.0, false, true, true, 'AUTO_PO', true) ON CONFLICT (id) DO UPDATE SET wac_price = EXCLUDED.wac_price, standard_price = EXCLUDED.standard_price, yield_rate = EXCLUDED.yield_rate;
INSERT INTO ingredients (id, code, nom_fr, ten_vi, name_en, purchase_category_id, stock_uom, recipe_uom, stock_to_recipe_factor, tare_weight_grams, tolerance_percent, wac_price, standard_price, yield_rate, min_stock, max_stock, safety_stock, is_import, track_lot, is_beverage, auto_po_group, is_active) VALUES ('ING-114', 'ING-114', 'Mocktail Shirley Temple', 'Mocktail Shirley Temple', 'Shirley Temple Mocktail', 'b3b4e57e-464d-562f-80ec-b216c92d5e88', 'GLASS', 'GLASS', 1, 0, 5.0, 80000.0, 80000.0, 100.0, 15.0, 50.0, 10.0, false, true, true, 'AUTO_PO', true) ON CONFLICT (id) DO UPDATE SET wac_price = EXCLUDED.wac_price, standard_price = EXCLUDED.standard_price, yield_rate = EXCLUDED.yield_rate;
INSERT INTO ingredients (id, code, nom_fr, ten_vi, name_en, purchase_category_id, stock_uom, recipe_uom, stock_to_recipe_factor, tare_weight_grams, tolerance_percent, wac_price, standard_price, yield_rate, min_stock, max_stock, safety_stock, is_import, track_lot, is_beverage, auto_po_group, is_active) VALUES ('ING-115', 'ING-115', 'Vin rouge de la maison', 'Rượu vang đỏ House', 'House red wine', '5b0ee48b-8e19-5d8f-853a-4056cefff5e5', 'BOTTLE', 'ML', 750, 450, 2.0, 120000.0, 120000.0, 100.0, 15.0, 50.0, 10.0, true, true, true, 'AUTO_PO', true) ON CONFLICT (id) DO UPDATE SET wac_price = EXCLUDED.wac_price, standard_price = EXCLUDED.standard_price, yield_rate = EXCLUDED.yield_rate;

-- 6. Seed Supplier Ingredients (Price list)
INSERT INTO supplier_ingredients (supplier_id, ingredient_id, purchase_uom, pack_size, moq, last_price_fx, currency, is_preferred) VALUES ('s0000000-0000-0000-0000-000000000001', 'ING-001', 'CASE', 10, 1, 5800000.0, 'VND', true) ON CONFLICT DO NOTHING;
INSERT INTO supplier_ingredients (supplier_id, ingredient_id, purchase_uom, pack_size, moq, last_price_fx, currency, is_preferred) VALUES ('s0000000-0000-0000-0000-000000000001', 'ING-002', 'CASE', 10, 1, 9500000.0, 'VND', true) ON CONFLICT DO NOTHING;
INSERT INTO supplier_ingredients (supplier_id, ingredient_id, purchase_uom, pack_size, moq, last_price_fx, currency, is_preferred) VALUES ('s0000000-0000-0000-0000-000000000001', 'ING-003', 'CASE', 10, 1, 14000000.0, 'VND', true) ON CONFLICT DO NOTHING;
INSERT INTO supplier_ingredients (supplier_id, ingredient_id, purchase_uom, pack_size, moq, last_price_fx, currency, is_preferred) VALUES ('s0000000-0000-0000-0000-000000000001', 'ING-004', 'CASE', 10, 1, 3000000.0, 'VND', true) ON CONFLICT DO NOTHING;
INSERT INTO supplier_ingredients (supplier_id, ingredient_id, purchase_uom, pack_size, moq, last_price_fx, currency, is_preferred) VALUES ('s0000000-0000-0000-0000-000000000001', 'ING-005', 'CASE', 10, 1, 7500000.0, 'VND', true) ON CONFLICT DO NOTHING;
INSERT INTO supplier_ingredients (supplier_id, ingredient_id, purchase_uom, pack_size, moq, last_price_fx, currency, is_preferred) VALUES ('s0000000-0000-0000-0000-000000000001', 'ING-006', 'CASE', 10, 1, 3000000.0, 'VND', true) ON CONFLICT DO NOTHING;
INSERT INTO supplier_ingredients (supplier_id, ingredient_id, purchase_uom, pack_size, moq, last_price_fx, currency, is_preferred) VALUES ('s0000000-0000-0000-0000-000000000001', 'ING-007', 'CASE', 10, 1, 5350000.0, 'VND', true) ON CONFLICT DO NOTHING;
INSERT INTO supplier_ingredients (supplier_id, ingredient_id, purchase_uom, pack_size, moq, last_price_fx, currency, is_preferred) VALUES ('s0000000-0000-0000-0000-000000000001', 'ING-008', 'CASE', 10, 1, 9500000.0, 'VND', true) ON CONFLICT DO NOTHING;
INSERT INTO supplier_ingredients (supplier_id, ingredient_id, purchase_uom, pack_size, moq, last_price_fx, currency, is_preferred) VALUES ('s0000000-0000-0000-0000-000000000001', 'ING-009', 'gram', 1, 1, 6167.0, 'VND', true) ON CONFLICT DO NOTHING;
INSERT INTO supplier_ingredients (supplier_id, ingredient_id, purchase_uom, pack_size, moq, last_price_fx, currency, is_preferred) VALUES ('s0000000-0000-0000-0000-000000000001', 'ING-010', 'CASE', 10, 1, 23500000.0, 'VND', true) ON CONFLICT DO NOTHING;
INSERT INTO supplier_ingredients (supplier_id, ingredient_id, purchase_uom, pack_size, moq, last_price_fx, currency, is_preferred) VALUES ('s0000000-0000-0000-0000-000000000001', 'ING-011', 'CASE', 10, 1, 3500000.0, 'VND', true) ON CONFLICT DO NOTHING;
INSERT INTO supplier_ingredients (supplier_id, ingredient_id, purchase_uom, pack_size, moq, last_price_fx, currency, is_preferred) VALUES ('s0000000-0000-0000-0000-000000000001', 'ING-012', 'CASE', 10, 1, 2500000.0, 'VND', true) ON CONFLICT DO NOTHING;
INSERT INTO supplier_ingredients (supplier_id, ingredient_id, purchase_uom, pack_size, moq, last_price_fx, currency, is_preferred) VALUES ('s0000000-0000-0000-0000-000000000001', 'ING-013', 'CASE', 10, 1, 14175000.0, 'VND', true) ON CONFLICT DO NOTHING;
INSERT INTO supplier_ingredients (supplier_id, ingredient_id, purchase_uom, pack_size, moq, last_price_fx, currency, is_preferred) VALUES ('s0000000-0000-0000-0000-000000000001', 'ING-014', 'CASE', 10, 1, 17780000.0, 'VND', true) ON CONFLICT DO NOTHING;
INSERT INTO supplier_ingredients (supplier_id, ingredient_id, purchase_uom, pack_size, moq, last_price_fx, currency, is_preferred) VALUES ('s0000000-0000-0000-0000-000000000001', 'ING-014B', 'CASE', 10, 1, 12450000.0, 'VND', true) ON CONFLICT DO NOTHING;
INSERT INTO supplier_ingredients (supplier_id, ingredient_id, purchase_uom, pack_size, moq, last_price_fx, currency, is_preferred) VALUES ('s0000000-0000-0000-0000-000000000001', 'ING-015', 'CASE', 10, 1, 1200000.0, 'VND', true) ON CONFLICT DO NOTHING;
INSERT INTO supplier_ingredients (supplier_id, ingredient_id, purchase_uom, pack_size, moq, last_price_fx, currency, is_preferred) VALUES ('s0000000-0000-0000-0000-000000000001', 'ING-016', 'CASE', 10, 1, 8078400.0, 'VND', true) ON CONFLICT DO NOTHING;
INSERT INTO supplier_ingredients (supplier_id, ingredient_id, purchase_uom, pack_size, moq, last_price_fx, currency, is_preferred) VALUES ('s0000000-0000-0000-0000-000000000001', 'ING-017', 'CASE', 10, 1, 7600000.0, 'VND', true) ON CONFLICT DO NOTHING;
INSERT INTO supplier_ingredients (supplier_id, ingredient_id, purchase_uom, pack_size, moq, last_price_fx, currency, is_preferred) VALUES ('s0000000-0000-0000-0000-000000000001', 'ING-018', 'L', 1, 1, 115000.0, 'VND', true) ON CONFLICT DO NOTHING;
INSERT INTO supplier_ingredients (supplier_id, ingredient_id, purchase_uom, pack_size, moq, last_price_fx, currency, is_preferred) VALUES ('s0000000-0000-0000-0000-000000000001', 'ING-019', 'L', 1, 1, 137160.0, 'VND', true) ON CONFLICT DO NOTHING;
INSERT INTO supplier_ingredients (supplier_id, ingredient_id, purchase_uom, pack_size, moq, last_price_fx, currency, is_preferred) VALUES ('s0000000-0000-0000-0000-000000000001', 'ING-020', 'L', 1, 1, 38195.0, 'VND', true) ON CONFLICT DO NOTHING;
INSERT INTO supplier_ingredients (supplier_id, ingredient_id, purchase_uom, pack_size, moq, last_price_fx, currency, is_preferred) VALUES ('s0000000-0000-0000-0000-000000000001', 'ING-021', 'CASE', 300, 1, 780000.0, 'VND', true) ON CONFLICT DO NOTHING;
INSERT INTO supplier_ingredients (supplier_id, ingredient_id, purchase_uom, pack_size, moq, last_price_fx, currency, is_preferred) VALUES ('s0000000-0000-0000-0000-000000000001', 'ING-022', 'CASE', 10, 1, 2721600.0, 'VND', true) ON CONFLICT DO NOTHING;
INSERT INTO supplier_ingredients (supplier_id, ingredient_id, purchase_uom, pack_size, moq, last_price_fx, currency, is_preferred) VALUES ('s0000000-0000-0000-0000-000000000001', 'ING-023', 'CASE', 10, 1, 13500000.0, 'VND', true) ON CONFLICT DO NOTHING;
INSERT INTO supplier_ingredients (supplier_id, ingredient_id, purchase_uom, pack_size, moq, last_price_fx, currency, is_preferred) VALUES ('s0000000-0000-0000-0000-000000000002', 'ING-024', 'CASE', 10, 1, 400000.0, 'VND', true) ON CONFLICT DO NOTHING;
INSERT INTO supplier_ingredients (supplier_id, ingredient_id, purchase_uom, pack_size, moq, last_price_fx, currency, is_preferred) VALUES ('s0000000-0000-0000-0000-000000000002', 'ING-025', 'CASE', 10, 1, 3500000.0, 'VND', true) ON CONFLICT DO NOTHING;
INSERT INTO supplier_ingredients (supplier_id, ingredient_id, purchase_uom, pack_size, moq, last_price_fx, currency, is_preferred) VALUES ('s0000000-0000-0000-0000-000000000002', 'ING-026', 'CASE', 10, 1, 1200000.0, 'VND', true) ON CONFLICT DO NOTHING;
INSERT INTO supplier_ingredients (supplier_id, ingredient_id, purchase_uom, pack_size, moq, last_price_fx, currency, is_preferred) VALUES ('s0000000-0000-0000-0000-000000000002', 'ING-027', 'CASE', 10, 1, 28000000.0, 'VND', true) ON CONFLICT DO NOTHING;
INSERT INTO supplier_ingredients (supplier_id, ingredient_id, purchase_uom, pack_size, moq, last_price_fx, currency, is_preferred) VALUES ('s0000000-0000-0000-0000-000000000002', 'ING-028', 'CASE', 10, 1, 1532000.0, 'VND', true) ON CONFLICT DO NOTHING;
INSERT INTO supplier_ingredients (supplier_id, ingredient_id, purchase_uom, pack_size, moq, last_price_fx, currency, is_preferred) VALUES ('s0000000-0000-0000-0000-000000000002', 'ING-029', 'CASE', 10, 1, 400000.0, 'VND', true) ON CONFLICT DO NOTHING;
INSERT INTO supplier_ingredients (supplier_id, ingredient_id, purchase_uom, pack_size, moq, last_price_fx, currency, is_preferred) VALUES ('s0000000-0000-0000-0000-000000000002', 'ING-030', 'CASE', 10, 1, 600000.0, 'VND', true) ON CONFLICT DO NOTHING;
INSERT INTO supplier_ingredients (supplier_id, ingredient_id, purchase_uom, pack_size, moq, last_price_fx, currency, is_preferred) VALUES ('s0000000-0000-0000-0000-000000000002', 'ING-031', 'CASE', 10, 1, 1300000.0, 'VND', true) ON CONFLICT DO NOTHING;
INSERT INTO supplier_ingredients (supplier_id, ingredient_id, purchase_uom, pack_size, moq, last_price_fx, currency, is_preferred) VALUES ('s0000000-0000-0000-0000-000000000002', 'ING-032', 'CASE', 10, 1, 500000.0, 'VND', true) ON CONFLICT DO NOTHING;
INSERT INTO supplier_ingredients (supplier_id, ingredient_id, purchase_uom, pack_size, moq, last_price_fx, currency, is_preferred) VALUES ('s0000000-0000-0000-0000-000000000002', 'ING-033', 'CASE', 10, 1, 8000000.0, 'VND', true) ON CONFLICT DO NOTHING;
INSERT INTO supplier_ingredients (supplier_id, ingredient_id, purchase_uom, pack_size, moq, last_price_fx, currency, is_preferred) VALUES ('s0000000-0000-0000-0000-000000000002', 'ING-034', 'CASE', 10, 1, 1000000.0, 'VND', true) ON CONFLICT DO NOTHING;
INSERT INTO supplier_ingredients (supplier_id, ingredient_id, purchase_uom, pack_size, moq, last_price_fx, currency, is_preferred) VALUES ('s0000000-0000-0000-0000-000000000002', 'ING-035', 'CASE', 10, 1, 1000000.0, 'VND', true) ON CONFLICT DO NOTHING;
INSERT INTO supplier_ingredients (supplier_id, ingredient_id, purchase_uom, pack_size, moq, last_price_fx, currency, is_preferred) VALUES ('s0000000-0000-0000-0000-000000000002', 'ING-036', 'CASE', 10, 1, 450000.0, 'VND', true) ON CONFLICT DO NOTHING;
INSERT INTO supplier_ingredients (supplier_id, ingredient_id, purchase_uom, pack_size, moq, last_price_fx, currency, is_preferred) VALUES ('s0000000-0000-0000-0000-000000000002', 'ING-037', 'CASE', 10, 1, 4000000.0, 'VND', true) ON CONFLICT DO NOTHING;
INSERT INTO supplier_ingredients (supplier_id, ingredient_id, purchase_uom, pack_size, moq, last_price_fx, currency, is_preferred) VALUES ('s0000000-0000-0000-0000-000000000002', 'ING-038', 'CASE', 10, 1, 5000000.0, 'VND', true) ON CONFLICT DO NOTHING;
INSERT INTO supplier_ingredients (supplier_id, ingredient_id, purchase_uom, pack_size, moq, last_price_fx, currency, is_preferred) VALUES ('s0000000-0000-0000-0000-000000000002', 'ING-039', 'CASE', 10, 1, 500000.0, 'VND', true) ON CONFLICT DO NOTHING;
INSERT INTO supplier_ingredients (supplier_id, ingredient_id, purchase_uom, pack_size, moq, last_price_fx, currency, is_preferred) VALUES ('s0000000-0000-0000-0000-000000000002', 'ING-040', 'CASE', 10, 1, 1200000.0, 'VND', true) ON CONFLICT DO NOTHING;
INSERT INTO supplier_ingredients (supplier_id, ingredient_id, purchase_uom, pack_size, moq, last_price_fx, currency, is_preferred) VALUES ('s0000000-0000-0000-0000-000000000002', 'ING-041', 'CASE', 10, 1, 5000000.0, 'VND', true) ON CONFLICT DO NOTHING;
INSERT INTO supplier_ingredients (supplier_id, ingredient_id, purchase_uom, pack_size, moq, last_price_fx, currency, is_preferred) VALUES ('s0000000-0000-0000-0000-000000000002', 'ING-042', 'CASE', 10, 1, 400000.0, 'VND', true) ON CONFLICT DO NOTHING;
INSERT INTO supplier_ingredients (supplier_id, ingredient_id, purchase_uom, pack_size, moq, last_price_fx, currency, is_preferred) VALUES ('s0000000-0000-0000-0000-000000000002', 'ING-043', 'CASE', 10, 1, 300000.0, 'VND', true) ON CONFLICT DO NOTHING;
INSERT INTO supplier_ingredients (supplier_id, ingredient_id, purchase_uom, pack_size, moq, last_price_fx, currency, is_preferred) VALUES ('s0000000-0000-0000-0000-000000000002', 'ING-044', 'CASE', 10, 1, 30000000.0, 'VND', true) ON CONFLICT DO NOTHING;
INSERT INTO supplier_ingredients (supplier_id, ingredient_id, purchase_uom, pack_size, moq, last_price_fx, currency, is_preferred) VALUES ('s0000000-0000-0000-0000-000000000002', 'ING-045', 'CASE', 10, 1, 575000.0, 'VND', true) ON CONFLICT DO NOTHING;
INSERT INTO supplier_ingredients (supplier_id, ingredient_id, purchase_uom, pack_size, moq, last_price_fx, currency, is_preferred) VALUES ('s0000000-0000-0000-0000-000000000002', 'ING-046', 'CASE', 10, 1, 300000.0, 'VND', true) ON CONFLICT DO NOTHING;
INSERT INTO supplier_ingredients (supplier_id, ingredient_id, purchase_uom, pack_size, moq, last_price_fx, currency, is_preferred) VALUES ('s0000000-0000-0000-0000-000000000002', 'ING-047', 'CASE', 10, 1, 850000.0, 'VND', true) ON CONFLICT DO NOTHING;
INSERT INTO supplier_ingredients (supplier_id, ingredient_id, purchase_uom, pack_size, moq, last_price_fx, currency, is_preferred) VALUES ('s0000000-0000-0000-0000-000000000002', 'ING-048', 'CASE', 10, 1, 500000.0, 'VND', true) ON CONFLICT DO NOTHING;
INSERT INTO supplier_ingredients (supplier_id, ingredient_id, purchase_uom, pack_size, moq, last_price_fx, currency, is_preferred) VALUES ('s0000000-0000-0000-0000-000000000002', 'ING-049', 'CASE', 10, 1, 800000.0, 'VND', true) ON CONFLICT DO NOTHING;
INSERT INTO supplier_ingredients (supplier_id, ingredient_id, purchase_uom, pack_size, moq, last_price_fx, currency, is_preferred) VALUES ('s0000000-0000-0000-0000-000000000002', 'ING-050', 'CASE', 10, 1, 1000000.0, 'VND', true) ON CONFLICT DO NOTHING;
INSERT INTO supplier_ingredients (supplier_id, ingredient_id, purchase_uom, pack_size, moq, last_price_fx, currency, is_preferred) VALUES ('s0000000-0000-0000-0000-000000000001', 'ING-051', 'CASE', 10, 1, 2000000.0, 'VND', true) ON CONFLICT DO NOTHING;
INSERT INTO supplier_ingredients (supplier_id, ingredient_id, purchase_uom, pack_size, moq, last_price_fx, currency, is_preferred) VALUES ('s0000000-0000-0000-0000-000000000001', 'ING-052', 'CASE', 10, 1, 3500000.0, 'VND', true) ON CONFLICT DO NOTHING;
INSERT INTO supplier_ingredients (supplier_id, ingredient_id, purchase_uom, pack_size, moq, last_price_fx, currency, is_preferred) VALUES ('s0000000-0000-0000-0000-000000000001', 'ING-053', 'CASE', 10, 1, 338000.0, 'VND', true) ON CONFLICT DO NOTHING;
INSERT INTO supplier_ingredients (supplier_id, ingredient_id, purchase_uom, pack_size, moq, last_price_fx, currency, is_preferred) VALUES ('s0000000-0000-0000-0000-000000000001', 'ING-054', 'CASE', 10, 1, 250000.0, 'VND', true) ON CONFLICT DO NOTHING;
INSERT INTO supplier_ingredients (supplier_id, ingredient_id, purchase_uom, pack_size, moq, last_price_fx, currency, is_preferred) VALUES ('s0000000-0000-0000-0000-000000000001', 'ING-055', 'CASE', 10, 1, 3500000.0, 'VND', true) ON CONFLICT DO NOTHING;
INSERT INTO supplier_ingredients (supplier_id, ingredient_id, purchase_uom, pack_size, moq, last_price_fx, currency, is_preferred) VALUES ('s0000000-0000-0000-0000-000000000001', 'ING-056', 'L', 1, 1, 210000.0, 'VND', true) ON CONFLICT DO NOTHING;
INSERT INTO supplier_ingredients (supplier_id, ingredient_id, purchase_uom, pack_size, moq, last_price_fx, currency, is_preferred) VALUES ('s0000000-0000-0000-0000-000000000001', 'ING-057', 'L', 1, 1, 110000.0, 'VND', true) ON CONFLICT DO NOTHING;
INSERT INTO supplier_ingredients (supplier_id, ingredient_id, purchase_uom, pack_size, moq, last_price_fx, currency, is_preferred) VALUES ('s0000000-0000-0000-0000-000000000001', 'ING-058', 'L', 1, 1, 110000.0, 'VND', true) ON CONFLICT DO NOTHING;
INSERT INTO supplier_ingredients (supplier_id, ingredient_id, purchase_uom, pack_size, moq, last_price_fx, currency, is_preferred) VALUES ('s0000000-0000-0000-0000-000000000001', 'ING-059', 'L', 1, 1, 162000.0, 'VND', true) ON CONFLICT DO NOTHING;
INSERT INTO supplier_ingredients (supplier_id, ingredient_id, purchase_uom, pack_size, moq, last_price_fx, currency, is_preferred) VALUES ('s0000000-0000-0000-0000-000000000001', 'ING-060', 'L', 1, 1, 1456000.0, 'VND', true) ON CONFLICT DO NOTHING;
INSERT INTO supplier_ingredients (supplier_id, ingredient_id, purchase_uom, pack_size, moq, last_price_fx, currency, is_preferred) VALUES ('s0000000-0000-0000-0000-000000000001', 'ING-061', 'L', 1, 1, 120000.0, 'VND', true) ON CONFLICT DO NOTHING;
INSERT INTO supplier_ingredients (supplier_id, ingredient_id, purchase_uom, pack_size, moq, last_price_fx, currency, is_preferred) VALUES ('s0000000-0000-0000-0000-000000000001', 'ING-062', 'L', 1, 1, 480000.0, 'VND', true) ON CONFLICT DO NOTHING;
INSERT INTO supplier_ingredients (supplier_id, ingredient_id, purchase_uom, pack_size, moq, last_price_fx, currency, is_preferred) VALUES ('s0000000-0000-0000-0000-000000000001', 'ING-063', 'L', 1, 1, 140400.0, 'VND', true) ON CONFLICT DO NOTHING;
INSERT INTO supplier_ingredients (supplier_id, ingredient_id, purchase_uom, pack_size, moq, last_price_fx, currency, is_preferred) VALUES ('s0000000-0000-0000-0000-000000000001', 'ING-064', 'CASE', 10, 1, 150000.0, 'VND', true) ON CONFLICT DO NOTHING;
INSERT INTO supplier_ingredients (supplier_id, ingredient_id, purchase_uom, pack_size, moq, last_price_fx, currency, is_preferred) VALUES ('s0000000-0000-0000-0000-000000000001', 'ING-065', 'CASE', 10, 1, 5000000.0, 'VND', true) ON CONFLICT DO NOTHING;
INSERT INTO supplier_ingredients (supplier_id, ingredient_id, purchase_uom, pack_size, moq, last_price_fx, currency, is_preferred) VALUES ('s0000000-0000-0000-0000-000000000001', 'ING-066', 'CASE', 10, 1, 2300000.0, 'VND', true) ON CONFLICT DO NOTHING;
INSERT INTO supplier_ingredients (supplier_id, ingredient_id, purchase_uom, pack_size, moq, last_price_fx, currency, is_preferred) VALUES ('s0000000-0000-0000-0000-000000000001', 'ING-067', 'CASE', 10, 1, 2500000.0, 'VND', true) ON CONFLICT DO NOTHING;
INSERT INTO supplier_ingredients (supplier_id, ingredient_id, purchase_uom, pack_size, moq, last_price_fx, currency, is_preferred) VALUES ('s0000000-0000-0000-0000-000000000001', 'ING-068', 'gram', 1, 1, 195000.0, 'VND', true) ON CONFLICT DO NOTHING;
INSERT INTO supplier_ingredients (supplier_id, ingredient_id, purchase_uom, pack_size, moq, last_price_fx, currency, is_preferred) VALUES ('s0000000-0000-0000-0000-000000000003', 'ING-069', 'CASE', 6, 1, 2718000.0, 'VND', true) ON CONFLICT DO NOTHING;
INSERT INTO supplier_ingredients (supplier_id, ingredient_id, purchase_uom, pack_size, moq, last_price_fx, currency, is_preferred) VALUES ('s0000000-0000-0000-0000-000000000003', 'ING-070', 'CASE', 6, 1, 516000.0, 'VND', true) ON CONFLICT DO NOTHING;
INSERT INTO supplier_ingredients (supplier_id, ingredient_id, purchase_uom, pack_size, moq, last_price_fx, currency, is_preferred) VALUES ('s0000000-0000-0000-0000-000000000003', 'ING-071', 'CASE', 6, 1, 516000.0, 'VND', true) ON CONFLICT DO NOTHING;
INSERT INTO supplier_ingredients (supplier_id, ingredient_id, purchase_uom, pack_size, moq, last_price_fx, currency, is_preferred) VALUES ('s0000000-0000-0000-0000-000000000003', 'ING-072', 'CASE', 6, 1, 1500000.0, 'VND', true) ON CONFLICT DO NOTHING;
INSERT INTO supplier_ingredients (supplier_id, ingredient_id, purchase_uom, pack_size, moq, last_price_fx, currency, is_preferred) VALUES ('s0000000-0000-0000-0000-000000000003', 'ING-073', 'CASE', 6, 1, 5370000.0, 'VND', true) ON CONFLICT DO NOTHING;
INSERT INTO supplier_ingredients (supplier_id, ingredient_id, purchase_uom, pack_size, moq, last_price_fx, currency, is_preferred) VALUES ('s0000000-0000-0000-0000-000000000003', 'ING-074', 'CASE', 6, 1, 4800000.0, 'VND', true) ON CONFLICT DO NOTHING;
INSERT INTO supplier_ingredients (supplier_id, ingredient_id, purchase_uom, pack_size, moq, last_price_fx, currency, is_preferred) VALUES ('s0000000-0000-0000-0000-000000000001', 'ING-075', 'CASE', 10, 1, 3550000.0, 'VND', true) ON CONFLICT DO NOTHING;
INSERT INTO supplier_ingredients (supplier_id, ingredient_id, purchase_uom, pack_size, moq, last_price_fx, currency, is_preferred) VALUES ('s0000000-0000-0000-0000-000000000001', 'ING-076', 'CASE', 10, 1, 1350000.0, 'VND', true) ON CONFLICT DO NOTHING;
INSERT INTO supplier_ingredients (supplier_id, ingredient_id, purchase_uom, pack_size, moq, last_price_fx, currency, is_preferred) VALUES ('s0000000-0000-0000-0000-000000000001', 'ING-077', 'CASE', 10, 1, 7380000.0, 'VND', true) ON CONFLICT DO NOTHING;
INSERT INTO supplier_ingredients (supplier_id, ingredient_id, purchase_uom, pack_size, moq, last_price_fx, currency, is_preferred) VALUES ('s0000000-0000-0000-0000-000000000001', 'ING-078', 'CASE', 10, 1, 8100000.0, 'VND', true) ON CONFLICT DO NOTHING;
INSERT INTO supplier_ingredients (supplier_id, ingredient_id, purchase_uom, pack_size, moq, last_price_fx, currency, is_preferred) VALUES ('s0000000-0000-0000-0000-000000000001', 'ING-079', 'CASE', 10, 1, 1112400.0, 'VND', true) ON CONFLICT DO NOTHING;
INSERT INTO supplier_ingredients (supplier_id, ingredient_id, purchase_uom, pack_size, moq, last_price_fx, currency, is_preferred) VALUES ('s0000000-0000-0000-0000-000000000001', 'ING-080', 'L', 1, 1, 92000.0, 'VND', true) ON CONFLICT DO NOTHING;
INSERT INTO supplier_ingredients (supplier_id, ingredient_id, purchase_uom, pack_size, moq, last_price_fx, currency, is_preferred) VALUES ('s0000000-0000-0000-0000-000000000001', 'ING-081', 'L', 1, 1, 13800.0, 'VND', true) ON CONFLICT DO NOTHING;
INSERT INTO supplier_ingredients (supplier_id, ingredient_id, purchase_uom, pack_size, moq, last_price_fx, currency, is_preferred) VALUES ('s0000000-0000-0000-0000-000000000001', 'ING-082', 'L', 1, 1, 10200.0, 'VND', true) ON CONFLICT DO NOTHING;
INSERT INTO supplier_ingredients (supplier_id, ingredient_id, purchase_uom, pack_size, moq, last_price_fx, currency, is_preferred) VALUES ('s0000000-0000-0000-0000-000000000001', 'ING-083', 'L', 1, 1, 50000.0, 'VND', true) ON CONFLICT DO NOTHING;
INSERT INTO supplier_ingredients (supplier_id, ingredient_id, purchase_uom, pack_size, moq, last_price_fx, currency, is_preferred) VALUES ('s0000000-0000-0000-0000-000000000001', 'ING-084', 'CASE', 10, 1, 3500000.0, 'VND', true) ON CONFLICT DO NOTHING;
INSERT INTO supplier_ingredients (supplier_id, ingredient_id, purchase_uom, pack_size, moq, last_price_fx, currency, is_preferred) VALUES ('s0000000-0000-0000-0000-000000000001', 'ING-085', 'gram', 1, 1, 2750.0, 'VND', true) ON CONFLICT DO NOTHING;
INSERT INTO supplier_ingredients (supplier_id, ingredient_id, purchase_uom, pack_size, moq, last_price_fx, currency, is_preferred) VALUES ('s0000000-0000-0000-0000-000000000001', 'ING-086', 'CASE', 10, 1, 7100000.0, 'VND', true) ON CONFLICT DO NOTHING;
INSERT INTO supplier_ingredients (supplier_id, ingredient_id, purchase_uom, pack_size, moq, last_price_fx, currency, is_preferred) VALUES ('s0000000-0000-0000-0000-000000000002', 'ING-087', 'gram', 1, 1, 9304.0, 'VND', true) ON CONFLICT DO NOTHING;
INSERT INTO supplier_ingredients (supplier_id, ingredient_id, purchase_uom, pack_size, moq, last_price_fx, currency, is_preferred) VALUES ('s0000000-0000-0000-0000-000000000001', 'ING-088', 'CASE', 10, 1, 9200000.0, 'VND', true) ON CONFLICT DO NOTHING;
INSERT INTO supplier_ingredients (supplier_id, ingredient_id, purchase_uom, pack_size, moq, last_price_fx, currency, is_preferred) VALUES ('s0000000-0000-0000-0000-000000000001', 'ING-089', 'CASE', 10, 1, 2800000.0, 'VND', true) ON CONFLICT DO NOTHING;
INSERT INTO supplier_ingredients (supplier_id, ingredient_id, purchase_uom, pack_size, moq, last_price_fx, currency, is_preferred) VALUES ('s0000000-0000-0000-0000-000000000001', 'ING-090', 'CASE', 10, 1, 6426000.0, 'VND', true) ON CONFLICT DO NOTHING;
INSERT INTO supplier_ingredients (supplier_id, ingredient_id, purchase_uom, pack_size, moq, last_price_fx, currency, is_preferred) VALUES ('s0000000-0000-0000-0000-000000000001', 'ING-091', 'CASE', 10, 1, 400000.0, 'VND', true) ON CONFLICT DO NOTHING;
INSERT INTO supplier_ingredients (supplier_id, ingredient_id, purchase_uom, pack_size, moq, last_price_fx, currency, is_preferred) VALUES ('s0000000-0000-0000-0000-000000000001', 'ING-092', 'CASE', 10, 1, 3240000.0, 'VND', true) ON CONFLICT DO NOTHING;
INSERT INTO supplier_ingredients (supplier_id, ingredient_id, purchase_uom, pack_size, moq, last_price_fx, currency, is_preferred) VALUES ('s0000000-0000-0000-0000-000000000001', 'ING-094', 'CASE', 10, 1, 1792800.0, 'VND', true) ON CONFLICT DO NOTHING;
INSERT INTO supplier_ingredients (supplier_id, ingredient_id, purchase_uom, pack_size, moq, last_price_fx, currency, is_preferred) VALUES ('s0000000-0000-0000-0000-000000000002', 'ING-100', 'CASE', 10, 1, 350000.0, 'VND', true) ON CONFLICT DO NOTHING;
INSERT INTO supplier_ingredients (supplier_id, ingredient_id, purchase_uom, pack_size, moq, last_price_fx, currency, is_preferred) VALUES ('s0000000-0000-0000-0000-000000000001', 'ING-093', 'CASE', 10, 1, 11130000.0, 'VND', true) ON CONFLICT DO NOTHING;
INSERT INTO supplier_ingredients (supplier_id, ingredient_id, purchase_uom, pack_size, moq, last_price_fx, currency, is_preferred) VALUES ('s0000000-0000-0000-0000-000000000001', 'ING-101', 'CASE', 6, 1, 210000.0, 'VND', true) ON CONFLICT DO NOTHING;
INSERT INTO supplier_ingredients (supplier_id, ingredient_id, purchase_uom, pack_size, moq, last_price_fx, currency, is_preferred) VALUES ('s0000000-0000-0000-0000-000000000001', 'ING-102', 'CASE', 6, 1, 180000.0, 'VND', true) ON CONFLICT DO NOTHING;
INSERT INTO supplier_ingredients (supplier_id, ingredient_id, purchase_uom, pack_size, moq, last_price_fx, currency, is_preferred) VALUES ('s0000000-0000-0000-0000-000000000001', 'ING-103', 'CASE', 6, 1, 150000.0, 'VND', true) ON CONFLICT DO NOTHING;
INSERT INTO supplier_ingredients (supplier_id, ingredient_id, purchase_uom, pack_size, moq, last_price_fx, currency, is_preferred) VALUES ('s0000000-0000-0000-0000-000000000001', 'ING-104', 'CASE', 6, 1, 150000.0, 'VND', true) ON CONFLICT DO NOTHING;
INSERT INTO supplier_ingredients (supplier_id, ingredient_id, purchase_uom, pack_size, moq, last_price_fx, currency, is_preferred) VALUES ('s0000000-0000-0000-0000-000000000001', 'ING-105', 'CASE', 6, 1, 192000.0, 'VND', true) ON CONFLICT DO NOTHING;
INSERT INTO supplier_ingredients (supplier_id, ingredient_id, purchase_uom, pack_size, moq, last_price_fx, currency, is_preferred) VALUES ('s0000000-0000-0000-0000-000000000001', 'ING-106', 'CASE', 24, 1, 480000.0, 'VND', true) ON CONFLICT DO NOTHING;
INSERT INTO supplier_ingredients (supplier_id, ingredient_id, purchase_uom, pack_size, moq, last_price_fx, currency, is_preferred) VALUES ('s0000000-0000-0000-0000-000000000001', 'ING-107', 'CASE', 24, 1, 480000.0, 'VND', true) ON CONFLICT DO NOTHING;
INSERT INTO supplier_ingredients (supplier_id, ingredient_id, purchase_uom, pack_size, moq, last_price_fx, currency, is_preferred) VALUES ('s0000000-0000-0000-0000-000000000001', 'ING-108', 'CASE', 24, 1, 480000.0, 'VND', true) ON CONFLICT DO NOTHING;
INSERT INTO supplier_ingredients (supplier_id, ingredient_id, purchase_uom, pack_size, moq, last_price_fx, currency, is_preferred) VALUES ('s0000000-0000-0000-0000-000000000001', 'ING-109', 'CASE', 24, 1, 432000.0, 'VND', true) ON CONFLICT DO NOTHING;
INSERT INTO supplier_ingredients (supplier_id, ingredient_id, purchase_uom, pack_size, moq, last_price_fx, currency, is_preferred) VALUES ('s0000000-0000-0000-0000-000000000001', 'ING-110', 'L', 1, 1, 60000.0, 'VND', true) ON CONFLICT DO NOTHING;
INSERT INTO supplier_ingredients (supplier_id, ingredient_id, purchase_uom, pack_size, moq, last_price_fx, currency, is_preferred) VALUES ('s0000000-0000-0000-0000-000000000001', 'ING-111', 'L', 1, 1, 50000.0, 'VND', true) ON CONFLICT DO NOTHING;
INSERT INTO supplier_ingredients (supplier_id, ingredient_id, purchase_uom, pack_size, moq, last_price_fx, currency, is_preferred) VALUES ('s0000000-0000-0000-0000-000000000001', 'ING-112', 'L', 1, 1, 40000.0, 'VND', true) ON CONFLICT DO NOTHING;
INSERT INTO supplier_ingredients (supplier_id, ingredient_id, purchase_uom, pack_size, moq, last_price_fx, currency, is_preferred) VALUES ('s0000000-0000-0000-0000-000000000001', 'ING-113', 'GLASS', 1, 1, 85000.0, 'VND', true) ON CONFLICT DO NOTHING;
INSERT INTO supplier_ingredients (supplier_id, ingredient_id, purchase_uom, pack_size, moq, last_price_fx, currency, is_preferred) VALUES ('s0000000-0000-0000-0000-000000000001', 'ING-114', 'GLASS', 1, 1, 80000.0, 'VND', true) ON CONFLICT DO NOTHING;
INSERT INTO supplier_ingredients (supplier_id, ingredient_id, purchase_uom, pack_size, moq, last_price_fx, currency, is_preferred) VALUES ('s0000000-0000-0000-0000-000000000003', 'ING-115', 'CASE', 6, 1, 720000.0, 'VND', true) ON CONFLICT DO NOTHING;

-- 7. Seed Menu Items & Recipes
INSERT INTO menu_items (id, name, sale_price, is_set_menu) VALUES ('R-001', 'Carpaccio de Thon — Agrumes, Sel marin', 300000.0, false) ON CONFLICT (id) DO UPDATE SET sale_price = EXCLUDED.sale_price, is_set_menu = EXCLUDED.is_set_menu;
INSERT INTO recipes (menu_item_id, ingredient_id, qty_net, yield_pct, recipe_uom) VALUES ('R-001', 'ING-001', 0.08, 85.0, 'g') ON CONFLICT (menu_item_id, ingredient_id) DO NOTHING;
INSERT INTO recipes (menu_item_id, ingredient_id, qty_net, yield_pct, recipe_uom) VALUES ('R-001', 'ING-045', 0.01, 65.0, 'g') ON CONFLICT (menu_item_id, ingredient_id) DO NOTHING;
INSERT INTO recipes (menu_item_id, ingredient_id, qty_net, yield_pct, recipe_uom) VALUES ('R-001', 'ING-046', 0.01, 80.0, 'g') ON CONFLICT (menu_item_id, ingredient_id) DO NOTHING;
INSERT INTO recipes (menu_item_id, ingredient_id, qty_net, yield_pct, recipe_uom) VALUES ('R-001', 'ING-064', 0.001, 100.0, 'g') ON CONFLICT (menu_item_id, ingredient_id) DO NOTHING;
INSERT INTO recipes (menu_item_id, ingredient_id, qty_net, yield_pct, recipe_uom) VALUES ('R-001', 'ING-059', 0.008, 100.0, 'L') ON CONFLICT (menu_item_id, ingredient_id) DO NOTHING;
INSERT INTO recipes (menu_item_id, ingredient_id, qty_net, yield_pct, recipe_uom) VALUES ('R-001', 'ING-039', 0.002, 75.0, 'g') ON CONFLICT (menu_item_id, ingredient_id) DO NOTHING;
INSERT INTO recipes (menu_item_id, ingredient_id, qty_net, yield_pct, recipe_uom) VALUES ('R-001', 'ING-038', 0.0015, 60.0, 'g') ON CONFLICT (menu_item_id, ingredient_id) DO NOTHING;
INSERT INTO menu_items (id, name, sale_price, is_set_menu) VALUES ('R-002', 'Saumon Gravlax, Herbes du Vietnam', 300000.0, false) ON CONFLICT (id) DO UPDATE SET sale_price = EXCLUDED.sale_price, is_set_menu = EXCLUDED.is_set_menu;
INSERT INTO recipes (menu_item_id, ingredient_id, qty_net, yield_pct, recipe_uom) VALUES ('R-002', 'ING-007', 0.09, 70.0, 'g') ON CONFLICT (menu_item_id, ingredient_id) DO NOTHING;
INSERT INTO recipes (menu_item_id, ingredient_id, qty_net, yield_pct, recipe_uom) VALUES ('R-002', 'ING-054', 0.02, 100.0, 'g') ON CONFLICT (menu_item_id, ingredient_id) DO NOTHING;
INSERT INTO recipes (menu_item_id, ingredient_id, qty_net, yield_pct, recipe_uom) VALUES ('R-002', 'ING-064', 0.01, 100.0, 'g') ON CONFLICT (menu_item_id, ingredient_id) DO NOTHING;
INSERT INTO recipes (menu_item_id, ingredient_id, qty_net, yield_pct, recipe_uom) VALUES ('R-002', 'ING-042', 0.004, 80.0, 'g') ON CONFLICT (menu_item_id, ingredient_id) DO NOTHING;
INSERT INTO recipes (menu_item_id, ingredient_id, qty_net, yield_pct, recipe_uom) VALUES ('R-002', 'ING-043', 0.0025, 75.0, 'g') ON CONFLICT (menu_item_id, ingredient_id) DO NOTHING;
INSERT INTO recipes (menu_item_id, ingredient_id, qty_net, yield_pct, recipe_uom) VALUES ('R-002', 'ING-018', 0.015, 100.0, 'L') ON CONFLICT (menu_item_id, ingredient_id) DO NOTHING;
INSERT INTO recipes (menu_item_id, ingredient_id, qty_net, yield_pct, recipe_uom) VALUES ('R-002', 'ING-047', 0.005, 55.00000000000001, 'g') ON CONFLICT (menu_item_id, ingredient_id) DO NOTHING;
INSERT INTO recipes (menu_item_id, ingredient_id, qty_net, yield_pct, recipe_uom) VALUES ('R-002', 'ING-039', 0.002, 75.0, 'g') ON CONFLICT (menu_item_id, ingredient_id) DO NOTHING;
INSERT INTO menu_items (id, name, sale_price, is_set_menu) VALUES ('R-003', 'Salade de Crabe Royal, Agrumes et Avocat', 535000.0, false) ON CONFLICT (id) DO UPDATE SET sale_price = EXCLUDED.sale_price, is_set_menu = EXCLUDED.is_set_menu;
INSERT INTO recipes (menu_item_id, ingredient_id, qty_net, yield_pct, recipe_uom) VALUES ('R-003', 'ING-008', 0.08, 70.0, 'g') ON CONFLICT (menu_item_id, ingredient_id) DO NOTHING;
INSERT INTO recipes (menu_item_id, ingredient_id, qty_net, yield_pct, recipe_uom) VALUES ('R-003', 'ING-031', 0.045, 65.0, 'g') ON CONFLICT (menu_item_id, ingredient_id) DO NOTHING;
INSERT INTO recipes (menu_item_id, ingredient_id, qty_net, yield_pct, recipe_uom) VALUES ('R-003', 'ING-100', 0.05, 55.00000000000001, 'g') ON CONFLICT (menu_item_id, ingredient_id) DO NOTHING;
INSERT INTO recipes (menu_item_id, ingredient_id, qty_net, yield_pct, recipe_uom) VALUES ('R-003', 'ING-047', 0.015, 55.00000000000001, 'g') ON CONFLICT (menu_item_id, ingredient_id) DO NOTHING;
INSERT INTO recipes (menu_item_id, ingredient_id, qty_net, yield_pct, recipe_uom) VALUES ('R-003', 'ING-059', 0.01, 100.0, 'L') ON CONFLICT (menu_item_id, ingredient_id) DO NOTHING;
INSERT INTO recipes (menu_item_id, ingredient_id, qty_net, yield_pct, recipe_uom) VALUES ('R-003', 'ING-062', 0.005, 100.0, 'L') ON CONFLICT (menu_item_id, ingredient_id) DO NOTHING;
INSERT INTO recipes (menu_item_id, ingredient_id, qty_net, yield_pct, recipe_uom) VALUES ('R-003', 'ING-064', 0.001, 100.0, 'g') ON CONFLICT (menu_item_id, ingredient_id) DO NOTHING;
INSERT INTO recipes (menu_item_id, ingredient_id, qty_net, yield_pct, recipe_uom) VALUES ('R-003', 'ING-066', 0.0005, 100.0, 'g') ON CONFLICT (menu_item_id, ingredient_id) DO NOTHING;
INSERT INTO recipes (menu_item_id, ingredient_id, qty_net, yield_pct, recipe_uom) VALUES ('R-003', 'ING-039', 0.0025, 75.0, 'g') ON CONFLICT (menu_item_id, ingredient_id) DO NOTHING;
INSERT INTO menu_items (id, name, sale_price, is_set_menu) VALUES ('R-004', 'Tartare de Saint-Jacques — Caviar, Crème de Yuzu', 495000.0, false) ON CONFLICT (id) DO UPDATE SET sale_price = EXCLUDED.sale_price, is_set_menu = EXCLUDED.is_set_menu;
INSERT INTO recipes (menu_item_id, ingredient_id, qty_net, yield_pct, recipe_uom) VALUES ('R-004', 'ING-002', 0.06, 85.0, 'g') ON CONFLICT (menu_item_id, ingredient_id) DO NOTHING;
INSERT INTO recipes (menu_item_id, ingredient_id, qty_net, yield_pct, recipe_uom) VALUES ('R-004', 'ING-009', 7.5, 100.0, 'gram') ON CONFLICT (menu_item_id, ingredient_id) DO NOTHING;
INSERT INTO recipes (menu_item_id, ingredient_id, qty_net, yield_pct, recipe_uom) VALUES ('R-004', 'ING-031', 0.03, 65.0, 'g') ON CONFLICT (menu_item_id, ingredient_id) DO NOTHING;
INSERT INTO recipes (menu_item_id, ingredient_id, qty_net, yield_pct, recipe_uom) VALUES ('R-004', 'ING-045', 0.01, 65.0, 'g') ON CONFLICT (menu_item_id, ingredient_id) DO NOTHING;
INSERT INTO recipes (menu_item_id, ingredient_id, qty_net, yield_pct, recipe_uom) VALUES ('R-004', 'ING-064', 0.0012, 100.0, 'g') ON CONFLICT (menu_item_id, ingredient_id) DO NOTHING;
INSERT INTO recipes (menu_item_id, ingredient_id, qty_net, yield_pct, recipe_uom) VALUES ('R-004', 'ING-039', 0.0025, 75.0, 'g') ON CONFLICT (menu_item_id, ingredient_id) DO NOTHING;
INSERT INTO recipes (menu_item_id, ingredient_id, qty_net, yield_pct, recipe_uom) VALUES ('R-004', 'ING-019', 0.01, 100.0, 'L') ON CONFLICT (menu_item_id, ingredient_id) DO NOTHING;
INSERT INTO menu_items (id, name, sale_price, is_set_menu) VALUES ('R-005', 'Légumes de Đà Lạt — Émulsion d''Herbes', 150000.0, false) ON CONFLICT (id) DO UPDATE SET sale_price = EXCLUDED.sale_price, is_set_menu = EXCLUDED.is_set_menu;
INSERT INTO recipes (menu_item_id, ingredient_id, qty_net, yield_pct, recipe_uom) VALUES ('R-005', 'ING-024', 0.075, 75.0, 'g') ON CONFLICT (menu_item_id, ingredient_id) DO NOTHING;
INSERT INTO recipes (menu_item_id, ingredient_id, qty_net, yield_pct, recipe_uom) VALUES ('R-005', 'ING-031', 0.04, 65.0, 'g') ON CONFLICT (menu_item_id, ingredient_id) DO NOTHING;
INSERT INTO recipes (menu_item_id, ingredient_id, qty_net, yield_pct, recipe_uom) VALUES ('R-005', 'ING-019', 0.015, 100.0, 'L') ON CONFLICT (menu_item_id, ingredient_id) DO NOTHING;
INSERT INTO recipes (menu_item_id, ingredient_id, qty_net, yield_pct, recipe_uom) VALUES ('R-005', 'ING-039', 0.003, 75.0, 'g') ON CONFLICT (menu_item_id, ingredient_id) DO NOTHING;
INSERT INTO recipes (menu_item_id, ingredient_id, qty_net, yield_pct, recipe_uom) VALUES ('R-005', 'ING-040', 0.004, 70.0, 'g') ON CONFLICT (menu_item_id, ingredient_id) DO NOTHING;
INSERT INTO recipes (menu_item_id, ingredient_id, qty_net, yield_pct, recipe_uom) VALUES ('R-005', 'ING-038', 0.002, 60.0, 'g') ON CONFLICT (menu_item_id, ingredient_id) DO NOTHING;
INSERT INTO recipes (menu_item_id, ingredient_id, qty_net, yield_pct, recipe_uom) VALUES ('R-005', 'ING-059', 0.008, 100.0, 'L') ON CONFLICT (menu_item_id, ingredient_id) DO NOTHING;
INSERT INTO recipes (menu_item_id, ingredient_id, qty_net, yield_pct, recipe_uom) VALUES ('R-005', 'ING-064', 0.001, 100.0, 'g') ON CONFLICT (menu_item_id, ingredient_id) DO NOTHING;
INSERT INTO menu_items (id, name, sale_price, is_set_menu) VALUES ('R-006', 'Soupe à l''Oignon — Fromage, Croûton', 225000.0, false) ON CONFLICT (id) DO UPDATE SET sale_price = EXCLUDED.sale_price, is_set_menu = EXCLUDED.is_set_menu;
INSERT INTO recipes (menu_item_id, ingredient_id, qty_net, yield_pct, recipe_uom) VALUES ('R-006', 'ING-032', 0.075, 85.0, 'g') ON CONFLICT (menu_item_id, ingredient_id) DO NOTHING;
INSERT INTO recipes (menu_item_id, ingredient_id, qty_net, yield_pct, recipe_uom) VALUES ('R-006', 'ING-017', 0.0125, 100.0, 'g') ON CONFLICT (menu_item_id, ingredient_id) DO NOTHING;
INSERT INTO recipes (menu_item_id, ingredient_id, qty_net, yield_pct, recipe_uom) VALUES ('R-006', 'ING-070', 0.025, 100.0, 'ML') ON CONFLICT (menu_item_id, ingredient_id) DO NOTHING;
INSERT INTO recipes (menu_item_id, ingredient_id, qty_net, yield_pct, recipe_uom) VALUES ('R-006', 'ING-081', 0.25, 100.0, 'L') ON CONFLICT (menu_item_id, ingredient_id) DO NOTHING;
INSERT INTO recipes (menu_item_id, ingredient_id, qty_net, yield_pct, recipe_uom) VALUES ('R-006', 'ING-023', 0.015, 95.0, 'g') ON CONFLICT (menu_item_id, ingredient_id) DO NOTHING;
INSERT INTO recipes (menu_item_id, ingredient_id, qty_net, yield_pct, recipe_uom) VALUES ('R-006', 'ING-079', 0.02, 100.0, 'g') ON CONFLICT (menu_item_id, ingredient_id) DO NOTHING;
INSERT INTO recipes (menu_item_id, ingredient_id, qty_net, yield_pct, recipe_uom) VALUES ('R-006', 'ING-066', 0.0004, 100.0, 'g') ON CONFLICT (menu_item_id, ingredient_id) DO NOTHING;
INSERT INTO recipes (menu_item_id, ingredient_id, qty_net, yield_pct, recipe_uom) VALUES ('R-006', 'ING-041', 0.0006, 55.00000000000001, 'g') ON CONFLICT (menu_item_id, ingredient_id) DO NOTHING;
INSERT INTO menu_items (id, name, sale_price, is_set_menu) VALUES ('R-007', 'Bisque de Crevettes de Nha Trang, Crème au Cognac', 265000.0, false) ON CONFLICT (id) DO UPDATE SET sale_price = EXCLUDED.sale_price, is_set_menu = EXCLUDED.is_set_menu;
INSERT INTO recipes (menu_item_id, ingredient_id, qty_net, yield_pct, recipe_uom) VALUES ('R-007', 'ING-006', 0.07, 55.00000000000001, 'g') ON CONFLICT (menu_item_id, ingredient_id) DO NOTHING;
INSERT INTO recipes (menu_item_id, ingredient_id, qty_net, yield_pct, recipe_uom) VALUES ('R-007', 'ING-018', 0.019, 100.0, 'L') ON CONFLICT (menu_item_id, ingredient_id) DO NOTHING;
INSERT INTO recipes (menu_item_id, ingredient_id, qty_net, yield_pct, recipe_uom) VALUES ('R-007', 'ING-019', 0.038, 100.0, 'L') ON CONFLICT (menu_item_id, ingredient_id) DO NOTHING;
INSERT INTO recipes (menu_item_id, ingredient_id, qty_net, yield_pct, recipe_uom) VALUES ('R-007', 'ING-072', 0.008, 100.0, 'ML') ON CONFLICT (menu_item_id, ingredient_id) DO NOTHING;
INSERT INTO recipes (menu_item_id, ingredient_id, qty_net, yield_pct, recipe_uom) VALUES ('R-007', 'ING-082', 0.19, 100.0, 'L') ON CONFLICT (menu_item_id, ingredient_id) DO NOTHING;
INSERT INTO recipes (menu_item_id, ingredient_id, qty_net, yield_pct, recipe_uom) VALUES ('R-007', 'ING-017', 0.01, 100.0, 'g') ON CONFLICT (menu_item_id, ingredient_id) DO NOTHING;
INSERT INTO recipes (menu_item_id, ingredient_id, qty_net, yield_pct, recipe_uom) VALUES ('R-007', 'ING-032', 0.012, 85.0, 'g') ON CONFLICT (menu_item_id, ingredient_id) DO NOTHING;
INSERT INTO recipes (menu_item_id, ingredient_id, qty_net, yield_pct, recipe_uom) VALUES ('R-007', 'ING-070', 0.019, 100.0, 'ML') ON CONFLICT (menu_item_id, ingredient_id) DO NOTHING;
INSERT INTO recipes (menu_item_id, ingredient_id, qty_net, yield_pct, recipe_uom) VALUES ('R-007', 'ING-064', 0.0006, 100.0, 'g') ON CONFLICT (menu_item_id, ingredient_id) DO NOTHING;
INSERT INTO recipes (menu_item_id, ingredient_id, qty_net, yield_pct, recipe_uom) VALUES ('R-007', 'ING-066', 0.0003, 100.0, 'g') ON CONFLICT (menu_item_id, ingredient_id) DO NOTHING;
INSERT INTO menu_items (id, name, sale_price, is_set_menu) VALUES ('R-008', 'Champignons de Tam Đảo — Infusion de Sous-bois', 235000.0, false) ON CONFLICT (id) DO UPDATE SET sale_price = EXCLUDED.sale_price, is_set_menu = EXCLUDED.is_set_menu;
INSERT INTO recipes (menu_item_id, ingredient_id, qty_net, yield_pct, recipe_uom) VALUES ('R-008', 'ING-025', 0.0525, 80.0, 'g') ON CONFLICT (menu_item_id, ingredient_id) DO NOTHING;
INSERT INTO recipes (menu_item_id, ingredient_id, qty_net, yield_pct, recipe_uom) VALUES ('R-008', 'ING-026', 0.028, 85.0, 'g') ON CONFLICT (menu_item_id, ingredient_id) DO NOTHING;
INSERT INTO recipes (menu_item_id, ingredient_id, qty_net, yield_pct, recipe_uom) VALUES ('R-008', 'ING-027', 0.002, 100.0, 'g') ON CONFLICT (menu_item_id, ingredient_id) DO NOTHING;
INSERT INTO recipes (menu_item_id, ingredient_id, qty_net, yield_pct, recipe_uom) VALUES ('R-008', 'ING-019', 0.05, 100.0, 'L') ON CONFLICT (menu_item_id, ingredient_id) DO NOTHING;
INSERT INTO recipes (menu_item_id, ingredient_id, qty_net, yield_pct, recipe_uom) VALUES ('R-008', 'ING-017', 0.015, 100.0, 'g') ON CONFLICT (menu_item_id, ingredient_id) DO NOTHING;
INSERT INTO recipes (menu_item_id, ingredient_id, qty_net, yield_pct, recipe_uom) VALUES ('R-008', 'ING-032', 0.015, 85.0, 'g') ON CONFLICT (menu_item_id, ingredient_id) DO NOTHING;
INSERT INTO recipes (menu_item_id, ingredient_id, qty_net, yield_pct, recipe_uom) VALUES ('R-008', 'ING-081', 0.15, 100.0, 'L') ON CONFLICT (menu_item_id, ingredient_id) DO NOTHING;
INSERT INTO recipes (menu_item_id, ingredient_id, qty_net, yield_pct, recipe_uom) VALUES ('R-008', 'ING-041', 0.0006, 55.00000000000001, 'g') ON CONFLICT (menu_item_id, ingredient_id) DO NOTHING;
INSERT INTO recipes (menu_item_id, ingredient_id, qty_net, yield_pct, recipe_uom) VALUES ('R-008', 'ING-074', 0.005, 100.0, 'ML') ON CONFLICT (menu_item_id, ingredient_id) DO NOTHING;
INSERT INTO menu_items (id, name, sale_price, is_set_menu) VALUES ('R-009', 'Escargots de Bourgogne au Beurre à l''Ail', 330000.0, false) ON CONFLICT (id) DO UPDATE SET sale_price = EXCLUDED.sale_price, is_set_menu = EXCLUDED.is_set_menu;
INSERT INTO recipes (menu_item_id, ingredient_id, qty_net, yield_pct, recipe_uom) VALUES ('R-009', 'ING-016', 0.05, 95.0, 'g') ON CONFLICT (menu_item_id, ingredient_id) DO NOTHING;
INSERT INTO recipes (menu_item_id, ingredient_id, qty_net, yield_pct, recipe_uom) VALUES ('R-009', 'ING-017', 0.038, 100.0, 'g') ON CONFLICT (menu_item_id, ingredient_id) DO NOTHING;
INSERT INTO recipes (menu_item_id, ingredient_id, qty_net, yield_pct, recipe_uom) VALUES ('R-009', 'ING-040', 0.0075, 70.0, 'g') ON CONFLICT (menu_item_id, ingredient_id) DO NOTHING;
INSERT INTO recipes (menu_item_id, ingredient_id, qty_net, yield_pct, recipe_uom) VALUES ('R-009', 'ING-033', 0.003, 95.0, 'g') ON CONFLICT (menu_item_id, ingredient_id) DO NOTHING;
INSERT INTO recipes (menu_item_id, ingredient_id, qty_net, yield_pct, recipe_uom) VALUES ('R-009', 'ING-064', 0.001, 100.0, 'g') ON CONFLICT (menu_item_id, ingredient_id) DO NOTHING;
INSERT INTO recipes (menu_item_id, ingredient_id, qty_net, yield_pct, recipe_uom) VALUES ('R-009', 'ING-053', 0.01, 100.0, 'g') ON CONFLICT (menu_item_id, ingredient_id) DO NOTHING;
INSERT INTO recipes (menu_item_id, ingredient_id, qty_net, yield_pct, recipe_uom) VALUES ('R-009', 'ING-066', 0.0008, 100.0, 'g') ON CONFLICT (menu_item_id, ingredient_id) DO NOTHING;
INSERT INTO menu_items (id, name, sale_price, is_set_menu) VALUES ('R-010', 'Foie Gras Poêlé — Fruit de Saison, Jus Réduit', 495000.0, false) ON CONFLICT (id) DO UPDATE SET sale_price = EXCLUDED.sale_price, is_set_menu = EXCLUDED.is_set_menu;
INSERT INTO recipes (menu_item_id, ingredient_id, qty_net, yield_pct, recipe_uom) VALUES ('R-010', 'ING-014', 0.05, 90.0, 'g') ON CONFLICT (menu_item_id, ingredient_id) DO NOTHING;
INSERT INTO recipes (menu_item_id, ingredient_id, qty_net, yield_pct, recipe_uom) VALUES ('R-010', 'ING-048', 0.03, 75.0, 'g') ON CONFLICT (menu_item_id, ingredient_id) DO NOTHING;
INSERT INTO recipes (menu_item_id, ingredient_id, qty_net, yield_pct, recipe_uom) VALUES ('R-010', 'ING-083', 0.038, 100.0, 'L') ON CONFLICT (menu_item_id, ingredient_id) DO NOTHING;
INSERT INTO recipes (menu_item_id, ingredient_id, qty_net, yield_pct, recipe_uom) VALUES ('R-010', 'ING-074', 0.01, 100.0, 'ML') ON CONFLICT (menu_item_id, ingredient_id) DO NOTHING;
INSERT INTO recipes (menu_item_id, ingredient_id, qty_net, yield_pct, recipe_uom) VALUES ('R-010', 'ING-063', 0.005, 100.0, 'L') ON CONFLICT (menu_item_id, ingredient_id) DO NOTHING;
INSERT INTO recipes (menu_item_id, ingredient_id, qty_net, yield_pct, recipe_uom) VALUES ('R-010', 'ING-064', 0.0008, 100.0, 'g') ON CONFLICT (menu_item_id, ingredient_id) DO NOTHING;
INSERT INTO recipes (menu_item_id, ingredient_id, qty_net, yield_pct, recipe_uom) VALUES ('R-010', 'ING-066', 0.0005, 100.0, 'g') ON CONFLICT (menu_item_id, ingredient_id) DO NOTHING;
INSERT INTO menu_items (id, name, sale_price, is_set_menu) VALUES ('R-011', 'Cabillaud au Miso — Légumes Verts', 855000.0, false) ON CONFLICT (id) DO UPDATE SET sale_price = EXCLUDED.sale_price, is_set_menu = EXCLUDED.is_set_menu;
INSERT INTO recipes (menu_item_id, ingredient_id, qty_net, yield_pct, recipe_uom) VALUES ('R-011', 'ING-003', 0.12, 80.0, 'g') ON CONFLICT (menu_item_id, ingredient_id) DO NOTHING;
INSERT INTO recipes (menu_item_id, ingredient_id, qty_net, yield_pct, recipe_uom) VALUES ('R-011', 'ING-055', 0.02, 100.0, 'g') ON CONFLICT (menu_item_id, ingredient_id) DO NOTHING;
INSERT INTO recipes (menu_item_id, ingredient_id, qty_net, yield_pct, recipe_uom) VALUES ('R-011', 'ING-057', 0.0075, 100.0, 'L') ON CONFLICT (menu_item_id, ingredient_id) DO NOTHING;
INSERT INTO recipes (menu_item_id, ingredient_id, qty_net, yield_pct, recipe_uom) VALUES ('R-011', 'ING-058', 0.0075, 100.0, 'L') ON CONFLICT (menu_item_id, ingredient_id) DO NOTHING;
INSERT INTO recipes (menu_item_id, ingredient_id, qty_net, yield_pct, recipe_uom) VALUES ('R-011', 'ING-054', 0.005, 100.0, 'g') ON CONFLICT (menu_item_id, ingredient_id) DO NOTHING;
INSERT INTO recipes (menu_item_id, ingredient_id, qty_net, yield_pct, recipe_uom) VALUES ('R-011', 'ING-024', 0.05, 75.0, 'g') ON CONFLICT (menu_item_id, ingredient_id) DO NOTHING;
INSERT INTO recipes (menu_item_id, ingredient_id, qty_net, yield_pct, recipe_uom) VALUES ('R-011', 'ING-035', 0.02, 92.0, 'g') ON CONFLICT (menu_item_id, ingredient_id) DO NOTHING;
INSERT INTO recipes (menu_item_id, ingredient_id, qty_net, yield_pct, recipe_uom) VALUES ('R-011', 'ING-086', 0.0025, 100.0, 'g') ON CONFLICT (menu_item_id, ingredient_id) DO NOTHING;
INSERT INTO recipes (menu_item_id, ingredient_id, qty_net, yield_pct, recipe_uom) VALUES ('R-011', 'ING-082', 0.05, 100.0, 'L') ON CONFLICT (menu_item_id, ingredient_id) DO NOTHING;
INSERT INTO recipes (menu_item_id, ingredient_id, qty_net, yield_pct, recipe_uom) VALUES ('R-011', 'ING-056', 0.005, 100.0, 'L') ON CONFLICT (menu_item_id, ingredient_id) DO NOTHING;
INSERT INTO recipes (menu_item_id, ingredient_id, qty_net, yield_pct, recipe_uom) VALUES ('R-011', 'ING-092', 0.01, 85.0, 'g') ON CONFLICT (menu_item_id, ingredient_id) DO NOTHING;
INSERT INTO menu_items (id, name, sale_price, is_set_menu) VALUES ('R-012', 'Wellington de Buffle — Champignons, Poivre Phú Quốc', 535000.0, false) ON CONFLICT (id) DO UPDATE SET sale_price = EXCLUDED.sale_price, is_set_menu = EXCLUDED.is_set_menu;
INSERT INTO recipes (menu_item_id, ingredient_id, qty_net, yield_pct, recipe_uom) VALUES ('R-012', 'ING-011', 0.16, 75.0, 'g') ON CONFLICT (menu_item_id, ingredient_id) DO NOTHING;
INSERT INTO recipes (menu_item_id, ingredient_id, qty_net, yield_pct, recipe_uom) VALUES ('R-012', 'ING-079', 0.075, 100.0, 'g') ON CONFLICT (menu_item_id, ingredient_id) DO NOTHING;
INSERT INTO recipes (menu_item_id, ingredient_id, qty_net, yield_pct, recipe_uom) VALUES ('R-012', 'ING-025', 0.05, 80.0, 'g') ON CONFLICT (menu_item_id, ingredient_id) DO NOTHING;
INSERT INTO recipes (menu_item_id, ingredient_id, qty_net, yield_pct, recipe_uom) VALUES ('R-012', 'ING-026', 0.025, 85.0, 'g') ON CONFLICT (menu_item_id, ingredient_id) DO NOTHING;
INSERT INTO recipes (menu_item_id, ingredient_id, qty_net, yield_pct, recipe_uom) VALUES ('R-012', 'ING-032', 0.015, 85.0, 'g') ON CONFLICT (menu_item_id, ingredient_id) DO NOTHING;
INSERT INTO recipes (menu_item_id, ingredient_id, qty_net, yield_pct, recipe_uom) VALUES ('R-012', 'ING-021', 0.25, 100.0, 'pc') ON CONFLICT (menu_item_id, ingredient_id) DO NOTHING;
INSERT INTO recipes (menu_item_id, ingredient_id, qty_net, yield_pct, recipe_uom) VALUES ('R-012', 'ING-083', 0.063, 100.0, 'L') ON CONFLICT (menu_item_id, ingredient_id) DO NOTHING;
INSERT INTO recipes (menu_item_id, ingredient_id, qty_net, yield_pct, recipe_uom) VALUES ('R-012', 'ING-066', 0.0025, 100.0, 'g') ON CONFLICT (menu_item_id, ingredient_id) DO NOTHING;
INSERT INTO recipes (menu_item_id, ingredient_id, qty_net, yield_pct, recipe_uom) VALUES ('R-012', 'ING-017', 0.01, 100.0, 'g') ON CONFLICT (menu_item_id, ingredient_id) DO NOTHING;
INSERT INTO recipes (menu_item_id, ingredient_id, qty_net, yield_pct, recipe_uom) VALUES ('R-012', 'ING-040', 0.0025, 70.0, 'g') ON CONFLICT (menu_item_id, ingredient_id) DO NOTHING;
INSERT INTO menu_items (id, name, sale_price, is_set_menu) VALUES ('R-013', 'Risotto — Truffe Noire, Champignons de Tam Đảo', 435000.0, false) ON CONFLICT (id) DO UPDATE SET sale_price = EXCLUDED.sale_price, is_set_menu = EXCLUDED.is_set_menu;
INSERT INTO recipes (menu_item_id, ingredient_id, qty_net, yield_pct, recipe_uom) VALUES ('R-013', 'ING-052', 0.07, 100.0, 'g') ON CONFLICT (menu_item_id, ingredient_id) DO NOTHING;
INSERT INTO recipes (menu_item_id, ingredient_id, qty_net, yield_pct, recipe_uom) VALUES ('R-013', 'ING-087', 2.0, 92.0, 'gram') ON CONFLICT (menu_item_id, ingredient_id) DO NOTHING;
INSERT INTO recipes (menu_item_id, ingredient_id, qty_net, yield_pct, recipe_uom) VALUES ('R-013', 'ING-025', 0.05, 80.0, 'g') ON CONFLICT (menu_item_id, ingredient_id) DO NOTHING;
INSERT INTO recipes (menu_item_id, ingredient_id, qty_net, yield_pct, recipe_uom) VALUES ('R-013', 'ING-017', 0.025, 100.0, 'g') ON CONFLICT (menu_item_id, ingredient_id) DO NOTHING;
INSERT INTO recipes (menu_item_id, ingredient_id, qty_net, yield_pct, recipe_uom) VALUES ('R-013', 'ING-023', 0.01, 95.0, 'g') ON CONFLICT (menu_item_id, ingredient_id) DO NOTHING;
INSERT INTO recipes (menu_item_id, ingredient_id, qty_net, yield_pct, recipe_uom) VALUES ('R-013', 'ING-032', 0.015, 85.0, 'g') ON CONFLICT (menu_item_id, ingredient_id) DO NOTHING;
INSERT INTO recipes (menu_item_id, ingredient_id, qty_net, yield_pct, recipe_uom) VALUES ('R-013', 'ING-070', 0.03, 100.0, 'ML') ON CONFLICT (menu_item_id, ingredient_id) DO NOTHING;
INSERT INTO recipes (menu_item_id, ingredient_id, qty_net, yield_pct, recipe_uom) VALUES ('R-013', 'ING-081', 0.2, 100.0, 'L') ON CONFLICT (menu_item_id, ingredient_id) DO NOTHING;
INSERT INTO recipes (menu_item_id, ingredient_id, qty_net, yield_pct, recipe_uom) VALUES ('R-013', 'ING-064', 0.0008, 100.0, 'g') ON CONFLICT (menu_item_id, ingredient_id) DO NOTHING;
INSERT INTO menu_items (id, name, sale_price, is_set_menu) VALUES ('R-014', 'Langoustine Rôtie — Beurre Noisette', 990000.0, false) ON CONFLICT (id) DO UPDATE SET sale_price = EXCLUDED.sale_price, is_set_menu = EXCLUDED.is_set_menu;
INSERT INTO recipes (menu_item_id, ingredient_id, qty_net, yield_pct, recipe_uom) VALUES ('R-014', 'ING-005', 0.16, 50.0, 'g') ON CONFLICT (menu_item_id, ingredient_id) DO NOTHING;
INSERT INTO recipes (menu_item_id, ingredient_id, qty_net, yield_pct, recipe_uom) VALUES ('R-014', 'ING-092', 0.02, 85.0, 'g') ON CONFLICT (menu_item_id, ingredient_id) DO NOTHING;
INSERT INTO recipes (menu_item_id, ingredient_id, qty_net, yield_pct, recipe_uom) VALUES ('R-014', 'ING-038', 0.0025, 60.0, 'g') ON CONFLICT (menu_item_id, ingredient_id) DO NOTHING;
INSERT INTO recipes (menu_item_id, ingredient_id, qty_net, yield_pct, recipe_uom) VALUES ('R-014', 'ING-047', 0.005, 55.00000000000001, 'g') ON CONFLICT (menu_item_id, ingredient_id) DO NOTHING;
INSERT INTO recipes (menu_item_id, ingredient_id, qty_net, yield_pct, recipe_uom) VALUES ('R-014', 'ING-064', 0.0008, 100.0, 'g') ON CONFLICT (menu_item_id, ingredient_id) DO NOTHING;
INSERT INTO recipes (menu_item_id, ingredient_id, qty_net, yield_pct, recipe_uom) VALUES ('R-014', 'ING-066', 0.0005, 100.0, 'g') ON CONFLICT (menu_item_id, ingredient_id) DO NOTHING;
INSERT INTO recipes (menu_item_id, ingredient_id, qty_net, yield_pct, recipe_uom) VALUES ('R-014', 'ING-035', 0.03, 92.0, 'g') ON CONFLICT (menu_item_id, ingredient_id) DO NOTHING;
INSERT INTO recipes (menu_item_id, ingredient_id, qty_net, yield_pct, recipe_uom) VALUES ('R-014', 'ING-088', 0.005, 100.0, 'g') ON CONFLICT (menu_item_id, ingredient_id) DO NOTHING;
INSERT INTO menu_items (id, name, sale_price, is_set_menu) VALUES ('R-015', 'Saint-Jacques — Beurre Blanc, Agrumes', 695000.0, false) ON CONFLICT (id) DO UPDATE SET sale_price = EXCLUDED.sale_price, is_set_menu = EXCLUDED.is_set_menu;
INSERT INTO recipes (menu_item_id, ingredient_id, qty_net, yield_pct, recipe_uom) VALUES ('R-015', 'ING-002', 0.1, 85.0, 'g') ON CONFLICT (menu_item_id, ingredient_id) DO NOTHING;
INSERT INTO recipes (menu_item_id, ingredient_id, qty_net, yield_pct, recipe_uom) VALUES ('R-015', 'ING-017', 0.038, 100.0, 'g') ON CONFLICT (menu_item_id, ingredient_id) DO NOTHING;
INSERT INTO recipes (menu_item_id, ingredient_id, qty_net, yield_pct, recipe_uom) VALUES ('R-015', 'ING-032', 0.02, 85.0, 'g') ON CONFLICT (menu_item_id, ingredient_id) DO NOTHING;
INSERT INTO recipes (menu_item_id, ingredient_id, qty_net, yield_pct, recipe_uom) VALUES ('R-015', 'ING-070', 0.025, 100.0, 'ML') ON CONFLICT (menu_item_id, ingredient_id) DO NOTHING;
INSERT INTO recipes (menu_item_id, ingredient_id, qty_net, yield_pct, recipe_uom) VALUES ('R-015', 'ING-062', 0.0075, 100.0, 'L') ON CONFLICT (menu_item_id, ingredient_id) DO NOTHING;
INSERT INTO recipes (menu_item_id, ingredient_id, qty_net, yield_pct, recipe_uom) VALUES ('R-015', 'ING-047', 0.0075, 55.00000000000001, 'g') ON CONFLICT (menu_item_id, ingredient_id) DO NOTHING;
INSERT INTO recipes (menu_item_id, ingredient_id, qty_net, yield_pct, recipe_uom) VALUES ('R-015', 'ING-019', 0.015, 100.0, 'L') ON CONFLICT (menu_item_id, ingredient_id) DO NOTHING;
INSERT INTO recipes (menu_item_id, ingredient_id, qty_net, yield_pct, recipe_uom) VALUES ('R-015', 'ING-024', 0.045, 75.0, 'g') ON CONFLICT (menu_item_id, ingredient_id) DO NOTHING;
INSERT INTO recipes (menu_item_id, ingredient_id, qty_net, yield_pct, recipe_uom) VALUES ('R-015', 'ING-061', 0.005, 100.0, 'L') ON CONFLICT (menu_item_id, ingredient_id) DO NOTHING;
INSERT INTO recipes (menu_item_id, ingredient_id, qty_net, yield_pct, recipe_uom) VALUES ('R-015', 'ING-064', 0.0008, 100.0, 'g') ON CONFLICT (menu_item_id, ingredient_id) DO NOTHING;
INSERT INTO recipes (menu_item_id, ingredient_id, qty_net, yield_pct, recipe_uom) VALUES ('R-015', 'ING-009', 1.0, 100.0, 'gram') ON CONFLICT (menu_item_id, ingredient_id) DO NOTHING;
INSERT INTO menu_items (id, name, sale_price, is_set_menu) VALUES ('R-016', 'Bar du Vietnam — Beurre Blanc, Agrumes', 435000.0, false) ON CONFLICT (id) DO UPDATE SET sale_price = EXCLUDED.sale_price, is_set_menu = EXCLUDED.is_set_menu;
INSERT INTO recipes (menu_item_id, ingredient_id, qty_net, yield_pct, recipe_uom) VALUES ('R-016', 'ING-004', 0.14, 80.0, 'g') ON CONFLICT (menu_item_id, ingredient_id) DO NOTHING;
INSERT INTO recipes (menu_item_id, ingredient_id, qty_net, yield_pct, recipe_uom) VALUES ('R-016', 'ING-017', 0.038, 100.0, 'g') ON CONFLICT (menu_item_id, ingredient_id) DO NOTHING;
INSERT INTO recipes (menu_item_id, ingredient_id, qty_net, yield_pct, recipe_uom) VALUES ('R-016', 'ING-032', 0.02, 85.0, 'g') ON CONFLICT (menu_item_id, ingredient_id) DO NOTHING;
INSERT INTO recipes (menu_item_id, ingredient_id, qty_net, yield_pct, recipe_uom) VALUES ('R-016', 'ING-070', 0.025, 100.0, 'ML') ON CONFLICT (menu_item_id, ingredient_id) DO NOTHING;
INSERT INTO recipes (menu_item_id, ingredient_id, qty_net, yield_pct, recipe_uom) VALUES ('R-016', 'ING-062', 0.0075, 100.0, 'L') ON CONFLICT (menu_item_id, ingredient_id) DO NOTHING;
INSERT INTO recipes (menu_item_id, ingredient_id, qty_net, yield_pct, recipe_uom) VALUES ('R-016', 'ING-047', 0.0075, 55.00000000000001, 'g') ON CONFLICT (menu_item_id, ingredient_id) DO NOTHING;
INSERT INTO recipes (menu_item_id, ingredient_id, qty_net, yield_pct, recipe_uom) VALUES ('R-016', 'ING-019', 0.015, 100.0, 'L') ON CONFLICT (menu_item_id, ingredient_id) DO NOTHING;
INSERT INTO recipes (menu_item_id, ingredient_id, qty_net, yield_pct, recipe_uom) VALUES ('R-016', 'ING-024', 0.045, 75.0, 'g') ON CONFLICT (menu_item_id, ingredient_id) DO NOTHING;
INSERT INTO recipes (menu_item_id, ingredient_id, qty_net, yield_pct, recipe_uom) VALUES ('R-016', 'ING-061', 0.005, 100.0, 'L') ON CONFLICT (menu_item_id, ingredient_id) DO NOTHING;
INSERT INTO recipes (menu_item_id, ingredient_id, qty_net, yield_pct, recipe_uom) VALUES ('R-016', 'ING-064', 0.0008, 100.0, 'g') ON CONFLICT (menu_item_id, ingredient_id) DO NOTHING;
INSERT INTO menu_items (id, name, sale_price, is_set_menu) VALUES ('R-017', 'Magret de Canard — Prunes de Sapa, Madère', 435000.0, false) ON CONFLICT (id) DO UPDATE SET sale_price = EXCLUDED.sale_price, is_set_menu = EXCLUDED.is_set_menu;
INSERT INTO recipes (menu_item_id, ingredient_id, qty_net, yield_pct, recipe_uom) VALUES ('R-017', 'ING-012', 0.16, 85.0, 'g') ON CONFLICT (menu_item_id, ingredient_id) DO NOTHING;
INSERT INTO recipes (menu_item_id, ingredient_id, qty_net, yield_pct, recipe_uom) VALUES ('R-017', 'ING-049', 0.03, 78.0, 'g') ON CONFLICT (menu_item_id, ingredient_id) DO NOTHING;
INSERT INTO recipes (menu_item_id, ingredient_id, qty_net, yield_pct, recipe_uom) VALUES ('R-017', 'ING-083', 0.063, 100.0, 'L') ON CONFLICT (menu_item_id, ingredient_id) DO NOTHING;
INSERT INTO recipes (menu_item_id, ingredient_id, qty_net, yield_pct, recipe_uom) VALUES ('R-017', 'ING-074', 0.0125, 100.0, 'ML') ON CONFLICT (menu_item_id, ingredient_id) DO NOTHING;
INSERT INTO recipes (menu_item_id, ingredient_id, qty_net, yield_pct, recipe_uom) VALUES ('R-017', 'ING-017', 0.01, 100.0, 'g') ON CONFLICT (menu_item_id, ingredient_id) DO NOTHING;
INSERT INTO recipes (menu_item_id, ingredient_id, qty_net, yield_pct, recipe_uom) VALUES ('R-017', 'ING-033', 0.005, 95.0, 'g') ON CONFLICT (menu_item_id, ingredient_id) DO NOTHING;
INSERT INTO recipes (menu_item_id, ingredient_id, qty_net, yield_pct, recipe_uom) VALUES ('R-017', 'ING-036', 0.075, 70.0, 'g') ON CONFLICT (menu_item_id, ingredient_id) DO NOTHING;
INSERT INTO recipes (menu_item_id, ingredient_id, qty_net, yield_pct, recipe_uom) VALUES ('R-017', 'ING-064', 0.0008, 100.0, 'g') ON CONFLICT (menu_item_id, ingredient_id) DO NOTHING;
INSERT INTO recipes (menu_item_id, ingredient_id, qty_net, yield_pct, recipe_uom) VALUES ('R-017', 'ING-066', 0.0005, 100.0, 'g') ON CONFLICT (menu_item_id, ingredient_id) DO NOTHING;
INSERT INTO menu_items (id, name, sale_price, is_set_menu) VALUES ('R-018', 'Carré d''Agneau — Herbes Vietnamiennes', 990000.0, false) ON CONFLICT (id) DO UPDATE SET sale_price = EXCLUDED.sale_price, is_set_menu = EXCLUDED.is_set_menu;
INSERT INTO recipes (menu_item_id, ingredient_id, qty_net, yield_pct, recipe_uom) VALUES ('R-018', 'ING-013', 0.2, 90.0, 'g') ON CONFLICT (menu_item_id, ingredient_id) DO NOTHING;
INSERT INTO recipes (menu_item_id, ingredient_id, qty_net, yield_pct, recipe_uom) VALUES ('R-018', 'ING-040', 0.005, 70.0, 'g') ON CONFLICT (menu_item_id, ingredient_id) DO NOTHING;
INSERT INTO recipes (menu_item_id, ingredient_id, qty_net, yield_pct, recipe_uom) VALUES ('R-018', 'ING-041', 0.0025, 55.00000000000001, 'g') ON CONFLICT (menu_item_id, ingredient_id) DO NOTHING;
INSERT INTO recipes (menu_item_id, ingredient_id, qty_net, yield_pct, recipe_uom) VALUES ('R-018', 'ING-042', 0.0025, 80.0, 'g') ON CONFLICT (menu_item_id, ingredient_id) DO NOTHING;
INSERT INTO recipes (menu_item_id, ingredient_id, qty_net, yield_pct, recipe_uom) VALUES ('R-018', 'ING-053', 0.015, 100.0, 'g') ON CONFLICT (menu_item_id, ingredient_id) DO NOTHING;
INSERT INTO recipes (menu_item_id, ingredient_id, qty_net, yield_pct, recipe_uom) VALUES ('R-018', 'ING-017', 0.02, 100.0, 'g') ON CONFLICT (menu_item_id, ingredient_id) DO NOTHING;
INSERT INTO recipes (menu_item_id, ingredient_id, qty_net, yield_pct, recipe_uom) VALUES ('R-018', 'ING-051', 0.038, 100.0, 'g') ON CONFLICT (menu_item_id, ingredient_id) DO NOTHING;
INSERT INTO recipes (menu_item_id, ingredient_id, qty_net, yield_pct, recipe_uom) VALUES ('R-018', 'ING-029', 0.05, 70.0, 'g') ON CONFLICT (menu_item_id, ingredient_id) DO NOTHING;
INSERT INTO recipes (menu_item_id, ingredient_id, qty_net, yield_pct, recipe_uom) VALUES ('R-018', 'ING-083', 0.063, 100.0, 'L') ON CONFLICT (menu_item_id, ingredient_id) DO NOTHING;
INSERT INTO recipes (menu_item_id, ingredient_id, qty_net, yield_pct, recipe_uom) VALUES ('R-018', 'ING-066', 0.0008, 100.0, 'g') ON CONFLICT (menu_item_id, ingredient_id) DO NOTHING;
INSERT INTO recipes (menu_item_id, ingredient_id, qty_net, yield_pct, recipe_uom) VALUES ('R-018', 'ING-064', 0.0008, 100.0, 'g') ON CONFLICT (menu_item_id, ingredient_id) DO NOTHING;
INSERT INTO menu_items (id, name, sale_price, is_set_menu) VALUES ('R-019', 'Bœuf Wagyu MBS 6-7 — Jus Maison', 1595000.0, false) ON CONFLICT (id) DO UPDATE SET sale_price = EXCLUDED.sale_price, is_set_menu = EXCLUDED.is_set_menu;
INSERT INTO recipes (menu_item_id, ingredient_id, qty_net, yield_pct, recipe_uom) VALUES ('R-019', 'ING-010', 0.12, 85.0, 'g') ON CONFLICT (menu_item_id, ingredient_id) DO NOTHING;
INSERT INTO recipes (menu_item_id, ingredient_id, qty_net, yield_pct, recipe_uom) VALUES ('R-019', 'ING-028', 0.063, 65.0, 'g') ON CONFLICT (menu_item_id, ingredient_id) DO NOTHING;
INSERT INTO recipes (menu_item_id, ingredient_id, qty_net, yield_pct, recipe_uom) VALUES ('R-019', 'ING-030', 0.045, 78.0, 'g') ON CONFLICT (menu_item_id, ingredient_id) DO NOTHING;
INSERT INTO recipes (menu_item_id, ingredient_id, qty_net, yield_pct, recipe_uom) VALUES ('R-019', 'ING-083', 0.063, 100.0, 'L') ON CONFLICT (menu_item_id, ingredient_id) DO NOTHING;
INSERT INTO recipes (menu_item_id, ingredient_id, qty_net, yield_pct, recipe_uom) VALUES ('R-019', 'ING-033', 0.004, 95.0, 'g') ON CONFLICT (menu_item_id, ingredient_id) DO NOTHING;
INSERT INTO recipes (menu_item_id, ingredient_id, qty_net, yield_pct, recipe_uom) VALUES ('R-019', 'ING-017', 0.015, 100.0, 'g') ON CONFLICT (menu_item_id, ingredient_id) DO NOTHING;
INSERT INTO recipes (menu_item_id, ingredient_id, qty_net, yield_pct, recipe_uom) VALUES ('R-019', 'ING-064', 0.0008, 100.0, 'g') ON CONFLICT (menu_item_id, ingredient_id) DO NOTHING;
INSERT INTO recipes (menu_item_id, ingredient_id, qty_net, yield_pct, recipe_uom) VALUES ('R-019', 'ING-066', 0.0008, 100.0, 'g') ON CONFLICT (menu_item_id, ingredient_id) DO NOTHING;
INSERT INTO recipes (menu_item_id, ingredient_id, qty_net, yield_pct, recipe_uom) VALUES ('R-019', 'ING-061', 0.005, 100.0, 'L') ON CONFLICT (menu_item_id, ingredient_id) DO NOTHING;
INSERT INTO menu_items (id, name, sale_price, is_set_menu) VALUES ('R-020', 'Plat Végétal — Légumineuses, Racines', 290000.0, false) ON CONFLICT (id) DO UPDATE SET sale_price = EXCLUDED.sale_price, is_set_menu = EXCLUDED.is_set_menu;
INSERT INTO recipes (menu_item_id, ingredient_id, qty_net, yield_pct, recipe_uom) VALUES ('R-020', 'ING-051', 0.06, 100.0, 'g') ON CONFLICT (menu_item_id, ingredient_id) DO NOTHING;
INSERT INTO recipes (menu_item_id, ingredient_id, qty_net, yield_pct, recipe_uom) VALUES ('R-020', 'ING-028', 0.05, 65.0, 'g') ON CONFLICT (menu_item_id, ingredient_id) DO NOTHING;
INSERT INTO recipes (menu_item_id, ingredient_id, qty_net, yield_pct, recipe_uom) VALUES ('R-020', 'ING-030', 0.045, 78.0, 'g') ON CONFLICT (menu_item_id, ingredient_id) DO NOTHING;
INSERT INTO recipes (menu_item_id, ingredient_id, qty_net, yield_pct, recipe_uom) VALUES ('R-020', 'ING-029', 0.04, 70.0, 'g') ON CONFLICT (menu_item_id, ingredient_id) DO NOTHING;
INSERT INTO recipes (menu_item_id, ingredient_id, qty_net, yield_pct, recipe_uom) VALUES ('R-020', 'ING-017', 0.015, 100.0, 'g') ON CONFLICT (menu_item_id, ingredient_id) DO NOTHING;
INSERT INTO recipes (menu_item_id, ingredient_id, qty_net, yield_pct, recipe_uom) VALUES ('R-020', 'ING-019', 0.02, 100.0, 'L') ON CONFLICT (menu_item_id, ingredient_id) DO NOTHING;
INSERT INTO recipes (menu_item_id, ingredient_id, qty_net, yield_pct, recipe_uom) VALUES ('R-020', 'ING-081', 0.05, 100.0, 'L') ON CONFLICT (menu_item_id, ingredient_id) DO NOTHING;
INSERT INTO recipes (menu_item_id, ingredient_id, qty_net, yield_pct, recipe_uom) VALUES ('R-020', 'ING-033', 0.0025, 95.0, 'g') ON CONFLICT (menu_item_id, ingredient_id) DO NOTHING;
INSERT INTO recipes (menu_item_id, ingredient_id, qty_net, yield_pct, recipe_uom) VALUES ('R-020', 'ING-064', 0.0008, 100.0, 'g') ON CONFLICT (menu_item_id, ingredient_id) DO NOTHING;
INSERT INTO recipes (menu_item_id, ingredient_id, qty_net, yield_pct, recipe_uom) VALUES ('R-020', 'ING-040', 0.0025, 70.0, 'g') ON CONFLICT (menu_item_id, ingredient_id) DO NOTHING;
INSERT INTO menu_items (id, name, sale_price, is_set_menu) VALUES ('R-021', 'Sélection de Fromages Français Affinés', 390000.0, false) ON CONFLICT (id) DO UPDATE SET sale_price = EXCLUDED.sale_price, is_set_menu = EXCLUDED.is_set_menu;
INSERT INTO recipes (menu_item_id, ingredient_id, qty_net, yield_pct, recipe_uom) VALUES ('R-021', 'ING-023', 0.06, 95.0, 'g') ON CONFLICT (menu_item_id, ingredient_id) DO NOTHING;
INSERT INTO recipes (menu_item_id, ingredient_id, qty_net, yield_pct, recipe_uom) VALUES ('R-021', 'ING-088', 0.005, 100.0, 'g') ON CONFLICT (menu_item_id, ingredient_id) DO NOTHING;
INSERT INTO recipes (menu_item_id, ingredient_id, qty_net, yield_pct, recipe_uom) VALUES ('R-021', 'ING-049', 0.015, 78.0, 'g') ON CONFLICT (menu_item_id, ingredient_id) DO NOTHING;
INSERT INTO menu_items (id, name, sale_price, is_set_menu) VALUES ('R-022', 'Soufflé du Moment — Glace Vanille', 235000.0, false) ON CONFLICT (id) DO UPDATE SET sale_price = EXCLUDED.sale_price, is_set_menu = EXCLUDED.is_set_menu;
INSERT INTO recipes (menu_item_id, ingredient_id, qty_net, yield_pct, recipe_uom) VALUES ('R-022', 'ING-021', 1.5, 100.0, 'pc') ON CONFLICT (menu_item_id, ingredient_id) DO NOTHING;
INSERT INTO recipes (menu_item_id, ingredient_id, qty_net, yield_pct, recipe_uom) VALUES ('R-022', 'ING-020', 0.063, 100.0, 'L') ON CONFLICT (menu_item_id, ingredient_id) DO NOTHING;
INSERT INTO recipes (menu_item_id, ingredient_id, qty_net, yield_pct, recipe_uom) VALUES ('R-022', 'ING-054', 0.03, 100.0, 'g') ON CONFLICT (menu_item_id, ingredient_id) DO NOTHING;
INSERT INTO recipes (menu_item_id, ingredient_id, qty_net, yield_pct, recipe_uom) VALUES ('R-022', 'ING-053', 0.01, 100.0, 'g') ON CONFLICT (menu_item_id, ingredient_id) DO NOTHING;
INSERT INTO recipes (menu_item_id, ingredient_id, qty_net, yield_pct, recipe_uom) VALUES ('R-022', 'ING-017', 0.01, 100.0, 'g') ON CONFLICT (menu_item_id, ingredient_id) DO NOTHING;
INSERT INTO recipes (menu_item_id, ingredient_id, qty_net, yield_pct, recipe_uom) VALUES ('R-022', 'ING-091', 0.005, 100.0, 'g') ON CONFLICT (menu_item_id, ingredient_id) DO NOTHING;
INSERT INTO recipes (menu_item_id, ingredient_id, qty_net, yield_pct, recipe_uom) VALUES ('R-022', 'ING-080', 0.05, 100.0, 'L') ON CONFLICT (menu_item_id, ingredient_id) DO NOTHING;
INSERT INTO recipes (menu_item_id, ingredient_id, qty_net, yield_pct, recipe_uom) VALUES ('R-022', 'ING-049', 0.02, 78.0, 'g') ON CONFLICT (menu_item_id, ingredient_id) DO NOTHING;
INSERT INTO menu_items (id, name, sale_price, is_set_menu) VALUES ('R-023', 'Chocolat du Vietnam — Contraste d''Agrumes', 155000.0, false) ON CONFLICT (id) DO UPDATE SET sale_price = EXCLUDED.sale_price, is_set_menu = EXCLUDED.is_set_menu;
INSERT INTO recipes (menu_item_id, ingredient_id, qty_net, yield_pct, recipe_uom) VALUES ('R-023', 'ING-075', 0.05, 100.0, 'g') ON CONFLICT (menu_item_id, ingredient_id) DO NOTHING;
INSERT INTO recipes (menu_item_id, ingredient_id, qty_net, yield_pct, recipe_uom) VALUES ('R-023', 'ING-019', 0.045, 100.0, 'L') ON CONFLICT (menu_item_id, ingredient_id) DO NOTHING;
INSERT INTO recipes (menu_item_id, ingredient_id, qty_net, yield_pct, recipe_uom) VALUES ('R-023', 'ING-021', 0.5, 100.0, 'pc') ON CONFLICT (menu_item_id, ingredient_id) DO NOTHING;
INSERT INTO recipes (menu_item_id, ingredient_id, qty_net, yield_pct, recipe_uom) VALUES ('R-023', 'ING-017', 0.015, 100.0, 'g') ON CONFLICT (menu_item_id, ingredient_id) DO NOTHING;
INSERT INTO recipes (menu_item_id, ingredient_id, qty_net, yield_pct, recipe_uom) VALUES ('R-023', 'ING-046', 0.01, 80.0, 'g') ON CONFLICT (menu_item_id, ingredient_id) DO NOTHING;
INSERT INTO recipes (menu_item_id, ingredient_id, qty_net, yield_pct, recipe_uom) VALUES ('R-023', 'ING-047', 0.005, 55.00000000000001, 'g') ON CONFLICT (menu_item_id, ingredient_id) DO NOTHING;
INSERT INTO recipes (menu_item_id, ingredient_id, qty_net, yield_pct, recipe_uom) VALUES ('R-023', 'ING-077', 0.005, 100.0, 'g') ON CONFLICT (menu_item_id, ingredient_id) DO NOTHING;
INSERT INTO recipes (menu_item_id, ingredient_id, qty_net, yield_pct, recipe_uom) VALUES ('R-023', 'ING-054', 0.01, 100.0, 'g') ON CONFLICT (menu_item_id, ingredient_id) DO NOTHING;
INSERT INTO menu_items (id, name, sale_price, is_set_menu) VALUES ('R-024', 'Crème Brûlée — Vanille', 135000.0, false) ON CONFLICT (id) DO UPDATE SET sale_price = EXCLUDED.sale_price, is_set_menu = EXCLUDED.is_set_menu;
INSERT INTO recipes (menu_item_id, ingredient_id, qty_net, yield_pct, recipe_uom) VALUES ('R-024', 'ING-019', 0.083, 100.0, 'L') ON CONFLICT (menu_item_id, ingredient_id) DO NOTHING;
INSERT INTO recipes (menu_item_id, ingredient_id, qty_net, yield_pct, recipe_uom) VALUES ('R-024', 'ING-020', 0.025, 100.0, 'L') ON CONFLICT (menu_item_id, ingredient_id) DO NOTHING;
INSERT INTO recipes (menu_item_id, ingredient_id, qty_net, yield_pct, recipe_uom) VALUES ('R-024', 'ING-021', 1.0, 100.0, 'pc') ON CONFLICT (menu_item_id, ingredient_id) DO NOTHING;
INSERT INTO recipes (menu_item_id, ingredient_id, qty_net, yield_pct, recipe_uom) VALUES ('R-024', 'ING-054', 0.015, 100.0, 'g') ON CONFLICT (menu_item_id, ingredient_id) DO NOTHING;
INSERT INTO recipes (menu_item_id, ingredient_id, qty_net, yield_pct, recipe_uom) VALUES ('R-024', 'ING-044', 0.0002, 100.0, 'g') ON CONFLICT (menu_item_id, ingredient_id) DO NOTHING;
INSERT INTO recipes (menu_item_id, ingredient_id, qty_net, yield_pct, recipe_uom) VALUES ('R-024', 'ING-054', 0.007, 100.0, 'g') ON CONFLICT (menu_item_id, ingredient_id) DO NOTHING;
INSERT INTO menu_items (id, name, sale_price, is_set_menu) VALUES ('R-025', 'Assiette de Fruits Tropicaux', 195000.0, false) ON CONFLICT (id) DO UPDATE SET sale_price = EXCLUDED.sale_price, is_set_menu = EXCLUDED.is_set_menu;
INSERT INTO recipes (menu_item_id, ingredient_id, qty_net, yield_pct, recipe_uom) VALUES ('R-025', 'ING-049', 0.125, 78.0, 'g') ON CONFLICT (menu_item_id, ingredient_id) DO NOTHING;
INSERT INTO recipes (menu_item_id, ingredient_id, qty_net, yield_pct, recipe_uom) VALUES ('R-025', 'ING-050', 0.038, 60.0, 'g') ON CONFLICT (menu_item_id, ingredient_id) DO NOTHING;
INSERT INTO recipes (menu_item_id, ingredient_id, qty_net, yield_pct, recipe_uom) VALUES ('R-025', 'ING-048', 0.025, 75.0, 'g') ON CONFLICT (menu_item_id, ingredient_id) DO NOTHING;
INSERT INTO recipes (menu_item_id, ingredient_id, qty_net, yield_pct, recipe_uom) VALUES ('R-025', 'ING-047', 0.005, 55.00000000000001, 'g') ON CONFLICT (menu_item_id, ingredient_id) DO NOTHING;
INSERT INTO recipes (menu_item_id, ingredient_id, qty_net, yield_pct, recipe_uom) VALUES ('R-025', 'ING-042', 0.0012, 80.0, 'g') ON CONFLICT (menu_item_id, ingredient_id) DO NOTHING;
INSERT INTO recipes (menu_item_id, ingredient_id, qty_net, yield_pct, recipe_uom) VALUES ('R-025', 'ING-091', 0.005, 100.0, 'g') ON CONFLICT (menu_item_id, ingredient_id) DO NOTHING;
INSERT INTO menu_items (id, name, sale_price, is_set_menu) VALUES ('R-026', 'Sorbet de Fruits Vietnamiens (Intermezzo)', 30000.0, false) ON CONFLICT (id) DO UPDATE SET sale_price = EXCLUDED.sale_price, is_set_menu = EXCLUDED.is_set_menu;
INSERT INTO recipes (menu_item_id, ingredient_id, qty_net, yield_pct, recipe_uom) VALUES ('R-026', 'ING-049', 0.05, 78.0, 'g') ON CONFLICT (menu_item_id, ingredient_id) DO NOTHING;
INSERT INTO recipes (menu_item_id, ingredient_id, qty_net, yield_pct, recipe_uom) VALUES ('R-026', 'ING-054', 0.012, 100.0, 'g') ON CONFLICT (menu_item_id, ingredient_id) DO NOTHING;
INSERT INTO recipes (menu_item_id, ingredient_id, qty_net, yield_pct, recipe_uom) VALUES ('R-026', 'ING-047', 0.004, 55.00000000000001, 'g') ON CONFLICT (menu_item_id, ingredient_id) DO NOTHING;
INSERT INTO recipes (menu_item_id, ingredient_id, qty_net, yield_pct, recipe_uom) VALUES ('R-026', 'ING-042', 0.0005, 80.0, 'g') ON CONFLICT (menu_item_id, ingredient_id) DO NOTHING;
INSERT INTO menu_items (id, name, sale_price, is_set_menu) VALUES ('R-027', 'Amuse-Bouche du Chef', 110000.0, false) ON CONFLICT (id) DO UPDATE SET sale_price = EXCLUDED.sale_price, is_set_menu = EXCLUDED.is_set_menu;
INSERT INTO recipes (menu_item_id, ingredient_id, qty_net, yield_pct, recipe_uom) VALUES ('R-027', 'ING-021', 0.5, 100.0, 'pc') ON CONFLICT (menu_item_id, ingredient_id) DO NOTHING;
INSERT INTO recipes (menu_item_id, ingredient_id, qty_net, yield_pct, recipe_uom) VALUES ('R-027', 'ING-017', 0.0075, 100.0, 'g') ON CONFLICT (menu_item_id, ingredient_id) DO NOTHING;
INSERT INTO recipes (menu_item_id, ingredient_id, qty_net, yield_pct, recipe_uom) VALUES ('R-027', 'ING-024', 0.01, 75.0, 'g') ON CONFLICT (menu_item_id, ingredient_id) DO NOTHING;
INSERT INTO recipes (menu_item_id, ingredient_id, qty_net, yield_pct, recipe_uom) VALUES ('R-027', 'ING-064', 0.00025, 100.0, 'g') ON CONFLICT (menu_item_id, ingredient_id) DO NOTHING;
INSERT INTO recipes (menu_item_id, ingredient_id, qty_net, yield_pct, recipe_uom) VALUES ('R-027', 'ING-009', 0.5, 100.0, 'gram') ON CONFLICT (menu_item_id, ingredient_id) DO NOTHING;
INSERT INTO menu_items (id, name, sale_price, is_set_menu) VALUES ('R-028', 'Côte de Bœuf Black Angus — Pommes grenaille, Échalote confite', 890000.0, false) ON CONFLICT (id) DO UPDATE SET sale_price = EXCLUDED.sale_price, is_set_menu = EXCLUDED.is_set_menu;
INSERT INTO recipes (menu_item_id, ingredient_id, qty_net, yield_pct, recipe_uom) VALUES ('R-028', 'ING-093', 0.15, 80.0, 'g') ON CONFLICT (menu_item_id, ingredient_id) DO NOTHING;
INSERT INTO recipes (menu_item_id, ingredient_id, qty_net, yield_pct, recipe_uom) VALUES ('R-028', 'ING-083', 0.063, 100.0, 'L') ON CONFLICT (menu_item_id, ingredient_id) DO NOTHING;
INSERT INTO recipes (menu_item_id, ingredient_id, qty_net, yield_pct, recipe_uom) VALUES ('R-028', 'ING-032', 0.06, 85.0, 'g') ON CONFLICT (menu_item_id, ingredient_id) DO NOTHING;
INSERT INTO recipes (menu_item_id, ingredient_id, qty_net, yield_pct, recipe_uom) VALUES ('R-028', 'ING-017', 0.02, 100.0, 'g') ON CONFLICT (menu_item_id, ingredient_id) DO NOTHING;
INSERT INTO recipes (menu_item_id, ingredient_id, qty_net, yield_pct, recipe_uom) VALUES ('R-028', 'ING-061', 0.005, 100.0, 'L') ON CONFLICT (menu_item_id, ingredient_id) DO NOTHING;
INSERT INTO recipes (menu_item_id, ingredient_id, qty_net, yield_pct, recipe_uom) VALUES ('R-028', 'ING-064', 0.0008, 100.0, 'g') ON CONFLICT (menu_item_id, ingredient_id) DO NOTHING;
INSERT INTO recipes (menu_item_id, ingredient_id, qty_net, yield_pct, recipe_uom) VALUES ('R-028', 'ING-066', 0.0008, 100.0, 'g') ON CONFLICT (menu_item_id, ingredient_id) DO NOTHING;
INSERT INTO recipes (menu_item_id, ingredient_id, qty_net, yield_pct, recipe_uom) VALUES ('R-028', 'ING-036', 0.08, 70.0, 'g') ON CONFLICT (menu_item_id, ingredient_id) DO NOTHING;
INSERT INTO menu_items (id, name, sale_price, is_set_menu) VALUES ('R-001_DEG', 'Carpaccio de Thon de Nha Trang', 0.0, false) ON CONFLICT (id) DO UPDATE SET sale_price = EXCLUDED.sale_price, is_set_menu = EXCLUDED.is_set_menu;
INSERT INTO recipes (menu_item_id, ingredient_id, qty_net, yield_pct, recipe_uom) VALUES ('R-001_DEG', 'ING-001', 0.05, 85.0, 'g') ON CONFLICT (menu_item_id, ingredient_id) DO NOTHING;
INSERT INTO recipes (menu_item_id, ingredient_id, qty_net, yield_pct, recipe_uom) VALUES ('R-001_DEG', 'ING-045', 0.01, 65.0, 'g') ON CONFLICT (menu_item_id, ingredient_id) DO NOTHING;
INSERT INTO recipes (menu_item_id, ingredient_id, qty_net, yield_pct, recipe_uom) VALUES ('R-001_DEG', 'ING-046', 0.01, 80.0, 'g') ON CONFLICT (menu_item_id, ingredient_id) DO NOTHING;
INSERT INTO recipes (menu_item_id, ingredient_id, qty_net, yield_pct, recipe_uom) VALUES ('R-001_DEG', 'ING-064', 0.001, 100.0, 'g') ON CONFLICT (menu_item_id, ingredient_id) DO NOTHING;
INSERT INTO recipes (menu_item_id, ingredient_id, qty_net, yield_pct, recipe_uom) VALUES ('R-001_DEG', 'ING-059', 0.008, 100.0, 'L') ON CONFLICT (menu_item_id, ingredient_id) DO NOTHING;
INSERT INTO recipes (menu_item_id, ingredient_id, qty_net, yield_pct, recipe_uom) VALUES ('R-001_DEG', 'ING-039', 0.002, 75.0, 'g') ON CONFLICT (menu_item_id, ingredient_id) DO NOTHING;
INSERT INTO recipes (menu_item_id, ingredient_id, qty_net, yield_pct, recipe_uom) VALUES ('R-001_DEG', 'ING-038', 0.0015, 60.0, 'g') ON CONFLICT (menu_item_id, ingredient_id) DO NOTHING;
INSERT INTO menu_items (id, name, sale_price, is_set_menu) VALUES ('R-004_DEG', 'Tartare de Saint-Jacques au Caviar d''Aquitaine', 0.0, false) ON CONFLICT (id) DO UPDATE SET sale_price = EXCLUDED.sale_price, is_set_menu = EXCLUDED.is_set_menu;
INSERT INTO recipes (menu_item_id, ingredient_id, qty_net, yield_pct, recipe_uom) VALUES ('R-004_DEG', 'ING-002', 0.04, 85.0, 'g') ON CONFLICT (menu_item_id, ingredient_id) DO NOTHING;
INSERT INTO recipes (menu_item_id, ingredient_id, qty_net, yield_pct, recipe_uom) VALUES ('R-004_DEG', 'ING-009', 7.5, 100.0, 'gram') ON CONFLICT (menu_item_id, ingredient_id) DO NOTHING;
INSERT INTO recipes (menu_item_id, ingredient_id, qty_net, yield_pct, recipe_uom) VALUES ('R-004_DEG', 'ING-031', 0.024, 65.0, 'g') ON CONFLICT (menu_item_id, ingredient_id) DO NOTHING;
INSERT INTO recipes (menu_item_id, ingredient_id, qty_net, yield_pct, recipe_uom) VALUES ('R-004_DEG', 'ING-045', 0.01, 65.0, 'g') ON CONFLICT (menu_item_id, ingredient_id) DO NOTHING;
INSERT INTO recipes (menu_item_id, ingredient_id, qty_net, yield_pct, recipe_uom) VALUES ('R-004_DEG', 'ING-064', 0.0012, 100.0, 'g') ON CONFLICT (menu_item_id, ingredient_id) DO NOTHING;
INSERT INTO recipes (menu_item_id, ingredient_id, qty_net, yield_pct, recipe_uom) VALUES ('R-004_DEG', 'ING-039', 0.0025, 75.0, 'g') ON CONFLICT (menu_item_id, ingredient_id) DO NOTHING;
INSERT INTO recipes (menu_item_id, ingredient_id, qty_net, yield_pct, recipe_uom) VALUES ('R-004_DEG', 'ING-019', 0.01, 100.0, 'L') ON CONFLICT (menu_item_id, ingredient_id) DO NOTHING;
INSERT INTO menu_items (id, name, sale_price, is_set_menu) VALUES ('R-005_DEG', 'Expression Végétale de Đà Lạt', 0.0, false) ON CONFLICT (id) DO UPDATE SET sale_price = EXCLUDED.sale_price, is_set_menu = EXCLUDED.is_set_menu;
INSERT INTO recipes (menu_item_id, ingredient_id, qty_net, yield_pct, recipe_uom) VALUES ('R-005_DEG', 'ING-024', 0.06, 75.0, 'g') ON CONFLICT (menu_item_id, ingredient_id) DO NOTHING;
INSERT INTO recipes (menu_item_id, ingredient_id, qty_net, yield_pct, recipe_uom) VALUES ('R-005_DEG', 'ING-031', 0.03, 65.0, 'g') ON CONFLICT (menu_item_id, ingredient_id) DO NOTHING;
INSERT INTO recipes (menu_item_id, ingredient_id, qty_net, yield_pct, recipe_uom) VALUES ('R-005_DEG', 'ING-019', 0.015, 100.0, 'L') ON CONFLICT (menu_item_id, ingredient_id) DO NOTHING;
INSERT INTO recipes (menu_item_id, ingredient_id, qty_net, yield_pct, recipe_uom) VALUES ('R-005_DEG', 'ING-039', 0.003, 75.0, 'g') ON CONFLICT (menu_item_id, ingredient_id) DO NOTHING;
INSERT INTO recipes (menu_item_id, ingredient_id, qty_net, yield_pct, recipe_uom) VALUES ('R-005_DEG', 'ING-040', 0.004, 70.0, 'g') ON CONFLICT (menu_item_id, ingredient_id) DO NOTHING;
INSERT INTO recipes (menu_item_id, ingredient_id, qty_net, yield_pct, recipe_uom) VALUES ('R-005_DEG', 'ING-038', 0.002, 60.0, 'g') ON CONFLICT (menu_item_id, ingredient_id) DO NOTHING;
INSERT INTO recipes (menu_item_id, ingredient_id, qty_net, yield_pct, recipe_uom) VALUES ('R-005_DEG', 'ING-059', 0.008, 100.0, 'L') ON CONFLICT (menu_item_id, ingredient_id) DO NOTHING;
INSERT INTO recipes (menu_item_id, ingredient_id, qty_net, yield_pct, recipe_uom) VALUES ('R-005_DEG', 'ING-064', 0.001, 100.0, 'g') ON CONFLICT (menu_item_id, ingredient_id) DO NOTHING;
INSERT INTO menu_items (id, name, sale_price, is_set_menu) VALUES ('R-007_DEG', 'Bisque de Crevettes de Nha Trang', 0.0, false) ON CONFLICT (id) DO UPDATE SET sale_price = EXCLUDED.sale_price, is_set_menu = EXCLUDED.is_set_menu;
INSERT INTO recipes (menu_item_id, ingredient_id, qty_net, yield_pct, recipe_uom) VALUES ('R-007_DEG', 'ING-006', 0.075, 55.00000000000001, 'g') ON CONFLICT (menu_item_id, ingredient_id) DO NOTHING;
INSERT INTO recipes (menu_item_id, ingredient_id, qty_net, yield_pct, recipe_uom) VALUES ('R-007_DEG', 'ING-018', 0.019, 100.0, 'L') ON CONFLICT (menu_item_id, ingredient_id) DO NOTHING;
INSERT INTO recipes (menu_item_id, ingredient_id, qty_net, yield_pct, recipe_uom) VALUES ('R-007_DEG', 'ING-019', 0.038, 100.0, 'L') ON CONFLICT (menu_item_id, ingredient_id) DO NOTHING;
INSERT INTO recipes (menu_item_id, ingredient_id, qty_net, yield_pct, recipe_uom) VALUES ('R-007_DEG', 'ING-072', 0.008, 100.0, 'ML') ON CONFLICT (menu_item_id, ingredient_id) DO NOTHING;
INSERT INTO recipes (menu_item_id, ingredient_id, qty_net, yield_pct, recipe_uom) VALUES ('R-007_DEG', 'ING-082', 0.19, 100.0, 'L') ON CONFLICT (menu_item_id, ingredient_id) DO NOTHING;
INSERT INTO recipes (menu_item_id, ingredient_id, qty_net, yield_pct, recipe_uom) VALUES ('R-007_DEG', 'ING-017', 0.01, 100.0, 'g') ON CONFLICT (menu_item_id, ingredient_id) DO NOTHING;
INSERT INTO recipes (menu_item_id, ingredient_id, qty_net, yield_pct, recipe_uom) VALUES ('R-007_DEG', 'ING-032', 0.012, 85.0, 'g') ON CONFLICT (menu_item_id, ingredient_id) DO NOTHING;
INSERT INTO recipes (menu_item_id, ingredient_id, qty_net, yield_pct, recipe_uom) VALUES ('R-007_DEG', 'ING-070', 0.019, 100.0, 'ML') ON CONFLICT (menu_item_id, ingredient_id) DO NOTHING;
INSERT INTO recipes (menu_item_id, ingredient_id, qty_net, yield_pct, recipe_uom) VALUES ('R-007_DEG', 'ING-064', 0.0006, 100.0, 'g') ON CONFLICT (menu_item_id, ingredient_id) DO NOTHING;
INSERT INTO recipes (menu_item_id, ingredient_id, qty_net, yield_pct, recipe_uom) VALUES ('R-007_DEG', 'ING-066', 0.0003, 100.0, 'g') ON CONFLICT (menu_item_id, ingredient_id) DO NOTHING;
INSERT INTO menu_items (id, name, sale_price, is_set_menu) VALUES ('R-008_DEG', 'Velouté de Champignons de Tam Đảo', 0.0, false) ON CONFLICT (id) DO UPDATE SET sale_price = EXCLUDED.sale_price, is_set_menu = EXCLUDED.is_set_menu;
INSERT INTO recipes (menu_item_id, ingredient_id, qty_net, yield_pct, recipe_uom) VALUES ('R-008_DEG', 'ING-025', 0.045, 80.0, 'g') ON CONFLICT (menu_item_id, ingredient_id) DO NOTHING;
INSERT INTO recipes (menu_item_id, ingredient_id, qty_net, yield_pct, recipe_uom) VALUES ('R-008_DEG', 'ING-026', 0.0285, 85.0, 'g') ON CONFLICT (menu_item_id, ingredient_id) DO NOTHING;
INSERT INTO recipes (menu_item_id, ingredient_id, qty_net, yield_pct, recipe_uom) VALUES ('R-008_DEG', 'ING-027', 0.003, 100.0, 'g') ON CONFLICT (menu_item_id, ingredient_id) DO NOTHING;
INSERT INTO recipes (menu_item_id, ingredient_id, qty_net, yield_pct, recipe_uom) VALUES ('R-008_DEG', 'ING-019', 0.05, 100.0, 'L') ON CONFLICT (menu_item_id, ingredient_id) DO NOTHING;
INSERT INTO recipes (menu_item_id, ingredient_id, qty_net, yield_pct, recipe_uom) VALUES ('R-008_DEG', 'ING-017', 0.015, 100.0, 'g') ON CONFLICT (menu_item_id, ingredient_id) DO NOTHING;
INSERT INTO recipes (menu_item_id, ingredient_id, qty_net, yield_pct, recipe_uom) VALUES ('R-008_DEG', 'ING-032', 0.015, 85.0, 'g') ON CONFLICT (menu_item_id, ingredient_id) DO NOTHING;
INSERT INTO recipes (menu_item_id, ingredient_id, qty_net, yield_pct, recipe_uom) VALUES ('R-008_DEG', 'ING-081', 0.15, 100.0, 'L') ON CONFLICT (menu_item_id, ingredient_id) DO NOTHING;
INSERT INTO recipes (menu_item_id, ingredient_id, qty_net, yield_pct, recipe_uom) VALUES ('R-008_DEG', 'ING-041', 0.0006, 55.00000000000001, 'g') ON CONFLICT (menu_item_id, ingredient_id) DO NOTHING;
INSERT INTO recipes (menu_item_id, ingredient_id, qty_net, yield_pct, recipe_uom) VALUES ('R-008_DEG', 'ING-074', 0.005, 100.0, 'ML') ON CONFLICT (menu_item_id, ingredient_id) DO NOTHING;
INSERT INTO menu_items (id, name, sale_price, is_set_menu) VALUES ('R-011_DEG', 'Cabillaud Noir Mariné au Miso', 0.0, false) ON CONFLICT (id) DO UPDATE SET sale_price = EXCLUDED.sale_price, is_set_menu = EXCLUDED.is_set_menu;
INSERT INTO recipes (menu_item_id, ingredient_id, qty_net, yield_pct, recipe_uom) VALUES ('R-011_DEG', 'ING-003', 0.08, 80.0, 'g') ON CONFLICT (menu_item_id, ingredient_id) DO NOTHING;
INSERT INTO recipes (menu_item_id, ingredient_id, qty_net, yield_pct, recipe_uom) VALUES ('R-011_DEG', 'ING-055', 0.02, 100.0, 'g') ON CONFLICT (menu_item_id, ingredient_id) DO NOTHING;
INSERT INTO recipes (menu_item_id, ingredient_id, qty_net, yield_pct, recipe_uom) VALUES ('R-011_DEG', 'ING-057', 0.0075, 100.0, 'L') ON CONFLICT (menu_item_id, ingredient_id) DO NOTHING;
INSERT INTO recipes (menu_item_id, ingredient_id, qty_net, yield_pct, recipe_uom) VALUES ('R-011_DEG', 'ING-058', 0.0075, 100.0, 'L') ON CONFLICT (menu_item_id, ingredient_id) DO NOTHING;
INSERT INTO recipes (menu_item_id, ingredient_id, qty_net, yield_pct, recipe_uom) VALUES ('R-011_DEG', 'ING-054', 0.005, 100.0, 'g') ON CONFLICT (menu_item_id, ingredient_id) DO NOTHING;
INSERT INTO recipes (menu_item_id, ingredient_id, qty_net, yield_pct, recipe_uom) VALUES ('R-011_DEG', 'ING-024', 0.05, 75.0, 'g') ON CONFLICT (menu_item_id, ingredient_id) DO NOTHING;
INSERT INTO recipes (menu_item_id, ingredient_id, qty_net, yield_pct, recipe_uom) VALUES ('R-011_DEG', 'ING-035', 0.02, 92.0, 'g') ON CONFLICT (menu_item_id, ingredient_id) DO NOTHING;
INSERT INTO recipes (menu_item_id, ingredient_id, qty_net, yield_pct, recipe_uom) VALUES ('R-011_DEG', 'ING-086', 0.0025, 100.0, 'g') ON CONFLICT (menu_item_id, ingredient_id) DO NOTHING;
INSERT INTO recipes (menu_item_id, ingredient_id, qty_net, yield_pct, recipe_uom) VALUES ('R-011_DEG', 'ING-082', 0.05, 100.0, 'L') ON CONFLICT (menu_item_id, ingredient_id) DO NOTHING;
INSERT INTO recipes (menu_item_id, ingredient_id, qty_net, yield_pct, recipe_uom) VALUES ('R-011_DEG', 'ING-056', 0.005, 100.0, 'L') ON CONFLICT (menu_item_id, ingredient_id) DO NOTHING;
INSERT INTO recipes (menu_item_id, ingredient_id, qty_net, yield_pct, recipe_uom) VALUES ('R-011_DEG', 'ING-092', 0.01, 85.0, 'g') ON CONFLICT (menu_item_id, ingredient_id) DO NOTHING;
INSERT INTO menu_items (id, name, sale_price, is_set_menu) VALUES ('R-016_DEG', 'Bar du Vietnam Poêlé', 0.0, false) ON CONFLICT (id) DO UPDATE SET sale_price = EXCLUDED.sale_price, is_set_menu = EXCLUDED.is_set_menu;
INSERT INTO recipes (menu_item_id, ingredient_id, qty_net, yield_pct, recipe_uom) VALUES ('R-016_DEG', 'ING-004', 0.095, 80.0, 'g') ON CONFLICT (menu_item_id, ingredient_id) DO NOTHING;
INSERT INTO recipes (menu_item_id, ingredient_id, qty_net, yield_pct, recipe_uom) VALUES ('R-016_DEG', 'ING-017', 0.038, 100.0, 'g') ON CONFLICT (menu_item_id, ingredient_id) DO NOTHING;
INSERT INTO recipes (menu_item_id, ingredient_id, qty_net, yield_pct, recipe_uom) VALUES ('R-016_DEG', 'ING-032', 0.02, 85.0, 'g') ON CONFLICT (menu_item_id, ingredient_id) DO NOTHING;
INSERT INTO recipes (menu_item_id, ingredient_id, qty_net, yield_pct, recipe_uom) VALUES ('R-016_DEG', 'ING-070', 0.025, 100.0, 'ML') ON CONFLICT (menu_item_id, ingredient_id) DO NOTHING;
INSERT INTO recipes (menu_item_id, ingredient_id, qty_net, yield_pct, recipe_uom) VALUES ('R-016_DEG', 'ING-062', 0.0075, 100.0, 'L') ON CONFLICT (menu_item_id, ingredient_id) DO NOTHING;
INSERT INTO recipes (menu_item_id, ingredient_id, qty_net, yield_pct, recipe_uom) VALUES ('R-016_DEG', 'ING-047', 0.0075, 55.00000000000001, 'g') ON CONFLICT (menu_item_id, ingredient_id) DO NOTHING;
INSERT INTO recipes (menu_item_id, ingredient_id, qty_net, yield_pct, recipe_uom) VALUES ('R-016_DEG', 'ING-019', 0.015, 100.0, 'L') ON CONFLICT (menu_item_id, ingredient_id) DO NOTHING;
INSERT INTO recipes (menu_item_id, ingredient_id, qty_net, yield_pct, recipe_uom) VALUES ('R-016_DEG', 'ING-024', 0.045, 75.0, 'g') ON CONFLICT (menu_item_id, ingredient_id) DO NOTHING;
INSERT INTO recipes (menu_item_id, ingredient_id, qty_net, yield_pct, recipe_uom) VALUES ('R-016_DEG', 'ING-061', 0.005, 100.0, 'L') ON CONFLICT (menu_item_id, ingredient_id) DO NOTHING;
INSERT INTO recipes (menu_item_id, ingredient_id, qty_net, yield_pct, recipe_uom) VALUES ('R-016_DEG', 'ING-064', 0.0008, 100.0, 'g') ON CONFLICT (menu_item_id, ingredient_id) DO NOTHING;
INSERT INTO menu_items (id, name, sale_price, is_set_menu) VALUES ('R-014_DEG', 'Langoustine Rôtie au Beurre Noisette', 0.0, false) ON CONFLICT (id) DO UPDATE SET sale_price = EXCLUDED.sale_price, is_set_menu = EXCLUDED.is_set_menu;
INSERT INTO recipes (menu_item_id, ingredient_id, qty_net, yield_pct, recipe_uom) VALUES ('R-014_DEG', 'ING-005', 0.105, 50.0, 'g') ON CONFLICT (menu_item_id, ingredient_id) DO NOTHING;
INSERT INTO recipes (menu_item_id, ingredient_id, qty_net, yield_pct, recipe_uom) VALUES ('R-014_DEG', 'ING-092', 0.02, 85.0, 'g') ON CONFLICT (menu_item_id, ingredient_id) DO NOTHING;
INSERT INTO recipes (menu_item_id, ingredient_id, qty_net, yield_pct, recipe_uom) VALUES ('R-014_DEG', 'ING-038', 0.0025, 60.0, 'g') ON CONFLICT (menu_item_id, ingredient_id) DO NOTHING;
INSERT INTO recipes (menu_item_id, ingredient_id, qty_net, yield_pct, recipe_uom) VALUES ('R-014_DEG', 'ING-047', 0.005, 55.00000000000001, 'g') ON CONFLICT (menu_item_id, ingredient_id) DO NOTHING;
INSERT INTO recipes (menu_item_id, ingredient_id, qty_net, yield_pct, recipe_uom) VALUES ('R-014_DEG', 'ING-064', 0.0008, 100.0, 'g') ON CONFLICT (menu_item_id, ingredient_id) DO NOTHING;
INSERT INTO recipes (menu_item_id, ingredient_id, qty_net, yield_pct, recipe_uom) VALUES ('R-014_DEG', 'ING-066', 0.0005, 100.0, 'g') ON CONFLICT (menu_item_id, ingredient_id) DO NOTHING;
INSERT INTO recipes (menu_item_id, ingredient_id, qty_net, yield_pct, recipe_uom) VALUES ('R-014_DEG', 'ING-035', 0.03, 92.0, 'g') ON CONFLICT (menu_item_id, ingredient_id) DO NOTHING;
INSERT INTO recipes (menu_item_id, ingredient_id, qty_net, yield_pct, recipe_uom) VALUES ('R-014_DEG', 'ING-088', 0.005, 100.0, 'g') ON CONFLICT (menu_item_id, ingredient_id) DO NOTHING;
INSERT INTO menu_items (id, name, sale_price, is_set_menu) VALUES ('R-026_DEG', 'Sorbet de Fruits Vietnamiens (Intermezzo)', 0.0, false) ON CONFLICT (id) DO UPDATE SET sale_price = EXCLUDED.sale_price, is_set_menu = EXCLUDED.is_set_menu;
INSERT INTO recipes (menu_item_id, ingredient_id, qty_net, yield_pct, recipe_uom) VALUES ('R-026_DEG', 'ING-049', 0.05, 78.0, 'g') ON CONFLICT (menu_item_id, ingredient_id) DO NOTHING;
INSERT INTO recipes (menu_item_id, ingredient_id, qty_net, yield_pct, recipe_uom) VALUES ('R-026_DEG', 'ING-054', 0.012, 100.0, 'g') ON CONFLICT (menu_item_id, ingredient_id) DO NOTHING;
INSERT INTO recipes (menu_item_id, ingredient_id, qty_net, yield_pct, recipe_uom) VALUES ('R-026_DEG', 'ING-047', 0.004, 55.00000000000001, 'g') ON CONFLICT (menu_item_id, ingredient_id) DO NOTHING;
INSERT INTO recipes (menu_item_id, ingredient_id, qty_net, yield_pct, recipe_uom) VALUES ('R-026_DEG', 'ING-042', 0.0005, 80.0, 'g') ON CONFLICT (menu_item_id, ingredient_id) DO NOTHING;
INSERT INTO menu_items (id, name, sale_price, is_set_menu) VALUES ('R-017_DEG', 'Magret de Canard du Vietnam', 0.0, false) ON CONFLICT (id) DO UPDATE SET sale_price = EXCLUDED.sale_price, is_set_menu = EXCLUDED.is_set_menu;
INSERT INTO recipes (menu_item_id, ingredient_id, qty_net, yield_pct, recipe_uom) VALUES ('R-017_DEG', 'ING-012', 0.105, 85.0, 'g') ON CONFLICT (menu_item_id, ingredient_id) DO NOTHING;
INSERT INTO recipes (menu_item_id, ingredient_id, qty_net, yield_pct, recipe_uom) VALUES ('R-017_DEG', 'ING-049', 0.03, 78.0, 'g') ON CONFLICT (menu_item_id, ingredient_id) DO NOTHING;
INSERT INTO recipes (menu_item_id, ingredient_id, qty_net, yield_pct, recipe_uom) VALUES ('R-017_DEG', 'ING-083', 0.063, 100.0, 'L') ON CONFLICT (menu_item_id, ingredient_id) DO NOTHING;
INSERT INTO recipes (menu_item_id, ingredient_id, qty_net, yield_pct, recipe_uom) VALUES ('R-017_DEG', 'ING-074', 0.0125, 100.0, 'ML') ON CONFLICT (menu_item_id, ingredient_id) DO NOTHING;
INSERT INTO recipes (menu_item_id, ingredient_id, qty_net, yield_pct, recipe_uom) VALUES ('R-017_DEG', 'ING-017', 0.01, 100.0, 'g') ON CONFLICT (menu_item_id, ingredient_id) DO NOTHING;
INSERT INTO recipes (menu_item_id, ingredient_id, qty_net, yield_pct, recipe_uom) VALUES ('R-017_DEG', 'ING-033', 0.005, 95.0, 'g') ON CONFLICT (menu_item_id, ingredient_id) DO NOTHING;
INSERT INTO recipes (menu_item_id, ingredient_id, qty_net, yield_pct, recipe_uom) VALUES ('R-017_DEG', 'ING-036', 0.075, 70.0, 'g') ON CONFLICT (menu_item_id, ingredient_id) DO NOTHING;
INSERT INTO recipes (menu_item_id, ingredient_id, qty_net, yield_pct, recipe_uom) VALUES ('R-017_DEG', 'ING-064', 0.0008, 100.0, 'g') ON CONFLICT (menu_item_id, ingredient_id) DO NOTHING;
INSERT INTO recipes (menu_item_id, ingredient_id, qty_net, yield_pct, recipe_uom) VALUES ('R-017_DEG', 'ING-066', 0.0005, 100.0, 'g') ON CONFLICT (menu_item_id, ingredient_id) DO NOTHING;
INSERT INTO menu_items (id, name, sale_price, is_set_menu) VALUES ('R-012_DEG', 'Wellington de Buffle du Vietnam', 0.0, false) ON CONFLICT (id) DO UPDATE SET sale_price = EXCLUDED.sale_price, is_set_menu = EXCLUDED.is_set_menu;
INSERT INTO recipes (menu_item_id, ingredient_id, qty_net, yield_pct, recipe_uom) VALUES ('R-012_DEG', 'ING-011', 0.11, 75.0, 'g') ON CONFLICT (menu_item_id, ingredient_id) DO NOTHING;
INSERT INTO recipes (menu_item_id, ingredient_id, qty_net, yield_pct, recipe_uom) VALUES ('R-012_DEG', 'ING-079', 0.05, 100.0, 'g') ON CONFLICT (menu_item_id, ingredient_id) DO NOTHING;
INSERT INTO recipes (menu_item_id, ingredient_id, qty_net, yield_pct, recipe_uom) VALUES ('R-012_DEG', 'ING-025', 0.035, 80.0, 'g') ON CONFLICT (menu_item_id, ingredient_id) DO NOTHING;
INSERT INTO recipes (menu_item_id, ingredient_id, qty_net, yield_pct, recipe_uom) VALUES ('R-012_DEG', 'ING-026', 0.0175, 85.0, 'g') ON CONFLICT (menu_item_id, ingredient_id) DO NOTHING;
INSERT INTO recipes (menu_item_id, ingredient_id, qty_net, yield_pct, recipe_uom) VALUES ('R-012_DEG', 'ING-032', 0.015, 85.0, 'g') ON CONFLICT (menu_item_id, ingredient_id) DO NOTHING;
INSERT INTO recipes (menu_item_id, ingredient_id, qty_net, yield_pct, recipe_uom) VALUES ('R-012_DEG', 'ING-021', 0.25, 100.0, 'pc') ON CONFLICT (menu_item_id, ingredient_id) DO NOTHING;
INSERT INTO recipes (menu_item_id, ingredient_id, qty_net, yield_pct, recipe_uom) VALUES ('R-012_DEG', 'ING-083', 0.063, 100.0, 'L') ON CONFLICT (menu_item_id, ingredient_id) DO NOTHING;
INSERT INTO recipes (menu_item_id, ingredient_id, qty_net, yield_pct, recipe_uom) VALUES ('R-012_DEG', 'ING-066', 0.0025, 100.0, 'g') ON CONFLICT (menu_item_id, ingredient_id) DO NOTHING;
INSERT INTO recipes (menu_item_id, ingredient_id, qty_net, yield_pct, recipe_uom) VALUES ('R-012_DEG', 'ING-017', 0.01, 100.0, 'g') ON CONFLICT (menu_item_id, ingredient_id) DO NOTHING;
INSERT INTO recipes (menu_item_id, ingredient_id, qty_net, yield_pct, recipe_uom) VALUES ('R-012_DEG', 'ING-040', 0.0025, 70.0, 'g') ON CONFLICT (menu_item_id, ingredient_id) DO NOTHING;
INSERT INTO menu_items (id, name, sale_price, is_set_menu) VALUES ('R-018_DEG', 'Carré d''Agneau aux Herbes Vietnamiennes', 0.0, false) ON CONFLICT (id) DO UPDATE SET sale_price = EXCLUDED.sale_price, is_set_menu = EXCLUDED.is_set_menu;
INSERT INTO recipes (menu_item_id, ingredient_id, qty_net, yield_pct, recipe_uom) VALUES ('R-018_DEG', 'ING-013', 0.135, 90.0, 'g') ON CONFLICT (menu_item_id, ingredient_id) DO NOTHING;
INSERT INTO recipes (menu_item_id, ingredient_id, qty_net, yield_pct, recipe_uom) VALUES ('R-018_DEG', 'ING-040', 0.005, 70.0, 'g') ON CONFLICT (menu_item_id, ingredient_id) DO NOTHING;
INSERT INTO recipes (menu_item_id, ingredient_id, qty_net, yield_pct, recipe_uom) VALUES ('R-018_DEG', 'ING-041', 0.0025, 55.00000000000001, 'g') ON CONFLICT (menu_item_id, ingredient_id) DO NOTHING;
INSERT INTO recipes (menu_item_id, ingredient_id, qty_net, yield_pct, recipe_uom) VALUES ('R-018_DEG', 'ING-042', 0.0025, 80.0, 'g') ON CONFLICT (menu_item_id, ingredient_id) DO NOTHING;
INSERT INTO recipes (menu_item_id, ingredient_id, qty_net, yield_pct, recipe_uom) VALUES ('R-018_DEG', 'ING-053', 0.015, 100.0, 'g') ON CONFLICT (menu_item_id, ingredient_id) DO NOTHING;
INSERT INTO recipes (menu_item_id, ingredient_id, qty_net, yield_pct, recipe_uom) VALUES ('R-018_DEG', 'ING-017', 0.02, 100.0, 'g') ON CONFLICT (menu_item_id, ingredient_id) DO NOTHING;
INSERT INTO recipes (menu_item_id, ingredient_id, qty_net, yield_pct, recipe_uom) VALUES ('R-018_DEG', 'ING-051', 0.038, 100.0, 'g') ON CONFLICT (menu_item_id, ingredient_id) DO NOTHING;
INSERT INTO recipes (menu_item_id, ingredient_id, qty_net, yield_pct, recipe_uom) VALUES ('R-018_DEG', 'ING-029', 0.05, 70.0, 'g') ON CONFLICT (menu_item_id, ingredient_id) DO NOTHING;
INSERT INTO recipes (menu_item_id, ingredient_id, qty_net, yield_pct, recipe_uom) VALUES ('R-018_DEG', 'ING-083', 0.063, 100.0, 'L') ON CONFLICT (menu_item_id, ingredient_id) DO NOTHING;
INSERT INTO recipes (menu_item_id, ingredient_id, qty_net, yield_pct, recipe_uom) VALUES ('R-018_DEG', 'ING-066', 0.0008, 100.0, 'g') ON CONFLICT (menu_item_id, ingredient_id) DO NOTHING;
INSERT INTO recipes (menu_item_id, ingredient_id, qty_net, yield_pct, recipe_uom) VALUES ('R-018_DEG', 'ING-064', 0.0008, 100.0, 'g') ON CONFLICT (menu_item_id, ingredient_id) DO NOTHING;
INSERT INTO menu_items (id, name, sale_price, is_set_menu) VALUES ('R-019_DEG', 'Bœuf Wagyu MBS 6-7', 0.0, false) ON CONFLICT (id) DO UPDATE SET sale_price = EXCLUDED.sale_price, is_set_menu = EXCLUDED.is_set_menu;
INSERT INTO recipes (menu_item_id, ingredient_id, qty_net, yield_pct, recipe_uom) VALUES ('R-019_DEG', 'ING-010', 0.08, 85.0, 'g') ON CONFLICT (menu_item_id, ingredient_id) DO NOTHING;
INSERT INTO recipes (menu_item_id, ingredient_id, qty_net, yield_pct, recipe_uom) VALUES ('R-019_DEG', 'ING-028', 0.063, 65.0, 'g') ON CONFLICT (menu_item_id, ingredient_id) DO NOTHING;
INSERT INTO recipes (menu_item_id, ingredient_id, qty_net, yield_pct, recipe_uom) VALUES ('R-019_DEG', 'ING-030', 0.045, 78.0, 'g') ON CONFLICT (menu_item_id, ingredient_id) DO NOTHING;
INSERT INTO recipes (menu_item_id, ingredient_id, qty_net, yield_pct, recipe_uom) VALUES ('R-019_DEG', 'ING-083', 0.063, 100.0, 'L') ON CONFLICT (menu_item_id, ingredient_id) DO NOTHING;
INSERT INTO recipes (menu_item_id, ingredient_id, qty_net, yield_pct, recipe_uom) VALUES ('R-019_DEG', 'ING-033', 0.004, 95.0, 'g') ON CONFLICT (menu_item_id, ingredient_id) DO NOTHING;
INSERT INTO recipes (menu_item_id, ingredient_id, qty_net, yield_pct, recipe_uom) VALUES ('R-019_DEG', 'ING-017', 0.015, 100.0, 'g') ON CONFLICT (menu_item_id, ingredient_id) DO NOTHING;
INSERT INTO recipes (menu_item_id, ingredient_id, qty_net, yield_pct, recipe_uom) VALUES ('R-019_DEG', 'ING-064', 0.0008, 100.0, 'g') ON CONFLICT (menu_item_id, ingredient_id) DO NOTHING;
INSERT INTO recipes (menu_item_id, ingredient_id, qty_net, yield_pct, recipe_uom) VALUES ('R-019_DEG', 'ING-066', 0.0008, 100.0, 'g') ON CONFLICT (menu_item_id, ingredient_id) DO NOTHING;
INSERT INTO recipes (menu_item_id, ingredient_id, qty_net, yield_pct, recipe_uom) VALUES ('R-019_DEG', 'ING-061', 0.005, 100.0, 'L') ON CONFLICT (menu_item_id, ingredient_id) DO NOTHING;
INSERT INTO menu_items (id, name, sale_price, is_set_menu) VALUES ('R-021_DEG', 'Sélection de Fromages Français Affinés', 0.0, false) ON CONFLICT (id) DO UPDATE SET sale_price = EXCLUDED.sale_price, is_set_menu = EXCLUDED.is_set_menu;
INSERT INTO recipes (menu_item_id, ingredient_id, qty_net, yield_pct, recipe_uom) VALUES ('R-021_DEG', 'ING-023', 0.04, 95.0, 'g') ON CONFLICT (menu_item_id, ingredient_id) DO NOTHING;
INSERT INTO recipes (menu_item_id, ingredient_id, qty_net, yield_pct, recipe_uom) VALUES ('R-021_DEG', 'ING-088', 0.005, 100.0, 'g') ON CONFLICT (menu_item_id, ingredient_id) DO NOTHING;
INSERT INTO recipes (menu_item_id, ingredient_id, qty_net, yield_pct, recipe_uom) VALUES ('R-021_DEG', 'ING-049', 0.015, 78.0, 'g') ON CONFLICT (menu_item_id, ingredient_id) DO NOTHING;
INSERT INTO menu_items (id, name, sale_price, is_set_menu) VALUES ('R-013_DEG', 'Risotto à la Truffe et Champignons de Tam Đảo', 0.0, false) ON CONFLICT (id) DO UPDATE SET sale_price = EXCLUDED.sale_price, is_set_menu = EXCLUDED.is_set_menu;
INSERT INTO recipes (menu_item_id, ingredient_id, qty_net, yield_pct, recipe_uom) VALUES ('R-013_DEG', 'ING-052', 0.05, 100.0, 'g') ON CONFLICT (menu_item_id, ingredient_id) DO NOTHING;
INSERT INTO recipes (menu_item_id, ingredient_id, qty_net, yield_pct, recipe_uom) VALUES ('R-013_DEG', 'ING-087', 3.0, 92.0, 'gram') ON CONFLICT (menu_item_id, ingredient_id) DO NOTHING;
INSERT INTO recipes (menu_item_id, ingredient_id, qty_net, yield_pct, recipe_uom) VALUES ('R-013_DEG', 'ING-025', 0.04, 80.0, 'g') ON CONFLICT (menu_item_id, ingredient_id) DO NOTHING;
INSERT INTO recipes (menu_item_id, ingredient_id, qty_net, yield_pct, recipe_uom) VALUES ('R-013_DEG', 'ING-017', 0.025, 100.0, 'g') ON CONFLICT (menu_item_id, ingredient_id) DO NOTHING;
INSERT INTO recipes (menu_item_id, ingredient_id, qty_net, yield_pct, recipe_uom) VALUES ('R-013_DEG', 'ING-023', 0.02, 95.0, 'g') ON CONFLICT (menu_item_id, ingredient_id) DO NOTHING;
INSERT INTO recipes (menu_item_id, ingredient_id, qty_net, yield_pct, recipe_uom) VALUES ('R-013_DEG', 'ING-032', 0.015, 85.0, 'g') ON CONFLICT (menu_item_id, ingredient_id) DO NOTHING;
INSERT INTO recipes (menu_item_id, ingredient_id, qty_net, yield_pct, recipe_uom) VALUES ('R-013_DEG', 'ING-070', 0.03, 100.0, 'ML') ON CONFLICT (menu_item_id, ingredient_id) DO NOTHING;
INSERT INTO recipes (menu_item_id, ingredient_id, qty_net, yield_pct, recipe_uom) VALUES ('R-013_DEG', 'ING-081', 0.2, 100.0, 'L') ON CONFLICT (menu_item_id, ingredient_id) DO NOTHING;
INSERT INTO recipes (menu_item_id, ingredient_id, qty_net, yield_pct, recipe_uom) VALUES ('R-013_DEG', 'ING-064', 0.0008, 100.0, 'g') ON CONFLICT (menu_item_id, ingredient_id) DO NOTHING;
INSERT INTO menu_items (id, name, sale_price, is_set_menu) VALUES ('R-022_DEG', 'Soufflé Chaud du Moment', 0.0, false) ON CONFLICT (id) DO UPDATE SET sale_price = EXCLUDED.sale_price, is_set_menu = EXCLUDED.is_set_menu;
INSERT INTO recipes (menu_item_id, ingredient_id, qty_net, yield_pct, recipe_uom) VALUES ('R-022_DEG', 'ING-021', 1.5, 100.0, 'pc') ON CONFLICT (menu_item_id, ingredient_id) DO NOTHING;
INSERT INTO recipes (menu_item_id, ingredient_id, qty_net, yield_pct, recipe_uom) VALUES ('R-022_DEG', 'ING-020', 0.063, 100.0, 'L') ON CONFLICT (menu_item_id, ingredient_id) DO NOTHING;
INSERT INTO recipes (menu_item_id, ingredient_id, qty_net, yield_pct, recipe_uom) VALUES ('R-022_DEG', 'ING-054', 0.03, 100.0, 'g') ON CONFLICT (menu_item_id, ingredient_id) DO NOTHING;
INSERT INTO recipes (menu_item_id, ingredient_id, qty_net, yield_pct, recipe_uom) VALUES ('R-022_DEG', 'ING-053', 0.01, 100.0, 'g') ON CONFLICT (menu_item_id, ingredient_id) DO NOTHING;
INSERT INTO recipes (menu_item_id, ingredient_id, qty_net, yield_pct, recipe_uom) VALUES ('R-022_DEG', 'ING-017', 0.01, 100.0, 'g') ON CONFLICT (menu_item_id, ingredient_id) DO NOTHING;
INSERT INTO recipes (menu_item_id, ingredient_id, qty_net, yield_pct, recipe_uom) VALUES ('R-022_DEG', 'ING-091', 0.005, 100.0, 'g') ON CONFLICT (menu_item_id, ingredient_id) DO NOTHING;
INSERT INTO recipes (menu_item_id, ingredient_id, qty_net, yield_pct, recipe_uom) VALUES ('R-022_DEG', 'ING-080', 0.05, 100.0, 'L') ON CONFLICT (menu_item_id, ingredient_id) DO NOTHING;
INSERT INTO recipes (menu_item_id, ingredient_id, qty_net, yield_pct, recipe_uom) VALUES ('R-022_DEG', 'ING-049', 0.02, 78.0, 'g') ON CONFLICT (menu_item_id, ingredient_id) DO NOTHING;
INSERT INTO menu_items (id, name, sale_price, is_set_menu) VALUES ('R-023_DEG', 'Chocolat du Vietnam — Contraste d''Agrumes', 0.0, false) ON CONFLICT (id) DO UPDATE SET sale_price = EXCLUDED.sale_price, is_set_menu = EXCLUDED.is_set_menu;
INSERT INTO recipes (menu_item_id, ingredient_id, qty_net, yield_pct, recipe_uom) VALUES ('R-023_DEG', 'ING-075', 0.05, 100.0, 'g') ON CONFLICT (menu_item_id, ingredient_id) DO NOTHING;
INSERT INTO recipes (menu_item_id, ingredient_id, qty_net, yield_pct, recipe_uom) VALUES ('R-023_DEG', 'ING-019', 0.045, 100.0, 'L') ON CONFLICT (menu_item_id, ingredient_id) DO NOTHING;
INSERT INTO recipes (menu_item_id, ingredient_id, qty_net, yield_pct, recipe_uom) VALUES ('R-023_DEG', 'ING-021', 0.5, 100.0, 'pc') ON CONFLICT (menu_item_id, ingredient_id) DO NOTHING;
INSERT INTO recipes (menu_item_id, ingredient_id, qty_net, yield_pct, recipe_uom) VALUES ('R-023_DEG', 'ING-017', 0.015, 100.0, 'g') ON CONFLICT (menu_item_id, ingredient_id) DO NOTHING;
INSERT INTO recipes (menu_item_id, ingredient_id, qty_net, yield_pct, recipe_uom) VALUES ('R-023_DEG', 'ING-046', 0.01, 80.0, 'g') ON CONFLICT (menu_item_id, ingredient_id) DO NOTHING;
INSERT INTO recipes (menu_item_id, ingredient_id, qty_net, yield_pct, recipe_uom) VALUES ('R-023_DEG', 'ING-047', 0.005, 55.00000000000001, 'g') ON CONFLICT (menu_item_id, ingredient_id) DO NOTHING;
INSERT INTO recipes (menu_item_id, ingredient_id, qty_net, yield_pct, recipe_uom) VALUES ('R-023_DEG', 'ING-077', 0.005, 100.0, 'g') ON CONFLICT (menu_item_id, ingredient_id) DO NOTHING;
INSERT INTO recipes (menu_item_id, ingredient_id, qty_net, yield_pct, recipe_uom) VALUES ('R-023_DEG', 'ING-054', 0.01, 100.0, 'g') ON CONFLICT (menu_item_id, ingredient_id) DO NOTHING;
INSERT INTO menu_items (id, name, sale_price, is_set_menu) VALUES ('R-024_DEG', 'Crème Brûlée à la Vanille', 0.0, false) ON CONFLICT (id) DO UPDATE SET sale_price = EXCLUDED.sale_price, is_set_menu = EXCLUDED.is_set_menu;
INSERT INTO recipes (menu_item_id, ingredient_id, qty_net, yield_pct, recipe_uom) VALUES ('R-024_DEG', 'ING-019', 0.083, 100.0, 'L') ON CONFLICT (menu_item_id, ingredient_id) DO NOTHING;
INSERT INTO recipes (menu_item_id, ingredient_id, qty_net, yield_pct, recipe_uom) VALUES ('R-024_DEG', 'ING-020', 0.025, 100.0, 'L') ON CONFLICT (menu_item_id, ingredient_id) DO NOTHING;
INSERT INTO recipes (menu_item_id, ingredient_id, qty_net, yield_pct, recipe_uom) VALUES ('R-024_DEG', 'ING-021', 1.0, 100.0, 'pc') ON CONFLICT (menu_item_id, ingredient_id) DO NOTHING;
INSERT INTO recipes (menu_item_id, ingredient_id, qty_net, yield_pct, recipe_uom) VALUES ('R-024_DEG', 'ING-054', 0.015, 100.0, 'g') ON CONFLICT (menu_item_id, ingredient_id) DO NOTHING;
INSERT INTO recipes (menu_item_id, ingredient_id, qty_net, yield_pct, recipe_uom) VALUES ('R-024_DEG', 'ING-044', 0.0002, 100.0, 'g') ON CONFLICT (menu_item_id, ingredient_id) DO NOTHING;
INSERT INTO recipes (menu_item_id, ingredient_id, qty_net, yield_pct, recipe_uom) VALUES ('R-024_DEG', 'ING-054', 0.007, 100.0, 'g') ON CONFLICT (menu_item_id, ingredient_id) DO NOTHING;
INSERT INTO menu_items (id, name, sale_price, is_set_menu) VALUES ('R-028_DEG', 'Côte de Bœuf Black Angus', 0.0, false) ON CONFLICT (id) DO UPDATE SET sale_price = EXCLUDED.sale_price, is_set_menu = EXCLUDED.is_set_menu;
INSERT INTO recipes (menu_item_id, ingredient_id, qty_net, yield_pct, recipe_uom) VALUES ('R-028_DEG', 'ING-093', 0.1, 80.0, 'g') ON CONFLICT (menu_item_id, ingredient_id) DO NOTHING;
INSERT INTO recipes (menu_item_id, ingredient_id, qty_net, yield_pct, recipe_uom) VALUES ('R-028_DEG', 'ING-083', 0.05, 100.0, 'L') ON CONFLICT (menu_item_id, ingredient_id) DO NOTHING;
INSERT INTO recipes (menu_item_id, ingredient_id, qty_net, yield_pct, recipe_uom) VALUES ('R-028_DEG', 'ING-032', 0.04, 85.0, 'g') ON CONFLICT (menu_item_id, ingredient_id) DO NOTHING;
INSERT INTO recipes (menu_item_id, ingredient_id, qty_net, yield_pct, recipe_uom) VALUES ('R-028_DEG', 'ING-017', 0.015, 100.0, 'g') ON CONFLICT (menu_item_id, ingredient_id) DO NOTHING;
INSERT INTO recipes (menu_item_id, ingredient_id, qty_net, yield_pct, recipe_uom) VALUES ('R-028_DEG', 'ING-061', 0.004, 100.0, 'L') ON CONFLICT (menu_item_id, ingredient_id) DO NOTHING;
INSERT INTO recipes (menu_item_id, ingredient_id, qty_net, yield_pct, recipe_uom) VALUES ('R-028_DEG', 'ING-064', 0.0008, 100.0, 'g') ON CONFLICT (menu_item_id, ingredient_id) DO NOTHING;
INSERT INTO recipes (menu_item_id, ingredient_id, qty_net, yield_pct, recipe_uom) VALUES ('R-028_DEG', 'ING-066', 0.0008, 100.0, 'g') ON CONFLICT (menu_item_id, ingredient_id) DO NOTHING;
INSERT INTO recipes (menu_item_id, ingredient_id, qty_net, yield_pct, recipe_uom) VALUES ('R-028_DEG', 'ING-036', 0.06, 70.0, 'g') ON CONFLICT (menu_item_id, ingredient_id) DO NOTHING;
INSERT INTO menu_items (id, name, sale_price, is_set_menu) VALUES ('SET370', 'Set 370k', 370000.0, true) ON CONFLICT (id) DO UPDATE SET sale_price = EXCLUDED.sale_price, is_set_menu = EXCLUDED.is_set_menu;
INSERT INTO recipes (menu_item_id, ingredient_id, qty_net, yield_pct, recipe_uom) VALUES ('SET370', 'NVLC3001', 0.09, 85.0, 'g') ON CONFLICT (menu_item_id, ingredient_id) DO NOTHING;
INSERT INTO recipes (menu_item_id, ingredient_id, qty_net, yield_pct, recipe_uom) VALUES ('SET370', 'NVLC5015', 0.08, 85.0, 'g') ON CONFLICT (menu_item_id, ingredient_id) DO NOTHING;
INSERT INTO recipes (menu_item_id, ingredient_id, qty_net, yield_pct, recipe_uom) VALUES ('SET370', 'NLP3015', 0.03, 85.0, 'g') ON CONFLICT (menu_item_id, ingredient_id) DO NOTHING;
INSERT INTO recipes (menu_item_id, ingredient_id, qty_net, yield_pct, recipe_uom) VALUES ('SET370', 'NLP3008', 0.015, 85.0, 'g') ON CONFLICT (menu_item_id, ingredient_id) DO NOTHING;
INSERT INTO menu_items (id, name, sale_price, is_set_menu) VALUES ('SET470', 'Set 470k', 470000.0, true) ON CONFLICT (id) DO UPDATE SET sale_price = EXCLUDED.sale_price, is_set_menu = EXCLUDED.is_set_menu;
INSERT INTO recipes (menu_item_id, ingredient_id, qty_net, yield_pct, recipe_uom) VALUES ('SET470', 'NVLC6005', 0.04, 85.0, 'g') ON CONFLICT (menu_item_id, ingredient_id) DO NOTHING;
INSERT INTO recipes (menu_item_id, ingredient_id, qty_net, yield_pct, recipe_uom) VALUES ('SET470', 'NVLC3001', 0.09, 85.0, 'g') ON CONFLICT (menu_item_id, ingredient_id) DO NOTHING;
INSERT INTO recipes (menu_item_id, ingredient_id, qty_net, yield_pct, recipe_uom) VALUES ('SET470', 'NVLC4010', 0.09, 85.0, 'g') ON CONFLICT (menu_item_id, ingredient_id) DO NOTHING;
INSERT INTO recipes (menu_item_id, ingredient_id, qty_net, yield_pct, recipe_uom) VALUES ('SET470', 'NLP3008', 0.015, 85.0, 'g') ON CONFLICT (menu_item_id, ingredient_id) DO NOTHING;
INSERT INTO menu_items (id, name, sale_price, is_set_menu) VALUES ('SET600', 'Set 600k', 600000.0, true) ON CONFLICT (id) DO UPDATE SET sale_price = EXCLUDED.sale_price, is_set_menu = EXCLUDED.is_set_menu;
INSERT INTO recipes (menu_item_id, ingredient_id, qty_net, yield_pct, recipe_uom) VALUES ('SET600', 'NVLC4010', 0.08, 85.0, 'g') ON CONFLICT (menu_item_id, ingredient_id) DO NOTHING;
INSERT INTO recipes (menu_item_id, ingredient_id, qty_net, yield_pct, recipe_uom) VALUES ('SET600', 'NVLC1019', 0.09, 85.0, 'g') ON CONFLICT (menu_item_id, ingredient_id) DO NOTHING;
INSERT INTO recipes (menu_item_id, ingredient_id, qty_net, yield_pct, recipe_uom) VALUES ('SET600', 'NVLC4002', 0.09, 85.0, 'g') ON CONFLICT (menu_item_id, ingredient_id) DO NOTHING;
INSERT INTO recipes (menu_item_id, ingredient_id, qty_net, yield_pct, recipe_uom) VALUES ('SET600', 'NLP4002', 0.05, 85.0, 'g') ON CONFLICT (menu_item_id, ingredient_id) DO NOTHING;
INSERT INTO recipes (menu_item_id, ingredient_id, qty_net, yield_pct, recipe_uom) VALUES ('SET600', 'NLP3008', 0.015, 85.0, 'g') ON CONFLICT (menu_item_id, ingredient_id) DO NOTHING;
INSERT INTO menu_items (id, name, sale_price, is_set_menu) VALUES ('SET770', 'Set 770k', 770000.0, true) ON CONFLICT (id) DO UPDATE SET sale_price = EXCLUDED.sale_price, is_set_menu = EXCLUDED.is_set_menu;
INSERT INTO recipes (menu_item_id, ingredient_id, qty_net, yield_pct, recipe_uom) VALUES ('SET770', 'NVLC5005', 0.085, 85.0, 'g') ON CONFLICT (menu_item_id, ingredient_id) DO NOTHING;
INSERT INTO recipes (menu_item_id, ingredient_id, qty_net, yield_pct, recipe_uom) VALUES ('SET770', 'NVLC4002', 0.09, 85.0, 'g') ON CONFLICT (menu_item_id, ingredient_id) DO NOTHING;
INSERT INTO recipes (menu_item_id, ingredient_id, qty_net, yield_pct, recipe_uom) VALUES ('SET770', 'NLP3008', 0.015, 85.0, 'g') ON CONFLICT (menu_item_id, ingredient_id) DO NOTHING;
INSERT INTO menu_items (id, name, sale_price, is_set_menu) VALUES ('SET970', 'Set 970k', 970000.0, true) ON CONFLICT (id) DO UPDATE SET sale_price = EXCLUDED.sale_price, is_set_menu = EXCLUDED.is_set_menu;
INSERT INTO recipes (menu_item_id, ingredient_id, qty_net, yield_pct, recipe_uom) VALUES ('SET970', 'NVLC5022', 0.08, 85.0, 'g') ON CONFLICT (menu_item_id, ingredient_id) DO NOTHING;
INSERT INTO recipes (menu_item_id, ingredient_id, qty_net, yield_pct, recipe_uom) VALUES ('SET970', 'NVLC5005', 0.085, 85.0, 'g') ON CONFLICT (menu_item_id, ingredient_id) DO NOTHING;
INSERT INTO recipes (menu_item_id, ingredient_id, qty_net, yield_pct, recipe_uom) VALUES ('SET970', 'NVLC1003', 0.1, 85.0, 'g') ON CONFLICT (menu_item_id, ingredient_id) DO NOTHING;
INSERT INTO menu_items (id, name, sale_price, is_set_menu) VALUES ('SET1250', 'Set 1250k', 1250000.0, true) ON CONFLICT (id) DO UPDATE SET sale_price = EXCLUDED.sale_price, is_set_menu = EXCLUDED.is_set_menu;
INSERT INTO recipes (menu_item_id, ingredient_id, qty_net, yield_pct, recipe_uom) VALUES ('SET1250', 'NVLC5001', 0.09, 85.0, 'g') ON CONFLICT (menu_item_id, ingredient_id) DO NOTHING;
INSERT INTO recipes (menu_item_id, ingredient_id, qty_net, yield_pct, recipe_uom) VALUES ('SET1250', 'NVLC5005', 0.085, 85.0, 'g') ON CONFLICT (menu_item_id, ingredient_id) DO NOTHING;
INSERT INTO recipes (menu_item_id, ingredient_id, qty_net, yield_pct, recipe_uom) VALUES ('SET1250', 'NVLC10025', 0.12, 85.0, 'g') ON CONFLICT (menu_item_id, ingredient_id) DO NOTHING;
INSERT INTO recipes (menu_item_id, ingredient_id, qty_net, yield_pct, recipe_uom) VALUES ('SET1250', 'NLP3008', 0.02, 85.0, 'g') ON CONFLICT (menu_item_id, ingredient_id) DO NOTHING;
INSERT INTO menu_items (id, name, sale_price, is_set_menu) VALUES ('SET1550', 'Set 1550k', 1550000.0, true) ON CONFLICT (id) DO UPDATE SET sale_price = EXCLUDED.sale_price, is_set_menu = EXCLUDED.is_set_menu;
INSERT INTO recipes (menu_item_id, ingredient_id, qty_net, yield_pct, recipe_uom) VALUES ('SET1550', 'NVLC5001', 0.06, 85.0, 'g') ON CONFLICT (menu_item_id, ingredient_id) DO NOTHING;
INSERT INTO recipes (menu_item_id, ingredient_id, qty_net, yield_pct, recipe_uom) VALUES ('SET1550', 'NVLC5022', 0.08, 85.0, 'g') ON CONFLICT (menu_item_id, ingredient_id) DO NOTHING;
INSERT INTO recipes (menu_item_id, ingredient_id, qty_net, yield_pct, recipe_uom) VALUES ('SET1550', 'NVLC60021', 0.1, 85.0, 'g') ON CONFLICT (menu_item_id, ingredient_id) DO NOTHING;
INSERT INTO recipes (menu_item_id, ingredient_id, qty_net, yield_pct, recipe_uom) VALUES ('SET1550', 'NVLC10025', 0.12, 85.0, 'g') ON CONFLICT (menu_item_id, ingredient_id) DO NOTHING;
INSERT INTO recipes (menu_item_id, ingredient_id, qty_net, yield_pct, recipe_uom) VALUES ('SET1550', 'NLP4002', 0.05, 85.0, 'g') ON CONFLICT (menu_item_id, ingredient_id) DO NOTHING;
INSERT INTO recipes (menu_item_id, ingredient_id, qty_net, yield_pct, recipe_uom) VALUES ('SET1550', 'NLP3008', 0.02, 85.0, 'g') ON CONFLICT (menu_item_id, ingredient_id) DO NOTHING;
INSERT INTO menu_items (id, name, sale_price, is_set_menu) VALUES ('SET1800', 'Set 1800k', 1800000.0, true) ON CONFLICT (id) DO UPDATE SET sale_price = EXCLUDED.sale_price, is_set_menu = EXCLUDED.is_set_menu;
INSERT INTO recipes (menu_item_id, ingredient_id, qty_net, yield_pct, recipe_uom) VALUES ('SET1800', 'NVLC60021', 0.06, 85.0, 'g') ON CONFLICT (menu_item_id, ingredient_id) DO NOTHING;
INSERT INTO recipes (menu_item_id, ingredient_id, qty_net, yield_pct, recipe_uom) VALUES ('SET1800', 'NLP2011', 0.05, 85.0, 'g') ON CONFLICT (menu_item_id, ingredient_id) DO NOTHING;
INSERT INTO recipes (menu_item_id, ingredient_id, qty_net, yield_pct, recipe_uom) VALUES ('SET1800', 'NVLC10024', 0.12, 85.0, 'g') ON CONFLICT (menu_item_id, ingredient_id) DO NOTHING;
INSERT INTO recipes (menu_item_id, ingredient_id, qty_net, yield_pct, recipe_uom) VALUES ('SET1800', 'NLP3008', 0.02, 85.0, 'g') ON CONFLICT (menu_item_id, ingredient_id) DO NOTHING;
INSERT INTO menu_items (id, name, sale_price, is_set_menu) VALUES ('SET2000', 'Set 2000k', 2000000.0, true) ON CONFLICT (id) DO UPDATE SET sale_price = EXCLUDED.sale_price, is_set_menu = EXCLUDED.is_set_menu;
INSERT INTO recipes (menu_item_id, ingredient_id, qty_net, yield_pct, recipe_uom) VALUES ('SET2000', 'NVLC60021', 0.06, 85.0, 'g') ON CONFLICT (menu_item_id, ingredient_id) DO NOTHING;
INSERT INTO recipes (menu_item_id, ingredient_id, qty_net, yield_pct, recipe_uom) VALUES ('SET2000', 'NLP2011', 0.05, 85.0, 'g') ON CONFLICT (menu_item_id, ingredient_id) DO NOTHING;
INSERT INTO recipes (menu_item_id, ingredient_id, qty_net, yield_pct, recipe_uom) VALUES ('SET2000', 'NVLC5020', 0.12, 85.0, 'g') ON CONFLICT (menu_item_id, ingredient_id) DO NOTHING;
INSERT INTO recipes (menu_item_id, ingredient_id, qty_net, yield_pct, recipe_uom) VALUES ('SET2000', 'NVLC10024', 0.12, 85.0, 'g') ON CONFLICT (menu_item_id, ingredient_id) DO NOTHING;
INSERT INTO recipes (menu_item_id, ingredient_id, qty_net, yield_pct, recipe_uom) VALUES ('SET2000', 'NLP3008', 0.02, 85.0, 'g') ON CONFLICT (menu_item_id, ingredient_id) DO NOTHING;
INSERT INTO menu_items (id, name, sale_price, is_set_menu) VALUES ('T290A', 'Tour290A', 290000.0, true) ON CONFLICT (id) DO UPDATE SET sale_price = EXCLUDED.sale_price, is_set_menu = EXCLUDED.is_set_menu;
INSERT INTO recipes (menu_item_id, ingredient_id, qty_net, yield_pct, recipe_uom) VALUES ('T290A', 'NLP3008', 0.01, 85.0, 'g') ON CONFLICT (menu_item_id, ingredient_id) DO NOTHING;
INSERT INTO menu_items (id, name, sale_price, is_set_menu) VALUES ('T370A', 'Tour370A', 370000.0, true) ON CONFLICT (id) DO UPDATE SET sale_price = EXCLUDED.sale_price, is_set_menu = EXCLUDED.is_set_menu;
INSERT INTO recipes (menu_item_id, ingredient_id, qty_net, yield_pct, recipe_uom) VALUES ('T370A', 'NVLC5015', 0.08, 85.0, 'g') ON CONFLICT (menu_item_id, ingredient_id) DO NOTHING;
INSERT INTO recipes (menu_item_id, ingredient_id, qty_net, yield_pct, recipe_uom) VALUES ('T370A', 'NVLC3001', 0.09, 85.0, 'g') ON CONFLICT (menu_item_id, ingredient_id) DO NOTHING;
INSERT INTO recipes (menu_item_id, ingredient_id, qty_net, yield_pct, recipe_uom) VALUES ('T370A', 'NLP3008', 0.015, 85.0, 'g') ON CONFLICT (menu_item_id, ingredient_id) DO NOTHING;
INSERT INTO menu_items (id, name, sale_price, is_set_menu) VALUES ('T380A', 'Tour380A', 380000.0, true) ON CONFLICT (id) DO UPDATE SET sale_price = EXCLUDED.sale_price, is_set_menu = EXCLUDED.is_set_menu;
INSERT INTO recipes (menu_item_id, ingredient_id, qty_net, yield_pct, recipe_uom) VALUES ('T380A', 'NVLC3001', 0.18, 85.0, 'g') ON CONFLICT (menu_item_id, ingredient_id) DO NOTHING;
INSERT INTO recipes (menu_item_id, ingredient_id, qty_net, yield_pct, recipe_uom) VALUES ('T380A', 'NLP3015', 0.03, 85.0, 'g') ON CONFLICT (menu_item_id, ingredient_id) DO NOTHING;
INSERT INTO recipes (menu_item_id, ingredient_id, qty_net, yield_pct, recipe_uom) VALUES ('T380A', 'NLP3008', 0.015, 85.0, 'g') ON CONFLICT (menu_item_id, ingredient_id) DO NOTHING;
INSERT INTO menu_items (id, name, sale_price, is_set_menu) VALUES ('T380B', 'Tour380B', 380000.0, true) ON CONFLICT (id) DO UPDATE SET sale_price = EXCLUDED.sale_price, is_set_menu = EXCLUDED.is_set_menu;
INSERT INTO recipes (menu_item_id, ingredient_id, qty_net, yield_pct, recipe_uom) VALUES ('T380B', 'NVLC5015', 0.16, 85.0, 'g') ON CONFLICT (menu_item_id, ingredient_id) DO NOTHING;
INSERT INTO recipes (menu_item_id, ingredient_id, qty_net, yield_pct, recipe_uom) VALUES ('T380B', 'NLP3015', 0.02, 85.0, 'g') ON CONFLICT (menu_item_id, ingredient_id) DO NOTHING;
INSERT INTO recipes (menu_item_id, ingredient_id, qty_net, yield_pct, recipe_uom) VALUES ('T380B', 'NLP3008', 0.01, 85.0, 'g') ON CONFLICT (menu_item_id, ingredient_id) DO NOTHING;
INSERT INTO menu_items (id, name, sale_price, is_set_menu) VALUES ('T380C', 'Tour380C', 380000.0, true) ON CONFLICT (id) DO UPDATE SET sale_price = EXCLUDED.sale_price, is_set_menu = EXCLUDED.is_set_menu;
INSERT INTO recipes (menu_item_id, ingredient_id, qty_net, yield_pct, recipe_uom) VALUES ('T380C', 'NVLC4010', 0.22, 85.0, 'g') ON CONFLICT (menu_item_id, ingredient_id) DO NOTHING;
INSERT INTO recipes (menu_item_id, ingredient_id, qty_net, yield_pct, recipe_uom) VALUES ('T380C', 'NLP3015', 0.02, 85.0, 'g') ON CONFLICT (menu_item_id, ingredient_id) DO NOTHING;
INSERT INTO recipes (menu_item_id, ingredient_id, qty_net, yield_pct, recipe_uom) VALUES ('T380C', 'NLP3008', 0.01, 85.0, 'g') ON CONFLICT (menu_item_id, ingredient_id) DO NOTHING;
INSERT INTO menu_items (id, name, sale_price, is_set_menu) VALUES ('T380D', 'Tour380D', 380000.0, true) ON CONFLICT (id) DO UPDATE SET sale_price = EXCLUDED.sale_price, is_set_menu = EXCLUDED.is_set_menu;
INSERT INTO recipes (menu_item_id, ingredient_id, qty_net, yield_pct, recipe_uom) VALUES ('T380D', 'NVLC4010', 0.11, 85.0, 'g') ON CONFLICT (menu_item_id, ingredient_id) DO NOTHING;
INSERT INTO recipes (menu_item_id, ingredient_id, qty_net, yield_pct, recipe_uom) VALUES ('T380D', 'NVLC3001', 0.09, 85.0, 'g') ON CONFLICT (menu_item_id, ingredient_id) DO NOTHING;
INSERT INTO recipes (menu_item_id, ingredient_id, qty_net, yield_pct, recipe_uom) VALUES ('T380D', 'NLP3008', 0.01, 85.0, 'g') ON CONFLICT (menu_item_id, ingredient_id) DO NOTHING;
INSERT INTO menu_items (id, name, sale_price, is_set_menu) VALUES ('T380E', 'Tour380E', 380000.0, true) ON CONFLICT (id) DO UPDATE SET sale_price = EXCLUDED.sale_price, is_set_menu = EXCLUDED.is_set_menu;
INSERT INTO recipes (menu_item_id, ingredient_id, qty_net, yield_pct, recipe_uom) VALUES ('T380E', 'NVLC5015', 0.08, 85.0, 'g') ON CONFLICT (menu_item_id, ingredient_id) DO NOTHING;
INSERT INTO recipes (menu_item_id, ingredient_id, qty_net, yield_pct, recipe_uom) VALUES ('T380E', 'NVLC4010', 0.11, 85.0, 'g') ON CONFLICT (menu_item_id, ingredient_id) DO NOTHING;
INSERT INTO recipes (menu_item_id, ingredient_id, qty_net, yield_pct, recipe_uom) VALUES ('T380E', 'NLP3008', 0.01, 85.0, 'g') ON CONFLICT (menu_item_id, ingredient_id) DO NOTHING;
INSERT INTO menu_items (id, name, sale_price, is_set_menu) VALUES ('T380F', 'Tour380F', 380000.0, true) ON CONFLICT (id) DO UPDATE SET sale_price = EXCLUDED.sale_price, is_set_menu = EXCLUDED.is_set_menu;
INSERT INTO recipes (menu_item_id, ingredient_id, qty_net, yield_pct, recipe_uom) VALUES ('T380F', 'NVLC5015', 0.08, 85.0, 'g') ON CONFLICT (menu_item_id, ingredient_id) DO NOTHING;
INSERT INTO recipes (menu_item_id, ingredient_id, qty_net, yield_pct, recipe_uom) VALUES ('T380F', 'NVLC4010', 0.11, 85.0, 'g') ON CONFLICT (menu_item_id, ingredient_id) DO NOTHING;
INSERT INTO recipes (menu_item_id, ingredient_id, qty_net, yield_pct, recipe_uom) VALUES ('T380F', 'NLP3008', 0.02, 85.0, 'g') ON CONFLICT (menu_item_id, ingredient_id) DO NOTHING;
INSERT INTO menu_items (id, name, sale_price, is_set_menu) VALUES ('T380H', 'Tour380H', 380000.0, true) ON CONFLICT (id) DO UPDATE SET sale_price = EXCLUDED.sale_price, is_set_menu = EXCLUDED.is_set_menu;
INSERT INTO recipes (menu_item_id, ingredient_id, qty_net, yield_pct, recipe_uom) VALUES ('T380H', 'NVLC4010', 0.11, 85.0, 'g') ON CONFLICT (menu_item_id, ingredient_id) DO NOTHING;
INSERT INTO recipes (menu_item_id, ingredient_id, qty_net, yield_pct, recipe_uom) VALUES ('T380H', 'NVLC3001', 0.09, 85.0, 'g') ON CONFLICT (menu_item_id, ingredient_id) DO NOTHING;
INSERT INTO recipes (menu_item_id, ingredient_id, qty_net, yield_pct, recipe_uom) VALUES ('T380H', 'NLP3008', 0.01, 85.0, 'g') ON CONFLICT (menu_item_id, ingredient_id) DO NOTHING;
INSERT INTO menu_items (id, name, sale_price, is_set_menu) VALUES ('T380J', 'Tour380J', 380000.0, true) ON CONFLICT (id) DO UPDATE SET sale_price = EXCLUDED.sale_price, is_set_menu = EXCLUDED.is_set_menu;
INSERT INTO recipes (menu_item_id, ingredient_id, qty_net, yield_pct, recipe_uom) VALUES ('T380J', 'NVLC4010', 0.11, 85.0, 'g') ON CONFLICT (menu_item_id, ingredient_id) DO NOTHING;
INSERT INTO recipes (menu_item_id, ingredient_id, qty_net, yield_pct, recipe_uom) VALUES ('T380J', 'NVLC5015', 0.08, 85.0, 'g') ON CONFLICT (menu_item_id, ingredient_id) DO NOTHING;
INSERT INTO recipes (menu_item_id, ingredient_id, qty_net, yield_pct, recipe_uom) VALUES ('T380J', 'NLP3008', 0.01, 85.0, 'g') ON CONFLICT (menu_item_id, ingredient_id) DO NOTHING;
INSERT INTO menu_items (id, name, sale_price, is_set_menu) VALUES ('T380K', 'Tour380K', 380000.0, true) ON CONFLICT (id) DO UPDATE SET sale_price = EXCLUDED.sale_price, is_set_menu = EXCLUDED.is_set_menu;
INSERT INTO recipes (menu_item_id, ingredient_id, qty_net, yield_pct, recipe_uom) VALUES ('T380K', 'NVLC4010', 0.11, 85.0, 'g') ON CONFLICT (menu_item_id, ingredient_id) DO NOTHING;
INSERT INTO recipes (menu_item_id, ingredient_id, qty_net, yield_pct, recipe_uom) VALUES ('T380K', 'NVLC5015', 0.08, 85.0, 'g') ON CONFLICT (menu_item_id, ingredient_id) DO NOTHING;
INSERT INTO recipes (menu_item_id, ingredient_id, qty_net, yield_pct, recipe_uom) VALUES ('T380K', 'NLP3008', 0.02, 85.0, 'g') ON CONFLICT (menu_item_id, ingredient_id) DO NOTHING;
INSERT INTO menu_items (id, name, sale_price, is_set_menu) VALUES ('T380N', 'Tour380N', 380000.0, true) ON CONFLICT (id) DO UPDATE SET sale_price = EXCLUDED.sale_price, is_set_menu = EXCLUDED.is_set_menu;
INSERT INTO recipes (menu_item_id, ingredient_id, qty_net, yield_pct, recipe_uom) VALUES ('T380N', 'NVLC3001', 0.09, 85.0, 'g') ON CONFLICT (menu_item_id, ingredient_id) DO NOTHING;
INSERT INTO recipes (menu_item_id, ingredient_id, qty_net, yield_pct, recipe_uom) VALUES ('T380N', 'NVLC4010', 0.11, 85.0, 'g') ON CONFLICT (menu_item_id, ingredient_id) DO NOTHING;
INSERT INTO recipes (menu_item_id, ingredient_id, qty_net, yield_pct, recipe_uom) VALUES ('T380N', 'NLP3008', 0.01, 85.0, 'g') ON CONFLICT (menu_item_id, ingredient_id) DO NOTHING;
INSERT INTO menu_items (id, name, sale_price, is_set_menu) VALUES ('T430G', 'Tour430G', 430000.0, true) ON CONFLICT (id) DO UPDATE SET sale_price = EXCLUDED.sale_price, is_set_menu = EXCLUDED.is_set_menu;
INSERT INTO recipes (menu_item_id, ingredient_id, qty_net, yield_pct, recipe_uom) VALUES ('T430G', 'NVLC5015', 0.08, 85.0, 'g') ON CONFLICT (menu_item_id, ingredient_id) DO NOTHING;
INSERT INTO recipes (menu_item_id, ingredient_id, qty_net, yield_pct, recipe_uom) VALUES ('T430G', 'NVLC4010', 0.11, 85.0, 'g') ON CONFLICT (menu_item_id, ingredient_id) DO NOTHING;
INSERT INTO recipes (menu_item_id, ingredient_id, qty_net, yield_pct, recipe_uom) VALUES ('T430G', 'NLP3008', 0.01, 85.0, 'g') ON CONFLICT (menu_item_id, ingredient_id) DO NOTHING;
INSERT INTO menu_items (id, name, sale_price, is_set_menu) VALUES ('T470A', 'Tour470A', 470000.0, true) ON CONFLICT (id) DO UPDATE SET sale_price = EXCLUDED.sale_price, is_set_menu = EXCLUDED.is_set_menu;
INSERT INTO recipes (menu_item_id, ingredient_id, qty_net, yield_pct, recipe_uom) VALUES ('T470A', 'NVLC6005', 0.04, 85.0, 'g') ON CONFLICT (menu_item_id, ingredient_id) DO NOTHING;
INSERT INTO recipes (menu_item_id, ingredient_id, qty_net, yield_pct, recipe_uom) VALUES ('T470A', 'NVLC3001', 0.09, 85.0, 'g') ON CONFLICT (menu_item_id, ingredient_id) DO NOTHING;
INSERT INTO recipes (menu_item_id, ingredient_id, qty_net, yield_pct, recipe_uom) VALUES ('T470A', 'NVLC4010', 0.09, 85.0, 'g') ON CONFLICT (menu_item_id, ingredient_id) DO NOTHING;
INSERT INTO recipes (menu_item_id, ingredient_id, qty_net, yield_pct, recipe_uom) VALUES ('T470A', 'NLP3008', 0.015, 85.0, 'g') ON CONFLICT (menu_item_id, ingredient_id) DO NOTHING;
INSERT INTO menu_items (id, name, sale_price, is_set_menu) VALUES ('T500A', 'Tour500A', 500000.0, true) ON CONFLICT (id) DO UPDATE SET sale_price = EXCLUDED.sale_price, is_set_menu = EXCLUDED.is_set_menu;
INSERT INTO recipes (menu_item_id, ingredient_id, qty_net, yield_pct, recipe_uom) VALUES ('T500A', 'NVLC4010', 0.11, 85.0, 'g') ON CONFLICT (menu_item_id, ingredient_id) DO NOTHING;
INSERT INTO recipes (menu_item_id, ingredient_id, qty_net, yield_pct, recipe_uom) VALUES ('T500A', 'NVLC3001', 0.09, 85.0, 'g') ON CONFLICT (menu_item_id, ingredient_id) DO NOTHING;
INSERT INTO recipes (menu_item_id, ingredient_id, qty_net, yield_pct, recipe_uom) VALUES ('T500A', 'NLP3008', 0.01, 85.0, 'g') ON CONFLICT (menu_item_id, ingredient_id) DO NOTHING;
INSERT INTO menu_items (id, name, sale_price, is_set_menu) VALUES ('T500B', 'Tour500B', 500000.0, true) ON CONFLICT (id) DO UPDATE SET sale_price = EXCLUDED.sale_price, is_set_menu = EXCLUDED.is_set_menu;
INSERT INTO recipes (menu_item_id, ingredient_id, qty_net, yield_pct, recipe_uom) VALUES ('T500B', 'NVLC6005', 0.04, 85.0, 'g') ON CONFLICT (menu_item_id, ingredient_id) DO NOTHING;
INSERT INTO recipes (menu_item_id, ingredient_id, qty_net, yield_pct, recipe_uom) VALUES ('T500B', 'NVLC4010', 0.11, 85.0, 'g') ON CONFLICT (menu_item_id, ingredient_id) DO NOTHING;
INSERT INTO recipes (menu_item_id, ingredient_id, qty_net, yield_pct, recipe_uom) VALUES ('T500B', 'NVLC3001', 0.09, 85.0, 'g') ON CONFLICT (menu_item_id, ingredient_id) DO NOTHING;
INSERT INTO recipes (menu_item_id, ingredient_id, qty_net, yield_pct, recipe_uom) VALUES ('T500B', 'NLP3008', 0.02, 85.0, 'g') ON CONFLICT (menu_item_id, ingredient_id) DO NOTHING;
INSERT INTO menu_items (id, name, sale_price, is_set_menu) VALUES ('T500C', 'Tour500C', 500000.0, true) ON CONFLICT (id) DO UPDATE SET sale_price = EXCLUDED.sale_price, is_set_menu = EXCLUDED.is_set_menu;
INSERT INTO recipes (menu_item_id, ingredient_id, qty_net, yield_pct, recipe_uom) VALUES ('T500C', 'NVLC4010', 0.11, 85.0, 'g') ON CONFLICT (menu_item_id, ingredient_id) DO NOTHING;
INSERT INTO recipes (menu_item_id, ingredient_id, qty_net, yield_pct, recipe_uom) VALUES ('T500C', 'NVLC3001', 0.09, 85.0, 'g') ON CONFLICT (menu_item_id, ingredient_id) DO NOTHING;
INSERT INTO recipes (menu_item_id, ingredient_id, qty_net, yield_pct, recipe_uom) VALUES ('T500C', 'NLP3008', 0.01, 85.0, 'g') ON CONFLICT (menu_item_id, ingredient_id) DO NOTHING;
INSERT INTO menu_items (id, name, sale_price, is_set_menu) VALUES ('T500D', 'Tour500D', 500000.0, true) ON CONFLICT (id) DO UPDATE SET sale_price = EXCLUDED.sale_price, is_set_menu = EXCLUDED.is_set_menu;
INSERT INTO recipes (menu_item_id, ingredient_id, qty_net, yield_pct, recipe_uom) VALUES ('T500D', 'NVLC6005', 0.04, 85.0, 'g') ON CONFLICT (menu_item_id, ingredient_id) DO NOTHING;
INSERT INTO recipes (menu_item_id, ingredient_id, qty_net, yield_pct, recipe_uom) VALUES ('T500D', 'NVLC5015', 0.08, 85.0, 'g') ON CONFLICT (menu_item_id, ingredient_id) DO NOTHING;
INSERT INTO recipes (menu_item_id, ingredient_id, qty_net, yield_pct, recipe_uom) VALUES ('T500D', 'NVLC4010', 0.11, 85.0, 'g') ON CONFLICT (menu_item_id, ingredient_id) DO NOTHING;
INSERT INTO recipes (menu_item_id, ingredient_id, qty_net, yield_pct, recipe_uom) VALUES ('T500D', 'NLP3008', 0.02, 85.0, 'g') ON CONFLICT (menu_item_id, ingredient_id) DO NOTHING;
INSERT INTO menu_items (id, name, sale_price, is_set_menu) VALUES ('T500E', 'Tour500E', 500000.0, true) ON CONFLICT (id) DO UPDATE SET sale_price = EXCLUDED.sale_price, is_set_menu = EXCLUDED.is_set_menu;
INSERT INTO recipes (menu_item_id, ingredient_id, qty_net, yield_pct, recipe_uom) VALUES ('T500E', 'NVLC4010', 0.11, 85.0, 'g') ON CONFLICT (menu_item_id, ingredient_id) DO NOTHING;
INSERT INTO recipes (menu_item_id, ingredient_id, qty_net, yield_pct, recipe_uom) VALUES ('T500E', 'NVLC3001', 0.09, 85.0, 'g') ON CONFLICT (menu_item_id, ingredient_id) DO NOTHING;
INSERT INTO recipes (menu_item_id, ingredient_id, qty_net, yield_pct, recipe_uom) VALUES ('T500E', 'NLP3008', 0.01, 85.0, 'g') ON CONFLICT (menu_item_id, ingredient_id) DO NOTHING;
INSERT INTO menu_items (id, name, sale_price, is_set_menu) VALUES ('T600A', 'Tour600A', 600000.0, true) ON CONFLICT (id) DO UPDATE SET sale_price = EXCLUDED.sale_price, is_set_menu = EXCLUDED.is_set_menu;
INSERT INTO recipes (menu_item_id, ingredient_id, qty_net, yield_pct, recipe_uom) VALUES ('T600A', 'NVLC5005', 0.17, 85.0, 'g') ON CONFLICT (menu_item_id, ingredient_id) DO NOTHING;
INSERT INTO recipes (menu_item_id, ingredient_id, qty_net, yield_pct, recipe_uom) VALUES ('T600A', 'NLP3008', 0.01, 85.0, 'g') ON CONFLICT (menu_item_id, ingredient_id) DO NOTHING;
INSERT INTO menu_items (id, name, sale_price, is_set_menu) VALUES ('T600B', 'Tour600B', 600000.0, true) ON CONFLICT (id) DO UPDATE SET sale_price = EXCLUDED.sale_price, is_set_menu = EXCLUDED.is_set_menu;
INSERT INTO recipes (menu_item_id, ingredient_id, qty_net, yield_pct, recipe_uom) VALUES ('T600B', 'NVLC5005', 0.085, 85.0, 'g') ON CONFLICT (menu_item_id, ingredient_id) DO NOTHING;
INSERT INTO recipes (menu_item_id, ingredient_id, qty_net, yield_pct, recipe_uom) VALUES ('T600B', 'NVLC1019', 0.09, 85.0, 'g') ON CONFLICT (menu_item_id, ingredient_id) DO NOTHING;
INSERT INTO recipes (menu_item_id, ingredient_id, qty_net, yield_pct, recipe_uom) VALUES ('T600B', 'NLP3008', 0.01, 85.0, 'g') ON CONFLICT (menu_item_id, ingredient_id) DO NOTHING;
INSERT INTO menu_items (id, name, sale_price, is_set_menu) VALUES ('T600D', 'Tour600D', 600000.0, true) ON CONFLICT (id) DO UPDATE SET sale_price = EXCLUDED.sale_price, is_set_menu = EXCLUDED.is_set_menu;
INSERT INTO recipes (menu_item_id, ingredient_id, qty_net, yield_pct, recipe_uom) VALUES ('T600D', 'NVLC4010', 0.08, 85.0, 'g') ON CONFLICT (menu_item_id, ingredient_id) DO NOTHING;
INSERT INTO recipes (menu_item_id, ingredient_id, qty_net, yield_pct, recipe_uom) VALUES ('T600D', 'NVLC1019', 0.09, 85.0, 'g') ON CONFLICT (menu_item_id, ingredient_id) DO NOTHING;
INSERT INTO recipes (menu_item_id, ingredient_id, qty_net, yield_pct, recipe_uom) VALUES ('T600D', 'NVLC4002', 0.09, 85.0, 'g') ON CONFLICT (menu_item_id, ingredient_id) DO NOTHING;
INSERT INTO recipes (menu_item_id, ingredient_id, qty_net, yield_pct, recipe_uom) VALUES ('T600D', 'NLP4002', 0.05, 85.0, 'g') ON CONFLICT (menu_item_id, ingredient_id) DO NOTHING;
INSERT INTO recipes (menu_item_id, ingredient_id, qty_net, yield_pct, recipe_uom) VALUES ('T600D', 'NLP3008', 0.015, 85.0, 'g') ON CONFLICT (menu_item_id, ingredient_id) DO NOTHING;
INSERT INTO menu_items (id, name, sale_price, is_set_menu) VALUES ('T650A', 'Tour650A', 650000.0, true) ON CONFLICT (id) DO UPDATE SET sale_price = EXCLUDED.sale_price, is_set_menu = EXCLUDED.is_set_menu;
INSERT INTO recipes (menu_item_id, ingredient_id, qty_net, yield_pct, recipe_uom) VALUES ('T650A', 'NVLC1019', 0.09, 85.0, 'g') ON CONFLICT (menu_item_id, ingredient_id) DO NOTHING;
INSERT INTO recipes (menu_item_id, ingredient_id, qty_net, yield_pct, recipe_uom) VALUES ('T650A', 'NVLC4002', 0.09, 85.0, 'g') ON CONFLICT (menu_item_id, ingredient_id) DO NOTHING;
INSERT INTO recipes (menu_item_id, ingredient_id, qty_net, yield_pct, recipe_uom) VALUES ('T650A', 'NLP3015', 0.03, 85.0, 'g') ON CONFLICT (menu_item_id, ingredient_id) DO NOTHING;
INSERT INTO recipes (menu_item_id, ingredient_id, qty_net, yield_pct, recipe_uom) VALUES ('T650A', 'NLP3008', 0.015, 85.0, 'g') ON CONFLICT (menu_item_id, ingredient_id) DO NOTHING;
INSERT INTO menu_items (id, name, sale_price, is_set_menu) VALUES ('T650B', 'Tour650B', 650000.0, true) ON CONFLICT (id) DO UPDATE SET sale_price = EXCLUDED.sale_price, is_set_menu = EXCLUDED.is_set_menu;
INSERT INTO recipes (menu_item_id, ingredient_id, qty_net, yield_pct, recipe_uom) VALUES ('T650B', 'NVLC5005', 0.085, 85.0, 'g') ON CONFLICT (menu_item_id, ingredient_id) DO NOTHING;
INSERT INTO recipes (menu_item_id, ingredient_id, qty_net, yield_pct, recipe_uom) VALUES ('T650B', 'NVLC1019', 0.09, 85.0, 'g') ON CONFLICT (menu_item_id, ingredient_id) DO NOTHING;
INSERT INTO recipes (menu_item_id, ingredient_id, qty_net, yield_pct, recipe_uom) VALUES ('T650B', 'NLP3008', 0.01, 85.0, 'g') ON CONFLICT (menu_item_id, ingredient_id) DO NOTHING;
INSERT INTO menu_items (id, name, sale_price, is_set_menu) VALUES ('T650C', 'Tour650C', 650000.0, true) ON CONFLICT (id) DO UPDATE SET sale_price = EXCLUDED.sale_price, is_set_menu = EXCLUDED.is_set_menu;
INSERT INTO recipes (menu_item_id, ingredient_id, qty_net, yield_pct, recipe_uom) VALUES ('T650C', 'NVLC4002', 0.09, 85.0, 'g') ON CONFLICT (menu_item_id, ingredient_id) DO NOTHING;
INSERT INTO recipes (menu_item_id, ingredient_id, qty_net, yield_pct, recipe_uom) VALUES ('T650C', 'NVLC1019', 0.09, 85.0, 'g') ON CONFLICT (menu_item_id, ingredient_id) DO NOTHING;
INSERT INTO recipes (menu_item_id, ingredient_id, qty_net, yield_pct, recipe_uom) VALUES ('T650C', 'NLP3008', 0.015, 85.0, 'g') ON CONFLICT (menu_item_id, ingredient_id) DO NOTHING;
INSERT INTO menu_items (id, name, sale_price, is_set_menu) VALUES ('T770A', 'Tour770A', 770000.0, true) ON CONFLICT (id) DO UPDATE SET sale_price = EXCLUDED.sale_price, is_set_menu = EXCLUDED.is_set_menu;
INSERT INTO recipes (menu_item_id, ingredient_id, qty_net, yield_pct, recipe_uom) VALUES ('T770A', 'NVLC5005', 0.085, 85.0, 'g') ON CONFLICT (menu_item_id, ingredient_id) DO NOTHING;
INSERT INTO recipes (menu_item_id, ingredient_id, qty_net, yield_pct, recipe_uom) VALUES ('T770A', 'NVLC4002', 0.09, 85.0, 'g') ON CONFLICT (menu_item_id, ingredient_id) DO NOTHING;
INSERT INTO recipes (menu_item_id, ingredient_id, qty_net, yield_pct, recipe_uom) VALUES ('T770A', 'NLP3008', 0.015, 85.0, 'g') ON CONFLICT (menu_item_id, ingredient_id) DO NOTHING;
INSERT INTO menu_items (id, name, sale_price, is_set_menu) VALUES ('T770B', 'Tour770B', 770000.0, true) ON CONFLICT (id) DO UPDATE SET sale_price = EXCLUDED.sale_price, is_set_menu = EXCLUDED.is_set_menu;
INSERT INTO recipes (menu_item_id, ingredient_id, qty_net, yield_pct, recipe_uom) VALUES ('T770B', 'NVLC5005', 0.085, 85.0, 'g') ON CONFLICT (menu_item_id, ingredient_id) DO NOTHING;
INSERT INTO recipes (menu_item_id, ingredient_id, qty_net, yield_pct, recipe_uom) VALUES ('T770B', 'NVLC1003', 0.1, 85.0, 'g') ON CONFLICT (menu_item_id, ingredient_id) DO NOTHING;
INSERT INTO recipes (menu_item_id, ingredient_id, qty_net, yield_pct, recipe_uom) VALUES ('T770B', 'NLP3008', 0.01, 85.0, 'g') ON CONFLICT (menu_item_id, ingredient_id) DO NOTHING;
INSERT INTO menu_items (id, name, sale_price, is_set_menu) VALUES ('T850A', 'Tour850A', 850000.0, true) ON CONFLICT (id) DO UPDATE SET sale_price = EXCLUDED.sale_price, is_set_menu = EXCLUDED.is_set_menu;
INSERT INTO recipes (menu_item_id, ingredient_id, qty_net, yield_pct, recipe_uom) VALUES ('T850A', 'NLP2011', 0.03, 85.0, 'g') ON CONFLICT (menu_item_id, ingredient_id) DO NOTHING;
INSERT INTO recipes (menu_item_id, ingredient_id, qty_net, yield_pct, recipe_uom) VALUES ('T850A', 'NVLC5005', 0.09, 85.0, 'g') ON CONFLICT (menu_item_id, ingredient_id) DO NOTHING;
INSERT INTO recipes (menu_item_id, ingredient_id, qty_net, yield_pct, recipe_uom) VALUES ('T850A', 'NVLC4002', 0.09, 85.0, 'g') ON CONFLICT (menu_item_id, ingredient_id) DO NOTHING;
INSERT INTO recipes (menu_item_id, ingredient_id, qty_net, yield_pct, recipe_uom) VALUES ('T850A', 'NLP3008', 0.02, 85.0, 'g') ON CONFLICT (menu_item_id, ingredient_id) DO NOTHING;
INSERT INTO menu_items (id, name, sale_price, is_set_menu) VALUES ('T850B', 'Tour850B', 850000.0, true) ON CONFLICT (id) DO UPDATE SET sale_price = EXCLUDED.sale_price, is_set_menu = EXCLUDED.is_set_menu;
INSERT INTO recipes (menu_item_id, ingredient_id, qty_net, yield_pct, recipe_uom) VALUES ('T850B', 'NVLC1003', 0.15, 85.0, 'g') ON CONFLICT (menu_item_id, ingredient_id) DO NOTHING;
INSERT INTO recipes (menu_item_id, ingredient_id, qty_net, yield_pct, recipe_uom) VALUES ('T850B', 'NLP3008', 0.01, 85.0, 'g') ON CONFLICT (menu_item_id, ingredient_id) DO NOTHING;
INSERT INTO menu_items (id, name, sale_price, is_set_menu) VALUES ('T850C', 'Tour850C', 850000.0, true) ON CONFLICT (id) DO UPDATE SET sale_price = EXCLUDED.sale_price, is_set_menu = EXCLUDED.is_set_menu;
INSERT INTO recipes (menu_item_id, ingredient_id, qty_net, yield_pct, recipe_uom) VALUES ('T850C', 'NVLC5001', 0.08, 85.0, 'g') ON CONFLICT (menu_item_id, ingredient_id) DO NOTHING;
INSERT INTO recipes (menu_item_id, ingredient_id, qty_net, yield_pct, recipe_uom) VALUES ('T850C', 'NVLC1003', 0.075, 85.0, 'g') ON CONFLICT (menu_item_id, ingredient_id) DO NOTHING;
INSERT INTO recipes (menu_item_id, ingredient_id, qty_net, yield_pct, recipe_uom) VALUES ('T850C', 'NVLC5005', 0.075, 85.0, 'g') ON CONFLICT (menu_item_id, ingredient_id) DO NOTHING;
INSERT INTO recipes (menu_item_id, ingredient_id, qty_net, yield_pct, recipe_uom) VALUES ('T850C', 'NLP3008', 0.02, 85.0, 'g') ON CONFLICT (menu_item_id, ingredient_id) DO NOTHING;
INSERT INTO menu_items (id, name, sale_price, is_set_menu) VALUES ('T850D', 'Tour850D', 850000.0, true) ON CONFLICT (id) DO UPDATE SET sale_price = EXCLUDED.sale_price, is_set_menu = EXCLUDED.is_set_menu;
INSERT INTO recipes (menu_item_id, ingredient_id, qty_net, yield_pct, recipe_uom) VALUES ('T850D', 'NLP2011', 0.03, 85.0, 'g') ON CONFLICT (menu_item_id, ingredient_id) DO NOTHING;
INSERT INTO recipes (menu_item_id, ingredient_id, qty_net, yield_pct, recipe_uom) VALUES ('T850D', 'NVLC5005', 0.09, 85.0, 'g') ON CONFLICT (menu_item_id, ingredient_id) DO NOTHING;
INSERT INTO recipes (menu_item_id, ingredient_id, qty_net, yield_pct, recipe_uom) VALUES ('T850D', 'NVLC1003', 0.1, 85.0, 'g') ON CONFLICT (menu_item_id, ingredient_id) DO NOTHING;
INSERT INTO recipes (menu_item_id, ingredient_id, qty_net, yield_pct, recipe_uom) VALUES ('T850D', 'NLP3008', 0.02, 85.0, 'g') ON CONFLICT (menu_item_id, ingredient_id) DO NOTHING;
INSERT INTO menu_items (id, name, sale_price, is_set_menu) VALUES ('T950A', 'Tour950A', 950000.0, true) ON CONFLICT (id) DO UPDATE SET sale_price = EXCLUDED.sale_price, is_set_menu = EXCLUDED.is_set_menu;
INSERT INTO recipes (menu_item_id, ingredient_id, qty_net, yield_pct, recipe_uom) VALUES ('T950A', 'NVLC4002', 0.12, 85.0, 'g') ON CONFLICT (menu_item_id, ingredient_id) DO NOTHING;
INSERT INTO recipes (menu_item_id, ingredient_id, qty_net, yield_pct, recipe_uom) VALUES ('T950A', 'NVLC5005', 0.05, 85.0, 'g') ON CONFLICT (menu_item_id, ingredient_id) DO NOTHING;
INSERT INTO recipes (menu_item_id, ingredient_id, qty_net, yield_pct, recipe_uom) VALUES ('T950A', 'NLP3008', 0.02, 85.0, 'g') ON CONFLICT (menu_item_id, ingredient_id) DO NOTHING;
INSERT INTO menu_items (id, name, sale_price, is_set_menu) VALUES ('T950B', 'Tour950B', 950000.0, true) ON CONFLICT (id) DO UPDATE SET sale_price = EXCLUDED.sale_price, is_set_menu = EXCLUDED.is_set_menu;
INSERT INTO recipes (menu_item_id, ingredient_id, qty_net, yield_pct, recipe_uom) VALUES ('T950B', 'NVLC5005', 0.05, 85.0, 'g') ON CONFLICT (menu_item_id, ingredient_id) DO NOTHING;
INSERT INTO recipes (menu_item_id, ingredient_id, qty_net, yield_pct, recipe_uom) VALUES ('T950B', 'NVLC4010', 0.06, 85.0, 'g') ON CONFLICT (menu_item_id, ingredient_id) DO NOTHING;
INSERT INTO recipes (menu_item_id, ingredient_id, qty_net, yield_pct, recipe_uom) VALUES ('T950B', 'NLP3008', 0.02, 85.0, 'g') ON CONFLICT (menu_item_id, ingredient_id) DO NOTHING;
INSERT INTO menu_items (id, name, sale_price, is_set_menu) VALUES ('T970A', 'Tour970A', 970000.0, true) ON CONFLICT (id) DO UPDATE SET sale_price = EXCLUDED.sale_price, is_set_menu = EXCLUDED.is_set_menu;
INSERT INTO recipes (menu_item_id, ingredient_id, qty_net, yield_pct, recipe_uom) VALUES ('T970A', 'NVLC5022', 0.08, 85.0, 'g') ON CONFLICT (menu_item_id, ingredient_id) DO NOTHING;
INSERT INTO recipes (menu_item_id, ingredient_id, qty_net, yield_pct, recipe_uom) VALUES ('T970A', 'NVLC5005', 0.085, 85.0, 'g') ON CONFLICT (menu_item_id, ingredient_id) DO NOTHING;
INSERT INTO recipes (menu_item_id, ingredient_id, qty_net, yield_pct, recipe_uom) VALUES ('T970A', 'NVLC1003', 0.1, 85.0, 'g') ON CONFLICT (menu_item_id, ingredient_id) DO NOTHING;
INSERT INTO recipes (menu_item_id, ingredient_id, qty_net, yield_pct, recipe_uom) VALUES ('T970A', 'NLP3008', 0.015, 85.0, 'g') ON CONFLICT (menu_item_id, ingredient_id) DO NOTHING;
INSERT INTO menu_items (id, name, sale_price, is_set_menu) VALUES ('T1100A', 'Tour1100A', 1100000.0, true) ON CONFLICT (id) DO UPDATE SET sale_price = EXCLUDED.sale_price, is_set_menu = EXCLUDED.is_set_menu;
INSERT INTO recipes (menu_item_id, ingredient_id, qty_net, yield_pct, recipe_uom) VALUES ('T1100A', 'NVLC5001', 0.06, 85.0, 'g') ON CONFLICT (menu_item_id, ingredient_id) DO NOTHING;
INSERT INTO recipes (menu_item_id, ingredient_id, qty_net, yield_pct, recipe_uom) VALUES ('T1100A', 'NVLC6007', 0.05, 85.0, 'g') ON CONFLICT (menu_item_id, ingredient_id) DO NOTHING;
INSERT INTO recipes (menu_item_id, ingredient_id, qty_net, yield_pct, recipe_uom) VALUES ('T1100A', 'NVLC1003', 0.12, 85.0, 'g') ON CONFLICT (menu_item_id, ingredient_id) DO NOTHING;
INSERT INTO recipes (menu_item_id, ingredient_id, qty_net, yield_pct, recipe_uom) VALUES ('T1100A', 'NLP3008', 0.02, 85.0, 'g') ON CONFLICT (menu_item_id, ingredient_id) DO NOTHING;
INSERT INTO recipes (menu_item_id, ingredient_id, qty_net, yield_pct, recipe_uom) VALUES ('T1100A', 'NLP4002', 0.04, 85.0, 'g') ON CONFLICT (menu_item_id, ingredient_id) DO NOTHING;
INSERT INTO menu_items (id, name, sale_price, is_set_menu) VALUES ('T1100B', 'Tour1100B', 1100000.0, true) ON CONFLICT (id) DO UPDATE SET sale_price = EXCLUDED.sale_price, is_set_menu = EXCLUDED.is_set_menu;
INSERT INTO recipes (menu_item_id, ingredient_id, qty_net, yield_pct, recipe_uom) VALUES ('T1100B', 'NVLC6005', 0.08, 85.0, 'g') ON CONFLICT (menu_item_id, ingredient_id) DO NOTHING;
INSERT INTO recipes (menu_item_id, ingredient_id, qty_net, yield_pct, recipe_uom) VALUES ('T1100B', 'NLP2011', 0.03, 85.0, 'g') ON CONFLICT (menu_item_id, ingredient_id) DO NOTHING;
INSERT INTO recipes (menu_item_id, ingredient_id, qty_net, yield_pct, recipe_uom) VALUES ('T1100B', 'NVLC5001', 0.1, 85.0, 'g') ON CONFLICT (menu_item_id, ingredient_id) DO NOTHING;
INSERT INTO recipes (menu_item_id, ingredient_id, qty_net, yield_pct, recipe_uom) VALUES ('T1100B', 'NLP3008', 0.02, 85.0, 'g') ON CONFLICT (menu_item_id, ingredient_id) DO NOTHING;
INSERT INTO menu_items (id, name, sale_price, is_set_menu) VALUES ('T1100C', 'Tour1100C', 1100000.0, true) ON CONFLICT (id) DO UPDATE SET sale_price = EXCLUDED.sale_price, is_set_menu = EXCLUDED.is_set_menu;
INSERT INTO recipes (menu_item_id, ingredient_id, qty_net, yield_pct, recipe_uom) VALUES ('T1100C', 'NVLC5001', 0.06, 85.0, 'g') ON CONFLICT (menu_item_id, ingredient_id) DO NOTHING;
INSERT INTO recipes (menu_item_id, ingredient_id, qty_net, yield_pct, recipe_uom) VALUES ('T1100C', 'NVLC1003', 0.12, 85.0, 'g') ON CONFLICT (menu_item_id, ingredient_id) DO NOTHING;
INSERT INTO recipes (menu_item_id, ingredient_id, qty_net, yield_pct, recipe_uom) VALUES ('T1100C', 'NLP3008', 0.02, 85.0, 'g') ON CONFLICT (menu_item_id, ingredient_id) DO NOTHING;
INSERT INTO menu_items (id, name, sale_price, is_set_menu) VALUES ('T1100D', 'Tour1100D', 1100000.0, true) ON CONFLICT (id) DO UPDATE SET sale_price = EXCLUDED.sale_price, is_set_menu = EXCLUDED.is_set_menu;
INSERT INTO recipes (menu_item_id, ingredient_id, qty_net, yield_pct, recipe_uom) VALUES ('T1100D', 'NVLC5022', 0.08, 85.0, 'g') ON CONFLICT (menu_item_id, ingredient_id) DO NOTHING;
INSERT INTO recipes (menu_item_id, ingredient_id, qty_net, yield_pct, recipe_uom) VALUES ('T1100D', 'NVLC5001', 0.1, 85.0, 'g') ON CONFLICT (menu_item_id, ingredient_id) DO NOTHING;
INSERT INTO recipes (menu_item_id, ingredient_id, qty_net, yield_pct, recipe_uom) VALUES ('T1100D', 'NVLC1003', 0.12, 85.0, 'g') ON CONFLICT (menu_item_id, ingredient_id) DO NOTHING;
INSERT INTO recipes (menu_item_id, ingredient_id, qty_net, yield_pct, recipe_uom) VALUES ('T1100D', 'NLP3008', 0.02, 85.0, 'g') ON CONFLICT (menu_item_id, ingredient_id) DO NOTHING;
INSERT INTO menu_items (id, name, sale_price, is_set_menu) VALUES ('T1200A', 'Tour1200A', 1200000.0, true) ON CONFLICT (id) DO UPDATE SET sale_price = EXCLUDED.sale_price, is_set_menu = EXCLUDED.is_set_menu;
INSERT INTO recipes (menu_item_id, ingredient_id, qty_net, yield_pct, recipe_uom) VALUES ('T1200A', 'NVLC6030', 0.05, 85.0, 'g') ON CONFLICT (menu_item_id, ingredient_id) DO NOTHING;
INSERT INTO recipes (menu_item_id, ingredient_id, qty_net, yield_pct, recipe_uom) VALUES ('T1200A', 'NVLC5005', 0.05, 85.0, 'g') ON CONFLICT (menu_item_id, ingredient_id) DO NOTHING;
INSERT INTO recipes (menu_item_id, ingredient_id, qty_net, yield_pct, recipe_uom) VALUES ('T1200A', 'NVLC1003', 0.12, 85.0, 'g') ON CONFLICT (menu_item_id, ingredient_id) DO NOTHING;
INSERT INTO recipes (menu_item_id, ingredient_id, qty_net, yield_pct, recipe_uom) VALUES ('T1200A', 'NLP3008', 0.04, 85.0, 'g') ON CONFLICT (menu_item_id, ingredient_id) DO NOTHING;
INSERT INTO menu_items (id, name, sale_price, is_set_menu) VALUES ('T1200B', 'Tour1200B', 1200000.0, true) ON CONFLICT (id) DO UPDATE SET sale_price = EXCLUDED.sale_price, is_set_menu = EXCLUDED.is_set_menu;
INSERT INTO recipes (menu_item_id, ingredient_id, qty_net, yield_pct, recipe_uom) VALUES ('T1200B', 'NLP2011', 0.04, 85.0, 'g') ON CONFLICT (menu_item_id, ingredient_id) DO NOTHING;
INSERT INTO recipes (menu_item_id, ingredient_id, qty_net, yield_pct, recipe_uom) VALUES ('T1200B', 'NVLC5005', 0.05, 85.0, 'g') ON CONFLICT (menu_item_id, ingredient_id) DO NOTHING;
INSERT INTO recipes (menu_item_id, ingredient_id, qty_net, yield_pct, recipe_uom) VALUES ('T1200B', 'NVLC1003', 0.12, 85.0, 'g') ON CONFLICT (menu_item_id, ingredient_id) DO NOTHING;
INSERT INTO recipes (menu_item_id, ingredient_id, qty_net, yield_pct, recipe_uom) VALUES ('T1200B', 'NLP3008', 0.02, 85.0, 'g') ON CONFLICT (menu_item_id, ingredient_id) DO NOTHING;
INSERT INTO menu_items (id, name, sale_price, is_set_menu) VALUES ('T1250A', 'Tour1250A', 1250000.0, true) ON CONFLICT (id) DO UPDATE SET sale_price = EXCLUDED.sale_price, is_set_menu = EXCLUDED.is_set_menu;
INSERT INTO recipes (menu_item_id, ingredient_id, qty_net, yield_pct, recipe_uom) VALUES ('T1250A', 'NVLC5001', 0.09, 85.0, 'g') ON CONFLICT (menu_item_id, ingredient_id) DO NOTHING;
INSERT INTO recipes (menu_item_id, ingredient_id, qty_net, yield_pct, recipe_uom) VALUES ('T1250A', 'NVLC5005', 0.085, 85.0, 'g') ON CONFLICT (menu_item_id, ingredient_id) DO NOTHING;
INSERT INTO recipes (menu_item_id, ingredient_id, qty_net, yield_pct, recipe_uom) VALUES ('T1250A', 'NVLC10025', 0.12, 85.0, 'g') ON CONFLICT (menu_item_id, ingredient_id) DO NOTHING;
INSERT INTO recipes (menu_item_id, ingredient_id, qty_net, yield_pct, recipe_uom) VALUES ('T1250A', 'NLP3008', 0.02, 85.0, 'g') ON CONFLICT (menu_item_id, ingredient_id) DO NOTHING;
INSERT INTO menu_items (id, name, sale_price, is_set_menu) VALUES ('T1500A', 'Tour1500A', 1500000.0, true) ON CONFLICT (id) DO UPDATE SET sale_price = EXCLUDED.sale_price, is_set_menu = EXCLUDED.is_set_menu;
INSERT INTO recipes (menu_item_id, ingredient_id, qty_net, yield_pct, recipe_uom) VALUES ('T1500A', 'NVLC6005', 0.08, 85.0, 'g') ON CONFLICT (menu_item_id, ingredient_id) DO NOTHING;
INSERT INTO recipes (menu_item_id, ingredient_id, qty_net, yield_pct, recipe_uom) VALUES ('T1500A', 'NLP2011', 0.03, 85.0, 'g') ON CONFLICT (menu_item_id, ingredient_id) DO NOTHING;
INSERT INTO recipes (menu_item_id, ingredient_id, qty_net, yield_pct, recipe_uom) VALUES ('T1500A', 'NVLC60021', 0.12, 85.0, 'g') ON CONFLICT (menu_item_id, ingredient_id) DO NOTHING;
INSERT INTO recipes (menu_item_id, ingredient_id, qty_net, yield_pct, recipe_uom) VALUES ('T1500A', 'NVLC10011', 0.12, 85.0, 'g') ON CONFLICT (menu_item_id, ingredient_id) DO NOTHING;
INSERT INTO recipes (menu_item_id, ingredient_id, qty_net, yield_pct, recipe_uom) VALUES ('T1500A', 'NLP4002', 0.06, 85.0, 'g') ON CONFLICT (menu_item_id, ingredient_id) DO NOTHING;
INSERT INTO recipes (menu_item_id, ingredient_id, qty_net, yield_pct, recipe_uom) VALUES ('T1500A', 'NLP3008', 0.02, 85.0, 'g') ON CONFLICT (menu_item_id, ingredient_id) DO NOTHING;
INSERT INTO menu_items (id, name, sale_price, is_set_menu) VALUES ('T1500B', 'Tour1500B', 1500000.0, true) ON CONFLICT (id) DO UPDATE SET sale_price = EXCLUDED.sale_price, is_set_menu = EXCLUDED.is_set_menu;
INSERT INTO recipes (menu_item_id, ingredient_id, qty_net, yield_pct, recipe_uom) VALUES ('T1500B', 'NVLC6017', 0.08, 85.0, 'g') ON CONFLICT (menu_item_id, ingredient_id) DO NOTHING;
INSERT INTO recipes (menu_item_id, ingredient_id, qty_net, yield_pct, recipe_uom) VALUES ('T1500B', 'NVLC10011', 0.12, 85.0, 'g') ON CONFLICT (menu_item_id, ingredient_id) DO NOTHING;
INSERT INTO recipes (menu_item_id, ingredient_id, qty_net, yield_pct, recipe_uom) VALUES ('T1500B', 'NLP3008', 0.02, 85.0, 'g') ON CONFLICT (menu_item_id, ingredient_id) DO NOTHING;
INSERT INTO menu_items (id, name, sale_price, is_set_menu) VALUES ('T1550A', 'Tour1550A', 1550000.0, true) ON CONFLICT (id) DO UPDATE SET sale_price = EXCLUDED.sale_price, is_set_menu = EXCLUDED.is_set_menu;
INSERT INTO recipes (menu_item_id, ingredient_id, qty_net, yield_pct, recipe_uom) VALUES ('T1550A', 'NVLC5001', 0.06, 85.0, 'g') ON CONFLICT (menu_item_id, ingredient_id) DO NOTHING;
INSERT INTO recipes (menu_item_id, ingredient_id, qty_net, yield_pct, recipe_uom) VALUES ('T1550A', 'NVLC5022', 0.08, 85.0, 'g') ON CONFLICT (menu_item_id, ingredient_id) DO NOTHING;
INSERT INTO recipes (menu_item_id, ingredient_id, qty_net, yield_pct, recipe_uom) VALUES ('T1550A', 'NVLC60021', 0.1, 85.0, 'g') ON CONFLICT (menu_item_id, ingredient_id) DO NOTHING;
INSERT INTO recipes (menu_item_id, ingredient_id, qty_net, yield_pct, recipe_uom) VALUES ('T1550A', 'NVLC10025', 0.12, 85.0, 'g') ON CONFLICT (menu_item_id, ingredient_id) DO NOTHING;
INSERT INTO recipes (menu_item_id, ingredient_id, qty_net, yield_pct, recipe_uom) VALUES ('T1550A', 'NLP4002', 0.05, 85.0, 'g') ON CONFLICT (menu_item_id, ingredient_id) DO NOTHING;
INSERT INTO recipes (menu_item_id, ingredient_id, qty_net, yield_pct, recipe_uom) VALUES ('T1550A', 'NLP3008', 0.02, 85.0, 'g') ON CONFLICT (menu_item_id, ingredient_id) DO NOTHING;
INSERT INTO menu_items (id, name, sale_price, is_set_menu) VALUES ('T1800A', 'Tour1800A', 1800000.0, true) ON CONFLICT (id) DO UPDATE SET sale_price = EXCLUDED.sale_price, is_set_menu = EXCLUDED.is_set_menu;
INSERT INTO recipes (menu_item_id, ingredient_id, qty_net, yield_pct, recipe_uom) VALUES ('T1800A', 'NVLC60021', 0.06, 85.0, 'g') ON CONFLICT (menu_item_id, ingredient_id) DO NOTHING;
INSERT INTO recipes (menu_item_id, ingredient_id, qty_net, yield_pct, recipe_uom) VALUES ('T1800A', 'NLP2011', 0.05, 85.0, 'g') ON CONFLICT (menu_item_id, ingredient_id) DO NOTHING;
INSERT INTO recipes (menu_item_id, ingredient_id, qty_net, yield_pct, recipe_uom) VALUES ('T1800A', 'NVLC10024', 0.12, 85.0, 'g') ON CONFLICT (menu_item_id, ingredient_id) DO NOTHING;
INSERT INTO recipes (menu_item_id, ingredient_id, qty_net, yield_pct, recipe_uom) VALUES ('T1800A', 'NLP3008', 0.02, 85.0, 'g') ON CONFLICT (menu_item_id, ingredient_id) DO NOTHING;
INSERT INTO menu_items (id, name, sale_price, is_set_menu) VALUES ('T2000A', 'Tour2000A', 2000000.0, true) ON CONFLICT (id) DO UPDATE SET sale_price = EXCLUDED.sale_price, is_set_menu = EXCLUDED.is_set_menu;
INSERT INTO recipes (menu_item_id, ingredient_id, qty_net, yield_pct, recipe_uom) VALUES ('T2000A', 'NVLC60021', 0.06, 85.0, 'g') ON CONFLICT (menu_item_id, ingredient_id) DO NOTHING;
INSERT INTO recipes (menu_item_id, ingredient_id, qty_net, yield_pct, recipe_uom) VALUES ('T2000A', 'NLP2011', 0.05, 85.0, 'g') ON CONFLICT (menu_item_id, ingredient_id) DO NOTHING;
INSERT INTO recipes (menu_item_id, ingredient_id, qty_net, yield_pct, recipe_uom) VALUES ('T2000A', 'NVLC5020', 0.12, 85.0, 'g') ON CONFLICT (menu_item_id, ingredient_id) DO NOTHING;
INSERT INTO recipes (menu_item_id, ingredient_id, qty_net, yield_pct, recipe_uom) VALUES ('T2000A', 'NVLC10024', 0.12, 85.0, 'g') ON CONFLICT (menu_item_id, ingredient_id) DO NOTHING;
INSERT INTO recipes (menu_item_id, ingredient_id, qty_net, yield_pct, recipe_uom) VALUES ('T2000A', 'NLP3008', 0.02, 85.0, 'g') ON CONFLICT (menu_item_id, ingredient_id) DO NOTHING;

-- 8. Seed Set/Tasting Menu Components
INSERT INTO set_menu_items (parent_menu_item_id, child_menu_item_id, portion_ratio) VALUES ('R6212', 'R-001', 0.70) ON CONFLICT (parent_menu_item_id, child_menu_item_id) DO NOTHING;
INSERT INTO set_menu_items (parent_menu_item_id, child_menu_item_id, portion_ratio) VALUES ('R6212', 'R-008', 0.70) ON CONFLICT (parent_menu_item_id, child_menu_item_id) DO NOTHING;
INSERT INTO set_menu_items (parent_menu_item_id, child_menu_item_id, portion_ratio) VALUES ('R6212', 'R-011', 0.70) ON CONFLICT (parent_menu_item_id, child_menu_item_id) DO NOTHING;
INSERT INTO set_menu_items (parent_menu_item_id, child_menu_item_id, portion_ratio) VALUES ('R6212', 'R-012', 0.70) ON CONFLICT (parent_menu_item_id, child_menu_item_id) DO NOTHING;
INSERT INTO set_menu_items (parent_menu_item_id, child_menu_item_id, portion_ratio) VALUES ('R6212', 'R-023', 0.70) ON CONFLICT (parent_menu_item_id, child_menu_item_id) DO NOTHING;
INSERT INTO set_menu_items (parent_menu_item_id, child_menu_item_id, portion_ratio) VALUES ('R6213', 'R-001', 0.70) ON CONFLICT (parent_menu_item_id, child_menu_item_id) DO NOTHING;
INSERT INTO set_menu_items (parent_menu_item_id, child_menu_item_id, portion_ratio) VALUES ('R6213', 'R-008', 0.70) ON CONFLICT (parent_menu_item_id, child_menu_item_id) DO NOTHING;
INSERT INTO set_menu_items (parent_menu_item_id, child_menu_item_id, portion_ratio) VALUES ('R6213', 'R-011', 0.70) ON CONFLICT (parent_menu_item_id, child_menu_item_id) DO NOTHING;
INSERT INTO set_menu_items (parent_menu_item_id, child_menu_item_id, portion_ratio) VALUES ('R6213', 'R-026', 0.70) ON CONFLICT (parent_menu_item_id, child_menu_item_id) DO NOTHING;
INSERT INTO set_menu_items (parent_menu_item_id, child_menu_item_id, portion_ratio) VALUES ('R6213', 'R-012', 0.70) ON CONFLICT (parent_menu_item_id, child_menu_item_id) DO NOTHING;
INSERT INTO set_menu_items (parent_menu_item_id, child_menu_item_id, portion_ratio) VALUES ('R6213', 'R-023', 0.70) ON CONFLICT (parent_menu_item_id, child_menu_item_id) DO NOTHING;
INSERT INTO set_menu_items (parent_menu_item_id, child_menu_item_id, portion_ratio) VALUES ('R6218', 'R-001', 0.70) ON CONFLICT (parent_menu_item_id, child_menu_item_id) DO NOTHING;
INSERT INTO set_menu_items (parent_menu_item_id, child_menu_item_id, portion_ratio) VALUES ('R6218', 'R-008', 0.70) ON CONFLICT (parent_menu_item_id, child_menu_item_id) DO NOTHING;
INSERT INTO set_menu_items (parent_menu_item_id, child_menu_item_id, portion_ratio) VALUES ('R6218', 'R-011', 0.70) ON CONFLICT (parent_menu_item_id, child_menu_item_id) DO NOTHING;
INSERT INTO set_menu_items (parent_menu_item_id, child_menu_item_id, portion_ratio) VALUES ('R6218', 'R-026', 0.70) ON CONFLICT (parent_menu_item_id, child_menu_item_id) DO NOTHING;
INSERT INTO set_menu_items (parent_menu_item_id, child_menu_item_id, portion_ratio) VALUES ('R6218', 'R-012', 0.70) ON CONFLICT (parent_menu_item_id, child_menu_item_id) DO NOTHING;
INSERT INTO set_menu_items (parent_menu_item_id, child_menu_item_id, portion_ratio) VALUES ('R6218', 'R-021', 0.70) ON CONFLICT (parent_menu_item_id, child_menu_item_id) DO NOTHING;
INSERT INTO set_menu_items (parent_menu_item_id, child_menu_item_id, portion_ratio) VALUES ('R6218', 'R-023', 0.70) ON CONFLICT (parent_menu_item_id, child_menu_item_id) DO NOTHING;

COMMIT;