-- Automatically generated beverage catalog sync
BEGIN;
INSERT INTO pos_alias_map (pos_code, menu_item_id, confidence) VALUES ('B5016', 'B5016', 100.00) ON CONFLICT (pos_code) DO NOTHING;
INSERT INTO recipes (menu_item_id, ingredient_id, qty_net, yield_pct, recipe_uom) VALUES ('M6005', 'M6005', 1.0000, 100.00, 'CAN') ON CONFLICT (menu_item_id, ingredient_id) DO NOTHING;
INSERT INTO pos_alias_map (pos_code, menu_item_id, confidence) VALUES ('M6005', 'M6005', 100.00) ON CONFLICT (pos_code) DO NOTHING;
INSERT INTO recipes (menu_item_id, ingredient_id, qty_net, yield_pct, recipe_uom) VALUES ('M6009', 'M6009', 1.0000, 100.00, 'BOTTLE') ON CONFLICT (menu_item_id, ingredient_id) DO NOTHING;
INSERT INTO pos_alias_map (pos_code, menu_item_id, confidence) VALUES ('M6009', 'M6009', 100.00) ON CONFLICT (pos_code) DO NOTHING;
INSERT INTO recipes (menu_item_id, ingredient_id, qty_net, yield_pct, recipe_uom) VALUES ('M6014', 'M6014', 1.0000, 100.00, 'BOTTLE') ON CONFLICT (menu_item_id, ingredient_id) DO NOTHING;
INSERT INTO pos_alias_map (pos_code, menu_item_id, confidence) VALUES ('M6014', 'M6014', 100.00) ON CONFLICT (pos_code) DO NOTHING;
INSERT INTO menu_items (id, name, sale_price, is_set_menu) VALUES ('M9202', 'Cigarettes Imported', 65000.0, false) ON CONFLICT (id) DO NOTHING;
INSERT INTO recipes (menu_item_id, ingredient_id, qty_net, yield_pct, recipe_uom) VALUES ('M9202', 'M9202', 1.0000, 100.00, 'PACK') ON CONFLICT (menu_item_id, ingredient_id) DO NOTHING;
INSERT INTO pos_alias_map (pos_code, menu_item_id, confidence) VALUES ('M9202', 'M9202', 100.00) ON CONFLICT (pos_code) DO NOTHING;
INSERT INTO menu_items (id, name, sale_price, is_set_menu) VALUES ('M9402', 'Bailey', 850000.0, false) ON CONFLICT (id) DO NOTHING;
INSERT INTO recipes (menu_item_id, ingredient_id, qty_net, yield_pct, recipe_uom) VALUES ('M9402', 'M9402', 1.0000, 100.00, 'BOTTLE') ON CONFLICT (menu_item_id, ingredient_id) DO NOTHING;
INSERT INTO pos_alias_map (pos_code, menu_item_id, confidence) VALUES ('M9402', 'M9402', 100.00) ON CONFLICT (pos_code) DO NOTHING;
INSERT INTO menu_items (id, name, sale_price, is_set_menu) VALUES ('M9403', 'Campari', 820000.0, false) ON CONFLICT (id) DO NOTHING;
INSERT INTO recipes (menu_item_id, ingredient_id, qty_net, yield_pct, recipe_uom) VALUES ('M9403', 'M9403', 1.0000, 100.00, 'BOTTLE') ON CONFLICT (menu_item_id, ingredient_id) DO NOTHING;
INSERT INTO pos_alias_map (pos_code, menu_item_id, confidence) VALUES ('M9403', 'M9403', 100.00) ON CONFLICT (pos_code) DO NOTHING;
INSERT INTO menu_items (id, name, sale_price, is_set_menu) VALUES ('M9405', 'Cointrau', 850000.0, false) ON CONFLICT (id) DO NOTHING;
INSERT INTO recipes (menu_item_id, ingredient_id, qty_net, yield_pct, recipe_uom) VALUES ('M9405', 'M9405', 1.0000, 100.00, 'BOTTLE') ON CONFLICT (menu_item_id, ingredient_id) DO NOTHING;
INSERT INTO pos_alias_map (pos_code, menu_item_id, confidence) VALUES ('M9405', 'M9405', 100.00) ON CONFLICT (pos_code) DO NOTHING;
INSERT INTO menu_items (id, name, sale_price, is_set_menu) VALUES ('M9406', 'Grand Marnier', 1500000.0, false) ON CONFLICT (id) DO NOTHING;
INSERT INTO recipes (menu_item_id, ingredient_id, qty_net, yield_pct, recipe_uom) VALUES ('M9406', 'M9406', 1.0000, 100.00, 'BOTTLE') ON CONFLICT (menu_item_id, ingredient_id) DO NOTHING;
INSERT INTO pos_alias_map (pos_code, menu_item_id, confidence) VALUES ('M9406', 'M9406', 100.00) ON CONFLICT (pos_code) DO NOTHING;
INSERT INTO menu_items (id, name, sale_price, is_set_menu) VALUES ('M9407', 'Kalua', 700000.0, false) ON CONFLICT (id) DO NOTHING;
INSERT INTO recipes (menu_item_id, ingredient_id, qty_net, yield_pct, recipe_uom) VALUES ('M9407', 'M9407', 1.0000, 100.00, 'BOTTLE') ON CONFLICT (menu_item_id, ingredient_id) DO NOTHING;
INSERT INTO pos_alias_map (pos_code, menu_item_id, confidence) VALUES ('M9407', 'M9407', 100.00) ON CONFLICT (pos_code) DO NOTHING;
INSERT INTO menu_items (id, name, sale_price, is_set_menu) VALUES ('M9408', 'Malibu', 700000.0, false) ON CONFLICT (id) DO NOTHING;
INSERT INTO recipes (menu_item_id, ingredient_id, qty_net, yield_pct, recipe_uom) VALUES ('M9408', 'M9408', 1.0000, 100.00, 'BOTTLE') ON CONFLICT (menu_item_id, ingredient_id) DO NOTHING;
INSERT INTO pos_alias_map (pos_code, menu_item_id, confidence) VALUES ('M9408', 'M9408', 100.00) ON CONFLICT (pos_code) DO NOTHING;
INSERT INTO menu_items (id, name, sale_price, is_set_menu) VALUES ('M9409', 'Martini Bianco', 650000.0, false) ON CONFLICT (id) DO NOTHING;
INSERT INTO recipes (menu_item_id, ingredient_id, qty_net, yield_pct, recipe_uom) VALUES ('M9409', 'M9409', 1.0000, 100.00, 'BOTTLE') ON CONFLICT (menu_item_id, ingredient_id) DO NOTHING;
INSERT INTO pos_alias_map (pos_code, menu_item_id, confidence) VALUES ('M9409', 'M9409', 100.00) ON CONFLICT (pos_code) DO NOTHING;
INSERT INTO menu_items (id, name, sale_price, is_set_menu) VALUES ('M9410', 'Martini Dry', 700000.0, false) ON CONFLICT (id) DO NOTHING;
INSERT INTO recipes (menu_item_id, ingredient_id, qty_net, yield_pct, recipe_uom) VALUES ('M9410', 'M9410', 1.0000, 100.00, 'BOTTLE') ON CONFLICT (menu_item_id, ingredient_id) DO NOTHING;
INSERT INTO pos_alias_map (pos_code, menu_item_id, confidence) VALUES ('M9410', 'M9410', 100.00) ON CONFLICT (pos_code) DO NOTHING;
INSERT INTO menu_items (id, name, sale_price, is_set_menu) VALUES ('M9411', 'Martini Rosso', 650000.0, false) ON CONFLICT (id) DO NOTHING;
INSERT INTO recipes (menu_item_id, ingredient_id, qty_net, yield_pct, recipe_uom) VALUES ('M9411', 'M9411', 1.0000, 100.00, 'BOTTLE') ON CONFLICT (menu_item_id, ingredient_id) DO NOTHING;
INSERT INTO pos_alias_map (pos_code, menu_item_id, confidence) VALUES ('M9411', 'M9411', 100.00) ON CONFLICT (pos_code) DO NOTHING;
INSERT INTO menu_items (id, name, sale_price, is_set_menu) VALUES ('M9413', 'Porto', 820000.0, false) ON CONFLICT (id) DO NOTHING;
INSERT INTO recipes (menu_item_id, ingredient_id, qty_net, yield_pct, recipe_uom) VALUES ('M9413', 'M9413', 1.0000, 100.00, 'BOTTLE') ON CONFLICT (menu_item_id, ingredient_id) DO NOTHING;
INSERT INTO pos_alias_map (pos_code, menu_item_id, confidence) VALUES ('M9413', 'M9413', 100.00) ON CONFLICT (pos_code) DO NOTHING;
INSERT INTO menu_items (id, name, sale_price, is_set_menu) VALUES ('M9414', 'Ricard', 750000.0, false) ON CONFLICT (id) DO NOTHING;
INSERT INTO recipes (menu_item_id, ingredient_id, qty_net, yield_pct, recipe_uom) VALUES ('M9414', 'M9414', 1.0000, 100.00, 'BOTTLE') ON CONFLICT (menu_item_id, ingredient_id) DO NOTHING;
INSERT INTO pos_alias_map (pos_code, menu_item_id, confidence) VALUES ('M9414', 'M9414', 100.00) ON CONFLICT (pos_code) DO NOTHING;
INSERT INTO menu_items (id, name, sale_price, is_set_menu) VALUES ('M9507', 'Mens Vodka', 90000.0, false) ON CONFLICT (id) DO NOTHING;
INSERT INTO recipes (menu_item_id, ingredient_id, qty_net, yield_pct, recipe_uom) VALUES ('M9507', 'M9507', 1.0000, 100.00, 'BOTTLE') ON CONFLICT (menu_item_id, ingredient_id) DO NOTHING;
INSERT INTO pos_alias_map (pos_code, menu_item_id, confidence) VALUES ('M9507', 'M9507', 100.00) ON CONFLICT (pos_code) DO NOTHING;
INSERT INTO menu_items (id, name, sale_price, is_set_menu) VALUES ('M9508', 'Lua moi 500ml', 180000.0, false) ON CONFLICT (id) DO NOTHING;
INSERT INTO recipes (menu_item_id, ingredient_id, qty_net, yield_pct, recipe_uom) VALUES ('M9508', 'M9508', 1.0000, 100.00, 'BOTTLE') ON CONFLICT (menu_item_id, ingredient_id) DO NOTHING;
INSERT INTO pos_alias_map (pos_code, menu_item_id, confidence) VALUES ('M9508', 'M9508', 100.00) ON CONFLICT (pos_code) DO NOTHING;
INSERT INTO menu_items (id, name, sale_price, is_set_menu) VALUES ('M9512', 'Smirnoff Red Label', 520000.0, false) ON CONFLICT (id) DO NOTHING;
INSERT INTO recipes (menu_item_id, ingredient_id, qty_net, yield_pct, recipe_uom) VALUES ('M9512', 'M9512', 1.0000, 100.00, 'BOTTLE') ON CONFLICT (menu_item_id, ingredient_id) DO NOTHING;
INSERT INTO pos_alias_map (pos_code, menu_item_id, confidence) VALUES ('M9512', 'M9512', 100.00) ON CONFLICT (pos_code) DO NOTHING;
INSERT INTO menu_items (id, name, sale_price, is_set_menu) VALUES ('M9513', 'Vodka Hanoi 300ml', 100000.0, false) ON CONFLICT (id) DO NOTHING;
INSERT INTO recipes (menu_item_id, ingredient_id, qty_net, yield_pct, recipe_uom) VALUES ('M9513', 'M9513', 1.0000, 100.00, 'BOTTLE') ON CONFLICT (menu_item_id, ingredient_id) DO NOTHING;
INSERT INTO pos_alias_map (pos_code, menu_item_id, confidence) VALUES ('M9513', 'M9513', 100.00) ON CONFLICT (pos_code) DO NOTHING;
INSERT INTO menu_items (id, name, sale_price, is_set_menu) VALUES ('M9514', 'Vodka Hanoi 500ml', 150000.0, false) ON CONFLICT (id) DO NOTHING;
INSERT INTO recipes (menu_item_id, ingredient_id, qty_net, yield_pct, recipe_uom) VALUES ('M9514', 'M9514', 1.0000, 100.00, 'BOTTLE') ON CONFLICT (menu_item_id, ingredient_id) DO NOTHING;
INSERT INTO pos_alias_map (pos_code, menu_item_id, confidence) VALUES ('M9514', 'M9514', 100.00) ON CONFLICT (pos_code) DO NOTHING;
INSERT INTO menu_items (id, name, sale_price, is_set_menu) VALUES ('M9602', 'Ballentines 12', 1250000.0, false) ON CONFLICT (id) DO NOTHING;
INSERT INTO recipes (menu_item_id, ingredient_id, qty_net, yield_pct, recipe_uom) VALUES ('M9602', 'M9602', 1.0000, 100.00, 'BOTTLE') ON CONFLICT (menu_item_id, ingredient_id) DO NOTHING;
INSERT INTO pos_alias_map (pos_code, menu_item_id, confidence) VALUES ('M9602', 'M9602', 100.00) ON CONFLICT (pos_code) DO NOTHING;
INSERT INTO menu_items (id, name, sale_price, is_set_menu) VALUES ('M9603', 'Ballentines 17', 2380000.0, false) ON CONFLICT (id) DO NOTHING;
INSERT INTO recipes (menu_item_id, ingredient_id, qty_net, yield_pct, recipe_uom) VALUES ('M9603', 'M9603', 1.0000, 100.00, 'BOTTLE') ON CONFLICT (menu_item_id, ingredient_id) DO NOTHING;
INSERT INTO pos_alias_map (pos_code, menu_item_id, confidence) VALUES ('M9603', 'M9603', 100.00) ON CONFLICT (pos_code) DO NOTHING;
INSERT INTO menu_items (id, name, sale_price, is_set_menu) VALUES ('M9604', 'Ballentines 21', 3750000.0, false) ON CONFLICT (id) DO NOTHING;
INSERT INTO recipes (menu_item_id, ingredient_id, qty_net, yield_pct, recipe_uom) VALUES ('M9604', 'M9604', 1.0000, 100.00, 'BOTTLE') ON CONFLICT (menu_item_id, ingredient_id) DO NOTHING;
INSERT INTO pos_alias_map (pos_code, menu_item_id, confidence) VALUES ('M9604', 'M9604', 100.00) ON CONFLICT (pos_code) DO NOTHING;
INSERT INTO menu_items (id, name, sale_price, is_set_menu) VALUES ('M9606', 'Ballentines Finese', 900000.0, false) ON CONFLICT (id) DO NOTHING;
INSERT INTO recipes (menu_item_id, ingredient_id, qty_net, yield_pct, recipe_uom) VALUES ('M9606', 'M9606', 1.0000, 100.00, 'BOTTLE') ON CONFLICT (menu_item_id, ingredient_id) DO NOTHING;
INSERT INTO pos_alias_map (pos_code, menu_item_id, confidence) VALUES ('M9606', 'M9606', 100.00) ON CONFLICT (pos_code) DO NOTHING;
INSERT INTO menu_items (id, name, sale_price, is_set_menu) VALUES ('M9609', 'Chivas Regal 0.75L (12 years old)', 1300000.0, false) ON CONFLICT (id) DO NOTHING;
INSERT INTO recipes (menu_item_id, ingredient_id, qty_net, yield_pct, recipe_uom) VALUES ('M9609', 'M9609', 1.0000, 100.00, 'BOTTLE') ON CONFLICT (menu_item_id, ingredient_id) DO NOTHING;
INSERT INTO pos_alias_map (pos_code, menu_item_id, confidence) VALUES ('M9609', 'M9609', 100.00) ON CONFLICT (pos_code) DO NOTHING;
INSERT INTO menu_items (id, name, sale_price, is_set_menu) VALUES ('M9611', 'Creame de cassic', 620000.0, false) ON CONFLICT (id) DO NOTHING;
INSERT INTO recipes (menu_item_id, ingredient_id, qty_net, yield_pct, recipe_uom) VALUES ('M9611', 'M9611', 1.0000, 100.00, 'BOTTLE') ON CONFLICT (menu_item_id, ingredient_id) DO NOTHING;
INSERT INTO pos_alias_map (pos_code, menu_item_id, confidence) VALUES ('M9611', 'M9611', 100.00) ON CONFLICT (pos_code) DO NOTHING;
INSERT INTO menu_items (id, name, sale_price, is_set_menu) VALUES ('M9612', 'Gordon Gin Bottle', 580000.0, false) ON CONFLICT (id) DO NOTHING;
INSERT INTO recipes (menu_item_id, ingredient_id, qty_net, yield_pct, recipe_uom) VALUES ('M9612', 'M9612', 1.0000, 100.00, 'BOTTLE') ON CONFLICT (menu_item_id, ingredient_id) DO NOTHING;
INSERT INTO pos_alias_map (pos_code, menu_item_id, confidence) VALUES ('M9612', 'M9612', 100.00) ON CONFLICT (pos_code) DO NOTHING;
INSERT INTO menu_items (id, name, sale_price, is_set_menu) VALUES ('M9620', 'J - B', 920000.0, false) ON CONFLICT (id) DO NOTHING;
INSERT INTO recipes (menu_item_id, ingredient_id, qty_net, yield_pct, recipe_uom) VALUES ('M9620', 'M9620', 1.0000, 100.00, 'BOTTLE') ON CONFLICT (menu_item_id, ingredient_id) DO NOTHING;
INSERT INTO pos_alias_map (pos_code, menu_item_id, confidence) VALUES ('M9620', 'M9620', 100.00) ON CONFLICT (pos_code) DO NOTHING;
INSERT INTO menu_items (id, name, sale_price, is_set_menu) VALUES ('M9621', 'Jack Daniel', 1120000.0, false) ON CONFLICT (id) DO NOTHING;
INSERT INTO recipes (menu_item_id, ingredient_id, qty_net, yield_pct, recipe_uom) VALUES ('M9621', 'M9621', 1.0000, 100.00, 'BOTTLE') ON CONFLICT (menu_item_id, ingredient_id) DO NOTHING;
INSERT INTO pos_alias_map (pos_code, menu_item_id, confidence) VALUES ('M9621', 'M9621', 100.00) ON CONFLICT (pos_code) DO NOTHING;
INSERT INTO menu_items (id, name, sale_price, is_set_menu) VALUES ('M9623', 'Jimbeam', 580000.0, false) ON CONFLICT (id) DO NOTHING;
INSERT INTO recipes (menu_item_id, ingredient_id, qty_net, yield_pct, recipe_uom) VALUES ('M9623', 'M9623', 1.0000, 100.00, 'BOTTLE') ON CONFLICT (menu_item_id, ingredient_id) DO NOTHING;
INSERT INTO pos_alias_map (pos_code, menu_item_id, confidence) VALUES ('M9623', 'M9623', 100.00) ON CONFLICT (pos_code) DO NOTHING;
INSERT INTO menu_items (id, name, sale_price, is_set_menu) VALUES ('M9629', 'Johnny Walker red label', 710000.0, false) ON CONFLICT (id) DO NOTHING;
INSERT INTO recipes (menu_item_id, ingredient_id, qty_net, yield_pct, recipe_uom) VALUES ('M9629', 'M9629', 1.0000, 100.00, 'BOTTLE') ON CONFLICT (menu_item_id, ingredient_id) DO NOTHING;
INSERT INTO pos_alias_map (pos_code, menu_item_id, confidence) VALUES ('M9629', 'M9629', 100.00) ON CONFLICT (pos_code) DO NOTHING;
INSERT INTO menu_items (id, name, sale_price, is_set_menu) VALUES ('M9632', 'Marcallan 12 year old', 6620000.0, false) ON CONFLICT (id) DO NOTHING;
INSERT INTO recipes (menu_item_id, ingredient_id, qty_net, yield_pct, recipe_uom) VALUES ('M9632', 'M9632', 1.0000, 100.00, 'BOTTLE') ON CONFLICT (menu_item_id, ingredient_id) DO NOTHING;
INSERT INTO pos_alias_map (pos_code, menu_item_id, confidence) VALUES ('M9632', 'M9632', 100.00) ON CONFLICT (pos_code) DO NOTHING;
INSERT INTO menu_items (id, name, sale_price, is_set_menu) VALUES ('M9636', 'Single Barrel Jack Daniel''s', 2990000.0, false) ON CONFLICT (id) DO NOTHING;
INSERT INTO recipes (menu_item_id, ingredient_id, qty_net, yield_pct, recipe_uom) VALUES ('M9636', 'M9636', 1.0000, 100.00, 'BOTTLE') ON CONFLICT (menu_item_id, ingredient_id) DO NOTHING;
INSERT INTO pos_alias_map (pos_code, menu_item_id, confidence) VALUES ('M9636', 'M9636', 100.00) ON CONFLICT (pos_code) DO NOTHING;
INSERT INTO menu_items (id, name, sale_price, is_set_menu) VALUES ('M9642', 'GlenAllaChie 11', 6120000.0, false) ON CONFLICT (id) DO NOTHING;
INSERT INTO recipes (menu_item_id, ingredient_id, qty_net, yield_pct, recipe_uom) VALUES ('M9642', 'M9642', 1.0000, 100.00, 'BOTTLE') ON CONFLICT (menu_item_id, ingredient_id) DO NOTHING;
INSERT INTO pos_alias_map (pos_code, menu_item_id, confidence) VALUES ('M9642', 'M9642', 100.00) ON CONFLICT (pos_code) DO NOTHING;
INSERT INTO menu_items (id, name, sale_price, is_set_menu) VALUES ('M9643', 'FinLaggan 58', 5620000.0, false) ON CONFLICT (id) DO NOTHING;
INSERT INTO recipes (menu_item_id, ingredient_id, qty_net, yield_pct, recipe_uom) VALUES ('M9643', 'M9643', 1.0000, 100.00, 'BOTTLE') ON CONFLICT (menu_item_id, ingredient_id) DO NOTHING;
INSERT INTO pos_alias_map (pos_code, menu_item_id, confidence) VALUES ('M9643', 'M9643', 100.00) ON CONFLICT (pos_code) DO NOTHING;
INSERT INTO menu_items (id, name, sale_price, is_set_menu) VALUES ('M9644', 'Liqueur Bols Cherry Brandy 70cl', 1250000.0, false) ON CONFLICT (id) DO NOTHING;
INSERT INTO recipes (menu_item_id, ingredient_id, qty_net, yield_pct, recipe_uom) VALUES ('M9644', 'M9644', 1.0000, 100.00, 'BOTTLE') ON CONFLICT (menu_item_id, ingredient_id) DO NOTHING;
INSERT INTO pos_alias_map (pos_code, menu_item_id, confidence) VALUES ('M9644', 'M9644', 100.00) ON CONFLICT (pos_code) DO NOTHING;
INSERT INTO menu_items (id, name, sale_price, is_set_menu) VALUES ('M9645', 'Liqueur D.O.M Benedictine 70cl', 2620000.0, false) ON CONFLICT (id) DO NOTHING;
INSERT INTO recipes (menu_item_id, ingredient_id, qty_net, yield_pct, recipe_uom) VALUES ('M9645', 'M9645', 1.0000, 100.00, 'BOTTLE') ON CONFLICT (menu_item_id, ingredient_id) DO NOTHING;
INSERT INTO pos_alias_map (pos_code, menu_item_id, confidence) VALUES ('M9645', 'M9645', 100.00) ON CONFLICT (pos_code) DO NOTHING;
INSERT INTO menu_items (id, name, sale_price, is_set_menu) VALUES ('M9702', 'Bacardi Light', 600000.0, false) ON CONFLICT (id) DO NOTHING;
INSERT INTO recipes (menu_item_id, ingredient_id, qty_net, yield_pct, recipe_uom) VALUES ('M9702', 'M9702', 1.0000, 100.00, 'BOTTLE') ON CONFLICT (menu_item_id, ingredient_id) DO NOTHING;
INSERT INTO pos_alias_map (pos_code, menu_item_id, confidence) VALUES ('M9702', 'M9702', 100.00) ON CONFLICT (pos_code) DO NOTHING;
INSERT INTO menu_items (id, name, sale_price, is_set_menu) VALUES ('M9705', 'Tequila light', 900000.0, false) ON CONFLICT (id) DO NOTHING;
INSERT INTO recipes (menu_item_id, ingredient_id, qty_net, yield_pct, recipe_uom) VALUES ('M9705', 'M9705', 1.0000, 100.00, 'BOTTLE') ON CONFLICT (menu_item_id, ingredient_id) DO NOTHING;
INSERT INTO pos_alias_map (pos_code, menu_item_id, confidence) VALUES ('M9705', 'M9705', 100.00) ON CONFLICT (pos_code) DO NOTHING;
INSERT INTO menu_items (id, name, sale_price, is_set_menu) VALUES ('M9801', 'Creme de cassic (Triple Sec)', 710000.0, false) ON CONFLICT (id) DO NOTHING;
INSERT INTO recipes (menu_item_id, ingredient_id, qty_net, yield_pct, recipe_uom) VALUES ('M9801', 'M9801', 1.0000, 100.00, 'BOTTLE') ON CONFLICT (menu_item_id, ingredient_id) DO NOTHING;
INSERT INTO pos_alias_map (pos_code, menu_item_id, confidence) VALUES ('M9801', 'M9801', 100.00) ON CONFLICT (pos_code) DO NOTHING;
INSERT INTO menu_items (id, name, sale_price, is_set_menu) VALUES ('M9802', 'Chabot Napoleon Special Reserve Armagnac', 2000000.0, false) ON CONFLICT (id) DO NOTHING;
INSERT INTO recipes (menu_item_id, ingredient_id, qty_net, yield_pct, recipe_uom) VALUES ('M9802', 'M9802', 1.0000, 100.00, 'BOTTLE') ON CONFLICT (menu_item_id, ingredient_id) DO NOTHING;
INSERT INTO pos_alias_map (pos_code, menu_item_id, confidence) VALUES ('M9802', 'M9802', 100.00) ON CONFLICT (pos_code) DO NOTHING;
INSERT INTO menu_items (id, name, sale_price, is_set_menu) VALUES ('M98021', 'Armagnac bottle', 2000000.0, false) ON CONFLICT (id) DO NOTHING;
INSERT INTO recipes (menu_item_id, ingredient_id, qty_net, yield_pct, recipe_uom) VALUES ('M98021', 'M98021', 1.0000, 100.00, 'BOTTLE') ON CONFLICT (menu_item_id, ingredient_id) DO NOTHING;
INSERT INTO pos_alias_map (pos_code, menu_item_id, confidence) VALUES ('M98021', 'M98021', 100.00) ON CONFLICT (pos_code) DO NOTHING;
INSERT INTO menu_items (id, name, sale_price, is_set_menu) VALUES ('M9803', 'Framboise', 2600000.0, false) ON CONFLICT (id) DO NOTHING;
INSERT INTO recipes (menu_item_id, ingredient_id, qty_net, yield_pct, recipe_uom) VALUES ('M9803', 'M9803', 1.0000, 100.00, 'BOTTLE') ON CONFLICT (menu_item_id, ingredient_id) DO NOTHING;
INSERT INTO pos_alias_map (pos_code, menu_item_id, confidence) VALUES ('M9803', 'M9803', 100.00) ON CONFLICT (pos_code) DO NOTHING;
INSERT INTO menu_items (id, name, sale_price, is_set_menu) VALUES ('M9804', 'Mirabelle (Massenez Wild Raspberry)', 1990000.0, false) ON CONFLICT (id) DO NOTHING;
INSERT INTO recipes (menu_item_id, ingredient_id, qty_net, yield_pct, recipe_uom) VALUES ('M9804', 'M9804', 1.0000, 100.00, 'BOTTLE') ON CONFLICT (menu_item_id, ingredient_id) DO NOTHING;
INSERT INTO pos_alias_map (pos_code, menu_item_id, confidence) VALUES ('M9804', 'M9804', 100.00) ON CONFLICT (pos_code) DO NOTHING;
INSERT INTO menu_items (id, name, sale_price, is_set_menu) VALUES ('M9805', 'Massenez Poire Williams', 3410000.0, false) ON CONFLICT (id) DO NOTHING;
INSERT INTO recipes (menu_item_id, ingredient_id, qty_net, yield_pct, recipe_uom) VALUES ('M9805', 'M9805', 1.0000, 100.00, 'BOTTLE') ON CONFLICT (menu_item_id, ingredient_id) DO NOTHING;
INSERT INTO pos_alias_map (pos_code, menu_item_id, confidence) VALUES ('M9805', 'M9805', 100.00) ON CONFLICT (pos_code) DO NOTHING;
INSERT INTO menu_items (id, name, sale_price, is_set_menu) VALUES ('M9806', 'Parisiennes Napoleon X.O 70cl', 500000.0, false) ON CONFLICT (id) DO NOTHING;
INSERT INTO recipes (menu_item_id, ingredient_id, qty_net, yield_pct, recipe_uom) VALUES ('M9806', 'M9806', 1.0000, 100.00, 'BOTTLE') ON CONFLICT (menu_item_id, ingredient_id) DO NOTHING;
INSERT INTO pos_alias_map (pos_code, menu_item_id, confidence) VALUES ('M9806', 'M9806', 100.00) ON CONFLICT (pos_code) DO NOTHING;
INSERT INTO menu_items (id, name, sale_price, is_set_menu) VALUES ('M9808', 'Hennessy VSOP 0.7 liter', 2380000.0, false) ON CONFLICT (id) DO NOTHING;
INSERT INTO recipes (menu_item_id, ingredient_id, qty_net, yield_pct, recipe_uom) VALUES ('M9808', 'M9808', 1.0000, 100.00, 'BOTTLE') ON CONFLICT (menu_item_id, ingredient_id) DO NOTHING;
INSERT INTO pos_alias_map (pos_code, menu_item_id, confidence) VALUES ('M9808', 'M9808', 100.00) ON CONFLICT (pos_code) DO NOTHING;
INSERT INTO menu_items (id, name, sale_price, is_set_menu) VALUES ('M9809', 'Hennessy XO', 9250000.0, false) ON CONFLICT (id) DO NOTHING;
INSERT INTO recipes (menu_item_id, ingredient_id, qty_net, yield_pct, recipe_uom) VALUES ('M9809', 'M9809', 1.0000, 100.00, 'BOTTLE') ON CONFLICT (menu_item_id, ingredient_id) DO NOTHING;
INSERT INTO pos_alias_map (pos_code, menu_item_id, confidence) VALUES ('M9809', 'M9809', 100.00) ON CONFLICT (pos_code) DO NOTHING;
INSERT INTO menu_items (id, name, sale_price, is_set_menu) VALUES ('M9812', 'Remy Martin VSOP', 2300000.0, false) ON CONFLICT (id) DO NOTHING;
INSERT INTO recipes (menu_item_id, ingredient_id, qty_net, yield_pct, recipe_uom) VALUES ('M9812', 'M9812', 1.0000, 100.00, 'BOTTLE') ON CONFLICT (menu_item_id, ingredient_id) DO NOTHING;
INSERT INTO pos_alias_map (pos_code, menu_item_id, confidence) VALUES ('M9812', 'M9812', 100.00) ON CONFLICT (pos_code) DO NOTHING;
INSERT INTO menu_items (id, name, sale_price, is_set_menu) VALUES ('NLP004', 'Trà olong  Tam Châu 100g', 190000.0, false) ON CONFLICT (id) DO NOTHING;
INSERT INTO recipes (menu_item_id, ingredient_id, qty_net, yield_pct, recipe_uom) VALUES ('NLP004', 'NLP004', 1.0000, 100.00, 'BAG') ON CONFLICT (menu_item_id, ingredient_id) DO NOTHING;
INSERT INTO pos_alias_map (pos_code, menu_item_id, confidence) VALUES ('NLP004', 'NLP004', 100.00) ON CONFLICT (pos_code) DO NOTHING;
INSERT INTO menu_items (id, name, sale_price, is_set_menu) VALUES ('NLP3021', 'Sữa tươi TH True Milk Nguyên chất 1L', 80000.0, false) ON CONFLICT (id) DO NOTHING;
INSERT INTO recipes (menu_item_id, ingredient_id, qty_net, yield_pct, recipe_uom) VALUES ('NLP3021', 'NLP3021', 1.0000, 100.00, 'BOX') ON CONFLICT (menu_item_id, ingredient_id) DO NOTHING;
INSERT INTO pos_alias_map (pos_code, menu_item_id, confidence) VALUES ('NLP3021', 'NLP3021', 100.00) ON CONFLICT (pos_code) DO NOTHING;
INSERT INTO menu_items (id, name, sale_price, is_set_menu) VALUES ('NLP30251', 'Đường nước Hàn Quốc', 60000.0, false) ON CONFLICT (id) DO NOTHING;
INSERT INTO recipes (menu_item_id, ingredient_id, qty_net, yield_pct, recipe_uom) VALUES ('NLP30251', 'NLP30251', 1.0000, 100.00, 'KG') ON CONFLICT (menu_item_id, ingredient_id) DO NOTHING;
INSERT INTO pos_alias_map (pos_code, menu_item_id, confidence) VALUES ('NLP30251', 'NLP30251', 100.00) ON CONFLICT (pos_code) DO NOTHING;
INSERT INTO menu_items (id, name, sale_price, is_set_menu) VALUES ('NLP600351', 'Chè mạn', 420000.0, false) ON CONFLICT (id) DO NOTHING;
INSERT INTO recipes (menu_item_id, ingredient_id, qty_net, yield_pct, recipe_uom) VALUES ('NLP600351', 'NLP600351', 1.0000, 100.00, 'KG') ON CONFLICT (menu_item_id, ingredient_id) DO NOTHING;
INSERT INTO pos_alias_map (pos_code, menu_item_id, confidence) VALUES ('NLP600351', 'NLP600351', 100.00) ON CONFLICT (pos_code) DO NOTHING;
INSERT INTO menu_items (id, name, sale_price, is_set_menu) VALUES ('NLP60038', 'Chanh leo', 80000.0, false) ON CONFLICT (id) DO NOTHING;
INSERT INTO recipes (menu_item_id, ingredient_id, qty_net, yield_pct, recipe_uom) VALUES ('NLP60038', 'NLP60038', 1.0000, 100.00, 'KG') ON CONFLICT (menu_item_id, ingredient_id) DO NOTHING;
INSERT INTO pos_alias_map (pos_code, menu_item_id, confidence) VALUES ('NLP60038', 'NLP60038', 100.00) ON CONFLICT (pos_code) DO NOTHING;
INSERT INTO menu_items (id, name, sale_price, is_set_menu) VALUES ('NLP60057', 'Cà rốt tươi', 40000.0, false) ON CONFLICT (id) DO NOTHING;
INSERT INTO recipes (menu_item_id, ingredient_id, qty_net, yield_pct, recipe_uom) VALUES ('NLP60057', 'NLP60057', 1.0000, 100.00, 'KG') ON CONFLICT (menu_item_id, ingredient_id) DO NOTHING;
INSERT INTO pos_alias_map (pos_code, menu_item_id, confidence) VALUES ('NLP60057', 'NLP60057', 100.00) ON CONFLICT (pos_code) DO NOTHING;
INSERT INTO menu_items (id, name, sale_price, is_set_menu) VALUES ('NLP60058', 'Gừng tươi', 100000.0, false) ON CONFLICT (id) DO NOTHING;
INSERT INTO recipes (menu_item_id, ingredient_id, qty_net, yield_pct, recipe_uom) VALUES ('NLP60058', 'NLP60058', 1.0000, 100.00, 'KG') ON CONFLICT (menu_item_id, ingredient_id) DO NOTHING;
INSERT INTO pos_alias_map (pos_code, menu_item_id, confidence) VALUES ('NLP60058', 'NLP60058', 100.00) ON CONFLICT (pos_code) DO NOTHING;
INSERT INTO menu_items (id, name, sale_price, is_set_menu) VALUES ('NLP60059', 'Bạc hà tươi', 120000.0, false) ON CONFLICT (id) DO NOTHING;
INSERT INTO recipes (menu_item_id, ingredient_id, qty_net, yield_pct, recipe_uom) VALUES ('NLP60059', 'NLP60059', 1.0000, 100.00, 'KG') ON CONFLICT (menu_item_id, ingredient_id) DO NOTHING;
INSERT INTO pos_alias_map (pos_code, menu_item_id, confidence) VALUES ('NLP60059', 'NLP60059', 100.00) ON CONFLICT (pos_code) DO NOTHING;
INSERT INTO menu_items (id, name, sale_price, is_set_menu) VALUES ('NLP60061', 'Dưa chuột tươi', 40000.0, false) ON CONFLICT (id) DO NOTHING;
INSERT INTO recipes (menu_item_id, ingredient_id, qty_net, yield_pct, recipe_uom) VALUES ('NLP60061', 'NLP60061', 1.0000, 100.00, 'KG') ON CONFLICT (menu_item_id, ingredient_id) DO NOTHING;
INSERT INTO pos_alias_map (pos_code, menu_item_id, confidence) VALUES ('NLP60061', 'NLP60061', 100.00) ON CONFLICT (pos_code) DO NOTHING;
INSERT INTO menu_items (id, name, sale_price, is_set_menu) VALUES ('NLP9001', 'Cafe hương chồn 500g', 380000.0, false) ON CONFLICT (id) DO NOTHING;
INSERT INTO recipes (menu_item_id, ingredient_id, qty_net, yield_pct, recipe_uom) VALUES ('NLP9001', 'NLP9001', 1.0000, 100.00, 'KG') ON CONFLICT (menu_item_id, ingredient_id) DO NOTHING;
INSERT INTO pos_alias_map (pos_code, menu_item_id, confidence) VALUES ('NLP9001', 'NLP9001', 100.00) ON CONFLICT (pos_code) DO NOTHING;
INSERT INTO menu_items (id, name, sale_price, is_set_menu) VALUES ('NLP9002', 'Cafe season 500g/ túi', 500000.0, false) ON CONFLICT (id) DO NOTHING;
INSERT INTO recipes (menu_item_id, ingredient_id, qty_net, yield_pct, recipe_uom) VALUES ('NLP9002', 'NLP9002', 1.0000, 100.00, 'KG') ON CONFLICT (menu_item_id, ingredient_id) DO NOTHING;
INSERT INTO pos_alias_map (pos_code, menu_item_id, confidence) VALUES ('NLP9002', 'NLP9002', 100.00) ON CONFLICT (pos_code) DO NOTHING;
INSERT INTO menu_items (id, name, sale_price, is_set_menu) VALUES ('NLP90023', 'Cafe hạt Javador 73 Italya', 770000.0, false) ON CONFLICT (id) DO NOTHING;
INSERT INTO recipes (menu_item_id, ingredient_id, qty_net, yield_pct, recipe_uom) VALUES ('NLP90023', 'NLP90023', 1.0000, 100.00, 'KG') ON CONFLICT (menu_item_id, ingredient_id) DO NOTHING;
INSERT INTO pos_alias_map (pos_code, menu_item_id, confidence) VALUES ('NLP90023', 'NLP90023', 100.00) ON CONFLICT (pos_code) DO NOTHING;
INSERT INTO menu_items (id, name, sale_price, is_set_menu) VALUES ('NLP9003', 'Trà lipton túi lọc (25g/h)', 90000.0, false) ON CONFLICT (id) DO NOTHING;
INSERT INTO recipes (menu_item_id, ingredient_id, qty_net, yield_pct, recipe_uom) VALUES ('NLP9003', 'NLP9003', 1.0000, 100.00, 'BOX') ON CONFLICT (menu_item_id, ingredient_id) DO NOTHING;
INSERT INTO pos_alias_map (pos_code, menu_item_id, confidence) VALUES ('NLP9003', 'NLP9003', 100.00) ON CONFLICT (pos_code) DO NOTHING;
INSERT INTO menu_items (id, name, sale_price, is_set_menu) VALUES ('NLP9004', 'Trà Kim Anh (sen, nhài)', 60000.0, false) ON CONFLICT (id) DO NOTHING;
INSERT INTO recipes (menu_item_id, ingredient_id, qty_net, yield_pct, recipe_uom) VALUES ('NLP9004', 'NLP9004', 1.0000, 100.00, 'BOX') ON CONFLICT (menu_item_id, ingredient_id) DO NOTHING;
INSERT INTO pos_alias_map (pos_code, menu_item_id, confidence) VALUES ('NLP9004', 'NLP9004', 100.00) ON CONFLICT (pos_code) DO NOTHING;
INSERT INTO menu_items (id, name, sale_price, is_set_menu) VALUES ('NLP9005', 'Đường que', 30000.0, false) ON CONFLICT (id) DO NOTHING;
INSERT INTO recipes (menu_item_id, ingredient_id, qty_net, yield_pct, recipe_uom) VALUES ('NLP9005', 'NLP9005', 1.0000, 100.00, 'PACK') ON CONFLICT (menu_item_id, ingredient_id) DO NOTHING;
INSERT INTO pos_alias_map (pos_code, menu_item_id, confidence) VALUES ('NLP9005', 'NLP9005', 100.00) ON CONFLICT (pos_code) DO NOTHING;
INSERT INTO menu_items (id, name, sale_price, is_set_menu) VALUES ('NLP9006', 'Sữa đặc', 40000.0, false) ON CONFLICT (id) DO NOTHING;
INSERT INTO recipes (menu_item_id, ingredient_id, qty_net, yield_pct, recipe_uom) VALUES ('NLP9006', 'NLP9006', 1.0000, 100.00, 'BOX') ON CONFLICT (menu_item_id, ingredient_id) DO NOTHING;
INSERT INTO pos_alias_map (pos_code, menu_item_id, confidence) VALUES ('NLP9006', 'NLP9006', 100.00) ON CONFLICT (pos_code) DO NOTHING;
INSERT INTO menu_items (id, name, sale_price, is_set_menu) VALUES ('NLP9020', 'Trà gừng', 100000.0, false) ON CONFLICT (id) DO NOTHING;
INSERT INTO recipes (menu_item_id, ingredient_id, qty_net, yield_pct, recipe_uom) VALUES ('NLP9020', 'NLP9020', 1.0000, 100.00, 'BOX') ON CONFLICT (menu_item_id, ingredient_id) DO NOTHING;
INSERT INTO pos_alias_map (pos_code, menu_item_id, confidence) VALUES ('NLP9020', 'NLP9020', 100.00) ON CONFLICT (pos_code) DO NOTHING;
INSERT INTO menu_items (id, name, sale_price, is_set_menu) VALUES ('NLP9024', 'Trà Eargrey', 110000.0, false) ON CONFLICT (id) DO NOTHING;
INSERT INTO recipes (menu_item_id, ingredient_id, qty_net, yield_pct, recipe_uom) VALUES ('NLP9024', 'NLP9024', 1.0000, 100.00, 'BOX') ON CONFLICT (menu_item_id, ingredient_id) DO NOTHING;
INSERT INTO pos_alias_map (pos_code, menu_item_id, confidence) VALUES ('NLP9024', 'NLP9024', 100.00) ON CONFLICT (pos_code) DO NOTHING;
INSERT INTO menu_items (id, name, sale_price, is_set_menu) VALUES ('NLP9026', 'Trà hoa cúc', 280000.0, false) ON CONFLICT (id) DO NOTHING;
INSERT INTO recipes (menu_item_id, ingredient_id, qty_net, yield_pct, recipe_uom) VALUES ('NLP9026', 'NLP9026', 1.0000, 100.00, 'BOX') ON CONFLICT (menu_item_id, ingredient_id) DO NOTHING;
INSERT INTO pos_alias_map (pos_code, menu_item_id, confidence) VALUES ('NLP9026', 'NLP9026', 100.00) ON CONFLICT (pos_code) DO NOTHING;
INSERT INTO menu_items (id, name, sale_price, is_set_menu) VALUES ('PKG-001', 'Cốc giấy mang về 270ml', 0.0, false) ON CONFLICT (id) DO NOTHING;
INSERT INTO recipes (menu_item_id, ingredient_id, qty_net, yield_pct, recipe_uom) VALUES ('PKG-001', 'PKG-001', 1.0000, 100.00, 'PIECE') ON CONFLICT (menu_item_id, ingredient_id) DO NOTHING;
INSERT INTO pos_alias_map (pos_code, menu_item_id, confidence) VALUES ('PKG-001', 'PKG-001', 100.00) ON CONFLICT (pos_code) DO NOTHING;
INSERT INTO ingredient_departments (ingredient_id, department, usage_context, is_primary) VALUES ('PKG-001', 'BAR', 'BEVERAGE', true) ON CONFLICT (ingredient_id, department) DO NOTHING;
INSERT INTO menu_items (id, name, sale_price, is_set_menu) VALUES ('PKG-002', 'Nắp cốc mang về', 0.0, false) ON CONFLICT (id) DO NOTHING;
INSERT INTO recipes (menu_item_id, ingredient_id, qty_net, yield_pct, recipe_uom) VALUES ('PKG-002', 'PKG-002', 1.0000, 100.00, 'PIECE') ON CONFLICT (menu_item_id, ingredient_id) DO NOTHING;
INSERT INTO pos_alias_map (pos_code, menu_item_id, confidence) VALUES ('PKG-002', 'PKG-002', 100.00) ON CONFLICT (pos_code) DO NOTHING;
INSERT INTO ingredient_departments (ingredient_id, department, usage_context, is_primary) VALUES ('PKG-002', 'BAR', 'BEVERAGE', true) ON CONFLICT (ingredient_id, department) DO NOTHING;
INSERT INTO menu_items (id, name, sale_price, is_set_menu) VALUES ('PKG-003', 'Ống hút giấy', 0.0, false) ON CONFLICT (id) DO NOTHING;
INSERT INTO recipes (menu_item_id, ingredient_id, qty_net, yield_pct, recipe_uom) VALUES ('PKG-003', 'PKG-003', 1.0000, 100.00, 'PIECE') ON CONFLICT (menu_item_id, ingredient_id) DO NOTHING;
INSERT INTO pos_alias_map (pos_code, menu_item_id, confidence) VALUES ('PKG-003', 'PKG-003', 100.00) ON CONFLICT (pos_code) DO NOTHING;
INSERT INTO ingredient_departments (ingredient_id, department, usage_context, is_primary) VALUES ('PKG-003', 'BAR', 'BEVERAGE', true) ON CONFLICT (ingredient_id, department) DO NOTHING;
INSERT INTO menu_items (id, name, sale_price, is_set_menu) VALUES ('PKG-004', 'Túi giấy mang về', 0.0, false) ON CONFLICT (id) DO NOTHING;
INSERT INTO recipes (menu_item_id, ingredient_id, qty_net, yield_pct, recipe_uom) VALUES ('PKG-004', 'PKG-004', 1.0000, 100.00, 'PIECE') ON CONFLICT (menu_item_id, ingredient_id) DO NOTHING;
INSERT INTO pos_alias_map (pos_code, menu_item_id, confidence) VALUES ('PKG-004', 'PKG-004', 100.00) ON CONFLICT (pos_code) DO NOTHING;
INSERT INTO ingredient_departments (ingredient_id, department, usage_context, is_primary) VALUES ('PKG-004', 'BAR', 'BEVERAGE', true) ON CONFLICT (ingredient_id, department) DO NOTHING;
INSERT INTO menu_items (id, name, sale_price, is_set_menu) VALUES ('S1003', 'Grenadine (Siro Lựu)', 500000.0, false) ON CONFLICT (id) DO NOTHING;
INSERT INTO recipes (menu_item_id, ingredient_id, qty_net, yield_pct, recipe_uom) VALUES ('S1003', 'S1003', 1.0000, 100.00, 'BOTTLE') ON CONFLICT (menu_item_id, ingredient_id) DO NOTHING;
INSERT INTO pos_alias_map (pos_code, menu_item_id, confidence) VALUES ('S1003', 'S1003', 100.00) ON CONFLICT (pos_code) DO NOTHING;
INSERT INTO menu_items (id, name, sale_price, is_set_menu) VALUES ('S1004', 'Syrup - Pineapple 70cl', 650000.0, false) ON CONFLICT (id) DO NOTHING;
INSERT INTO recipes (menu_item_id, ingredient_id, qty_net, yield_pct, recipe_uom) VALUES ('S1004', 'S1004', 1.0000, 100.00, 'BOTTLE') ON CONFLICT (menu_item_id, ingredient_id) DO NOTHING;
INSERT INTO pos_alias_map (pos_code, menu_item_id, confidence) VALUES ('S1004', 'S1004', 100.00) ON CONFLICT (pos_code) DO NOTHING;
INSERT INTO pos_alias_map (pos_code, menu_item_id, confidence) VALUES ('V1001', 'V1001', 100.00) ON CONFLICT (pos_code) DO NOTHING;
INSERT INTO menu_items (id, name, sale_price, is_set_menu) VALUES ('V1008', 'La Palma Cabernet Sauvignon 37.5cl, Chile', 310000.0, false) ON CONFLICT (id) DO NOTHING;
INSERT INTO recipes (menu_item_id, ingredient_id, qty_net, yield_pct, recipe_uom) VALUES ('V1008', 'V1008', 1.0000, 100.00, 'BOTTLE') ON CONFLICT (menu_item_id, ingredient_id) DO NOTHING;
INSERT INTO pos_alias_map (pos_code, menu_item_id, confidence) VALUES ('V1008', 'V1008', 100.00) ON CONFLICT (pos_code) DO NOTHING;
INSERT INTO recipes (menu_item_id, ingredient_id, qty_net, yield_pct, recipe_uom) VALUES ('V2001', 'V2001', 1.0000, 100.00, 'BOTTLE') ON CONFLICT (menu_item_id, ingredient_id) DO NOTHING;
INSERT INTO pos_alias_map (pos_code, menu_item_id, confidence) VALUES ('V2001', 'V2001', 100.00) ON CONFLICT (pos_code) DO NOTHING;
INSERT INTO pos_alias_map (pos_code, menu_item_id, confidence) VALUES ('V2002', 'V2002', 100.00) ON CONFLICT (pos_code) DO NOTHING;
INSERT INTO menu_items (id, name, sale_price, is_set_menu) VALUES ('V2006', 'Champagne Taittinger Brut Reserve NV, France', 3390000.0, false) ON CONFLICT (id) DO NOTHING;
INSERT INTO recipes (menu_item_id, ingredient_id, qty_net, yield_pct, recipe_uom) VALUES ('V2006', 'V2006', 1.0000, 100.00, 'BOTTLE') ON CONFLICT (menu_item_id, ingredient_id) DO NOTHING;
INSERT INTO pos_alias_map (pos_code, menu_item_id, confidence) VALUES ('V2006', 'V2006', 100.00) ON CONFLICT (pos_code) DO NOTHING;
INSERT INTO menu_items (id, name, sale_price, is_set_menu) VALUES ('V2009', 'Champagne Moët & Chandon', 2990000.0, false) ON CONFLICT (id) DO NOTHING;
INSERT INTO recipes (menu_item_id, ingredient_id, qty_net, yield_pct, recipe_uom) VALUES ('V2009', 'V2009', 1.0000, 100.00, 'BOTTLE') ON CONFLICT (menu_item_id, ingredient_id) DO NOTHING;
INSERT INTO pos_alias_map (pos_code, menu_item_id, confidence) VALUES ('V2009', 'V2009', 100.00) ON CONFLICT (pos_code) DO NOTHING;
INSERT INTO menu_items (id, name, sale_price, is_set_menu) VALUES ('V2015', 'Chanoine Frères Brut NV (Champagne AOC — France)', 2720000.0, false) ON CONFLICT (id) DO NOTHING;
INSERT INTO recipes (menu_item_id, ingredient_id, qty_net, yield_pct, recipe_uom) VALUES ('V2015', 'V2015', 1.0000, 100.00, 'BOTTLE') ON CONFLICT (menu_item_id, ingredient_id) DO NOTHING;
INSERT INTO pos_alias_map (pos_code, menu_item_id, confidence) VALUES ('V2015', 'V2015', 100.00) ON CONFLICT (pos_code) DO NOTHING;
INSERT INTO menu_items (id, name, sale_price, is_set_menu) VALUES ('V2016', 'Jean-Noël Haton Cuvée Classic Brut NV ( Champagne AOC, Damery)', 3580000.0, false) ON CONFLICT (id) DO NOTHING;
INSERT INTO recipes (menu_item_id, ingredient_id, qty_net, yield_pct, recipe_uom) VALUES ('V2016', 'V2016', 1.0000, 100.00, 'BOTTLE') ON CONFLICT (menu_item_id, ingredient_id) DO NOTHING;
INSERT INTO pos_alias_map (pos_code, menu_item_id, confidence) VALUES ('V2016', 'V2016', 100.00) ON CONFLICT (pos_code) DO NOTHING;
INSERT INTO menu_items (id, name, sale_price, is_set_menu) VALUES ('V2018', 'Crémant de Bourgogne Brut Vignerons de Buxy, Chardonnay, Aligoté, Gamay', 1780000.0, false) ON CONFLICT (id) DO NOTHING;
INSERT INTO recipes (menu_item_id, ingredient_id, qty_net, yield_pct, recipe_uom) VALUES ('V2018', 'V2018', 1.0000, 100.00, 'BOTTLE') ON CONFLICT (menu_item_id, ingredient_id) DO NOTHING;
INSERT INTO pos_alias_map (pos_code, menu_item_id, confidence) VALUES ('V2018', 'V2018', 100.00) ON CONFLICT (pos_code) DO NOTHING;
INSERT INTO menu_items (id, name, sale_price, is_set_menu) VALUES ('V3002', 'Baron Philippe de Rothschild, Mouton Cadet Réserve, Sauternes Half Bottle, France', 1335000.0, false) ON CONFLICT (id) DO NOTHING;
INSERT INTO recipes (menu_item_id, ingredient_id, qty_net, yield_pct, recipe_uom) VALUES ('V3002', 'V3002', 1.0000, 100.00, 'BOTTLE') ON CONFLICT (menu_item_id, ingredient_id) DO NOTHING;
INSERT INTO pos_alias_map (pos_code, menu_item_id, confidence) VALUES ('V3002', 'V3002', 100.00) ON CONFLICT (pos_code) DO NOTHING;
INSERT INTO menu_items (id, name, sale_price, is_set_menu) VALUES ('V3003', 'Baron Philippe de Rothschild, Mouton Cadet Réserve, Sauternes full  Bottle, France', 2690000.0, false) ON CONFLICT (id) DO NOTHING;
INSERT INTO recipes (menu_item_id, ingredient_id, qty_net, yield_pct, recipe_uom) VALUES ('V3003', 'V3003', 1.0000, 100.00, 'BOTTLE') ON CONFLICT (menu_item_id, ingredient_id) DO NOTHING;
INSERT INTO pos_alias_map (pos_code, menu_item_id, confidence) VALUES ('V3003', 'V3003', 100.00) ON CONFLICT (pos_code) DO NOTHING;
INSERT INTO menu_items (id, name, sale_price, is_set_menu) VALUES ('V4008', 'M. Chapoutier Belleruche, Côtes du Rhône Rouge', 990000.0, false) ON CONFLICT (id) DO NOTHING;
INSERT INTO recipes (menu_item_id, ingredient_id, qty_net, yield_pct, recipe_uom) VALUES ('V4008', 'V4008', 1.0000, 100.00, 'BOTTLE') ON CONFLICT (menu_item_id, ingredient_id) DO NOTHING;
INSERT INTO pos_alias_map (pos_code, menu_item_id, confidence) VALUES ('V4008', 'V4008', 100.00) ON CONFLICT (pos_code) DO NOTHING;
INSERT INTO menu_items (id, name, sale_price, is_set_menu) VALUES ('V4009', 'Les Hauts de La Gaffeliere, Bordeaux Rouge', 1090000.0, false) ON CONFLICT (id) DO NOTHING;
INSERT INTO recipes (menu_item_id, ingredient_id, qty_net, yield_pct, recipe_uom) VALUES ('V4009', 'V4009', 1.0000, 100.00, 'BOTTLE') ON CONFLICT (menu_item_id, ingredient_id) DO NOTHING;
INSERT INTO pos_alias_map (pos_code, menu_item_id, confidence) VALUES ('V4009', 'V4009', 100.00) ON CONFLICT (pos_code) DO NOTHING;
INSERT INTO menu_items (id, name, sale_price, is_set_menu) VALUES ('V4014', 'Château Noaillac Cru Bourgeois', 1350000.0, false) ON CONFLICT (id) DO NOTHING;
INSERT INTO recipes (menu_item_id, ingredient_id, qty_net, yield_pct, recipe_uom) VALUES ('V4014', 'V4014', 1.0000, 100.00, 'BOTTLE') ON CONFLICT (menu_item_id, ingredient_id) DO NOTHING;
INSERT INTO pos_alias_map (pos_code, menu_item_id, confidence) VALUES ('V4014', 'V4014', 100.00) ON CONFLICT (pos_code) DO NOTHING;
INSERT INTO menu_items (id, name, sale_price, is_set_menu) VALUES ('V4017', 'Château Haut-Rocher Grand Cru', 1890000.0, false) ON CONFLICT (id) DO NOTHING;
INSERT INTO recipes (menu_item_id, ingredient_id, qty_net, yield_pct, recipe_uom) VALUES ('V4017', 'V4017', 1.0000, 100.00, 'BOTTLE') ON CONFLICT (menu_item_id, ingredient_id) DO NOTHING;
INSERT INTO pos_alias_map (pos_code, menu_item_id, confidence) VALUES ('V4017', 'V4017', 100.00) ON CONFLICT (pos_code) DO NOTHING;
INSERT INTO pos_alias_map (pos_code, menu_item_id, confidence) VALUES ('V4045', 'V4045', 100.00) ON CONFLICT (pos_code) DO NOTHING;
INSERT INTO menu_items (id, name, sale_price, is_set_menu) VALUES ('V4062', 'Château Moulin De La Faye', 680000.0, false) ON CONFLICT (id) DO NOTHING;
INSERT INTO recipes (menu_item_id, ingredient_id, qty_net, yield_pct, recipe_uom) VALUES ('V4062', 'V4062', 1.0000, 100.00, 'BOTTLE') ON CONFLICT (menu_item_id, ingredient_id) DO NOTHING;
INSERT INTO pos_alias_map (pos_code, menu_item_id, confidence) VALUES ('V4062', 'V4062', 100.00) ON CONFLICT (pos_code) DO NOTHING;
INSERT INTO menu_items (id, name, sale_price, is_set_menu) VALUES ('V4063', 'Chantecaille Bordeaux AOC Red', 570000.0, false) ON CONFLICT (id) DO NOTHING;
INSERT INTO recipes (menu_item_id, ingredient_id, qty_net, yield_pct, recipe_uom) VALUES ('V4063', 'V4063', 1.0000, 100.00, 'BOTTLE') ON CONFLICT (menu_item_id, ingredient_id) DO NOTHING;
INSERT INTO pos_alias_map (pos_code, menu_item_id, confidence) VALUES ('V4063', 'V4063', 100.00) ON CONFLICT (pos_code) DO NOTHING;
INSERT INTO pos_alias_map (pos_code, menu_item_id, confidence) VALUES ('V4064', 'V4064', 100.00) ON CONFLICT (pos_code) DO NOTHING;
INSERT INTO pos_alias_map (pos_code, menu_item_id, confidence) VALUES ('V4065', 'V4065', 100.00) ON CONFLICT (pos_code) DO NOTHING;
INSERT INTO menu_items (id, name, sale_price, is_set_menu) VALUES ('V4068', 'Nicolas Thienpont, Chateau Puygueraud,(Merlot/Cab Franc/ Malbec) Francs Cotes de Bordeaux', 2170000.0, false) ON CONFLICT (id) DO NOTHING;
INSERT INTO recipes (menu_item_id, ingredient_id, qty_net, yield_pct, recipe_uom) VALUES ('V4068', 'V4068', 1.0000, 100.00, 'BOTTLE') ON CONFLICT (menu_item_id, ingredient_id) DO NOTHING;
INSERT INTO pos_alias_map (pos_code, menu_item_id, confidence) VALUES ('V4068', 'V4068', 100.00) ON CONFLICT (pos_code) DO NOTHING;
INSERT INTO menu_items (id, name, sale_price, is_set_menu) VALUES ('V4069', 'Alain Brumont, Chateau Bouscasse, Madiran - Red', 2200000.0, false) ON CONFLICT (id) DO NOTHING;
INSERT INTO recipes (menu_item_id, ingredient_id, qty_net, yield_pct, recipe_uom) VALUES ('V4069', 'V4069', 1.0000, 100.00, 'BOTTLE') ON CONFLICT (menu_item_id, ingredient_id) DO NOTHING;
INSERT INTO pos_alias_map (pos_code, menu_item_id, confidence) VALUES ('V4069', 'V4069', 100.00) ON CONFLICT (pos_code) DO NOTHING;
INSERT INTO menu_items (id, name, sale_price, is_set_menu) VALUES ('V4071', 'Baron P. de Rothschild Mouton Cadet Reserve Pauillac - Red', 2650000.0, false) ON CONFLICT (id) DO NOTHING;
INSERT INTO recipes (menu_item_id, ingredient_id, qty_net, yield_pct, recipe_uom) VALUES ('V4071', 'V4071', 1.0000, 100.00, 'BOTTLE') ON CONFLICT (menu_item_id, ingredient_id) DO NOTHING;
INSERT INTO pos_alias_map (pos_code, menu_item_id, confidence) VALUES ('V4071', 'V4071', 100.00) ON CONFLICT (pos_code) DO NOTHING;
INSERT INTO menu_items (id, name, sale_price, is_set_menu) VALUES ('V4072', 'Château La Garenne Pomerol - Red', 2950000.0, false) ON CONFLICT (id) DO NOTHING;
INSERT INTO recipes (menu_item_id, ingredient_id, qty_net, yield_pct, recipe_uom) VALUES ('V4072', 'V4072', 1.0000, 100.00, 'BOTTLE') ON CONFLICT (menu_item_id, ingredient_id) DO NOTHING;
INSERT INTO pos_alias_map (pos_code, menu_item_id, confidence) VALUES ('V4072', 'V4072', 100.00) ON CONFLICT (pos_code) DO NOTHING;
INSERT INTO menu_items (id, name, sale_price, is_set_menu) VALUES ('V4074', 'Louis Latour Domaine De Valmoissine - Red', 730000.0, false) ON CONFLICT (id) DO NOTHING;
INSERT INTO recipes (menu_item_id, ingredient_id, qty_net, yield_pct, recipe_uom) VALUES ('V4074', 'V4074', 1.0000, 100.00, 'BOTTLE') ON CONFLICT (menu_item_id, ingredient_id) DO NOTHING;
INSERT INTO pos_alias_map (pos_code, menu_item_id, confidence) VALUES ('V4074', 'V4074', 100.00) ON CONFLICT (pos_code) DO NOTHING;
INSERT INTO pos_alias_map (pos_code, menu_item_id, confidence) VALUES ('V4075', 'V4075', 100.00) ON CONFLICT (pos_code) DO NOTHING;
INSERT INTO menu_items (id, name, sale_price, is_set_menu) VALUES ('V4076', 'Guigal, Cotes du Rhone - Red', 1600000.0, false) ON CONFLICT (id) DO NOTHING;
INSERT INTO recipes (menu_item_id, ingredient_id, qty_net, yield_pct, recipe_uom) VALUES ('V4076', 'V4076', 1.0000, 100.00, 'BOTTLE') ON CONFLICT (menu_item_id, ingredient_id) DO NOTHING;
INSERT INTO pos_alias_map (pos_code, menu_item_id, confidence) VALUES ('V4076', 'V4076', 100.00) ON CONFLICT (pos_code) DO NOTHING;
INSERT INTO menu_items (id, name, sale_price, is_set_menu) VALUES ('V4077', 'Dufouleur Monopole Red Wine Bt', 510000.0, false) ON CONFLICT (id) DO NOTHING;
INSERT INTO recipes (menu_item_id, ingredient_id, qty_net, yield_pct, recipe_uom) VALUES ('V4077', 'V4077', 1.0000, 100.00, 'BOTTLE') ON CONFLICT (menu_item_id, ingredient_id) DO NOTHING;
INSERT INTO pos_alias_map (pos_code, menu_item_id, confidence) VALUES ('V4077', 'V4077', 100.00) ON CONFLICT (pos_code) DO NOTHING;
INSERT INTO recipes (menu_item_id, ingredient_id, qty_net, yield_pct, recipe_uom) VALUES ('V4078', 'V4078', 1.0000, 100.00, 'BOTTLE') ON CONFLICT (menu_item_id, ingredient_id) DO NOTHING;
INSERT INTO pos_alias_map (pos_code, menu_item_id, confidence) VALUES ('V4078', 'V4078', 100.00) ON CONFLICT (pos_code) DO NOTHING;
INSERT INTO menu_items (id, name, sale_price, is_set_menu) VALUES ('V4081', 'Château La Branne Médoc Cru Bourgeois, France', 1610000.0, false) ON CONFLICT (id) DO NOTHING;
INSERT INTO recipes (menu_item_id, ingredient_id, qty_net, yield_pct, recipe_uom) VALUES ('V4081', 'V4081', 1.0000, 100.00, 'BOTTLE') ON CONFLICT (menu_item_id, ingredient_id) DO NOTHING;
INSERT INTO pos_alias_map (pos_code, menu_item_id, confidence) VALUES ('V4081', 'V4081', 100.00) ON CONFLICT (pos_code) DO NOTHING;
INSERT INTO menu_items (id, name, sale_price, is_set_menu) VALUES ('V4082', 'CHÂTEAU HAUT SAINT BRICE (Merlot - Cabernet Franc) Saint-Émilion Grand Cru', 1800000.0, false) ON CONFLICT (id) DO NOTHING;
INSERT INTO recipes (menu_item_id, ingredient_id, qty_net, yield_pct, recipe_uom) VALUES ('V4082', 'V4082', 1.0000, 100.00, 'BOTTLE') ON CONFLICT (menu_item_id, ingredient_id) DO NOTHING;
INSERT INTO pos_alias_map (pos_code, menu_item_id, confidence) VALUES ('V4082', 'V4082', 100.00) ON CONFLICT (pos_code) DO NOTHING;
INSERT INTO menu_items (id, name, sale_price, is_set_menu) VALUES ('V4083', 'CHÂTEAU MONT- PÉRAT (Merlot/Cabernet Franc/Cabernet Sauvignon) Bordeaux', 1960000.0, false) ON CONFLICT (id) DO NOTHING;
INSERT INTO recipes (menu_item_id, ingredient_id, qty_net, yield_pct, recipe_uom) VALUES ('V4083', 'V4083', 1.0000, 100.00, 'BOTTLE') ON CONFLICT (menu_item_id, ingredient_id) DO NOTHING;
INSERT INTO pos_alias_map (pos_code, menu_item_id, confidence) VALUES ('V4083', 'V4083', 100.00) ON CONFLICT (pos_code) DO NOTHING;
INSERT INTO pos_alias_map (pos_code, menu_item_id, confidence) VALUES ('V4088', 'V4088', 100.00) ON CONFLICT (pos_code) DO NOTHING;
INSERT INTO menu_items (id, name, sale_price, is_set_menu) VALUES ('V4089', 'Chateau Haut Mouleyre AOP Bordeaux Rouge', 400000.0, false) ON CONFLICT (id) DO NOTHING;
INSERT INTO recipes (menu_item_id, ingredient_id, qty_net, yield_pct, recipe_uom) VALUES ('V4089', 'V4089', 1.0000, 100.00, 'BOTTLE') ON CONFLICT (menu_item_id, ingredient_id) DO NOTHING;
INSERT INTO pos_alias_map (pos_code, menu_item_id, confidence) VALUES ('V4089', 'V4089', 100.00) ON CONFLICT (pos_code) DO NOTHING;
INSERT INTO menu_items (id, name, sale_price, is_set_menu) VALUES ('V4090', 'M. Chapoutier « Les Meysonniers »Crozes-Hermitage Syrah (organic)', 2350000.0, false) ON CONFLICT (id) DO NOTHING;
INSERT INTO recipes (menu_item_id, ingredient_id, qty_net, yield_pct, recipe_uom) VALUES ('V4090', 'V4090', 1.0000, 100.00, 'BOTTLE') ON CONFLICT (menu_item_id, ingredient_id) DO NOTHING;
INSERT INTO pos_alias_map (pos_code, menu_item_id, confidence) VALUES ('V4090', 'V4090', 100.00) ON CONFLICT (pos_code) DO NOTHING;
INSERT INTO pos_alias_map (pos_code, menu_item_id, confidence) VALUES ('V4091', 'V4091', 100.00) ON CONFLICT (pos_code) DO NOTHING;
INSERT INTO menu_items (id, name, sale_price, is_set_menu) VALUES ('V4092', 'Grand Bateau Bordeaux Rouge (by Beychevelle) (Merlot · CS · AOC)', 980000.0, false) ON CONFLICT (id) DO NOTHING;
INSERT INTO recipes (menu_item_id, ingredient_id, qty_net, yield_pct, recipe_uom) VALUES ('V4092', 'V4092', 1.0000, 100.00, 'BOTTLE') ON CONFLICT (menu_item_id, ingredient_id) DO NOTHING;
INSERT INTO pos_alias_map (pos_code, menu_item_id, confidence) VALUES ('V4092', 'V4092', 100.00) ON CONFLICT (pos_code) DO NOTHING;
INSERT INTO menu_items (id, name, sale_price, is_set_menu) VALUES ('V5004', 'Les Hauts de La Gaffeliere, Bordeaux Blanc', 1090000.0, false) ON CONFLICT (id) DO NOTHING;
INSERT INTO recipes (menu_item_id, ingredient_id, qty_net, yield_pct, recipe_uom) VALUES ('V5004', 'V5004', 1.0000, 100.00, 'BOTTLE') ON CONFLICT (menu_item_id, ingredient_id) DO NOTHING;
INSERT INTO pos_alias_map (pos_code, menu_item_id, confidence) VALUES ('V5004', 'V5004', 100.00) ON CONFLICT (pos_code) DO NOTHING;
INSERT INTO recipes (menu_item_id, ingredient_id, qty_net, yield_pct, recipe_uom) VALUES ('V5008', 'V5008', 1.0000, 100.00, 'BOTTLE') ON CONFLICT (menu_item_id, ingredient_id) DO NOTHING;
INSERT INTO pos_alias_map (pos_code, menu_item_id, confidence) VALUES ('V5008', 'V5008', 100.00) ON CONFLICT (pos_code) DO NOTHING;
INSERT INTO menu_items (id, name, sale_price, is_set_menu) VALUES ('V5027', 'Chantecaille Bordeaux AOC White', 570000.0, false) ON CONFLICT (id) DO NOTHING;
INSERT INTO recipes (menu_item_id, ingredient_id, qty_net, yield_pct, recipe_uom) VALUES ('V5027', 'V5027', 1.0000, 100.00, 'BOTTLE') ON CONFLICT (menu_item_id, ingredient_id) DO NOTHING;
INSERT INTO pos_alias_map (pos_code, menu_item_id, confidence) VALUES ('V5027', 'V5027', 100.00) ON CONFLICT (pos_code) DO NOTHING;
INSERT INTO menu_items (id, name, sale_price, is_set_menu) VALUES ('V5028', 'F. Thienpont Sauvignon Blanc - White', 1060000.0, false) ON CONFLICT (id) DO NOTHING;
INSERT INTO recipes (menu_item_id, ingredient_id, qty_net, yield_pct, recipe_uom) VALUES ('V5028', 'V5028', 1.0000, 100.00, 'BOTTLE') ON CONFLICT (menu_item_id, ingredient_id) DO NOTHING;
INSERT INTO pos_alias_map (pos_code, menu_item_id, confidence) VALUES ('V5028', 'V5028', 100.00) ON CONFLICT (pos_code) DO NOTHING;
INSERT INTO menu_items (id, name, sale_price, is_set_menu) VALUES ('V5029', 'Ronan By Clinet (by Chateau Clinet, Pomerol) Bordauex Blanc - White', 1240000.0, false) ON CONFLICT (id) DO NOTHING;
INSERT INTO recipes (menu_item_id, ingredient_id, qty_net, yield_pct, recipe_uom) VALUES ('V5029', 'V5029', 1.0000, 100.00, 'BOTTLE') ON CONFLICT (menu_item_id, ingredient_id) DO NOTHING;
INSERT INTO pos_alias_map (pos_code, menu_item_id, confidence) VALUES ('V5029', 'V5029', 100.00) ON CONFLICT (pos_code) DO NOTHING;
INSERT INTO menu_items (id, name, sale_price, is_set_menu) VALUES ('V5030', 'Nicolas Thienpont, Chateau Puygueraud,  Francs Cotes de Bordeaux -White', 1980000.0, false) ON CONFLICT (id) DO NOTHING;
INSERT INTO recipes (menu_item_id, ingredient_id, qty_net, yield_pct, recipe_uom) VALUES ('V5030', 'V5030', 1.0000, 100.00, 'BOTTLE') ON CONFLICT (menu_item_id, ingredient_id) DO NOTHING;
INSERT INTO pos_alias_map (pos_code, menu_item_id, confidence) VALUES ('V5030', 'V5030', 100.00) ON CONFLICT (pos_code) DO NOTHING;
INSERT INTO menu_items (id, name, sale_price, is_set_menu) VALUES ('V5032', 'Louis Latour Chablis La Chanfleure, Chardonnay  - White', 1650000.0, false) ON CONFLICT (id) DO NOTHING;
INSERT INTO recipes (menu_item_id, ingredient_id, qty_net, yield_pct, recipe_uom) VALUES ('V5032', 'V5032', 1.0000, 100.00, 'BOTTLE') ON CONFLICT (menu_item_id, ingredient_id) DO NOTHING;
INSERT INTO pos_alias_map (pos_code, menu_item_id, confidence) VALUES ('V5032', 'V5032', 100.00) ON CONFLICT (pos_code) DO NOTHING;
INSERT INTO menu_items (id, name, sale_price, is_set_menu) VALUES ('V5033', 'Louis Latour Pouilly-Fuissé - White', 2010000.0, false) ON CONFLICT (id) DO NOTHING;
INSERT INTO recipes (menu_item_id, ingredient_id, qty_net, yield_pct, recipe_uom) VALUES ('V5033', 'V5033', 1.0000, 100.00, 'BOTTLE') ON CONFLICT (menu_item_id, ingredient_id) DO NOTHING;
INSERT INTO pos_alias_map (pos_code, menu_item_id, confidence) VALUES ('V5033', 'V5033', 100.00) ON CONFLICT (pos_code) DO NOTHING;
INSERT INTO menu_items (id, name, sale_price, is_set_menu) VALUES ('V5034', 'Dufouleur Monopole White wine Bt', 510000.0, false) ON CONFLICT (id) DO NOTHING;
INSERT INTO recipes (menu_item_id, ingredient_id, qty_net, yield_pct, recipe_uom) VALUES ('V5034', 'V5034', 1.0000, 100.00, 'BOTTLE') ON CONFLICT (menu_item_id, ingredient_id) DO NOTHING;
INSERT INTO pos_alias_map (pos_code, menu_item_id, confidence) VALUES ('V5034', 'V5034', 100.00) ON CONFLICT (pos_code) DO NOTHING;
INSERT INTO menu_items (id, name, sale_price, is_set_menu) VALUES ('V5037', 'PASCAL JOLIVET ATTITUDE (Sauvignon Blanc) Loire Valley', 1340000.0, false) ON CONFLICT (id) DO NOTHING;
INSERT INTO recipes (menu_item_id, ingredient_id, qty_net, yield_pct, recipe_uom) VALUES ('V5037', 'V5037', 1.0000, 100.00, 'BOTTLE') ON CONFLICT (menu_item_id, ingredient_id) DO NOTHING;
INSERT INTO pos_alias_map (pos_code, menu_item_id, confidence) VALUES ('V5037', 'V5037', 100.00) ON CONFLICT (pos_code) DO NOTHING;
INSERT INTO menu_items (id, name, sale_price, is_set_menu) VALUES ('V5038', 'Château Baratet, Sauvignon Blanc, France', 480000.0, false) ON CONFLICT (id) DO NOTHING;
INSERT INTO recipes (menu_item_id, ingredient_id, qty_net, yield_pct, recipe_uom) VALUES ('V5038', 'V5038', 1.0000, 100.00, 'BOTTLE') ON CONFLICT (menu_item_id, ingredient_id) DO NOTHING;
INSERT INTO pos_alias_map (pos_code, menu_item_id, confidence) VALUES ('V5038', 'V5038', 100.00) ON CONFLICT (pos_code) DO NOTHING;
INSERT INTO recipes (menu_item_id, ingredient_id, qty_net, yield_pct, recipe_uom) VALUES ('V5039', 'V5039', 1.0000, 100.00, 'BOTTLE') ON CONFLICT (menu_item_id, ingredient_id) DO NOTHING;
INSERT INTO pos_alias_map (pos_code, menu_item_id, confidence) VALUES ('V5039', 'V5039', 100.00) ON CONFLICT (pos_code) DO NOTHING;
INSERT INTO menu_items (id, name, sale_price, is_set_menu) VALUES ('V5040', 'M. Chapoutier « Belleruche » Côtes du Rhône Blanc, Grenache Blanc • Clairette', 1130000.0, false) ON CONFLICT (id) DO NOTHING;
INSERT INTO recipes (menu_item_id, ingredient_id, qty_net, yield_pct, recipe_uom) VALUES ('V5040', 'V5040', 1.0000, 100.00, 'BOTTLE') ON CONFLICT (menu_item_id, ingredient_id) DO NOTHING;
INSERT INTO pos_alias_map (pos_code, menu_item_id, confidence) VALUES ('V5040', 'V5040', 100.00) ON CONFLICT (pos_code) DO NOTHING;
INSERT INTO menu_items (id, name, sale_price, is_set_menu) VALUES ('V5041', 'Bernard Magrez « Le Prélat » Blanc Côtes du Rhône Villages Laudun', 1350000.0, false) ON CONFLICT (id) DO NOTHING;
INSERT INTO recipes (menu_item_id, ingredient_id, qty_net, yield_pct, recipe_uom) VALUES ('V5041', 'V5041', 1.0000, 100.00, 'BOTTLE') ON CONFLICT (menu_item_id, ingredient_id) DO NOTHING;
INSERT INTO pos_alias_map (pos_code, menu_item_id, confidence) VALUES ('V5041', 'V5041', 100.00) ON CONFLICT (pos_code) DO NOTHING;
INSERT INTO menu_items (id, name, sale_price, is_set_menu) VALUES ('V5042', 'M.Chapoutier Domaine des Granges de Mirabel', 1510000.0, false) ON CONFLICT (id) DO NOTHING;
INSERT INTO recipes (menu_item_id, ingredient_id, qty_net, yield_pct, recipe_uom) VALUES ('V5042', 'V5042', 1.0000, 100.00, 'BOTTLE') ON CONFLICT (menu_item_id, ingredient_id) DO NOTHING;
INSERT INTO pos_alias_map (pos_code, menu_item_id, confidence) VALUES ('V5042', 'V5042', 100.00) ON CONFLICT (pos_code) DO NOTHING;
INSERT INTO menu_items (id, name, sale_price, is_set_menu) VALUES ('V5043', 'Gustave Lorentz Gewurztraminer', 1960000.0, false) ON CONFLICT (id) DO NOTHING;
INSERT INTO recipes (menu_item_id, ingredient_id, qty_net, yield_pct, recipe_uom) VALUES ('V5043', 'V5043', 1.0000, 100.00, 'BOTTLE') ON CONFLICT (menu_item_id, ingredient_id) DO NOTHING;
INSERT INTO pos_alias_map (pos_code, menu_item_id, confidence) VALUES ('V5043', 'V5043', 100.00) ON CONFLICT (pos_code) DO NOTHING;
INSERT INTO menu_items (id, name, sale_price, is_set_menu) VALUES ('V6026', 'Marques Casa Cabernet Sauvignon Chile', 1290000.0, false) ON CONFLICT (id) DO NOTHING;
INSERT INTO recipes (menu_item_id, ingredient_id, qty_net, yield_pct, recipe_uom) VALUES ('V6026', 'V6026', 1.0000, 100.00, 'BOTTLE') ON CONFLICT (menu_item_id, ingredient_id) DO NOTHING;
INSERT INTO pos_alias_map (pos_code, menu_item_id, confidence) VALUES ('V6026', 'V6026', 100.00) ON CONFLICT (pos_code) DO NOTHING;
INSERT INTO menu_items (id, name, sale_price, is_set_menu) VALUES ('V60261', 'Concha Y Toro, Marques de Casa Concha Chardonnay, Limari Valley - White Chile', 1610000.0, false) ON CONFLICT (id) DO NOTHING;
INSERT INTO recipes (menu_item_id, ingredient_id, qty_net, yield_pct, recipe_uom) VALUES ('V60261', 'V60261', 1.0000, 100.00, 'BOTTLE') ON CONFLICT (menu_item_id, ingredient_id) DO NOTHING;
INSERT INTO pos_alias_map (pos_code, menu_item_id, confidence) VALUES ('V60261', 'V60261', 100.00) ON CONFLICT (pos_code) DO NOTHING;
INSERT INTO pos_alias_map (pos_code, menu_item_id, confidence) VALUES ('V6027', 'V6027', 100.00) ON CONFLICT (pos_code) DO NOTHING;
INSERT INTO pos_alias_map (pos_code, menu_item_id, confidence) VALUES ('V6034', 'V6034', 100.00) ON CONFLICT (pos_code) DO NOTHING;
INSERT INTO menu_items (id, name, sale_price, is_set_menu) VALUES ('V6035', 'Frontera Sauvignon Blanc 75cl (White)', 490000.0, false) ON CONFLICT (id) DO NOTHING;
INSERT INTO recipes (menu_item_id, ingredient_id, qty_net, yield_pct, recipe_uom) VALUES ('V6035', 'V6035', 1.0000, 100.00, 'BOTTLE') ON CONFLICT (menu_item_id, ingredient_id) DO NOTHING;
INSERT INTO pos_alias_map (pos_code, menu_item_id, confidence) VALUES ('V6035', 'V6035', 100.00) ON CONFLICT (pos_code) DO NOTHING;
INSERT INTO menu_items (id, name, sale_price, is_set_menu) VALUES ('V6049', 'Luis Felipe Red Wine Bottle', 490000.0, false) ON CONFLICT (id) DO NOTHING;
INSERT INTO recipes (menu_item_id, ingredient_id, qty_net, yield_pct, recipe_uom) VALUES ('V6049', 'V6049', 1.0000, 100.00, 'BOTTLE') ON CONFLICT (menu_item_id, ingredient_id) DO NOTHING;
INSERT INTO pos_alias_map (pos_code, menu_item_id, confidence) VALUES ('V6049', 'V6049', 100.00) ON CONFLICT (pos_code) DO NOTHING;
INSERT INTO menu_items (id, name, sale_price, is_set_menu) VALUES ('V6053', 'MIGUEL TORRES, LAS MULAS ORGANIC (Cabernet Sauvignon) Central Valley', 980000.0, false) ON CONFLICT (id) DO NOTHING;
INSERT INTO recipes (menu_item_id, ingredient_id, qty_net, yield_pct, recipe_uom) VALUES ('V6053', 'V6053', 1.0000, 100.00, 'BOTTLE') ON CONFLICT (menu_item_id, ingredient_id) DO NOTHING;
INSERT INTO pos_alias_map (pos_code, menu_item_id, confidence) VALUES ('V6053', 'V6053', 100.00) ON CONFLICT (pos_code) DO NOTHING;
INSERT INTO menu_items (id, name, sale_price, is_set_menu) VALUES ('V6054', 'MIGUEL TORRES, ANDICA RESERVA (Gewurztraminer) Curico Valley', 1120000.0, false) ON CONFLICT (id) DO NOTHING;
INSERT INTO recipes (menu_item_id, ingredient_id, qty_net, yield_pct, recipe_uom) VALUES ('V6054', 'V6054', 1.0000, 100.00, 'BOTTLE') ON CONFLICT (menu_item_id, ingredient_id) DO NOTHING;
INSERT INTO pos_alias_map (pos_code, menu_item_id, confidence) VALUES ('V6054', 'V6054', 100.00) ON CONFLICT (pos_code) DO NOTHING;
INSERT INTO pos_alias_map (pos_code, menu_item_id, confidence) VALUES ('V6056', 'V6056', 100.00) ON CONFLICT (pos_code) DO NOTHING;
INSERT INTO menu_items (id, name, sale_price, is_set_menu) VALUES ('V6057', 'Karku Cabernet Sauvignon ( Red )', 550000.0, false) ON CONFLICT (id) DO NOTHING;
INSERT INTO recipes (menu_item_id, ingredient_id, qty_net, yield_pct, recipe_uom) VALUES ('V6057', 'V6057', 1.0000, 100.00, 'BOTTLE') ON CONFLICT (menu_item_id, ingredient_id) DO NOTHING;
INSERT INTO pos_alias_map (pos_code, menu_item_id, confidence) VALUES ('V6057', 'V6057', 100.00) ON CONFLICT (pos_code) DO NOTHING;
INSERT INTO menu_items (id, name, sale_price, is_set_menu) VALUES ('V6058', 'Karku Sauvignon Blanc- Chile ( White )', 550000.0, false) ON CONFLICT (id) DO NOTHING;
INSERT INTO recipes (menu_item_id, ingredient_id, qty_net, yield_pct, recipe_uom) VALUES ('V6058', 'V6058', 1.0000, 100.00, 'BOTTLE') ON CONFLICT (menu_item_id, ingredient_id) DO NOTHING;
INSERT INTO pos_alias_map (pos_code, menu_item_id, confidence) VALUES ('V6058', 'V6058', 100.00) ON CONFLICT (pos_code) DO NOTHING;
INSERT INTO pos_alias_map (pos_code, menu_item_id, confidence) VALUES ('V6059', 'V6059', 100.00) ON CONFLICT (pos_code) DO NOTHING;
INSERT INTO menu_items (id, name, sale_price, is_set_menu) VALUES ('V6060', 'Cremaschi Furlotti Chardonnay (Valle Central DO — Chile)', 520000.0, false) ON CONFLICT (id) DO NOTHING;
INSERT INTO recipes (menu_item_id, ingredient_id, qty_net, yield_pct, recipe_uom) VALUES ('V6060', 'V6060', 1.0000, 100.00, 'BOTTLE') ON CONFLICT (menu_item_id, ingredient_id) DO NOTHING;
INSERT INTO pos_alias_map (pos_code, menu_item_id, confidence) VALUES ('V6060', 'V6060', 100.00) ON CONFLICT (pos_code) DO NOTHING;
INSERT INTO menu_items (id, name, sale_price, is_set_menu) VALUES ('V6061', 'Cremaschi Furlotti Sauvignon Blanc (Valle Central DO — Chile)', 520000.0, false) ON CONFLICT (id) DO NOTHING;
INSERT INTO recipes (menu_item_id, ingredient_id, qty_net, yield_pct, recipe_uom) VALUES ('V6061', 'V6061', 1.0000, 100.00, 'BOTTLE') ON CONFLICT (menu_item_id, ingredient_id) DO NOTHING;
INSERT INTO pos_alias_map (pos_code, menu_item_id, confidence) VALUES ('V6061', 'V6061', 100.00) ON CONFLICT (pos_code) DO NOTHING;
INSERT INTO menu_items (id, name, sale_price, is_set_menu) VALUES ('V6062', 'Cremaschi Furlotti Cabernet Sauvignon (Valle Central DO — Chile)', 520000.0, false) ON CONFLICT (id) DO NOTHING;
INSERT INTO recipes (menu_item_id, ingredient_id, qty_net, yield_pct, recipe_uom) VALUES ('V6062', 'V6062', 1.0000, 100.00, 'BOTTLE') ON CONFLICT (menu_item_id, ingredient_id) DO NOTHING;
INSERT INTO pos_alias_map (pos_code, menu_item_id, confidence) VALUES ('V6062', 'V6062', 100.00) ON CONFLICT (pos_code) DO NOTHING;
INSERT INTO menu_items (id, name, sale_price, is_set_menu) VALUES ('V6063', 'Montes Alpha Cabernet Sauvignon - Red', 1600000.0, false) ON CONFLICT (id) DO NOTHING;
INSERT INTO recipes (menu_item_id, ingredient_id, qty_net, yield_pct, recipe_uom) VALUES ('V6063', 'V6063', 1.0000, 100.00, 'BOTTLE') ON CONFLICT (menu_item_id, ingredient_id) DO NOTHING;
INSERT INTO pos_alias_map (pos_code, menu_item_id, confidence) VALUES ('V6063', 'V6063', 100.00) ON CONFLICT (pos_code) DO NOTHING;
INSERT INTO menu_items (id, name, sale_price, is_set_menu) VALUES ('V7012', 'F Negroamaro San Marzano Italy Red WIne', 2220000.0, false) ON CONFLICT (id) DO NOTHING;
INSERT INTO recipes (menu_item_id, ingredient_id, qty_net, yield_pct, recipe_uom) VALUES ('V7012', 'V7012', 1.0000, 100.00, 'BOTTLE') ON CONFLICT (menu_item_id, ingredient_id) DO NOTHING;
INSERT INTO pos_alias_map (pos_code, menu_item_id, confidence) VALUES ('V7012', 'V7012', 100.00) ON CONFLICT (pos_code) DO NOTHING;
INSERT INTO menu_items (id, name, sale_price, is_set_menu) VALUES ('V7015', 'Caselletti  Negroamaro Primitivo - Red', 950000.0, false) ON CONFLICT (id) DO NOTHING;
INSERT INTO recipes (menu_item_id, ingredient_id, qty_net, yield_pct, recipe_uom) VALUES ('V7015', 'V7015', 1.0000, 100.00, 'BOTTLE') ON CONFLICT (menu_item_id, ingredient_id) DO NOTHING;
INSERT INTO pos_alias_map (pos_code, menu_item_id, confidence) VALUES ('V7015', 'V7015', 100.00) ON CONFLICT (pos_code) DO NOTHING;
INSERT INTO menu_items (id, name, sale_price, is_set_menu) VALUES ('V7016', 'Talò Primitivo di Manduria « San Marzano »', 1130000.0, false) ON CONFLICT (id) DO NOTHING;
INSERT INTO recipes (menu_item_id, ingredient_id, qty_net, yield_pct, recipe_uom) VALUES ('V7016', 'V7016', 1.0000, 100.00, 'BOTTLE') ON CONFLICT (menu_item_id, ingredient_id) DO NOTHING;
INSERT INTO pos_alias_map (pos_code, menu_item_id, confidence) VALUES ('V7016', 'V7016', 100.00) ON CONFLICT (pos_code) DO NOTHING;
INSERT INTO menu_items (id, name, sale_price, is_set_menu) VALUES ('V8003', 'LE BONHEUR (Cabernet Sauvignon) Stellenbosch', 1480000.0, false) ON CONFLICT (id) DO NOTHING;
INSERT INTO recipes (menu_item_id, ingredient_id, qty_net, yield_pct, recipe_uom) VALUES ('V8003', 'V8003', 1.0000, 100.00, 'BOTTLE') ON CONFLICT (menu_item_id, ingredient_id) DO NOTHING;
INSERT INTO pos_alias_map (pos_code, menu_item_id, confidence) VALUES ('V8003', 'V8003', 100.00) ON CONFLICT (pos_code) DO NOTHING;
INSERT INTO menu_items (id, name, sale_price, is_set_menu) VALUES ('V8004', 'LE BONHEUR, THE EAGLE''S LAIR (Chardonnay) Stellenbosch', 1280000.0, false) ON CONFLICT (id) DO NOTHING;
INSERT INTO recipes (menu_item_id, ingredient_id, qty_net, yield_pct, recipe_uom) VALUES ('V8004', 'V8004', 1.0000, 100.00, 'BOTTLE') ON CONFLICT (menu_item_id, ingredient_id) DO NOTHING;
INSERT INTO pos_alias_map (pos_code, menu_item_id, confidence) VALUES ('V8004', 'V8004', 100.00) ON CONFLICT (pos_code) DO NOTHING;
INSERT INTO menu_items (id, name, sale_price, is_set_menu) VALUES ('V9004', 'Kaiken Estate Sauvignon Blanc–Sémillon', 960000.0, false) ON CONFLICT (id) DO NOTHING;
INSERT INTO recipes (menu_item_id, ingredient_id, qty_net, yield_pct, recipe_uom) VALUES ('V9004', 'V9004', 1.0000, 100.00, 'BOTTLE') ON CONFLICT (menu_item_id, ingredient_id) DO NOTHING;
INSERT INTO pos_alias_map (pos_code, menu_item_id, confidence) VALUES ('V9004', 'V9004', 100.00) ON CONFLICT (pos_code) DO NOTHING;
INSERT INTO menu_items (id, name, sale_price, is_set_menu) VALUES ('V9005', 'Kaiken Estate Malbec, Argentina', 960000.0, false) ON CONFLICT (id) DO NOTHING;
INSERT INTO recipes (menu_item_id, ingredient_id, qty_net, yield_pct, recipe_uom) VALUES ('V9005', 'V9005', 1.0000, 100.00, 'BOTTLE') ON CONFLICT (menu_item_id, ingredient_id) DO NOTHING;
INSERT INTO pos_alias_map (pos_code, menu_item_id, confidence) VALUES ('V9005', 'V9005', 100.00) ON CONFLICT (pos_code) DO NOTHING;
INSERT INTO menu_items (id, name, sale_price, is_set_menu) VALUES ('V9006', 'Kaiken « Ultra » Malbec (Malbec · Uco Valley, Mendoza — Argentina)', 1600000.0, false) ON CONFLICT (id) DO NOTHING;
INSERT INTO recipes (menu_item_id, ingredient_id, qty_net, yield_pct, recipe_uom) VALUES ('V9006', 'V9006', 1.0000, 100.00, 'BOTTLE') ON CONFLICT (menu_item_id, ingredient_id) DO NOTHING;
INSERT INTO pos_alias_map (pos_code, menu_item_id, confidence) VALUES ('V9006', 'V9006', 100.00) ON CONFLICT (pos_code) DO NOTHING;
INSERT INTO ingredient_departments (ingredient_id, department, usage_context, is_primary) VALUES ('V9006', 'BAR', 'BEVERAGE', true) ON CONFLICT (ingredient_id, department) DO NOTHING;
INSERT INTO menu_items (id, name, sale_price, is_set_menu) VALUES ('V9106', 'Barramundi, Shiraz - Australia', 620000.0, false) ON CONFLICT (id) DO NOTHING;
INSERT INTO recipes (menu_item_id, ingredient_id, qty_net, yield_pct, recipe_uom) VALUES ('V9106', 'V9106', 1.0000, 100.00, 'BOTTLE') ON CONFLICT (menu_item_id, ingredient_id) DO NOTHING;
INSERT INTO pos_alias_map (pos_code, menu_item_id, confidence) VALUES ('V9106', 'V9106', 100.00) ON CONFLICT (pos_code) DO NOTHING;
INSERT INTO menu_items (id, name, sale_price, is_set_menu) VALUES ('V9201', 'Private Bin Sauvignon Blanc, Villa Maria (White)', 1190000.0, false) ON CONFLICT (id) DO NOTHING;
INSERT INTO recipes (menu_item_id, ingredient_id, qty_net, yield_pct, recipe_uom) VALUES ('V9201', 'V9201', 1.0000, 100.00, 'BOTTLE') ON CONFLICT (menu_item_id, ingredient_id) DO NOTHING;
INSERT INTO pos_alias_map (pos_code, menu_item_id, confidence) VALUES ('V9201', 'V9201', 100.00) ON CONFLICT (pos_code) DO NOTHING;
INSERT INTO menu_items (id, name, sale_price, is_set_menu) VALUES ('V9202', 'Private Bin Cabernet Merlot, Villa Maria (Red)', 1190000.0, false) ON CONFLICT (id) DO NOTHING;
INSERT INTO recipes (menu_item_id, ingredient_id, qty_net, yield_pct, recipe_uom) VALUES ('V9202', 'V9202', 1.0000, 100.00, 'BOTTLE') ON CONFLICT (menu_item_id, ingredient_id) DO NOTHING;
INSERT INTO pos_alias_map (pos_code, menu_item_id, confidence) VALUES ('V9202', 'V9202', 100.00) ON CONFLICT (pos_code) DO NOTHING;
INSERT INTO recipes (menu_item_id, ingredient_id, qty_net, yield_pct, recipe_uom) VALUES ('V9203', 'V9203', 1.0000, 100.00, 'BOTTLE') ON CONFLICT (menu_item_id, ingredient_id) DO NOTHING;
INSERT INTO pos_alias_map (pos_code, menu_item_id, confidence) VALUES ('V9203', 'V9203', 100.00) ON CONFLICT (pos_code) DO NOTHING;
INSERT INTO menu_items (id, name, sale_price, is_set_menu) VALUES ('V9204', 'Allan Scott Sauvignon Blanc(Marlborough GI — New Zealand)', 990000.0, false) ON CONFLICT (id) DO NOTHING;
INSERT INTO recipes (menu_item_id, ingredient_id, qty_net, yield_pct, recipe_uom) VALUES ('V9204', 'V9204', 1.0000, 100.00, 'BOTTLE') ON CONFLICT (menu_item_id, ingredient_id) DO NOTHING;
INSERT INTO pos_alias_map (pos_code, menu_item_id, confidence) VALUES ('V9204', 'V9204', 100.00) ON CONFLICT (pos_code) DO NOTHING;
INSERT INTO menu_items (id, name, sale_price, is_set_menu) VALUES ('V9301', 'Torrès Sangre de Toro White (Parellada) (White)', 890000.0, false) ON CONFLICT (id) DO NOTHING;
INSERT INTO recipes (menu_item_id, ingredient_id, qty_net, yield_pct, recipe_uom) VALUES ('V9301', 'V9301', 1.0000, 100.00, 'BOTTLE') ON CONFLICT (menu_item_id, ingredient_id) DO NOTHING;
INSERT INTO pos_alias_map (pos_code, menu_item_id, confidence) VALUES ('V9301', 'V9301', 100.00) ON CONFLICT (pos_code) DO NOTHING;
INSERT INTO menu_items (id, name, sale_price, is_set_menu) VALUES ('V9302', 'Torrès, Sangre de Toro (Grenáche) (Red)', 890000.0, false) ON CONFLICT (id) DO NOTHING;
INSERT INTO recipes (menu_item_id, ingredient_id, qty_net, yield_pct, recipe_uom) VALUES ('V9302', 'V9302', 1.0000, 100.00, 'BOTTLE') ON CONFLICT (menu_item_id, ingredient_id) DO NOTHING;
INSERT INTO pos_alias_map (pos_code, menu_item_id, confidence) VALUES ('V9302', 'V9302', 100.00) ON CONFLICT (pos_code) DO NOTHING;
INSERT INTO menu_items (id, name, sale_price, is_set_menu) VALUES ('V9304', 'Marqués de Cáceres Crianza, Spain', 1190000.0, false) ON CONFLICT (id) DO NOTHING;
INSERT INTO recipes (menu_item_id, ingredient_id, qty_net, yield_pct, recipe_uom) VALUES ('V9304', 'V9304', 1.0000, 100.00, 'BOTTLE') ON CONFLICT (menu_item_id, ingredient_id) DO NOTHING;
INSERT INTO pos_alias_map (pos_code, menu_item_id, confidence) VALUES ('V9304', 'V9304', 100.00) ON CONFLICT (pos_code) DO NOTHING;
INSERT INTO menu_items (id, name, sale_price, is_set_menu) VALUES ('V9402', 'Villa Garrel Rosé, France', 780000.0, false) ON CONFLICT (id) DO NOTHING;
INSERT INTO recipes (menu_item_id, ingredient_id, qty_net, yield_pct, recipe_uom) VALUES ('V9402', 'V9402', 1.0000, 100.00, 'BOTTLE') ON CONFLICT (menu_item_id, ingredient_id) DO NOTHING;
INSERT INTO pos_alias_map (pos_code, menu_item_id, confidence) VALUES ('V9402', 'V9402', 100.00) ON CONFLICT (pos_code) DO NOTHING;
INSERT INTO menu_items (id, name, sale_price, is_set_menu) VALUES ('V9408', 'Bosio Moscato Rose Spumante Aromatico Dolce 7.5%', 800000.0, false) ON CONFLICT (id) DO NOTHING;
INSERT INTO recipes (menu_item_id, ingredient_id, qty_net, yield_pct, recipe_uom) VALUES ('V9408', 'V9408', 1.0000, 100.00, 'BOTTLE') ON CONFLICT (menu_item_id, ingredient_id) DO NOTHING;
INSERT INTO pos_alias_map (pos_code, menu_item_id, confidence) VALUES ('V9408', 'V9408', 100.00) ON CONFLICT (pos_code) DO NOTHING;
INSERT INTO pos_alias_map (pos_code, menu_item_id, confidence) VALUES ('V9410', 'V9410', 100.00) ON CONFLICT (pos_code) DO NOTHING;
INSERT INTO menu_items (id, name, sale_price, is_set_menu) VALUES ('V9411', 'Gérard Bertrand « Gris Blanc » IGP, France', 980000.0, false) ON CONFLICT (id) DO NOTHING;
INSERT INTO recipes (menu_item_id, ingredient_id, qty_net, yield_pct, recipe_uom) VALUES ('V9411', 'V9411', 1.0000, 100.00, 'BOTTLE') ON CONFLICT (menu_item_id, ingredient_id) DO NOTHING;
INSERT INTO pos_alias_map (pos_code, menu_item_id, confidence) VALUES ('V9411', 'V9411', 100.00) ON CONFLICT (pos_code) DO NOTHING;
INSERT INTO menu_items (id, name, sale_price, is_set_menu) VALUES ('V9412', 'Croix de Peyrassol Rosé IGP, France', 1090000.0, false) ON CONFLICT (id) DO NOTHING;
INSERT INTO recipes (menu_item_id, ingredient_id, qty_net, yield_pct, recipe_uom) VALUES ('V9412', 'V9412', 1.0000, 100.00, 'BOTTLE') ON CONFLICT (menu_item_id, ingredient_id) DO NOTHING;
INSERT INTO pos_alias_map (pos_code, menu_item_id, confidence) VALUES ('V9412', 'V9412', 100.00) ON CONFLICT (pos_code) DO NOTHING;
INSERT INTO pos_alias_map (pos_code, menu_item_id, confidence) VALUES ('V9501', 'V9501', 100.00) ON CONFLICT (pos_code) DO NOTHING;
INSERT INTO pos_alias_map (pos_code, menu_item_id, confidence) VALUES ('V9502', 'V9502', 100.00) ON CONFLICT (pos_code) DO NOTHING;
INSERT INTO menu_items (id, name, sale_price, is_set_menu) VALUES ('V9504', 'Chateau Dalat Special Cabernet Sauvignon 750ml', 650000.0, false) ON CONFLICT (id) DO NOTHING;
INSERT INTO recipes (menu_item_id, ingredient_id, qty_net, yield_pct, recipe_uom) VALUES ('V9504', 'V9504', 1.0000, 100.00, 'BOTTLE') ON CONFLICT (menu_item_id, ingredient_id) DO NOTHING;
INSERT INTO pos_alias_map (pos_code, menu_item_id, confidence) VALUES ('V9504', 'V9504', 100.00) ON CONFLICT (pos_code) DO NOTHING;
INSERT INTO menu_items (id, name, sale_price, is_set_menu) VALUES ('V9508', 'Chateau Dalat Special Sauvignon Blanc 750ml', 450000.0, false) ON CONFLICT (id) DO NOTHING;
INSERT INTO recipes (menu_item_id, ingredient_id, qty_net, yield_pct, recipe_uom) VALUES ('V9508', 'V9508', 1.0000, 100.00, 'BOTTLE') ON CONFLICT (menu_item_id, ingredient_id) DO NOTHING;
INSERT INTO pos_alias_map (pos_code, menu_item_id, confidence) VALUES ('V9508', 'V9508', 100.00) ON CONFLICT (pos_code) DO NOTHING;
COMMIT;
