-- Direct 1:1 items catalog synchronization
BEGIN;

-- 1. Insert Ingredients
INSERT INTO ingredients (id, code, nom_fr, ten_vi, name_en, purchase_category_id, stock_uom, recipe_uom, stock_to_recipe_factor, wac_price, standard_price, yield_rate, is_beverage) VALUES ('72b94339-47eb-4dd7-a60d-2113c52fea38', 'B5001', 'Heineken - 33cl', 'Heineken - 33cl', 'Heineken - 33cl', '5b0ee48b-8e19-5d8f-853a-4056cefff5e5', 'BOTTLE', 'BOTTLE', 1, 14375.0, 14375.0, 100.0, true) ON CONFLICT (id) DO NOTHING;
INSERT INTO ingredients (id, code, nom_fr, ten_vi, name_en, purchase_category_id, stock_uom, recipe_uom, stock_to_recipe_factor, wac_price, standard_price, yield_rate, is_beverage) VALUES ('c0266912-72e9-4784-a82c-6924da7fdab1', 'B5002', 'Tiger - 33cl', 'Tiger - 33cl', 'Tiger - 33cl', '5b0ee48b-8e19-5d8f-853a-4056cefff5e5', 'BOTTLE', 'BOTTLE', 1, 11625.0, 11625.0, 100.0, true) ON CONFLICT (id) DO NOTHING;
INSERT INTO ingredients (id, code, nom_fr, ten_vi, name_en, purchase_category_id, stock_uom, recipe_uom, stock_to_recipe_factor, wac_price, standard_price, yield_rate, is_beverage) VALUES ('38744af1-fdff-4540-bcd0-45f0312d5f7d', 'B5004', 'Beer 333 - 33cl', 'Beer 333 - 33cl', 'Beer 333 - 33cl', '5b0ee48b-8e19-5d8f-853a-4056cefff5e5', 'CAN', 'CAN', 1, 9792.0, 9792.0, 100.0, true) ON CONFLICT (id) DO NOTHING;
INSERT INTO ingredients (id, code, nom_fr, ten_vi, name_en, purchase_category_id, stock_uom, recipe_uom, stock_to_recipe_factor, wac_price, standard_price, yield_rate, is_beverage) VALUES ('c301c2f1-9ab1-426f-be5d-4ee94c99bee6', 'B5005', 'Saigon beer - bottle 33cl', 'Saigon beer - bottle 33cl', 'Saigon beer - bottle 33cl', '5b0ee48b-8e19-5d8f-853a-4056cefff5e5', 'BOTTLE', 'BOTTLE', 1, 10750.0, 10750.0, 100.0, true) ON CONFLICT (id) DO NOTHING;
INSERT INTO ingredients (id, code, nom_fr, ten_vi, name_en, purchase_category_id, stock_uom, recipe_uom, stock_to_recipe_factor, wac_price, standard_price, yield_rate, is_beverage) VALUES ('70aa6f72-a754-4aaa-9a50-770500fcb020', 'B5007', 'Sapporo draught', 'Sapporo draught', 'Sapporo draught', '5b0ee48b-8e19-5d8f-853a-4056cefff5e5', 'GLASS', 'GLASS', 1, 16436.0, 16436.0, 100.0, true) ON CONFLICT (id) DO NOTHING;
INSERT INTO ingredients (id, code, nom_fr, ten_vi, name_en, purchase_category_id, stock_uom, recipe_uom, stock_to_recipe_factor, wac_price, standard_price, yield_rate, is_beverage) VALUES ('22957314-2fa5-47e2-832b-3149a0aea7a6', 'B5010', 'Hanoi - bottle 33cl', 'Hanoi - bottle 33cl', 'Hanoi - bottle 33cl', '5b0ee48b-8e19-5d8f-853a-4056cefff5e5', 'BOTTLE', 'BOTTLE', 1, 9750.0, 9750.0, 100.0, true) ON CONFLICT (id) DO NOTHING;
INSERT INTO ingredients (id, code, nom_fr, ten_vi, name_en, purchase_category_id, stock_uom, recipe_uom, stock_to_recipe_factor, wac_price, standard_price, yield_rate, is_beverage) VALUES ('80715ed7-a6a0-41c7-9391-27654afb079f', 'B5012', 'Hanoi - can', 'Hanoi - can', 'Hanoi - can', '5b0ee48b-8e19-5d8f-853a-4056cefff5e5', 'CAN', 'CAN', 1, 9833.0, 9833.0, 100.0, true) ON CONFLICT (id) DO NOTHING;
INSERT INTO ingredients (id, code, nom_fr, ten_vi, name_en, purchase_category_id, stock_uom, recipe_uom, stock_to_recipe_factor, wac_price, standard_price, yield_rate, is_beverage) VALUES ('78c668d0-a21c-4672-a272-ccb01459200a', 'M9203', 'Cigar Havana', 'Cigar Havana', 'Cigar Havana', '5b0ee48b-8e19-5d8f-853a-4056cefff5e5', 'PACK', 'PACK', 1, 300000.0, 300000.0, 100.0, true) ON CONFLICT (id) DO NOTHING;
INSERT INTO ingredients (id, code, nom_fr, ten_vi, name_en, purchase_category_id, stock_uom, recipe_uom, stock_to_recipe_factor, wac_price, standard_price, yield_rate, is_beverage) VALUES ('f7676897-d98f-408f-9345-73ff56860411', 'M6001', 'Coke', 'Coke', 'Coke', 'b3b4e57e-464d-562f-80ec-b216c92d5e88', 'CAN', 'CAN', 1, 8125.0, 8125.0, 100.0, true) ON CONFLICT (id) DO NOTHING;
INSERT INTO ingredients (id, code, nom_fr, ten_vi, name_en, purchase_category_id, stock_uom, recipe_uom, stock_to_recipe_factor, wac_price, standard_price, yield_rate, is_beverage) VALUES ('8451b8fc-7e24-4707-a486-36a4c6ad2963', 'M6002', 'Soda', 'Soda', 'Soda', 'b3b4e57e-464d-562f-80ec-b216c92d5e88', 'CAN', 'CAN', 1, 5304.0, 5304.0, 100.0, true) ON CONFLICT (id) DO NOTHING;
INSERT INTO ingredients (id, code, nom_fr, ten_vi, name_en, purchase_category_id, stock_uom, recipe_uom, stock_to_recipe_factor, wac_price, standard_price, yield_rate, is_beverage) VALUES ('2426630c-a3ef-46af-9928-f4c927274ead', 'M6004', 'Sprite', 'Sprite', 'Sprite', 'b3b4e57e-464d-562f-80ec-b216c92d5e88', 'CAN', 'CAN', 1, 7462.0, 7462.0, 100.0, true) ON CONFLICT (id) DO NOTHING;
INSERT INTO ingredients (id, code, nom_fr, ten_vi, name_en, purchase_category_id, stock_uom, recipe_uom, stock_to_recipe_factor, wac_price, standard_price, yield_rate, is_beverage) VALUES ('275ea0d8-81b8-4a58-8132-f8ce7c1250c9', 'M6006', 'Diet Coke', 'Diet Coke', 'Diet Coke', 'b3b4e57e-464d-562f-80ec-b216c92d5e88', 'CAN', 'CAN', 1, 8541.0, 8541.0, 100.0, true) ON CONFLICT (id) DO NOTHING;
INSERT INTO ingredients (id, code, nom_fr, ten_vi, name_en, purchase_category_id, stock_uom, recipe_uom, stock_to_recipe_factor, wac_price, standard_price, yield_rate, is_beverage) VALUES ('6a1e2423-3a31-408a-9179-8ce31f428a28', 'M6008', 'La Vie 1,5 L', 'La Vie 1,5 L', 'La Vie 1,5 L', 'b3b4e57e-464d-562f-80ec-b216c92d5e88', 'BOTTLE', 'BOTTLE', 1, 6666.0, 6666.0, 100.0, true) ON CONFLICT (id) DO NOTHING;
INSERT INTO ingredients (id, code, nom_fr, ten_vi, name_en, purchase_category_id, stock_uom, recipe_uom, stock_to_recipe_factor, wac_price, standard_price, yield_rate, is_beverage) VALUES ('585e71d3-074b-4482-810c-d821c22548ba', 'M6010', 'S.Pellegrino (Sparkling water 0.5L)', 'S.Pellegrino (Sparkling water 0.5L)', 'S.Pellegrino (Sparkling water 0.5L)', 'b3b4e57e-464d-562f-80ec-b216c92d5e88', 'BOTTLE', 'BOTTLE', 1, 36300.0, 36300.0, 100.0, true) ON CONFLICT (id) DO NOTHING;
INSERT INTO ingredients (id, code, nom_fr, ten_vi, name_en, purchase_category_id, stock_uom, recipe_uom, stock_to_recipe_factor, wac_price, standard_price, yield_rate, is_beverage) VALUES ('03381c82-ef75-4533-99f8-039f61b57f9b', 'M6020', 'Maison Vie, mineral water bottle 0,52L', 'Maison Vie, mineral water bottle 0,52L', 'Maison Vie, mineral water bottle 0,52L', 'b3b4e57e-464d-562f-80ec-b216c92d5e88', 'BOTTLE', 'BOTTLE', 1, 3561.84, 3561.84, 100.0, true) ON CONFLICT (id) DO NOTHING;

-- 2. Insert Recipes for Direct Soft Drinks and Cigar
INSERT INTO recipes (menu_item_id, ingredient_id, qty_net, yield_pct, recipe_uom) VALUES ('78c668d0-a21c-4672-a272-ccb01459200a', '78c668d0-a21c-4672-a272-ccb01459200a', 1.0000, 100.00, 'PACK') ON CONFLICT (menu_item_id, ingredient_id) DO NOTHING;
INSERT INTO recipes (menu_item_id, ingredient_id, qty_net, yield_pct, recipe_uom) VALUES ('f7676897-d98f-408f-9345-73ff56860411', 'f7676897-d98f-408f-9345-73ff56860411', 1.0000, 100.00, 'CAN') ON CONFLICT (menu_item_id, ingredient_id) DO NOTHING;
INSERT INTO recipes (menu_item_id, ingredient_id, qty_net, yield_pct, recipe_uom) VALUES ('8451b8fc-7e24-4707-a486-36a4c6ad2963', '8451b8fc-7e24-4707-a486-36a4c6ad2963', 1.0000, 100.00, 'CAN') ON CONFLICT (menu_item_id, ingredient_id) DO NOTHING;
INSERT INTO recipes (menu_item_id, ingredient_id, qty_net, yield_pct, recipe_uom) VALUES ('2426630c-a3ef-46af-9928-f4c927274ead', '2426630c-a3ef-46af-9928-f4c927274ead', 1.0000, 100.00, 'CAN') ON CONFLICT (menu_item_id, ingredient_id) DO NOTHING;
INSERT INTO recipes (menu_item_id, ingredient_id, qty_net, yield_pct, recipe_uom) VALUES ('275ea0d8-81b8-4a58-8132-f8ce7c1250c9', '275ea0d8-81b8-4a58-8132-f8ce7c1250c9', 1.0000, 100.00, 'CAN') ON CONFLICT (menu_item_id, ingredient_id) DO NOTHING;
INSERT INTO recipes (menu_item_id, ingredient_id, qty_net, yield_pct, recipe_uom) VALUES ('6a1e2423-3a31-408a-9179-8ce31f428a28', '6a1e2423-3a31-408a-9179-8ce31f428a28', 1.0000, 100.00, 'BOTTLE') ON CONFLICT (menu_item_id, ingredient_id) DO NOTHING;
INSERT INTO recipes (menu_item_id, ingredient_id, qty_net, yield_pct, recipe_uom) VALUES ('585e71d3-074b-4482-810c-d821c22548ba', '585e71d3-074b-4482-810c-d821c22548ba', 1.0000, 100.00, 'BOTTLE') ON CONFLICT (menu_item_id, ingredient_id) DO NOTHING;
INSERT INTO recipes (menu_item_id, ingredient_id, qty_net, yield_pct, recipe_uom) VALUES ('03381c82-ef75-4533-99f8-039f61b57f9b', '03381c82-ef75-4533-99f8-039f61b57f9b', 1.0000, 100.00, 'BOTTLE') ON CONFLICT (menu_item_id, ingredient_id) DO NOTHING;

-- 3. Insert POS Alias Map
INSERT INTO pos_alias_map (pos_code, menu_item_id, confidence) VALUES ('72b94339-47eb-4dd7-a60d-2113c52fea38', '72b94339-47eb-4dd7-a60d-2113c52fea38', 100.00) ON CONFLICT (pos_code) DO NOTHING;
INSERT INTO pos_alias_map (pos_code, menu_item_id, confidence) VALUES ('c0266912-72e9-4784-a82c-6924da7fdab1', 'c0266912-72e9-4784-a82c-6924da7fdab1', 100.00) ON CONFLICT (pos_code) DO NOTHING;
INSERT INTO pos_alias_map (pos_code, menu_item_id, confidence) VALUES ('38744af1-fdff-4540-bcd0-45f0312d5f7d', '38744af1-fdff-4540-bcd0-45f0312d5f7d', 100.00) ON CONFLICT (pos_code) DO NOTHING;
INSERT INTO pos_alias_map (pos_code, menu_item_id, confidence) VALUES ('c301c2f1-9ab1-426f-be5d-4ee94c99bee6', 'c301c2f1-9ab1-426f-be5d-4ee94c99bee6', 100.00) ON CONFLICT (pos_code) DO NOTHING;
INSERT INTO pos_alias_map (pos_code, menu_item_id, confidence) VALUES ('70aa6f72-a754-4aaa-9a50-770500fcb020', '70aa6f72-a754-4aaa-9a50-770500fcb020', 100.00) ON CONFLICT (pos_code) DO NOTHING;
INSERT INTO pos_alias_map (pos_code, menu_item_id, confidence) VALUES ('22957314-2fa5-47e2-832b-3149a0aea7a6', '22957314-2fa5-47e2-832b-3149a0aea7a6', 100.00) ON CONFLICT (pos_code) DO NOTHING;
INSERT INTO pos_alias_map (pos_code, menu_item_id, confidence) VALUES ('80715ed7-a6a0-41c7-9391-27654afb079f', '80715ed7-a6a0-41c7-9391-27654afb079f', 100.00) ON CONFLICT (pos_code) DO NOTHING;
INSERT INTO pos_alias_map (pos_code, menu_item_id, confidence) VALUES ('78c668d0-a21c-4672-a272-ccb01459200a', '78c668d0-a21c-4672-a272-ccb01459200a', 100.00) ON CONFLICT (pos_code) DO NOTHING;
INSERT INTO pos_alias_map (pos_code, menu_item_id, confidence) VALUES ('f7676897-d98f-408f-9345-73ff56860411', 'f7676897-d98f-408f-9345-73ff56860411', 100.00) ON CONFLICT (pos_code) DO NOTHING;
INSERT INTO pos_alias_map (pos_code, menu_item_id, confidence) VALUES ('8451b8fc-7e24-4707-a486-36a4c6ad2963', '8451b8fc-7e24-4707-a486-36a4c6ad2963', 100.00) ON CONFLICT (pos_code) DO NOTHING;
INSERT INTO pos_alias_map (pos_code, menu_item_id, confidence) VALUES ('2426630c-a3ef-46af-9928-f4c927274ead', '2426630c-a3ef-46af-9928-f4c927274ead', 100.00) ON CONFLICT (pos_code) DO NOTHING;
INSERT INTO pos_alias_map (pos_code, menu_item_id, confidence) VALUES ('275ea0d8-81b8-4a58-8132-f8ce7c1250c9', '275ea0d8-81b8-4a58-8132-f8ce7c1250c9', 100.00) ON CONFLICT (pos_code) DO NOTHING;
INSERT INTO pos_alias_map (pos_code, menu_item_id, confidence) VALUES ('6a1e2423-3a31-408a-9179-8ce31f428a28', '6a1e2423-3a31-408a-9179-8ce31f428a28', 100.00) ON CONFLICT (pos_code) DO NOTHING;
INSERT INTO pos_alias_map (pos_code, menu_item_id, confidence) VALUES ('585e71d3-074b-4482-810c-d821c22548ba', '585e71d3-074b-4482-810c-d821c22548ba', 100.00) ON CONFLICT (pos_code) DO NOTHING;
INSERT INTO pos_alias_map (pos_code, menu_item_id, confidence) VALUES ('03381c82-ef75-4533-99f8-039f61b57f9b', '03381c82-ef75-4533-99f8-039f61b57f9b', 100.00) ON CONFLICT (pos_code) DO NOTHING;

-- 4. Insert Ingredient Departments
INSERT INTO ingredient_departments (ingredient_id, department, usage_context, is_primary) VALUES ('72b94339-47eb-4dd7-a60d-2113c52fea38', 'BAR', 'BEVERAGE', true) ON CONFLICT (ingredient_id, department) DO NOTHING;
INSERT INTO ingredient_departments (ingredient_id, department, usage_context, is_primary) VALUES ('c0266912-72e9-4784-a82c-6924da7fdab1', 'BAR', 'BEVERAGE', true) ON CONFLICT (ingredient_id, department) DO NOTHING;
INSERT INTO ingredient_departments (ingredient_id, department, usage_context, is_primary) VALUES ('38744af1-fdff-4540-bcd0-45f0312d5f7d', 'BAR', 'BEVERAGE', true) ON CONFLICT (ingredient_id, department) DO NOTHING;
INSERT INTO ingredient_departments (ingredient_id, department, usage_context, is_primary) VALUES ('c301c2f1-9ab1-426f-be5d-4ee94c99bee6', 'BAR', 'BEVERAGE', true) ON CONFLICT (ingredient_id, department) DO NOTHING;
INSERT INTO ingredient_departments (ingredient_id, department, usage_context, is_primary) VALUES ('70aa6f72-a754-4aaa-9a50-770500fcb020', 'BAR', 'BEVERAGE', true) ON CONFLICT (ingredient_id, department) DO NOTHING;
INSERT INTO ingredient_departments (ingredient_id, department, usage_context, is_primary) VALUES ('22957314-2fa5-47e2-832b-3149a0aea7a6', 'BAR', 'BEVERAGE', true) ON CONFLICT (ingredient_id, department) DO NOTHING;
INSERT INTO ingredient_departments (ingredient_id, department, usage_context, is_primary) VALUES ('80715ed7-a6a0-41c7-9391-27654afb079f', 'BAR', 'BEVERAGE', true) ON CONFLICT (ingredient_id, department) DO NOTHING;
INSERT INTO ingredient_departments (ingredient_id, department, usage_context, is_primary) VALUES ('78c668d0-a21c-4672-a272-ccb01459200a', 'BAR', 'BEVERAGE', true) ON CONFLICT (ingredient_id, department) DO NOTHING;
INSERT INTO ingredient_departments (ingredient_id, department, usage_context, is_primary) VALUES ('f7676897-d98f-408f-9345-73ff56860411', 'BAR', 'BEVERAGE', true) ON CONFLICT (ingredient_id, department) DO NOTHING;
INSERT INTO ingredient_departments (ingredient_id, department, usage_context, is_primary) VALUES ('8451b8fc-7e24-4707-a486-36a4c6ad2963', 'BAR', 'BEVERAGE', true) ON CONFLICT (ingredient_id, department) DO NOTHING;
INSERT INTO ingredient_departments (ingredient_id, department, usage_context, is_primary) VALUES ('2426630c-a3ef-46af-9928-f4c927274ead', 'BAR', 'BEVERAGE', true) ON CONFLICT (ingredient_id, department) DO NOTHING;
INSERT INTO ingredient_departments (ingredient_id, department, usage_context, is_primary) VALUES ('275ea0d8-81b8-4a58-8132-f8ce7c1250c9', 'BAR', 'BEVERAGE', true) ON CONFLICT (ingredient_id, department) DO NOTHING;
INSERT INTO ingredient_departments (ingredient_id, department, usage_context, is_primary) VALUES ('6a1e2423-3a31-408a-9179-8ce31f428a28', 'BAR', 'BEVERAGE', true) ON CONFLICT (ingredient_id, department) DO NOTHING;
INSERT INTO ingredient_departments (ingredient_id, department, usage_context, is_primary) VALUES ('585e71d3-074b-4482-810c-d821c22548ba', 'BAR', 'BEVERAGE', true) ON CONFLICT (ingredient_id, department) DO NOTHING;
INSERT INTO ingredient_departments (ingredient_id, department, usage_context, is_primary) VALUES ('03381c82-ef75-4533-99f8-039f61b57f9b', 'BAR', 'BEVERAGE', true) ON CONFLICT (ingredient_id, department) DO NOTHING;

COMMIT;
